src_id,relation,dst_id
D001,HAS_SYMPTOM,S001
D001,HAS_SYMPTOM,S002
D001,HAS_SYMPTOM,S003
D001,HAS_SYMPTOM,S004
D001,HAS_SYMPTOM,S005
D001,HAS_SYMPTOM,S006
D001,HAS_SYMPTOM,S007
D001,HAS_SYMPTOM,S008
D001,HAS_SYMPTOM,S009
D001,HAS_SYMPTOM,S010
D001,HAS_SYMPTOM,S011
D001,HAS_SYMPTOM,S012
D001,HAS_CAUSE,CA001
D001,MANAGED_BY,TR001
D001,DIAGNOSED_BY,T001
D001,DIAGNOSED_BY,T002
D001,DIAGNOSED_BY,T003
D001,CAN_CAUSE,C001
D001,CAN_CAUSE,C002
D001,CAN_CAUSE,C003
D001,CAN_CAUSE,C004
D001,CAN_CAUSE,C005
D002,HAS_SYMPTOM,S013
D002,HAS_SYMPTOM,S014
D002,HAS_SYMPTOM,S015
D002,HAS_SYMPTOM,S016
D002,HAS_SYMPTOM,S017
D002,HAS_SYMPTOM,S018
D002,HAS_SYMPTOM,S019
D002,HAS_CAUSE,CA002
D002,HAS_CAUSE,CA003
D002,HAS_CAUSE,CA004
D002,DIAGNOSED_BY,T004
D002,DIAGNOSED_BY,T005
D002,DIAGNOSED_BY,T006
D002,CAN_CAUSE,C006
D002,CAN_CAUSE,C007
D002,CAN_CAUSE,C008
D002,CAN_CAUSE,C009
D002,MANAGED_BY,TR002
D003,HAS_CAUSE,CA005
D003,HAS_CAUSE,CA006
D003,HAS_CAUSE,CA007
D003,HAS_CAUSE,CA008
D003,HAS_CAUSE,CA009
D003,HAS_CAUSE,CA010
D004,AFFECTS,O001
D004,HAS_SYMPTOM,S020
D004,HAS_SYMPTOM,S021
D004,HAS_SYMPTOM,S022
D004,HAS_SYMPTOM,S023
D004,HAS_CAUSE,CA011
D004,HAS_CAUSE,CA012
RF001,INCREASES_RISK_OF,D004
RF002,INCREASES_RISK_OF,D004
RF003,INCREASES_RISK_OF,D004
D004,MANAGED_BY,TR003
D004,DIAGNOSED_BY,T007
D004,DIAGNOSED_BY,T008
D004,DIAGNOSED_BY,T009
D004,DIAGNOSED_BY,T010
D004,MANAGED_BY,TR004
D004,MANAGED_BY,TR005
D004,MANAGED_BY,TR006
D004,MANAGED_BY,TR007
D005,AFFECTS,O001
D006,HAS_CAUSE,CA013
D006,HAS_CAUSE,CA014
D006,HAS_CAUSE,CA015
D006,HAS_CAUSE,CA016
D006,HAS_CAUSE,CA017
D006,HAS_CAUSE,CA018
D006,HAS_CAUSE,CA010
D006,HAS_CAUSE,CA019
D006,HAS_CAUSE,CA001
D006,HAS_CAUSE,CA020
D006,HAS_CAUSE,CA021
D006,HAS_CAUSE,CA022
D009,HAS_SYMPTOM,S024
D009,HAS_SYMPTOM,S025
D009,HAS_SYMPTOM,S026
D009,HAS_SYMPTOM,S027
D009,HAS_SYMPTOM,S028
D009,HAS_SYMPTOM,S029
D009,HAS_SYMPTOM,S030
D009,HAS_SYMPTOM,S031
D009,HAS_CAUSE,CA023
D009,HAS_CAUSE,CA024
D010,HAS_CAUSE,CA025
D010,HAS_CAUSE,CA026
D010,HAS_CAUSE,CA014
D010,HAS_CAUSE,CA027
D010,HAS_CAUSE,CA028
D010,HAS_CAUSE,CA029
D010,HAS_CAUSE,CA030
D010,HAS_CAUSE,CA031
D010,HAS_CAUSE,CA032
D010,HAS_CAUSE,CA033
D010,HAS_CAUSE,CA034
D010,HAS_CAUSE,CA035
D011,HAS_CAUSE,CA036
D011,HAS_CAUSE,CA034
D011,HAS_CAUSE,CA037
D011,HAS_CAUSE,CA038
D012,HAS_CAUSE,CA039
D012,HAS_CAUSE,CA040
D012,HAS_CAUSE,CA041
D012,HAS_CAUSE,CA042
D012,HAS_CAUSE,CA043
D012,HAS_CAUSE,CA044
D012,HAS_CAUSE,CA045
D012,HAS_CAUSE,CA046
D012,HAS_CAUSE,CA047
D012,HAS_CAUSE,CA048
D012,HAS_CAUSE,CA049
D014,AFFECTS,O002
D014,AFFECTS,O003
D014,HAS_SYMPTOM,S032
D014,HAS_SYMPTOM,S033
D014,HAS_SYMPTOM,S034
D014,HAS_SYMPTOM,S035
D014,HAS_SYMPTOM,S036
D014,HAS_CAUSE,CA050
D014,HAS_CAUSE,CA051
D014,HAS_CAUSE,CA052
D014,HAS_CAUSE,CA053
D014,HAS_CAUSE,CA054
D014,HAS_CAUSE,CA055
D014,MANAGED_BY,TR008
D014,MANAGED_BY,TR009
D014,MANAGED_BY,TR010
D014,MANAGED_BY,TR011
D014,MANAGED_BY,TR012
D014,MANAGED_BY,TR013
D014,DIAGNOSED_BY,T011
D014,DIAGNOSED_BY,T012
D014,DIAGNOSED_BY,T013
D014,DIAGNOSED_BY,T014
D014,DIAGNOSED_BY,T015
D014,DIAGNOSED_BY,T016
D014,DIAGNOSED_BY,T017
D014,CAN_CAUSE,C010
D015,AFFECTS,O004
D015,HAS_CAUSE,CA056
D015,HAS_CAUSE,CA057
D015,HAS_CAUSE,CA058
D016,HAS_SYMPTOM,S037
D016,HAS_SYMPTOM,S038
D016,HAS_SYMPTOM,S039
D016,HAS_SYMPTOM,S040
D016,HAS_SYMPTOM,S041
D016,HAS_SYMPTOM,S042
D016,HAS_SYMPTOM,S043
D016,HAS_SYMPTOM,S044
D016,HAS_SYMPTOM,S045
D016,HAS_SYMPTOM,S046
D016,HAS_SYMPTOM,S047
D016,HAS_SYMPTOM,S048
D016,HAS_CAUSE,CA059
D016,HAS_CAUSE,CA060
D016,HAS_CAUSE,CA061
D016,HAS_CAUSE,CA062
D016,HAS_CAUSE,CA063
D016,HAS_CAUSE,CA064
D016,HAS_CAUSE,CA065
D016,HAS_CAUSE,CA066
D016,HAS_CAUSE,CA067
D016,HAS_CAUSE,CA068
D016,HAS_CAUSE,CA069
D016,HAS_CAUSE,CA070
D016,DIAGNOSED_BY,T018
D016,DIAGNOSED_BY,T019
D016,DIAGNOSED_BY,T020
D016,CAN_CAUSE,C011
D016,CAN_CAUSE,C012
D016,CAN_CAUSE,C013
D019,HAS_CAUSE,CA071
D019,HAS_CAUSE,CA072
D019,HAS_CAUSE,CA073
D019,HAS_CAUSE,CA074
D019,HAS_CAUSE,CA075
D019,HAS_CAUSE,CA076
D019,HAS_CAUSE,CA077
D019,HAS_CAUSE,CA078
D019,HAS_CAUSE,CA079
D019,HAS_CAUSE,CA080
D019,HAS_CAUSE,CA081
D019,DIAGNOSED_BY,T021
D019,DIAGNOSED_BY,T005
D019,DIAGNOSED_BY,T022
D019,DIAGNOSED_BY,T023
D019,MANAGED_BY,TR014
D020,AFFECTS,O005
D020,HAS_SYMPTOM,S049
D020,HAS_SYMPTOM,S050
D020,HAS_SYMPTOM,S051
D020,HAS_SYMPTOM,S052
D020,HAS_SYMPTOM,S053
D020,HAS_SYMPTOM,S054
D020,HAS_SYMPTOM,S055
D020,HAS_SYMPTOM,S056
D020,HAS_CAUSE,CA082
D020,HAS_CAUSE,CA083
D020,HAS_CAUSE,CA084
D020,HAS_CAUSE,CA085
D020,HAS_CAUSE,CA086
D020,HAS_CAUSE,CA087
D020,HAS_CAUSE,CA088
D020,HAS_CAUSE,CA089
D020,HAS_CAUSE,CA090
D020,HAS_CAUSE,CA042
D020,HAS_CAUSE,CA091
D020,DIAGNOSED_BY,T005
D020,DIAGNOSED_BY,T024
D020,DIAGNOSED_BY,T025
D020,DIAGNOSED_BY,T026
D020,DIAGNOSED_BY,T027
D021,HAS_CAUSE,CA092
D021,HAS_CAUSE,CA093
D021,HAS_CAUSE,CA094
D021,HAS_CAUSE,CA095
D021,HAS_CAUSE,CA096
D021,HAS_CAUSE,CA097
D021,HAS_CAUSE,CA098
D021,HAS_CAUSE,CA099
D021,HAS_CAUSE,CA100
D021,HAS_CAUSE,CA101
D022,AFFECTS,O006
D022,AFFECTS,O005
D022,HAS_SYMPTOM,S057
D022,HAS_SYMPTOM,S058
D022,HAS_SYMPTOM,S059
D022,HAS_SYMPTOM,S060
D022,HAS_SYMPTOM,S061
D022,HAS_SYMPTOM,S062
D022,HAS_SYMPTOM,S063
D022,HAS_SYMPTOM,S064
D022,HAS_SYMPTOM,S065
D022,HAS_SYMPTOM,S066
D022,HAS_CAUSE,CA102
D022,HAS_CAUSE,CA103
D022,HAS_CAUSE,CA104
D022,MANAGED_BY,TR015
D022,MANAGED_BY,TR016
D022,MANAGED_BY,TR017
D022,MANAGED_BY,TR018
D022,DIAGNOSED_BY,T028
D022,DIAGNOSED_BY,T029
D023,AFFECTS,O003
D023,HAS_SYMPTOM,S067
D023,HAS_CAUSE,CA105
D023,HAS_CAUSE,CA106
D023,HAS_CAUSE,CA107
D023,HAS_CAUSE,CA108
D023,HAS_CAUSE,CA109
D023,HAS_CAUSE,CA110
D023,HAS_CAUSE,CA111
D023,HAS_CAUSE,CA112
D023,MANAGED_BY,TR019
D023,MANAGED_BY,TR020
D023,DIAGNOSED_BY,T030
D023,DIAGNOSED_BY,T031
D023,DIAGNOSED_BY,T032
D023,DIAGNOSED_BY,T033
D023,DIAGNOSED_BY,T034
D023,DIAGNOSED_BY,T035
D023,DIAGNOSED_BY,T005
D023,DIAGNOSED_BY,T036
D023,DIAGNOSED_BY,T037
D023,DIAGNOSED_BY,T038
D023,DIAGNOSED_BY,T039
D024,AFFECTS,O003
D024,HAS_SYMPTOM,S068
D024,HAS_SYMPTOM,S069
D024,HAS_SYMPTOM,S070
D024,HAS_SYMPTOM,S071
D024,HAS_SYMPTOM,S072
D024,HAS_SYMPTOM,S073
D024,HAS_CAUSE,CA113
D024,HAS_CAUSE,CA114
D024,HAS_CAUSE,CA115
D024,HAS_CAUSE,CA116
D024,HAS_CAUSE,CA054
D024,HAS_CAUSE,CA117
D024,HAS_CAUSE,CA118
D024,HAS_CAUSE,CA119
D024,HAS_CAUSE,CA120
D024,HAS_CAUSE,CA121
D024,MANAGED_BY,TR021
D024,DIAGNOSED_BY,T040
D024,DIAGNOSED_BY,T030
D024,DIAGNOSED_BY,T041
D024,DIAGNOSED_BY,T042
D024,DIAGNOSED_BY,T043
D024,DIAGNOSED_BY,T044
D024,DIAGNOSED_BY,T045
D024,DIAGNOSED_BY,T046
D024,DIAGNOSED_BY,T047
D024,DIAGNOSED_BY,T048
D024,DIAGNOSED_BY,T049
D025,AFFECTS,O007
D025,HAS_SYMPTOM,S074
D025,HAS_SYMPTOM,S075
D025,HAS_SYMPTOM,S076
D025,HAS_SYMPTOM,S077
D025,HAS_SYMPTOM,S078
D025,HAS_SYMPTOM,S079
D025,HAS_CAUSE,CA122
D025,HAS_CAUSE,CA123
D025,HAS_CAUSE,CA124
D025,HAS_CAUSE,CA001
D025,HAS_CAUSE,CA125
D025,HAS_CAUSE,CA126
D025,HAS_CAUSE,CA127
D025,MANAGED_BY,TR022
D025,DIAGNOSED_BY,T005
D025,DIAGNOSED_BY,T050
D025,DIAGNOSED_BY,T051
D025,DIAGNOSED_BY,T052
D025,DIAGNOSED_BY,T053
D025,DIAGNOSED_BY,T054
D025,CAN_CAUSE,C014
D025,CAN_CAUSE,C015
D025,CAN_CAUSE,C016
D026,HAS_SYMPTOM,S080
D026,HAS_SYMPTOM,S081
D026,HAS_SYMPTOM,S082
D026,HAS_SYMPTOM,S083
D026,HAS_SYMPTOM,S084
D026,HAS_CAUSE,CA128
D026,HAS_CAUSE,CA129
RF004,INCREASES_RISK_OF,D026
D026,MANAGED_BY,TR023
D026,MANAGED_BY,TR024
D026,DIAGNOSED_BY,T055
D026,DIAGNOSED_BY,T056
D026,DIAGNOSED_BY,T057
D027,HAS_SYMPTOM,S085
D027,HAS_SYMPTOM,S086
D027,HAS_SYMPTOM,S087
D027,HAS_SYMPTOM,S088
D027,HAS_SYMPTOM,S089
D027,HAS_SYMPTOM,S090
D027,HAS_SYMPTOM,S091
D028,HAS_SYMPTOM,S092
D028,HAS_SYMPTOM,S093
D028,HAS_SYMPTOM,S094
D028,HAS_SYMPTOM,S095
D028,HAS_SYMPTOM,S052
D028,HAS_SYMPTOM,S096
D028,HAS_SYMPTOM,S097
D028,HAS_SYMPTOM,S098
D028,HAS_SYMPTOM,S099
D029,HAS_SYMPTOM,S100
D030,HAS_SYMPTOM,S101
D030,HAS_CAUSE,CA130
D030,HAS_CAUSE,CA131
RF005,INCREASES_RISK_OF,D030
D030,MANAGED_BY,TR025
D030,DIAGNOSED_BY,T058
D030,CAN_CAUSE,C017
D030,MANAGED_BY,TR026
D030,MANAGED_BY,TR027
D031,HAS_SYMPTOM,S102
D031,HAS_SYMPTOM,S103
D031,HAS_SYMPTOM,S104
D031,HAS_SYMPTOM,S105
D031,HAS_SYMPTOM,S106
D031,HAS_SYMPTOM,S107
D031,HAS_CAUSE,CA132
RF006,INCREASES_RISK_OF,D031
RF007,INCREASES_RISK_OF,D031
D031,MANAGED_BY,TR028
D031,MANAGED_BY,TR029
D031,MANAGED_BY,TR030
D031,DIAGNOSED_BY,T059
D031,CAN_CAUSE,C018
D031,CAN_CAUSE,C019
D031,MANAGED_BY,TR031
D031,MANAGED_BY,TR032
D033,HAS_SYMPTOM,S108
D033,HAS_SYMPTOM,S109
D033,HAS_SYMPTOM,S110
D033,HAS_SYMPTOM,S111
D033,HAS_SYMPTOM,S112
D033,HAS_SYMPTOM,S113
D033,HAS_CAUSE,CA133
D033,HAS_CAUSE,CA134
D033,HAS_CAUSE,CA135
RF008,INCREASES_RISK_OF,D033
RF009,INCREASES_RISK_OF,D033
RF010,INCREASES_RISK_OF,D033
RF011,INCREASES_RISK_OF,D033
D034,HAS_SYMPTOM,S114
D034,HAS_SYMPTOM,S115
D034,HAS_SYMPTOM,S116
D034,HAS_CAUSE,CA136
D034,HAS_CAUSE,CA137
D034,DIAGNOSED_BY,T060
D034,CAN_CAUSE,C020
D035,HAS_SYMPTOM,S117
D035,HAS_SYMPTOM,S118
D035,HAS_SYMPTOM,S119
D035,HAS_SYMPTOM,S120
D035,HAS_SYMPTOM,S121
D035,MANAGED_BY,TR033
D035,DIAGNOSED_BY,T061
D035,DIAGNOSED_BY,T028
D035,CAN_CAUSE,C021
D036,HAS_SYMPTOM,S122
D036,HAS_SYMPTOM,S123
D036,HAS_SYMPTOM,S124
D036,HAS_SYMPTOM,S125
D036,HAS_SYMPTOM,S126
D036,HAS_SYMPTOM,S127
D036,HAS_SYMPTOM,S128
D036,HAS_SYMPTOM,S052
D036,HAS_SYMPTOM,S129
D036,HAS_SYMPTOM,S093
D036,HAS_SYMPTOM,S130
D036,HAS_SYMPTOM,S131
D037,HAS_SYMPTOM,S132
D037,HAS_SYMPTOM,S133
D037,HAS_SYMPTOM,S094
D037,HAS_SYMPTOM,S134
D037,HAS_CAUSE,CA138
D037,HAS_CAUSE,CA139
D037,HAS_CAUSE,CA140
D037,HAS_CAUSE,CA141
D037,HAS_CAUSE,CA142
D037,HAS_CAUSE,CA143
D037,HAS_CAUSE,CA144
D037,HAS_CAUSE,CA145
D037,HAS_CAUSE,CA146
D037,HAS_CAUSE,CA147
D037,MANAGED_BY,TR034
D037,MANAGED_BY,TR035
D037,DIAGNOSED_BY,T062
D037,DIAGNOSED_BY,T063
D037,DIAGNOSED_BY,T064
D037,DIAGNOSED_BY,T065
D037,DIAGNOSED_BY,T051
D037,DIAGNOSED_BY,T066
D037,DIAGNOSED_BY,T067
D037,CAN_CAUSE,C022
D037,MANAGED_BY,TR036
D037,MANAGED_BY,TR037
D038,HAS_SYMPTOM,S135
D038,HAS_SYMPTOM,S136
D038,HAS_SYMPTOM,S137
D038,HAS_SYMPTOM,S138
D038,HAS_SYMPTOM,S139
D038,HAS_CAUSE,CA148
D038,HAS_CAUSE,CA149
D038,HAS_CAUSE,CA150
RF012,INCREASES_RISK_OF,D038
RF013,INCREASES_RISK_OF,D038
RF014,INCREASES_RISK_OF,D038
RF015,INCREASES_RISK_OF,D038
D038,MANAGED_BY,TR038
D038,MANAGED_BY,TR039
D040,HAS_CAUSE,CA151
D040,HAS_CAUSE,CA152
D040,HAS_CAUSE,CA153
RF016,INCREASES_RISK_OF,D040
RF017,INCREASES_RISK_OF,D040
RF018,INCREASES_RISK_OF,D040
RF019,INCREASES_RISK_OF,D040
D040,MANAGED_BY,TR040
D040,MANAGED_BY,TR041
D040,MANAGED_BY,TR042
D041,AFFECTS,O006
D041,HAS_SYMPTOM,S140
D041,HAS_SYMPTOM,S046
D041,HAS_SYMPTOM,S141
D041,HAS_SYMPTOM,S142
D041,HAS_SYMPTOM,S143
D041,HAS_SYMPTOM,S144
D041,HAS_SYMPTOM,S145
D041,MANAGED_BY,TR043
D041,MANAGED_BY,TR044
D041,MANAGED_BY,TR045
D041,MANAGED_BY,TR046
D041,MANAGED_BY,TR047
D041,DIAGNOSED_BY,T068
D042,AFFECTS,O006
D042,HAS_SYMPTOM,S146
D042,HAS_SYMPTOM,S147
D042,HAS_CAUSE,CA154
RF020,INCREASES_RISK_OF,D042
RF021,INCREASES_RISK_OF,D042
RF022,INCREASES_RISK_OF,D042
D043,HAS_SYMPTOM,S148
D043,HAS_SYMPTOM,S149
D043,HAS_CAUSE,CA155
D043,MANAGED_BY,TR048
D043,MANAGED_BY,TR049
D043,MANAGED_BY,TR050
D044,AFFECTS,O002
D044,HAS_SYMPTOM,S150
D044,HAS_SYMPTOM,S151
D044,HAS_SYMPTOM,S152
D044,HAS_SYMPTOM,S153
D044,DIAGNOSED_BY,T069
D044,DIAGNOSED_BY,T070
D044,DIAGNOSED_BY,T071
D044,DIAGNOSED_BY,T072
D044,CAN_CAUSE,C023
D044,CAN_CAUSE,C024
D045,HAS_SYMPTOM,S154
D045,HAS_SYMPTOM,S155
D045,HAS_SYMPTOM,S156
D045,HAS_SYMPTOM,S157
D045,HAS_SYMPTOM,S158
D045,HAS_CAUSE,CA156
D045,MANAGED_BY,TR051
D045,MANAGED_BY,TR052
D045,DIAGNOSED_BY,T073
D045,DIAGNOSED_BY,T074
D045,DIAGNOSED_BY,T075
D045,DIAGNOSED_BY,T076
D045,DIAGNOSED_BY,T077
D045,DIAGNOSED_BY,T078
D045,DIAGNOSED_BY,T079
D045,DIAGNOSED_BY,T080
D045,DIAGNOSED_BY,T081
D045,DIAGNOSED_BY,T082
D045,DIAGNOSED_BY,T083
D045,DIAGNOSED_BY,T084
D045,CAN_CAUSE,C025
D045,CAN_CAUSE,C026
D045,CAN_CAUSE,C027
D045,CAN_CAUSE,C028
D046,HAS_SYMPTOM,S159
D046,HAS_SYMPTOM,S160
D046,HAS_SYMPTOM,S161
D046,HAS_SYMPTOM,S162
D046,HAS_SYMPTOM,S163
D046,HAS_SYMPTOM,S164
D046,HAS_SYMPTOM,S165
D046,HAS_SYMPTOM,S166
D046,HAS_SYMPTOM,S141
D046,HAS_SYMPTOM,S167
D046,HAS_SYMPTOM,S168
D046,HAS_SYMPTOM,S169
D046,HAS_CAUSE,CA157
RF023,INCREASES_RISK_OF,D046
RF024,INCREASES_RISK_OF,D046
RF025,INCREASES_RISK_OF,D046
RF026,INCREASES_RISK_OF,D046
D046,MANAGED_BY,TR053
D046,MANAGED_BY,TR054
D046,DIAGNOSED_BY,T085
D046,DIAGNOSED_BY,T086
D046,DIAGNOSED_BY,T005
D046,DIAGNOSED_BY,T087
D046,DIAGNOSED_BY,T088
D046,DIAGNOSED_BY,T052
D046,DIAGNOSED_BY,T089
D046,DIAGNOSED_BY,T090
D047,HAS_SYMPTOM,S170
D047,HAS_SYMPTOM,S171
D047,HAS_SYMPTOM,S172
D047,HAS_SYMPTOM,S173
D047,HAS_SYMPTOM,S174
D047,HAS_CAUSE,CA158
RF027,INCREASES_RISK_OF,D047
RF028,INCREASES_RISK_OF,D047
RF029,INCREASES_RISK_OF,D047
RF030,INCREASES_RISK_OF,D047
RF031,INCREASES_RISK_OF,D047
RF032,INCREASES_RISK_OF,D047
D047,MANAGED_BY,TR055
D047,MANAGED_BY,TR056
D047,MANAGED_BY,TR057
D047,MANAGED_BY,TR058
D047,MANAGED_BY,TR059
D048,HAS_SYMPTOM,S175
D048,HAS_SYMPTOM,S176
D048,HAS_SYMPTOM,S041
D048,HAS_SYMPTOM,S177
D048,HAS_SYMPTOM,S178
D048,HAS_CAUSE,CA159
D048,HAS_CAUSE,CA160
D048,MANAGED_BY,TR060
D048,DIAGNOSED_BY,T091
D048,DIAGNOSED_BY,T092
D048,DIAGNOSED_BY,T005
D048,DIAGNOSED_BY,T093
D048,CAN_CAUSE,C029
D048,MANAGED_BY,TR061
D048,MANAGED_BY,TR062
D049,AFFECTS,O008
D049,HAS_SYMPTOM,S179
D049,HAS_SYMPTOM,S180
D049,HAS_SYMPTOM,S181
D049,HAS_SYMPTOM,S182
D049,HAS_SYMPTOM,S183
D049,HAS_SYMPTOM,S141
D049,HAS_SYMPTOM,S184
D049,HAS_SYMPTOM,S093
D049,HAS_SYMPTOM,S048
D049,HAS_SYMPTOM,S185
D049,HAS_SYMPTOM,S186
D049,HAS_SYMPTOM,S187
D049,HAS_CAUSE,CA161
D049,HAS_CAUSE,CA162
D049,HAS_CAUSE,CA163
D049,HAS_CAUSE,CA164
D049,HAS_CAUSE,CA165
D049,HAS_CAUSE,CA166
D049,MANAGED_BY,TR063
D049,DIAGNOSED_BY,T094
D049,DIAGNOSED_BY,T095
D049,DIAGNOSED_BY,T096
D049,DIAGNOSED_BY,T097
D049,DIAGNOSED_BY,T098
D049,DIAGNOSED_BY,T099
D049,MANAGED_BY,TR064
D050,AFFECTS,O001
D050,AFFECTS,O008
D050,HAS_SYMPTOM,S127
D050,HAS_SYMPTOM,S188
D050,HAS_SYMPTOM,S189
D050,HAS_SYMPTOM,S190
D050,HAS_SYMPTOM,S191
D050,HAS_SYMPTOM,S192
D050,HAS_SYMPTOM,S193
D050,MANAGED_BY,TR065
D050,MANAGED_BY,TR066
D050,DIAGNOSED_BY,T021
D050,DIAGNOSED_BY,T100
D050,DIAGNOSED_BY,T101
D050,DIAGNOSED_BY,T102
D050,DIAGNOSED_BY,T103
D050,CAN_CAUSE,C030
D050,CAN_CAUSE,C031
D050,CAN_CAUSE,C032
D050,CAN_CAUSE,C033
D050,MANAGED_BY,TR067
D051,AFFECTS,O007
D051,HAS_SYMPTOM,S194
D051,HAS_SYMPTOM,S195
D051,HAS_SYMPTOM,S133
D051,HAS_SYMPTOM,S196
D051,HAS_SYMPTOM,S197
D051,HAS_CAUSE,CA167
D051,HAS_CAUSE,CA168
D051,HAS_CAUSE,CA169
D051,HAS_CAUSE,CA170
D051,HAS_CAUSE,CA171
D051,DIAGNOSED_BY,T005
D051,DIAGNOSED_BY,T104
D052,AFFECTS,O006
D052,HAS_SYMPTOM,S198
D052,HAS_SYMPTOM,S199
D052,HAS_CAUSE,CA172
D052,HAS_CAUSE,CA173
D052,HAS_CAUSE,CA174
D052,HAS_CAUSE,CA175
D052,HAS_CAUSE,CA176
D052,HAS_CAUSE,CA177
D052,HAS_CAUSE,CA178
D052,MANAGED_BY,TR068
D052,MANAGED_BY,TR069
D052,DIAGNOSED_BY,T105
D052,DIAGNOSED_BY,T106
D052,DIAGNOSED_BY,T107
D052,CAN_CAUSE,C034
D052,CAN_CAUSE,C035
D053,AFFECTS,O009
D053,AFFECTS,O010
D053,HAS_SYMPTOM,S200
D053,HAS_SYMPTOM,S041
D053,HAS_SYMPTOM,S201
D053,HAS_SYMPTOM,S202
D053,HAS_CAUSE,CA179
D053,HAS_CAUSE,CA180
D053,HAS_CAUSE,CA181
D053,HAS_CAUSE,CA182
D053,HAS_CAUSE,CA183
D053,HAS_CAUSE,CA184
D053,HAS_CAUSE,CA185
D053,HAS_CAUSE,CA186
D053,HAS_CAUSE,CA187
D053,HAS_CAUSE,CA188
D053,HAS_CAUSE,CA189
D053,MANAGED_BY,TR070
D053,MANAGED_BY,TR071
D053,MANAGED_BY,TR072
D053,MANAGED_BY,TR073
D053,MANAGED_BY,TR074
D053,DIAGNOSED_BY,T108
D053,DIAGNOSED_BY,T109
D053,DIAGNOSED_BY,T110
D053,DIAGNOSED_BY,T005
D053,DIAGNOSED_BY,T028
D053,DIAGNOSED_BY,T111
D053,DIAGNOSED_BY,T024
D053,DIAGNOSED_BY,T112
D053,CAN_CAUSE,C036
D053,CAN_CAUSE,C037
D053,CAN_CAUSE,C038
D053,CAN_CAUSE,C039
D053,MANAGED_BY,TR075
D054,AFFECTS,O001
D054,HAS_SYMPTOM,S203
D054,HAS_SYMPTOM,S204
D054,HAS_SYMPTOM,S205
D054,HAS_SYMPTOM,S206
D054,HAS_SYMPTOM,S207
D054,HAS_SYMPTOM,S208
D054,HAS_SYMPTOM,S209
D054,HAS_SYMPTOM,S210
D054,HAS_SYMPTOM,S211
RF033,INCREASES_RISK_OF,D054
RF034,INCREASES_RISK_OF,D054
D054,MANAGED_BY,TR076
D054,MANAGED_BY,TR077
D054,MANAGED_BY,TR078
D054,MANAGED_BY,TR079
D054,MANAGED_BY,TR080
D054,MANAGED_BY,TR081
D054,MANAGED_BY,TR082
D054,MANAGED_BY,TR083
D054,DIAGNOSED_BY,T113
D054,DIAGNOSED_BY,T114
D054,DIAGNOSED_BY,T115
D054,DIAGNOSED_BY,T116
D054,CAN_CAUSE,C040
D054,CAN_CAUSE,C013
D054,CAN_CAUSE,C041
D054,CAN_CAUSE,C042
D054,CAN_CAUSE,C043
D054,CAN_CAUSE,C016
D054,MANAGED_BY,TR084
D055,HAS_SYMPTOM,S212
D055,HAS_SYMPTOM,S015
D055,HAS_SYMPTOM,S213
D055,HAS_SYMPTOM,S214
D055,HAS_SYMPTOM,S215
D055,HAS_SYMPTOM,S216
D055,HAS_SYMPTOM,S217
D055,HAS_SYMPTOM,S218
D055,HAS_CAUSE,CA190
D055,HAS_CAUSE,CA191
D055,HAS_CAUSE,CA192
D055,HAS_CAUSE,CA193
D055,HAS_CAUSE,CA194
D055,HAS_CAUSE,CA195
D055,HAS_CAUSE,CA196
D055,HAS_CAUSE,CA197
D055,HAS_CAUSE,CA198
D055,MANAGED_BY,TR085
D055,DIAGNOSED_BY,T117
D055,DIAGNOSED_BY,T118
D055,DIAGNOSED_BY,T119
D055,DIAGNOSED_BY,T120
D055,DIAGNOSED_BY,T121
D055,CAN_CAUSE,C044
D055,CAN_CAUSE,C045
D055,MANAGED_BY,TR086
D055,MANAGED_BY,TR087
D055,MANAGED_BY,TR088
D056,AFFECTS,O008
D056,HAS_SYMPTOM,S219
D056,HAS_SYMPTOM,S151
D056,HAS_SYMPTOM,S220
D056,HAS_SYMPTOM,S221
D056,HAS_SYMPTOM,S222
D056,HAS_SYMPTOM,S223
D056,HAS_SYMPTOM,S224
D056,HAS_SYMPTOM,S225
D056,HAS_SYMPTOM,S226
D056,HAS_SYMPTOM,S227
D056,HAS_SYMPTOM,S228
D056,HAS_SYMPTOM,S229
D056,HAS_CAUSE,CA199
D056,HAS_CAUSE,CA200
D056,HAS_CAUSE,CA201
D056,HAS_CAUSE,CA202
D056,HAS_CAUSE,CA203
D056,HAS_CAUSE,CA204
D056,HAS_CAUSE,CA205
D056,MANAGED_BY,TR089
D056,MANAGED_BY,TR090
D056,DIAGNOSED_BY,T122
D056,DIAGNOSED_BY,T123
D056,DIAGNOSED_BY,T124
D056,DIAGNOSED_BY,T125
D056,DIAGNOSED_BY,T126
D056,DIAGNOSED_BY,T028
D056,DIAGNOSED_BY,T127
D057,AFFECTS,O008
D057,HAS_SYMPTOM,S230
D057,HAS_SYMPTOM,S231
D057,HAS_CAUSE,CA206
D057,HAS_CAUSE,CA207
RF035,INCREASES_RISK_OF,D057
RF036,INCREASES_RISK_OF,D057
RF037,INCREASES_RISK_OF,D057
RF038,INCREASES_RISK_OF,D057
D058,AFFECTS,O009
D058,HAS_SYMPTOM,S232
D058,HAS_SYMPTOM,S233
D058,HAS_SYMPTOM,S234
D058,HAS_SYMPTOM,S235
D058,HAS_CAUSE,CA208
D058,HAS_CAUSE,CA209
D058,HAS_CAUSE,CA210
D058,HAS_CAUSE,CA211
D058,HAS_CAUSE,CA212
D058,HAS_CAUSE,CA213
RF039,INCREASES_RISK_OF,D058
RF040,INCREASES_RISK_OF,D058
RF041,INCREASES_RISK_OF,D058
D058,MANAGED_BY,TR091
D059,AFFECTS,O002
D059,HAS_SYMPTOM,S236
D059,HAS_SYMPTOM,S041
D059,HAS_SYMPTOM,S237
D059,HAS_SYMPTOM,S238
D059,HAS_SYMPTOM,S239
D059,HAS_SYMPTOM,S240
D059,HAS_SYMPTOM,S241
D059,HAS_CAUSE,CA214
D059,HAS_CAUSE,CA215
D059,HAS_CAUSE,CA216
D059,HAS_CAUSE,CA217
D059,HAS_CAUSE,CA218
D059,HAS_CAUSE,CA219
D059,MANAGED_BY,TR092
D059,MANAGED_BY,TR093
D059,MANAGED_BY,TR094
D059,MANAGED_BY,TR095
D059,MANAGED_BY,TR096
D059,DIAGNOSED_BY,T128
D059,DIAGNOSED_BY,T071
D059,DIAGNOSED_BY,T004
D059,DIAGNOSED_BY,T129
D059,DIAGNOSED_BY,T130
D059,DIAGNOSED_BY,T131
D059,CAN_CAUSE,C046
D059,CAN_CAUSE,C047
D059,MANAGED_BY,TR097
D059,MANAGED_BY,TR098
D060,HAS_SYMPTOM,S242
D060,HAS_SYMPTOM,S133
D060,HAS_SYMPTOM,S141
D060,HAS_SYMPTOM,S093
D060,HAS_SYMPTOM,S243
D060,HAS_SYMPTOM,S244
D060,HAS_SYMPTOM,S245
D060,HAS_SYMPTOM,S246
D060,HAS_SYMPTOM,S247
D060,HAS_SYMPTOM,S248
D060,HAS_SYMPTOM,S249
D060,HAS_CAUSE,CA220
D060,MANAGED_BY,TR099
D060,MANAGED_BY,TR100
D060,MANAGED_BY,TR101
D060,MANAGED_BY,TR102
D060,DIAGNOSED_BY,T132
D060,DIAGNOSED_BY,T005
D060,DIAGNOSED_BY,T133
D060,DIAGNOSED_BY,T051
D060,DIAGNOSED_BY,T134
D060,CAN_CAUSE,C013
D060,MANAGED_BY,TR103
D060,MANAGED_BY,TR104
D060,MANAGED_BY,TR105
D061,AFFECTS,O002
D061,HAS_SYMPTOM,S250
D061,HAS_SYMPTOM,S251
RF042,INCREASES_RISK_OF,D061
RF043,INCREASES_RISK_OF,D061
RF044,INCREASES_RISK_OF,D061
D062,AFFECTS,O002
D062,HAS_SYMPTOM,S252
D062,HAS_SYMPTOM,S253
D062,HAS_SYMPTOM,S254
D062,HAS_SYMPTOM,S255
D062,HAS_SYMPTOM,S256
D062,HAS_SYMPTOM,S241
D062,HAS_SYMPTOM,S257
D062,HAS_SYMPTOM,S258
D062,HAS_CAUSE,CA221
D062,HAS_CAUSE,CA222
D062,HAS_CAUSE,CA223
D062,HAS_CAUSE,CA224
D062,HAS_CAUSE,CA225
D062,HAS_CAUSE,CA226
D062,HAS_CAUSE,CA227
D062,HAS_CAUSE,CA228
D062,MANAGED_BY,TR106
D062,DIAGNOSED_BY,T135
D062,DIAGNOSED_BY,T136
D062,DIAGNOSED_BY,T005
D062,DIAGNOSED_BY,T051
D062,DIAGNOSED_BY,T137
D062,DIAGNOSED_BY,T138
D062,DIAGNOSED_BY,T139
D062,DIAGNOSED_BY,T140
D062,DIAGNOSED_BY,T141
D062,CAN_CAUSE,C048
D062,CAN_CAUSE,C049
D062,CAN_CAUSE,C050
D062,CAN_CAUSE,C051
D062,CAN_CAUSE,C052
D062,CAN_CAUSE,C053
D062,CAN_CAUSE,C054
D062,CAN_CAUSE,C055
D062,CAN_CAUSE,C056
D062,CAN_CAUSE,C057
D062,CAN_CAUSE,C058
D062,CAN_CAUSE,C059
D063,AFFECTS,O002
D063,HAS_SYMPTOM,S259
D063,HAS_SYMPTOM,S260
D063,HAS_SYMPTOM,S261
D063,HAS_SYMPTOM,S262
D063,HAS_SYMPTOM,S263
D063,HAS_SYMPTOM,S264
D063,HAS_SYMPTOM,S018
D063,HAS_SYMPTOM,S265
D063,HAS_CAUSE,CA229
D063,HAS_CAUSE,CA230
D063,HAS_CAUSE,CA231
D063,HAS_CAUSE,CA232
D063,HAS_CAUSE,CA233
D063,MANAGED_BY,TR107
D063,MANAGED_BY,TR108
D063,MANAGED_BY,TR109
D063,MANAGED_BY,TR110
D063,MANAGED_BY,TR111
D063,MANAGED_BY,TR112
D063,MANAGED_BY,TR113
D064,AFFECTS,O008
D064,HAS_SYMPTOM,S266
D064,HAS_SYMPTOM,S267
D064,HAS_SYMPTOM,S268
D064,HAS_SYMPTOM,S269
D064,HAS_SYMPTOM,S270
D064,HAS_CAUSE,CA001
D064,HAS_CAUSE,CA234
D064,MANAGED_BY,TR114
D064,DIAGNOSED_BY,T142
D064,DIAGNOSED_BY,T143
D064,DIAGNOSED_BY,T144
D064,DIAGNOSED_BY,T145
D064,DIAGNOSED_BY,T125
D064,DIAGNOSED_BY,T146
D064,DIAGNOSED_BY,T147
D064,DIAGNOSED_BY,T148
D064,DIAGNOSED_BY,T149
D064,DIAGNOSED_BY,T150
D064,DIAGNOSED_BY,T151
D064,MANAGED_BY,TR115
D064,MANAGED_BY,TR116
D064,MANAGED_BY,TR117
D065,AFFECTS,O011
D065,HAS_SYMPTOM,S200
D065,HAS_SYMPTOM,S271
D065,HAS_SYMPTOM,S272
D065,HAS_SYMPTOM,S273
D065,HAS_SYMPTOM,S274
D065,HAS_CAUSE,CA235
D065,HAS_CAUSE,CA236
D065,HAS_CAUSE,CA001
D065,HAS_CAUSE,CA237
D065,MANAGED_BY,TR118
D065,MANAGED_BY,TR119
D065,MANAGED_BY,TR120
D065,DIAGNOSED_BY,T152
D065,DIAGNOSED_BY,T153
D065,DIAGNOSED_BY,T111
D065,DIAGNOSED_BY,T154
D065,CAN_CAUSE,C030
D065,CAN_CAUSE,C060
D065,MANAGED_BY,TR121
D066,AFFECTS,O007
D066,HAS_SYMPTOM,S275
D066,HAS_SYMPTOM,S276
D066,HAS_SYMPTOM,S077
D066,HAS_CAUSE,CA238
D066,HAS_CAUSE,CA239
D066,HAS_CAUSE,CA240
D066,HAS_CAUSE,CA241
D066,HAS_CAUSE,CA242
D066,HAS_CAUSE,CA243
D066,HAS_CAUSE,CA244
D066,MANAGED_BY,TR122
D066,DIAGNOSED_BY,T155
D066,DIAGNOSED_BY,T156
D066,DIAGNOSED_BY,T157
D066,DIAGNOSED_BY,T158
D066,DIAGNOSED_BY,T005
D066,DIAGNOSED_BY,T159
D066,DIAGNOSED_BY,T160
D066,DIAGNOSED_BY,T161
D066,DIAGNOSED_BY,T162
D066,DIAGNOSED_BY,T163
D066,DIAGNOSED_BY,T051
D066,CAN_CAUSE,C061
D066,CAN_CAUSE,C062
D067,AFFECTS,O012
D067,HAS_SYMPTOM,S277
D067,HAS_CAUSE,CA245
D067,MANAGED_BY,TR123
D067,MANAGED_BY,TR124
D068,AFFECTS,O008
D068,HAS_SYMPTOM,S278
D068,HAS_SYMPTOM,S279
D068,HAS_SYMPTOM,S280
D068,HAS_SYMPTOM,S186
D068,HAS_CAUSE,CA246
D068,HAS_CAUSE,CA247
D068,HAS_CAUSE,CA248
D068,HAS_CAUSE,CA249
D068,MANAGED_BY,TR125
D068,MANAGED_BY,TR126
D068,MANAGED_BY,TR127
D068,MANAGED_BY,TR128
D068,MANAGED_BY,TR129
D068,MANAGED_BY,TR130
D068,MANAGED_BY,TR131
D068,DIAGNOSED_BY,T164
D068,DIAGNOSED_BY,T165
D068,DIAGNOSED_BY,T166
D068,DIAGNOSED_BY,T125
D068,DIAGNOSED_BY,T167
D068,DIAGNOSED_BY,T168
D069,HAS_SYMPTOM,S281
RF045,INCREASES_RISK_OF,D069
D069,MANAGED_BY,TR132
D069,MANAGED_BY,TR133
D071,HAS_SYMPTOM,S282
D071,HAS_CAUSE,CA250
RF046,INCREASES_RISK_OF,D071
RF047,INCREASES_RISK_OF,D071
RF048,INCREASES_RISK_OF,D071
D071,MANAGED_BY,TR134
D072,HAS_SYMPTOM,S283
D072,HAS_SYMPTOM,S128
D072,HAS_SYMPTOM,S284
D072,HAS_SYMPTOM,S285
D072,HAS_SYMPTOM,S286
D072,HAS_SYMPTOM,S287
D072,HAS_CAUSE,CA251
D072,HAS_CAUSE,CA252
D072,HAS_CAUSE,CA253
D072,HAS_CAUSE,CA254
D072,HAS_CAUSE,CA255
D072,HAS_CAUSE,CA256
D072,HAS_CAUSE,CA257
D072,HAS_CAUSE,CA258
D072,HAS_CAUSE,CA259
D072,HAS_CAUSE,CA260
D072,MANAGED_BY,TR135
D072,DIAGNOSED_BY,T169
D072,DIAGNOSED_BY,T170
D072,DIAGNOSED_BY,T171
D073,HAS_SYMPTOM,S288
D073,HAS_SYMPTOM,S289
D073,HAS_SYMPTOM,S290
D073,HAS_SYMPTOM,S291
D073,HAS_CAUSE,CA261
RF049,INCREASES_RISK_OF,D073
RF050,INCREASES_RISK_OF,D073
RF051,INCREASES_RISK_OF,D073
RF052,INCREASES_RISK_OF,D073
RF053,INCREASES_RISK_OF,D073
RF054,INCREASES_RISK_OF,D073
RF055,INCREASES_RISK_OF,D073
RF056,INCREASES_RISK_OF,D073
D073,MANAGED_BY,TR136
D073,MANAGED_BY,TR137
D073,MANAGED_BY,TR138
D073,MANAGED_BY,TR139
D074,HAS_SYMPTOM,S292
D074,HAS_SYMPTOM,S293
D074,HAS_CAUSE,CA262
D074,HAS_CAUSE,CA263
D077,AFFECTS,O008
RF057,INCREASES_RISK_OF,D077
RF058,INCREASES_RISK_OF,D077
RF059,INCREASES_RISK_OF,D077
RF060,INCREASES_RISK_OF,D077
RF061,INCREASES_RISK_OF,D077
RF062,INCREASES_RISK_OF,D077
RF063,INCREASES_RISK_OF,D077
D078,AFFECTS,O008
D079,AFFECTS,O008
D080,AFFECTS,O007
D080,HAS_SYMPTOM,S294
D080,HAS_SYMPTOM,S295
D080,HAS_SYMPTOM,S296
D080,HAS_SYMPTOM,S297
D080,HAS_SYMPTOM,S298
D080,HAS_SYMPTOM,S299
D080,HAS_SYMPTOM,S045
D080,HAS_SYMPTOM,S300
D080,HAS_SYMPTOM,S187
D080,HAS_SYMPTOM,S301
D080,HAS_SYMPTOM,S094
D080,HAS_SYMPTOM,S302
D081,AFFECTS,O008
D081,HAS_SYMPTOM,S303
D081,HAS_SYMPTOM,S056
D081,HAS_SYMPTOM,S127
D081,HAS_CAUSE,CA264
D081,HAS_CAUSE,CA265
D081,HAS_CAUSE,CA266
D081,HAS_CAUSE,CA267
D081,MANAGED_BY,TR140
D081,DIAGNOSED_BY,T021
D081,DIAGNOSED_BY,T172
D081,DIAGNOSED_BY,T173
D081,CAN_CAUSE,C063
D081,CAN_CAUSE,C064
D081,CAN_CAUSE,C065
D082,HAS_SYMPTOM,S304
D082,HAS_SYMPTOM,S305
D082,HAS_SYMPTOM,S306
D082,HAS_SYMPTOM,S307
D082,HAS_SYMPTOM,S308
D082,HAS_SYMPTOM,S309
D082,HAS_SYMPTOM,S310
D082,HAS_SYMPTOM,S311
D082,HAS_SYMPTOM,S312
D082,HAS_CAUSE,CA268
D082,HAS_CAUSE,CA269
D082,HAS_CAUSE,CA270
D082,HAS_CAUSE,CA271
D082,MANAGED_BY,TR141
D082,DIAGNOSED_BY,T174
D082,DIAGNOSED_BY,T175
D082,DIAGNOSED_BY,T176
D082,DIAGNOSED_BY,T177
D082,DIAGNOSED_BY,T178
D082,CAN_CAUSE,C066
D082,CAN_CAUSE,C067
D082,MANAGED_BY,TR142
D083,HAS_SYMPTOM,S313
D083,HAS_SYMPTOM,S314
D083,HAS_SYMPTOM,S315
D083,HAS_SYMPTOM,S316
D083,HAS_SYMPTOM,S317
D083,HAS_SYMPTOM,S318
D083,HAS_SYMPTOM,S319
D083,HAS_SYMPTOM,S320
D083,HAS_SYMPTOM,S321
RF064,INCREASES_RISK_OF,D083
RF065,INCREASES_RISK_OF,D083
RF066,INCREASES_RISK_OF,D083
D084,HAS_SYMPTOM,S322
D084,HAS_SYMPTOM,S323
D084,HAS_SYMPTOM,S324
D084,HAS_CAUSE,CA272
D084,HAS_CAUSE,CA273
D084,MANAGED_BY,TR143
D084,MANAGED_BY,TR144
D084,MANAGED_BY,TR145
D084,MANAGED_BY,TR146
D084,MANAGED_BY,TR147
D084,DIAGNOSED_BY,T005
D084,DIAGNOSED_BY,T057
D084,DIAGNOSED_BY,T179
D084,CAN_CAUSE,C068
D084,CAN_CAUSE,C069
D084,MANAGED_BY,TR148
D085,HAS_SYMPTOM,S325
D085,HAS_CAUSE,CA274
D085,HAS_CAUSE,CA275
D085,HAS_CAUSE,CA276
RF067,INCREASES_RISK_OF,D085
D085,MANAGED_BY,TR149
D085,DIAGNOSED_BY,T180
D085,DIAGNOSED_BY,T181
D085,DIAGNOSED_BY,T182
D085,DIAGNOSED_BY,T005
D085,DIAGNOSED_BY,T153
D085,DIAGNOSED_BY,T183
D085,CAN_CAUSE,C070
D085,CAN_CAUSE,C071
D085,CAN_CAUSE,C072
D085,CAN_CAUSE,C073
D085,CAN_CAUSE,C074
D085,MANAGED_BY,TR150
D086,HAS_SYMPTOM,S127
D086,HAS_SYMPTOM,S326
D086,HAS_SYMPTOM,S048
D086,HAS_SYMPTOM,S185
D086,HAS_SYMPTOM,S327
D086,HAS_SYMPTOM,S328
D086,HAS_SYMPTOM,S329
D086,HAS_SYMPTOM,S330
D086,HAS_SYMPTOM,S331
D086,HAS_SYMPTOM,S332
D086,HAS_SYMPTOM,S333
D086,HAS_SYMPTOM,S334
D087,HAS_CAUSE,CA277
D087,HAS_CAUSE,CA278
D087,HAS_CAUSE,CA279
D087,HAS_CAUSE,CA280
D087,DIAGNOSED_BY,T184
D087,DIAGNOSED_BY,T185
D087,DIAGNOSED_BY,T186
D087,DIAGNOSED_BY,T187
D087,CAN_CAUSE,C026
D087,CAN_CAUSE,C075
D087,CAN_CAUSE,C076
D087,CAN_CAUSE,C077
D088,AFFECTS,O009
D088,HAS_CAUSE,CA281
D088,MANAGED_BY,TR151
D088,MANAGED_BY,TR152
D089,HAS_SYMPTOM,S335
D089,HAS_SYMPTOM,S336
D089,HAS_SYMPTOM,S337
D089,HAS_SYMPTOM,S338
D089,HAS_SYMPTOM,S339
D089,HAS_SYMPTOM,S340
D089,HAS_SYMPTOM,S341
D089,HAS_CAUSE,CA282
D089,MANAGED_BY,TR153
D090,HAS_CAUSE,CA283
D090,HAS_CAUSE,CA284
D090,HAS_CAUSE,CA285
D090,HAS_CAUSE,CA286
D090,HAS_CAUSE,CA287
D090,MANAGED_BY,TR154
D090,MANAGED_BY,TR155
D090,MANAGED_BY,TR156
D090,MANAGED_BY,TR157
D090,MANAGED_BY,TR158
D090,MANAGED_BY,TR159
D090,MANAGED_BY,TR160
D090,MANAGED_BY,TR161
D090,MANAGED_BY,TR162
D090,MANAGED_BY,TR163
D091,AFFECTS,O004
D093,HAS_CAUSE,CA288
D093,HAS_CAUSE,CA289
D093,HAS_CAUSE,CA290
D093,HAS_CAUSE,CA291
D093,HAS_CAUSE,CA292
D093,HAS_CAUSE,CA293
D093,HAS_CAUSE,CA294
D093,HAS_CAUSE,CA295
D093,HAS_CAUSE,CA296
D093,HAS_CAUSE,CA297
D093,HAS_CAUSE,CA298
D094,HAS_SYMPTOM,S342
D094,HAS_SYMPTOM,S343
D094,HAS_SYMPTOM,S344
D094,HAS_SYMPTOM,S345
D094,HAS_SYMPTOM,S346
D094,HAS_SYMPTOM,S347
D094,HAS_SYMPTOM,S348
D094,HAS_SYMPTOM,S349
D094,HAS_SYMPTOM,S350
RF068,INCREASES_RISK_OF,D094
RF069,INCREASES_RISK_OF,D094
D094,MANAGED_BY,TR164
D094,DIAGNOSED_BY,T188
D094,CAN_CAUSE,C078
D094,CAN_CAUSE,C079
D094,MANAGED_BY,TR165
D094,MANAGED_BY,TR166
D095,AFFECTS,O002
D095,HAS_SYMPTOM,S351
D095,HAS_SYMPTOM,S133
D095,HAS_SYMPTOM,S352
D095,HAS_SYMPTOM,S331
D095,HAS_SYMPTOM,S353
D095,HAS_SYMPTOM,S354
D095,HAS_SYMPTOM,S355
D095,HAS_SYMPTOM,S356
D095,HAS_CAUSE,CA299
D095,HAS_CAUSE,CA300
D095,HAS_CAUSE,CA301
D095,HAS_CAUSE,CA302
D095,HAS_CAUSE,CA303
D095,HAS_CAUSE,CA304
D095,HAS_CAUSE,CA305
D095,HAS_CAUSE,CA306
D095,MANAGED_BY,TR167
D095,DIAGNOSED_BY,T004
D095,DIAGNOSED_BY,T189
D095,DIAGNOSED_BY,T190
D095,MANAGED_BY,TR168
D095,MANAGED_BY,TR169
D096,HAS_CAUSE,CA307
D096,DIAGNOSED_BY,T005
D096,DIAGNOSED_BY,T191
D096,DIAGNOSED_BY,T192
D096,DIAGNOSED_BY,T177
D096,DIAGNOSED_BY,T193
D096,CAN_CAUSE,C080
D097,AFFECTS,O012
D097,HAS_SYMPTOM,S357
D097,HAS_SYMPTOM,S358
RF070,INCREASES_RISK_OF,D097
RF071,INCREASES_RISK_OF,D097
D097,MANAGED_BY,TR170
D097,MANAGED_BY,TR171
D098,HAS_SYMPTOM,S359
D098,HAS_SYMPTOM,S360
D098,HAS_SYMPTOM,S361
D098,HAS_SYMPTOM,S362
D098,HAS_SYMPTOM,S363
D098,HAS_SYMPTOM,S364
D098,HAS_SYMPTOM,S365
D098,HAS_CAUSE,CA308
D098,CAN_CAUSE,C081
D098,CAN_CAUSE,C082
D098,MANAGED_BY,TR172
D099,AFFECTS,O003
D100,HAS_SYMPTOM,S366
D100,HAS_SYMPTOM,S367
D100,HAS_CAUSE,CA309
RF072,INCREASES_RISK_OF,D100
D101,HAS_SYMPTOM,S368
D101,HAS_SYMPTOM,S369
D101,HAS_SYMPTOM,S370
D101,HAS_CAUSE,CA310
D101,HAS_CAUSE,CA311
D101,HAS_CAUSE,CA312
D101,HAS_CAUSE,CA313
D101,HAS_CAUSE,CA314
D101,MANAGED_BY,TR173
D101,MANAGED_BY,TR174
D101,MANAGED_BY,TR175
D101,MANAGED_BY,TR176
D101,MANAGED_BY,TR177
D101,MANAGED_BY,TR178
D101,MANAGED_BY,TR179
D101,MANAGED_BY,TR180
D103,HAS_SYMPTOM,S371
D103,HAS_SYMPTOM,S372
D103,HAS_SYMPTOM,S373
D103,HAS_SYMPTOM,S374
D103,HAS_SYMPTOM,S375
D103,HAS_SYMPTOM,S376
D103,HAS_CAUSE,CA315
D103,HAS_CAUSE,CA316
D103,HAS_CAUSE,CA317
D103,HAS_CAUSE,CA318
D103,HAS_CAUSE,CA319
RF073,INCREASES_RISK_OF,D103
RF074,INCREASES_RISK_OF,D103
RF075,INCREASES_RISK_OF,D103
D103,MANAGED_BY,TR181
D103,MANAGED_BY,TR182
D103,DIAGNOSED_BY,T194
D103,CAN_CAUSE,C083
D103,CAN_CAUSE,C084
D103,CAN_CAUSE,C085
D103,CAN_CAUSE,C086
D103,CAN_CAUSE,C087
D103,CAN_CAUSE,C088
D103,CAN_CAUSE,C089
D103,CAN_CAUSE,C090
D103,CAN_CAUSE,C091
D103,CAN_CAUSE,C092
D103,CAN_CAUSE,C032
D103,CAN_CAUSE,C093
D103,MANAGED_BY,TR183
D104,HAS_SYMPTOM,S377
D104,HAS_SYMPTOM,S378
D104,HAS_SYMPTOM,S379
D104,HAS_SYMPTOM,S201
D104,HAS_SYMPTOM,S187
D104,HAS_SYMPTOM,S380
D104,HAS_SYMPTOM,S381
D104,HAS_SYMPTOM,S382
D104,HAS_SYMPTOM,S383
D104,MANAGED_BY,TR184
D104,MANAGED_BY,TR185
D104,MANAGED_BY,TR186
D104,MANAGED_BY,TR187
D104,DIAGNOSED_BY,T195
D104,DIAGNOSED_BY,T196
D104,DIAGNOSED_BY,T197
D104,DIAGNOSED_BY,T198
D104,MANAGED_BY,TR188
D105,AFFECTS,O009
D105,HAS_SYMPTOM,S384
D105,HAS_SYMPTOM,S385
D105,HAS_SYMPTOM,S386
D105,HAS_CAUSE,CA320
D105,HAS_CAUSE,CA321
D105,HAS_CAUSE,CA322
D105,HAS_CAUSE,CA323
D105,HAS_CAUSE,CA324
D105,HAS_CAUSE,CA325
D105,HAS_CAUSE,CA326
RF076,INCREASES_RISK_OF,D105
RF077,INCREASES_RISK_OF,D105
D105,MANAGED_BY,TR189
D105,MANAGED_BY,TR190
D106,HAS_SYMPTOM,S042
D106,HAS_SYMPTOM,S127
D106,HAS_SYMPTOM,S387
D106,HAS_SYMPTOM,S388
D106,HAS_SYMPTOM,S389
D106,HAS_SYMPTOM,S390
D106,HAS_SYMPTOM,S093
D106,HAS_SYMPTOM,S391
D106,DIAGNOSED_BY,T199
D106,DIAGNOSED_BY,T200
D106,DIAGNOSED_BY,T201
D106,DIAGNOSED_BY,T202
D106,DIAGNOSED_BY,T203
D106,CAN_CAUSE,C094
D106,CAN_CAUSE,C095
D106,CAN_CAUSE,C096
D106,MANAGED_BY,TR191
D107,AFFECTS,O009
D107,HAS_SYMPTOM,S392
D107,HAS_SYMPTOM,S237
D107,HAS_SYMPTOM,S393
D107,HAS_SYMPTOM,S127
D107,HAS_SYMPTOM,S394
D107,HAS_SYMPTOM,S395
D107,HAS_SYMPTOM,S396
D107,HAS_SYMPTOM,S397
D107,HAS_CAUSE,CA327
D107,MANAGED_BY,TR192
D107,MANAGED_BY,TR193
D107,MANAGED_BY,TR194
D107,MANAGED_BY,TR195
D107,MANAGED_BY,TR196
D107,MANAGED_BY,TR197
D107,DIAGNOSED_BY,T110
D107,DIAGNOSED_BY,T204
D107,DIAGNOSED_BY,T205
D107,DIAGNOSED_BY,T206
D107,DIAGNOSED_BY,T066
D107,DIAGNOSED_BY,T207
D107,DIAGNOSED_BY,T208
D107,DIAGNOSED_BY,T209
D107,DIAGNOSED_BY,T210
D107,DIAGNOSED_BY,T211
D107,MANAGED_BY,TR198
D108,AFFECTS,O006
D108,HAS_SYMPTOM,S398
D108,HAS_SYMPTOM,S399
D108,HAS_SYMPTOM,S400
D108,HAS_SYMPTOM,S186
D108,HAS_SYMPTOM,S401
D108,MANAGED_BY,TR199
D108,MANAGED_BY,TR200
D108,MANAGED_BY,TR201
D108,MANAGED_BY,TR202
D108,MANAGED_BY,TR203
D108,MANAGED_BY,TR204
D108,MANAGED_BY,TR205
D108,MANAGED_BY,TR206
D108,MANAGED_BY,TR207
D108,MANAGED_BY,TR208
D108,DIAGNOSED_BY,T212
D108,DIAGNOSED_BY,T213
D108,DIAGNOSED_BY,T214
D108,DIAGNOSED_BY,T215
D108,DIAGNOSED_BY,T013
D108,DIAGNOSED_BY,T216
D108,DIAGNOSED_BY,T217
D108,DIAGNOSED_BY,T218
D108,MANAGED_BY,TR209
D109,HAS_SYMPTOM,S402
D109,HAS_SYMPTOM,S046
D109,HAS_SYMPTOM,S403
D109,HAS_SYMPTOM,S186
D109,HAS_SYMPTOM,S404
D109,HAS_SYMPTOM,S405
D109,HAS_CAUSE,CA328
D109,HAS_CAUSE,CA329
D109,HAS_CAUSE,CA330
D109,HAS_CAUSE,CA331
D109,HAS_CAUSE,CA332
D109,MANAGED_BY,TR210
D109,MANAGED_BY,TR211
D109,MANAGED_BY,TR212
D109,MANAGED_BY,TR213
D109,MANAGED_BY,TR214
D109,DIAGNOSED_BY,T051
D109,DIAGNOSED_BY,T067
D109,CAN_CAUSE,C097
D109,CAN_CAUSE,C098
D110,HAS_SYMPTOM,S406
D110,HAS_SYMPTOM,S407
D110,HAS_SYMPTOM,S408
D110,HAS_CAUSE,CA333
D110,DIAGNOSED_BY,T219
D112,HAS_SYMPTOM,S409
D112,HAS_SYMPTOM,S410
D112,HAS_SYMPTOM,S411
D112,HAS_SYMPTOM,S412
D112,HAS_CAUSE,CA334
D112,HAS_CAUSE,CA335
D112,HAS_CAUSE,CA336
D112,HAS_CAUSE,CA337
D112,HAS_CAUSE,CA338
D112,HAS_CAUSE,CA339
D112,CAN_CAUSE,C099
D112,CAN_CAUSE,C100
D113,HAS_SYMPTOM,S127
D113,HAS_SYMPTOM,S413
D113,HAS_SYMPTOM,S414
D113,HAS_SYMPTOM,S052
D113,HAS_SYMPTOM,S415
D113,HAS_SYMPTOM,S416
D113,HAS_SYMPTOM,S182
D113,HAS_SYMPTOM,S417
D113,HAS_SYMPTOM,S418
D113,HAS_SYMPTOM,S055
D113,HAS_SYMPTOM,S419
D113,HAS_SYMPTOM,S420
D113,HAS_CAUSE,CA340
D113,HAS_CAUSE,CA341
D113,HAS_CAUSE,CA342
D113,HAS_CAUSE,CA343
D114,AFFECTS,O012
D114,HAS_SYMPTOM,S421
D114,HAS_SYMPTOM,S422
D114,HAS_SYMPTOM,S331
D114,HAS_SYMPTOM,S423
D114,HAS_SYMPTOM,S424
D114,HAS_SYMPTOM,S425
D114,HAS_SYMPTOM,S141
D114,HAS_CAUSE,CA344
D114,MANAGED_BY,TR215
D115,HAS_SYMPTOM,S426
D115,HAS_SYMPTOM,S427
D115,HAS_SYMPTOM,S428
D115,HAS_SYMPTOM,S429
D115,HAS_SYMPTOM,S430
D115,HAS_SYMPTOM,S431
D115,HAS_SYMPTOM,S432
D115,HAS_SYMPTOM,S433
D115,HAS_SYMPTOM,S434
D115,HAS_SYMPTOM,S435
D115,HAS_SYMPTOM,S436
D115,HAS_SYMPTOM,S437
D115,HAS_CAUSE,CA345
D115,HAS_CAUSE,CA346
D115,HAS_CAUSE,CA347
D115,HAS_CAUSE,CA348
D115,HAS_CAUSE,CA349
D115,HAS_CAUSE,CA350
D115,HAS_CAUSE,CA343
RF078,INCREASES_RISK_OF,D115
RF079,INCREASES_RISK_OF,D115
RF080,INCREASES_RISK_OF,D115
D115,MANAGED_BY,TR216
D115,MANAGED_BY,TR217
D115,MANAGED_BY,TR218
D115,MANAGED_BY,TR219
D115,MANAGED_BY,TR220
D115,DIAGNOSED_BY,T220
D115,DIAGNOSED_BY,T221
D115,DIAGNOSED_BY,T222
D115,CAN_CAUSE,C101
D115,MANAGED_BY,TR221
D115,MANAGED_BY,TR222
D116,HAS_SYMPTOM,S438
D116,HAS_SYMPTOM,S439
D116,HAS_SYMPTOM,S440
D116,HAS_SYMPTOM,S441
D116,HAS_SYMPTOM,S442
D116,HAS_SYMPTOM,S443
D117,AFFECTS,O013
D117,HAS_SYMPTOM,S444
D117,HAS_CAUSE,CA351
D117,HAS_CAUSE,CA352
D117,HAS_CAUSE,CA353
D117,MANAGED_BY,TR223
D117,MANAGED_BY,TR224
D117,MANAGED_BY,TR225
D117,DIAGNOSED_BY,T223
D118,HAS_SYMPTOM,S445
D118,HAS_SYMPTOM,S446
D118,HAS_CAUSE,CA354
D118,HAS_CAUSE,CA355
D118,HAS_CAUSE,CA356
D118,HAS_CAUSE,CA357
D118,HAS_CAUSE,CA358
D118,HAS_CAUSE,CA359
D118,HAS_CAUSE,CA360
RF081,INCREASES_RISK_OF,D118
RF082,INCREASES_RISK_OF,D118
RF083,INCREASES_RISK_OF,D118
RF084,INCREASES_RISK_OF,D118
RF085,INCREASES_RISK_OF,D118
RF086,INCREASES_RISK_OF,D118
RF087,INCREASES_RISK_OF,D118
RF088,INCREASES_RISK_OF,D118
RF089,INCREASES_RISK_OF,D118
RF090,INCREASES_RISK_OF,D118
RF091,INCREASES_RISK_OF,D118
RF092,INCREASES_RISK_OF,D118
D118,MANAGED_BY,TR226
D118,MANAGED_BY,TR227
D118,DIAGNOSED_BY,T224
D118,DIAGNOSED_BY,T005
D118,DIAGNOSED_BY,T051
D118,DIAGNOSED_BY,T225
D118,DIAGNOSED_BY,T049
D118,DIAGNOSED_BY,T226
D118,DIAGNOSED_BY,T227
D118,DIAGNOSED_BY,T228
D118,DIAGNOSED_BY,T229
D118,DIAGNOSED_BY,T230
D118,CAN_CAUSE,C102
D118,MANAGED_BY,TR228
D118,MANAGED_BY,TR229
D119,HAS_SYMPTOM,S447
D119,HAS_SYMPTOM,S448
D119,HAS_SYMPTOM,S449
D119,HAS_SYMPTOM,S052
D119,HAS_CAUSE,CA361
D119,HAS_CAUSE,CA362
D119,HAS_CAUSE,CA363
D119,HAS_CAUSE,CA364
D119,HAS_CAUSE,CA365
D119,MANAGED_BY,TR230
D119,MANAGED_BY,TR231
D119,MANAGED_BY,TR232
D119,MANAGED_BY,TR233
D119,MANAGED_BY,TR234
D119,MANAGED_BY,TR235
D119,MANAGED_BY,TR236
D119,MANAGED_BY,TR237
D119,MANAGED_BY,TR238
D119,MANAGED_BY,TR239
D119,MANAGED_BY,TR240
D119,MANAGED_BY,TR241
D120,HAS_SYMPTOM,S450
D120,HAS_CAUSE,CA001
D120,HAS_CAUSE,CA366
D120,HAS_CAUSE,CA367
D120,HAS_CAUSE,CA368
D120,MANAGED_BY,TR242
D120,MANAGED_BY,TR243
D120,MANAGED_BY,TR244
D120,MANAGED_BY,TR245
D120,DIAGNOSED_BY,T231
D120,DIAGNOSED_BY,T125
D120,DIAGNOSED_BY,T232
D120,DIAGNOSED_BY,T233
D120,MANAGED_BY,TR246
D120,MANAGED_BY,TR247
D120,MANAGED_BY,TR248
D121,HAS_SYMPTOM,S451
D121,HAS_SYMPTOM,S452
D121,HAS_SYMPTOM,S453
D121,HAS_SYMPTOM,S454
D121,HAS_SYMPTOM,S455
D121,HAS_SYMPTOM,S456
D121,HAS_SYMPTOM,S457
D121,HAS_SYMPTOM,S458
D121,HAS_SYMPTOM,S459
D121,HAS_SYMPTOM,S460
D121,HAS_CAUSE,CA001
D121,MANAGED_BY,TR249
D121,MANAGED_BY,TR250
D121,MANAGED_BY,TR251
D121,MANAGED_BY,TR252
D121,DIAGNOSED_BY,T234
D121,DIAGNOSED_BY,T235
D121,DIAGNOSED_BY,T236
D121,CAN_CAUSE,C103
D123,AFFECTS,O006
D123,HAS_SYMPTOM,S461
D123,HAS_SYMPTOM,S462
D123,HAS_CAUSE,CA369
D123,HAS_CAUSE,CA370
D123,HAS_CAUSE,CA371
D123,HAS_CAUSE,CA372
D123,HAS_CAUSE,CA373
D123,HAS_CAUSE,CA374
D123,HAS_CAUSE,CA375
D123,HAS_CAUSE,CA376
D123,HAS_CAUSE,CA377
D123,HAS_CAUSE,CA378
RF093,INCREASES_RISK_OF,D123
RF094,INCREASES_RISK_OF,D123
D123,MANAGED_BY,TR132
D123,MANAGED_BY,TR253
D123,MANAGED_BY,TR254
D123,MANAGED_BY,TR255
D123,MANAGED_BY,TR256
D124,HAS_CAUSE,CA379
D124,HAS_CAUSE,CA380
D124,HAS_CAUSE,CA381
D124,HAS_CAUSE,CA382
D124,HAS_CAUSE,CA383
D124,HAS_CAUSE,CA384
D124,HAS_CAUSE,CA385
D124,HAS_CAUSE,CA386
D124,HAS_CAUSE,CA387
D124,DIAGNOSED_BY,T237
D124,DIAGNOSED_BY,T238
D124,DIAGNOSED_BY,T239
D124,DIAGNOSED_BY,T240
D124,DIAGNOSED_BY,T241
D125,AFFECTS,O005
D125,HAS_CAUSE,CA388
D126,HAS_SYMPTOM,S463
D126,HAS_SYMPTOM,S464
D126,HAS_SYMPTOM,S465
D126,HAS_SYMPTOM,S466
D126,HAS_CAUSE,CA389
D126,MANAGED_BY,TR257
D126,MANAGED_BY,TR258
D126,DIAGNOSED_BY,T242
D126,DIAGNOSED_BY,T243
D126,CAN_CAUSE,C104
D126,CAN_CAUSE,C105
D127,HAS_SYMPTOM,S467
D127,HAS_SYMPTOM,S133
D127,HAS_SYMPTOM,S468
D127,HAS_SYMPTOM,S469
D127,HAS_SYMPTOM,S470
D127,HAS_SYMPTOM,S471
D127,HAS_SYMPTOM,S041
D127,HAS_SYMPTOM,S130
D127,HAS_CAUSE,CA390
D127,HAS_CAUSE,CA391
D127,HAS_CAUSE,CA392
D127,HAS_CAUSE,CA393
D127,HAS_CAUSE,CA008
D127,HAS_CAUSE,CA394
D127,HAS_CAUSE,CA395
D127,HAS_CAUSE,CA396
D127,HAS_CAUSE,CA210
D127,MANAGED_BY,TR259
D127,MANAGED_BY,TR260
D127,MANAGED_BY,TR261
D127,DIAGNOSED_BY,T244
D127,DIAGNOSED_BY,T245
D127,DIAGNOSED_BY,T246
D127,CAN_CAUSE,C106
D127,CAN_CAUSE,C107
D127,CAN_CAUSE,C050
D127,CAN_CAUSE,C108
D127,MANAGED_BY,TR262
D128,AFFECTS,O009
D128,HAS_SYMPTOM,S472
D128,HAS_SYMPTOM,S473
D128,HAS_SYMPTOM,S098
D128,HAS_SYMPTOM,S474
D128,HAS_CAUSE,CA394
D128,HAS_CAUSE,CA397
D128,HAS_CAUSE,CA398
D128,HAS_CAUSE,CA399
D128,HAS_CAUSE,CA400
D128,HAS_CAUSE,CA008
D128,HAS_CAUSE,CA401
D128,DIAGNOSED_BY,T210
D128,DIAGNOSED_BY,T005
D128,DIAGNOSED_BY,T028
D128,DIAGNOSED_BY,T111
D128,DIAGNOSED_BY,T247
D128,DIAGNOSED_BY,T248
D128,DIAGNOSED_BY,T249
D128,DIAGNOSED_BY,T250
D128,DIAGNOSED_BY,T251
D128,DIAGNOSED_BY,T252
D128,DIAGNOSED_BY,T253
D128,CAN_CAUSE,C109
D128,CAN_CAUSE,C110
D128,CAN_CAUSE,C111
D128,MANAGED_BY,TR263
D128,MANAGED_BY,TR264
D129,HAS_SYMPTOM,S475
D129,HAS_SYMPTOM,S476
D129,HAS_SYMPTOM,S477
D129,HAS_SYMPTOM,S478
D129,HAS_CAUSE,CA402
D130,DIAGNOSED_BY,T254
D130,CAN_CAUSE,C112
D130,CAN_CAUSE,C113
D130,CAN_CAUSE,C114
D131,HAS_CAUSE,CA403
D131,HAS_CAUSE,CA404
D131,HAS_CAUSE,CA381
D131,HAS_CAUSE,CA142
D131,HAS_CAUSE,CA405
D131,HAS_CAUSE,CA406
D131,HAS_CAUSE,CA407
D131,HAS_CAUSE,CA408
D131,HAS_CAUSE,CA409
D131,HAS_CAUSE,CA400
D131,HAS_CAUSE,CA410
D131,HAS_CAUSE,CA411
RF095,INCREASES_RISK_OF,D131
RF096,INCREASES_RISK_OF,D131
RF097,INCREASES_RISK_OF,D131
RF098,INCREASES_RISK_OF,D131
D131,MANAGED_BY,TR265
D131,MANAGED_BY,TR266
D131,DIAGNOSED_BY,T255
D131,DIAGNOSED_BY,T256
D131,DIAGNOSED_BY,T257
D131,DIAGNOSED_BY,T258
D131,DIAGNOSED_BY,T013
D131,DIAGNOSED_BY,T259
D131,DIAGNOSED_BY,T260
D131,DIAGNOSED_BY,T261
D131,MANAGED_BY,TR267
D131,MANAGED_BY,TR268
D131,MANAGED_BY,TR269
D132,HAS_SYMPTOM,S126
D132,HAS_SYMPTOM,S393
D132,HAS_SYMPTOM,S130
D132,HAS_SYMPTOM,S298
D132,HAS_SYMPTOM,S048
D132,HAS_SYMPTOM,S187
D132,HAS_SYMPTOM,S356
D132,HAS_SYMPTOM,S479
D132,HAS_SYMPTOM,S480
D132,HAS_SYMPTOM,S481
D132,HAS_SYMPTOM,S095
D132,HAS_SYMPTOM,S482
D133,HAS_SYMPTOM,S483
D133,HAS_SYMPTOM,S484
D133,HAS_SYMPTOM,S485
D133,HAS_SYMPTOM,S486
D133,HAS_SYMPTOM,S487
D133,HAS_SYMPTOM,S488
D133,HAS_SYMPTOM,S298
D133,HAS_SYMPTOM,S489
D133,HAS_SYMPTOM,S356
D133,HAS_SYMPTOM,S490
D133,HAS_SYMPTOM,S491
D133,HAS_SYMPTOM,S492
D134,HAS_SYMPTOM,S493
D134,HAS_SYMPTOM,S494
D134,HAS_SYMPTOM,S495
D134,HAS_SYMPTOM,S496
D134,HAS_SYMPTOM,S497
D134,HAS_SYMPTOM,S048
D134,HAS_SYMPTOM,S187
D134,HAS_SYMPTOM,S356
D134,HAS_SYMPTOM,S498
D134,HAS_SYMPTOM,S094
D134,HAS_SYMPTOM,S095
D134,HAS_SYMPTOM,S499
D135,HAS_SYMPTOM,S500
D135,HAS_SYMPTOM,S501
D135,HAS_SYMPTOM,S502
D135,HAS_SYMPTOM,S079
D135,HAS_SYMPTOM,S503
D135,HAS_SYMPTOM,S504
D135,HAS_SYMPTOM,S505
D135,HAS_SYMPTOM,S506
D135,HAS_SYMPTOM,S507
D135,HAS_SYMPTOM,S508
D135,HAS_SYMPTOM,S509
D135,HAS_SYMPTOM,S510
D136,HAS_SYMPTOM,S511
D136,HAS_SYMPTOM,S512
D136,HAS_SYMPTOM,S513
D136,HAS_SYMPTOM,S514
D136,HAS_SYMPTOM,S439
D136,HAS_SYMPTOM,S515
D136,HAS_SYMPTOM,S219
D136,HAS_SYMPTOM,S516
D136,HAS_SYMPTOM,S441
D136,HAS_SYMPTOM,S517
D136,HAS_SYMPTOM,S518
D136,HAS_SYMPTOM,S519
D137,AFFECTS,O006
D137,HAS_SYMPTOM,S520
D137,HAS_SYMPTOM,S521
D137,HAS_SYMPTOM,S522
D137,HAS_CAUSE,CA412
D137,HAS_CAUSE,CA413
RF099,INCREASES_RISK_OF,D137
RF100,INCREASES_RISK_OF,D137
D137,MANAGED_BY,TR270
D138,HAS_SYMPTOM,S523
D138,HAS_SYMPTOM,S524
D138,HAS_SYMPTOM,S525
D138,HAS_SYMPTOM,S526
D138,HAS_SYMPTOM,S527
D138,MANAGED_BY,TR271
D138,DIAGNOSED_BY,T262
D138,DIAGNOSED_BY,T263
D140,HAS_SYMPTOM,S528
D140,HAS_CAUSE,CA414
D140,HAS_CAUSE,CA415
D140,HAS_CAUSE,CA416
RF101,INCREASES_RISK_OF,D140
RF102,INCREASES_RISK_OF,D140
RF103,INCREASES_RISK_OF,D140
RF104,INCREASES_RISK_OF,D140
RF105,INCREASES_RISK_OF,D140
RF106,INCREASES_RISK_OF,D140
D141,HAS_SYMPTOM,S529
D141,HAS_SYMPTOM,S530
D141,HAS_SYMPTOM,S531
D141,HAS_SYMPTOM,S532
D141,HAS_SYMPTOM,S533
D141,HAS_CAUSE,CA417
D141,HAS_CAUSE,CA418
D141,HAS_CAUSE,CA419
RF107,INCREASES_RISK_OF,D141
RF108,INCREASES_RISK_OF,D141
D142,AFFECTS,O005
D142,HAS_SYMPTOM,S101
RF109,INCREASES_RISK_OF,D142
RF110,INCREASES_RISK_OF,D142
RF111,INCREASES_RISK_OF,D142
RF112,INCREASES_RISK_OF,D142
RF113,INCREASES_RISK_OF,D142
D142,MANAGED_BY,TR272
D142,MANAGED_BY,TR273
D142,MANAGED_BY,TR274
D142,DIAGNOSED_BY,T264
D142,DIAGNOSED_BY,T265
D142,DIAGNOSED_BY,T005
D142,DIAGNOSED_BY,T028
D142,DIAGNOSED_BY,T266
D142,DIAGNOSED_BY,T267
D142,DIAGNOSED_BY,T268
D142,DIAGNOSED_BY,T269
D142,DIAGNOSED_BY,T270
D142,DIAGNOSED_BY,T271
D142,DIAGNOSED_BY,T272
D142,DIAGNOSED_BY,T273
D142,CAN_CAUSE,C115
D142,CAN_CAUSE,C116
D142,CAN_CAUSE,C117
D142,CAN_CAUSE,C118
D142,CAN_CAUSE,C119
D142,MANAGED_BY,TR275
D142,MANAGED_BY,TR276
D143,HAS_SYMPTOM,S534
D143,HAS_SYMPTOM,S535
D143,HAS_CAUSE,CA420
D143,HAS_CAUSE,CA421
D143,HAS_CAUSE,CA376
D143,HAS_CAUSE,CA422
D143,HAS_CAUSE,CA423
D143,HAS_CAUSE,CA424
RF114,INCREASES_RISK_OF,D143
D143,MANAGED_BY,TR277
D143,MANAGED_BY,TR233
D143,MANAGED_BY,TR278
D143,MANAGED_BY,TR279
D143,MANAGED_BY,TR280
D144,HAS_CAUSE,CA425
D144,HAS_CAUSE,CA044
D144,MANAGED_BY,TR281
D144,DIAGNOSED_BY,T274
D144,DIAGNOSED_BY,T275
D144,DIAGNOSED_BY,T276
D144,DIAGNOSED_BY,T277
D144,MANAGED_BY,TR282
D145,HAS_SYMPTOM,S536
D145,HAS_SYMPTOM,S537
D145,HAS_SYMPTOM,S538
D145,HAS_SYMPTOM,S539
D145,HAS_SYMPTOM,S041
D145,HAS_SYMPTOM,S540
RF115,INCREASES_RISK_OF,D145
RF116,INCREASES_RISK_OF,D145
RF117,INCREASES_RISK_OF,D145
RF118,INCREASES_RISK_OF,D145
RF119,INCREASES_RISK_OF,D145
RF120,INCREASES_RISK_OF,D145
RF121,INCREASES_RISK_OF,D145
D146,AFFECTS,O008
D146,HAS_SYMPTOM,S541
D146,HAS_SYMPTOM,S542
D146,HAS_SYMPTOM,S190
D146,HAS_SYMPTOM,S543
D146,HAS_SYMPTOM,S544
D146,HAS_SYMPTOM,S545
D146,HAS_SYMPTOM,S546
D146,HAS_SYMPTOM,S547
D146,HAS_SYMPTOM,S548
D146,HAS_CAUSE,CA426
D146,HAS_CAUSE,CA427
D146,HAS_CAUSE,CA428
D146,HAS_CAUSE,CA429
D146,HAS_CAUSE,CA430
D146,HAS_CAUSE,CA431
D146,DIAGNOSED_BY,T278
D146,DIAGNOSED_BY,T279
D146,DIAGNOSED_BY,T280
D146,DIAGNOSED_BY,T281
D146,DIAGNOSED_BY,T125
D146,DIAGNOSED_BY,T282
D146,CAN_CAUSE,C120
D146,CAN_CAUSE,C121
D146,MANAGED_BY,TR283
D146,MANAGED_BY,TR284
D147,HAS_SYMPTOM,S549
D147,HAS_SYMPTOM,S550
D147,HAS_SYMPTOM,S551
D147,HAS_CAUSE,CA432
RF122,INCREASES_RISK_OF,D147
D147,MANAGED_BY,TR285
D147,CAN_CAUSE,C013
D147,MANAGED_BY,TR286
D147,MANAGED_BY,TR287
D147,MANAGED_BY,TR288
D147,MANAGED_BY,TR289
D147,MANAGED_BY,TR290
D147,MANAGED_BY,TR291
D147,MANAGED_BY,TR292
D147,MANAGED_BY,TR293
D148,AFFECTS,O014
RF123,INCREASES_RISK_OF,D148
RF124,INCREASES_RISK_OF,D148
RF125,INCREASES_RISK_OF,D148
RF126,INCREASES_RISK_OF,D148
RF127,INCREASES_RISK_OF,D148
RF128,INCREASES_RISK_OF,D148
D149,AFFECTS,O015
D149,HAS_SYMPTOM,S246
D149,HAS_SYMPTOM,S416
D149,HAS_SYMPTOM,S552
D149,HAS_SYMPTOM,S553
D149,HAS_SYMPTOM,S554
D149,HAS_SYMPTOM,S555
D149,HAS_SYMPTOM,S556
D149,HAS_CAUSE,CA433
D149,HAS_CAUSE,CA434
D149,MANAGED_BY,TR294
D149,DIAGNOSED_BY,T005
D149,DIAGNOSED_BY,T207
D149,CAN_CAUSE,C122
D151,AFFECTS,O002
D151,HAS_SYMPTOM,S557
D151,HAS_CAUSE,CA435
D151,HAS_CAUSE,CA293
D151,HAS_CAUSE,CA436
D151,HAS_CAUSE,CA057
D151,HAS_CAUSE,CA437
RF129,INCREASES_RISK_OF,D151
D151,MANAGED_BY,TR295
D151,MANAGED_BY,TR296
D151,MANAGED_BY,TR297
D151,MANAGED_BY,TR298
D151,MANAGED_BY,TR299
D151,DIAGNOSED_BY,T283
D151,DIAGNOSED_BY,T284
D151,DIAGNOSED_BY,T285
D151,DIAGNOSED_BY,T286
D151,MANAGED_BY,TR300
D151,MANAGED_BY,TR301
D151,MANAGED_BY,TR302
D152,AFFECTS,O002
D152,HAS_SYMPTOM,S558
D152,HAS_SYMPTOM,S559
D152,HAS_SYMPTOM,S560
D152,HAS_SYMPTOM,S561
D152,HAS_SYMPTOM,S562
D152,HAS_SYMPTOM,S018
D152,HAS_CAUSE,CA438
D152,MANAGED_BY,TR303
D152,MANAGED_BY,TR304
D152,MANAGED_BY,TR305
D152,MANAGED_BY,TR306
D152,MANAGED_BY,TR307
D152,MANAGED_BY,TR308
D152,MANAGED_BY,TR309
D152,MANAGED_BY,TR310
D152,MANAGED_BY,TR311
D152,MANAGED_BY,TR312
D152,DIAGNOSED_BY,T287
D152,DIAGNOSED_BY,T288
D153,AFFECTS,O002
D153,HAS_SYMPTOM,S563
D153,HAS_SYMPTOM,S559
D153,HAS_SYMPTOM,S560
D153,HAS_SYMPTOM,S561
D153,HAS_SYMPTOM,S564
D153,HAS_SYMPTOM,S562
D153,HAS_SYMPTOM,S565
D153,HAS_CAUSE,CA439
D153,HAS_CAUSE,CA440
D153,MANAGED_BY,TR303
D153,MANAGED_BY,TR304
D153,MANAGED_BY,TR305
D153,MANAGED_BY,TR306
D153,MANAGED_BY,TR307
D153,MANAGED_BY,TR308
D153,MANAGED_BY,TR309
D153,MANAGED_BY,TR310
D153,MANAGED_BY,TR311
D153,MANAGED_BY,TR313
D153,DIAGNOSED_BY,T289
D153,DIAGNOSED_BY,T290
D153,DIAGNOSED_BY,T291
D153,CAN_CAUSE,C123
D153,MANAGED_BY,TR314
D154,AFFECTS,O002
D154,HAS_SYMPTOM,S252
D154,HAS_SYMPTOM,S141
D154,HAS_SYMPTOM,S238
D154,HAS_SYMPTOM,S324
D154,HAS_CAUSE,CA441
D154,HAS_CAUSE,CA442
D154,HAS_CAUSE,CA443
D154,HAS_CAUSE,CA309
D154,HAS_CAUSE,CA444
D154,MANAGED_BY,TR315
D154,MANAGED_BY,TR316
D154,DIAGNOSED_BY,T292
D154,DIAGNOSED_BY,T293
D154,DIAGNOSED_BY,T294
D154,DIAGNOSED_BY,T295
D154,DIAGNOSED_BY,T296
D154,DIAGNOSED_BY,T297
D155,AFFECTS,O006
D155,HAS_SYMPTOM,S566
D155,HAS_SYMPTOM,S567
D155,HAS_SYMPTOM,S568
D155,HAS_CAUSE,CA445
D155,HAS_CAUSE,CA446
D155,DIAGNOSED_BY,T298
D155,MANAGED_BY,TR317
D156,AFFECTS,O001
D156,AFFECTS,O006
D156,HAS_SYMPTOM,S569
D156,HAS_SYMPTOM,S570
D156,HAS_SYMPTOM,S571
D156,HAS_SYMPTOM,S572
D156,MANAGED_BY,TR067
D157,AFFECTS,O001
D157,AFFECTS,O006
D157,HAS_SYMPTOM,S573
D157,HAS_SYMPTOM,S439
D157,HAS_SYMPTOM,S141
D157,HAS_SYMPTOM,S574
D157,HAS_SYMPTOM,S575
D157,HAS_SYMPTOM,S576
D157,HAS_SYMPTOM,S095
D157,HAS_CAUSE,CA447
D157,HAS_CAUSE,CA448
D157,HAS_CAUSE,CA449
D157,MANAGED_BY,TR318
D157,MANAGED_BY,TR319
D157,MANAGED_BY,TR320
D157,MANAGED_BY,TR321
D157,DIAGNOSED_BY,T299
D157,DIAGNOSED_BY,T005
D157,DIAGNOSED_BY,T300
D157,DIAGNOSED_BY,T301
D157,DIAGNOSED_BY,T302
D157,DIAGNOSED_BY,T303
D157,CAN_CAUSE,C124
D157,MANAGED_BY,TR322
D158,HAS_SYMPTOM,S577
D158,HAS_SYMPTOM,S578
D158,HAS_SYMPTOM,S579
D158,HAS_SYMPTOM,S580
D158,HAS_SYMPTOM,S581
D158,HAS_SYMPTOM,S582
D158,HAS_SYMPTOM,S583
D158,HAS_SYMPTOM,S584
D158,HAS_SYMPTOM,S585
D158,HAS_SYMPTOM,S586
D158,HAS_SYMPTOM,S587
D158,HAS_SYMPTOM,S588
D158,HAS_CAUSE,CA450
RF057,INCREASES_RISK_OF,D158
RF130,INCREASES_RISK_OF,D158
RF131,INCREASES_RISK_OF,D158
D158,MANAGED_BY,TR323
D158,MANAGED_BY,TR324
D158,MANAGED_BY,TR325
D158,DIAGNOSED_BY,T304
D158,CAN_CAUSE,C125
D158,MANAGED_BY,TR326
D159,HAS_SYMPTOM,S589
D159,HAS_CAUSE,CA451
RF132,INCREASES_RISK_OF,D159
D160,AFFECTS,O016
D160,HAS_SYMPTOM,S056
D160,HAS_SYMPTOM,S133
D160,HAS_SYMPTOM,S590
D160,DIAGNOSED_BY,T305
D160,DIAGNOSED_BY,T306
D160,CAN_CAUSE,C126
D160,CAN_CAUSE,C127
D160,CAN_CAUSE,C128
D160,MANAGED_BY,TR150
D161,HAS_SYMPTOM,S467
D161,HAS_SYMPTOM,S591
D161,HAS_SYMPTOM,S592
D161,HAS_CAUSE,CA452
D161,MANAGED_BY,TR327
D161,DIAGNOSED_BY,T307
D162,AFFECTS,O001
D163,AFFECTS,O001
D164,AFFECTS,O001
D165,HAS_SYMPTOM,S593
D165,HAS_SYMPTOM,S594
D165,HAS_SYMPTOM,S595
D165,HAS_SYMPTOM,S596
D165,HAS_SYMPTOM,S597
RF133,INCREASES_RISK_OF,D165
RF134,INCREASES_RISK_OF,D165
RF135,INCREASES_RISK_OF,D165
RF136,INCREASES_RISK_OF,D165
D166,HAS_CAUSE,CA453
D166,HAS_CAUSE,CA454
D166,HAS_CAUSE,CA455
D166,HAS_CAUSE,CA456
D166,HAS_CAUSE,CA457
D167,AFFECTS,O017
D167,AFFECTS,O005
D168,AFFECTS,O017
D168,HAS_CAUSE,CA458
D168,HAS_CAUSE,CA459
D168,HAS_CAUSE,CA460
D168,HAS_CAUSE,CA461
D169,AFFECTS,O017
D170,AFFECTS,O005
D170,HAS_SYMPTOM,S598
D170,HAS_SYMPTOM,S599
D170,HAS_SYMPTOM,S600
D170,HAS_SYMPTOM,S601
D170,HAS_CAUSE,CA462
D170,HAS_CAUSE,CA463
D170,HAS_CAUSE,CA464
RF137,INCREASES_RISK_OF,D170
D170,MANAGED_BY,TR328
D170,MANAGED_BY,TR329
D170,MANAGED_BY,TR330
D170,DIAGNOSED_BY,T308
D170,DIAGNOSED_BY,T309
D170,DIAGNOSED_BY,T310
D170,DIAGNOSED_BY,T311
D171,AFFECTS,O011
D171,HAS_SYMPTOM,S127
D171,HAS_SYMPTOM,S602
D171,HAS_SYMPTOM,S243
D171,HAS_CAUSE,CA001
D171,HAS_CAUSE,CA465
D171,HAS_CAUSE,CA466
D171,HAS_CAUSE,CA467
D171,MANAGED_BY,TR331
D171,DIAGNOSED_BY,T210
D171,DIAGNOSED_BY,T005
D171,DIAGNOSED_BY,T024
D171,DIAGNOSED_BY,T066
D171,DIAGNOSED_BY,T312
D171,CAN_CAUSE,C129
D171,CAN_CAUSE,C130
D171,CAN_CAUSE,C131
D171,CAN_CAUSE,C132
D171,CAN_CAUSE,C133
D172,AFFECTS,O001
D172,AFFECTS,O007
D172,HAS_SYMPTOM,S603
D172,HAS_SYMPTOM,S604
D172,HAS_SYMPTOM,S018
D172,HAS_SYMPTOM,S605
D172,HAS_SYMPTOM,S077
D172,HAS_CAUSE,CA468
D172,MANAGED_BY,TR332
D172,DIAGNOSED_BY,T195
D172,DIAGNOSED_BY,T313
D172,DIAGNOSED_BY,T314
D172,DIAGNOSED_BY,T315
D172,DIAGNOSED_BY,T005
D172,DIAGNOSED_BY,T316
D172,DIAGNOSED_BY,T317
D172,CAN_CAUSE,C041
D172,CAN_CAUSE,C134
D172,CAN_CAUSE,C135
D172,CAN_CAUSE,C136
D173,HAS_SYMPTOM,S606
D173,HAS_SYMPTOM,S607
D173,HAS_CAUSE,CA469
D173,HAS_CAUSE,CA470
D173,MANAGED_BY,TR333
D173,DIAGNOSED_BY,T318
D173,DIAGNOSED_BY,T319
D173,DIAGNOSED_BY,T320
D173,DIAGNOSED_BY,T321
D173,CAN_CAUSE,C137
D173,CAN_CAUSE,C058
D173,CAN_CAUSE,C138
D174,HAS_SYMPTOM,S128
D174,HAS_SYMPTOM,S608
D174,HAS_SYMPTOM,S609
D174,HAS_SYMPTOM,S610
D174,HAS_CAUSE,CA471
D174,HAS_CAUSE,CA472
D174,HAS_CAUSE,CA473
D174,HAS_CAUSE,CA474
D174,HAS_CAUSE,CA475
D174,HAS_CAUSE,CA189
D174,HAS_CAUSE,CA476
D174,HAS_CAUSE,CA477
D174,HAS_CAUSE,CA478
D174,MANAGED_BY,TR334
D174,DIAGNOSED_BY,T322
D174,CAN_CAUSE,C139
D174,MANAGED_BY,TR335
D174,MANAGED_BY,TR336
D175,HAS_SYMPTOM,S611
D175,HAS_SYMPTOM,S612
D175,HAS_SYMPTOM,S613
D175,HAS_SYMPTOM,S614
D175,HAS_SYMPTOM,S615
D175,HAS_SYMPTOM,S616
D175,HAS_SYMPTOM,S495
D175,HAS_CAUSE,CA479
D175,HAS_CAUSE,CA480
D175,HAS_CAUSE,CA481
D175,MANAGED_BY,TR337
D175,MANAGED_BY,TR338
D175,MANAGED_BY,TR339
D175,MANAGED_BY,TR340
D175,DIAGNOSED_BY,T323
D175,DIAGNOSED_BY,T251
D175,DIAGNOSED_BY,T324
D175,DIAGNOSED_BY,T125
D175,CAN_CAUSE,C140
D175,CAN_CAUSE,C141
D175,CAN_CAUSE,C142
D175,CAN_CAUSE,C143
D175,CAN_CAUSE,C144
D175,CAN_CAUSE,C145
D176,HAS_SYMPTOM,S617
D176,HAS_SYMPTOM,S618
RF138,INCREASES_RISK_OF,D176
RF139,INCREASES_RISK_OF,D176
RF140,INCREASES_RISK_OF,D176
D176,MANAGED_BY,TR341
D176,MANAGED_BY,TR342
D176,MANAGED_BY,TR343
D176,MANAGED_BY,TR344
D176,MANAGED_BY,TR345
D176,MANAGED_BY,TR346
D176,MANAGED_BY,TR347
D176,MANAGED_BY,TR348
D177,HAS_SYMPTOM,S619
D177,HAS_SYMPTOM,S620
D177,HAS_SYMPTOM,S621
D177,HAS_SYMPTOM,S622
D177,HAS_SYMPTOM,S623
D177,HAS_SYMPTOM,S624
D177,HAS_CAUSE,CA482
D177,HAS_CAUSE,CA483
RF141,INCREASES_RISK_OF,D177
D178,AFFECTS,O005
D178,HAS_SYMPTOM,S625
D178,HAS_SYMPTOM,S626
D178,HAS_SYMPTOM,S627
D178,HAS_SYMPTOM,S628
D178,HAS_SYMPTOM,S629
D178,HAS_CAUSE,CA292
D178,HAS_CAUSE,CA484
D178,HAS_CAUSE,CA485
D178,HAS_CAUSE,CA486
D178,HAS_CAUSE,CA487
D178,HAS_CAUSE,CA488
D178,MANAGED_BY,TR349
D179,HAS_SYMPTOM,S630
D179,HAS_SYMPTOM,S631
D179,HAS_SYMPTOM,S632
D179,HAS_CAUSE,CA489
D179,HAS_CAUSE,CA490
D179,DIAGNOSED_BY,T325
D179,DIAGNOSED_BY,T326
D180,AFFECTS,O003
D180,HAS_SYMPTOM,S633
D180,HAS_SYMPTOM,S634
D181,AFFECTS,O003
D182,HAS_CAUSE,CA491
D182,HAS_CAUSE,CA492
D182,HAS_CAUSE,CA493
RF142,INCREASES_RISK_OF,D182
D182,MANAGED_BY,TR350
D182,DIAGNOSED_BY,T327
D182,DIAGNOSED_BY,T005
D182,DIAGNOSED_BY,T328
D182,DIAGNOSED_BY,T051
D182,DIAGNOSED_BY,T329
D182,DIAGNOSED_BY,T330
D182,DIAGNOSED_BY,T331
D182,DIAGNOSED_BY,T332
D182,MANAGED_BY,TR351
D182,MANAGED_BY,TR352
D182,MANAGED_BY,TR353
D183,AFFECTS,O008
D183,HAS_SYMPTOM,S635
D183,HAS_SYMPTOM,S636
D183,HAS_SYMPTOM,S042
D183,HAS_SYMPTOM,S018
D183,HAS_SYMPTOM,S637
D183,HAS_CAUSE,CA494
D183,MANAGED_BY,TR354
D183,MANAGED_BY,TR355
D183,MANAGED_BY,TR356
D183,DIAGNOSED_BY,T155
D183,DIAGNOSED_BY,T333
D183,DIAGNOSED_BY,T051
D183,DIAGNOSED_BY,T334
D183,DIAGNOSED_BY,T166
D183,CAN_CAUSE,C031
D183,CAN_CAUSE,C146
D183,CAN_CAUSE,C116
D183,CAN_CAUSE,C147
D183,CAN_CAUSE,C148
D183,MANAGED_BY,TR357
D183,MANAGED_BY,TR358
D185,HAS_SYMPTOM,S513
D185,HAS_SYMPTOM,S514
D185,HAS_SYMPTOM,S638
D185,HAS_SYMPTOM,S639
D185,HAS_SYMPTOM,S640
D185,HAS_SYMPTOM,S518
D185,HAS_SYMPTOM,S048
D185,HAS_SYMPTOM,S641
D185,HAS_SYMPTOM,S642
D185,HAS_SYMPTOM,S643
D185,HAS_SYMPTOM,S644
D185,HAS_SYMPTOM,S645
D186,HAS_SYMPTOM,S646
D186,HAS_CAUSE,CA495
D187,AFFECTS,O002
D187,HAS_SYMPTOM,S647
D187,HAS_SYMPTOM,S190
D187,HAS_SYMPTOM,S648
D187,HAS_SYMPTOM,S649
D187,HAS_SYMPTOM,S650
D187,HAS_SYMPTOM,S048
D187,HAS_SYMPTOM,S259
D187,HAS_SYMPTOM,S018
D187,HAS_SYMPTOM,S356
D187,HAS_SYMPTOM,S651
D188,HAS_SYMPTOM,S652
D188,HAS_SYMPTOM,S653
D188,HAS_SYMPTOM,S654
D188,HAS_SYMPTOM,S655
D188,HAS_SYMPTOM,S130
D188,HAS_SYMPTOM,S656
D189,HAS_SYMPTOM,S657
D189,HAS_SYMPTOM,S658
D189,HAS_SYMPTOM,S659
D189,HAS_SYMPTOM,S660
D189,HAS_SYMPTOM,S048
D189,HAS_SYMPTOM,S661
D189,HAS_SYMPTOM,S662
D189,HAS_SYMPTOM,S095
D189,HAS_SYMPTOM,S046
D189,HAS_SYMPTOM,S133
D189,HAS_SYMPTOM,S663
D189,HAS_SYMPTOM,S664
D190,HAS_SYMPTOM,S665
D190,HAS_SYMPTOM,S666
D190,HAS_CAUSE,CA222
D190,HAS_CAUSE,CA410
D190,HAS_CAUSE,CA496
D190,HAS_CAUSE,CA008
D190,HAS_CAUSE,CA497
D190,HAS_CAUSE,CA391
D190,HAS_CAUSE,CA498
D190,DIAGNOSED_BY,T069
D190,DIAGNOSED_BY,T335
D190,DIAGNOSED_BY,T336
D190,DIAGNOSED_BY,T337
D190,DIAGNOSED_BY,T338
D190,DIAGNOSED_BY,T339
D190,DIAGNOSED_BY,T340
D190,DIAGNOSED_BY,T341
D191,HAS_SYMPTOM,S667
D191,HAS_SYMPTOM,S668
D191,HAS_SYMPTOM,S669
D191,HAS_CAUSE,CA499
D191,HAS_CAUSE,CA500
D191,HAS_CAUSE,CA501
D191,HAS_CAUSE,CA502
D191,MANAGED_BY,TR359
D191,MANAGED_BY,TR360
D191,MANAGED_BY,TR361
D191,DIAGNOSED_BY,T342
D191,CAN_CAUSE,C149
D191,CAN_CAUSE,C150
D191,CAN_CAUSE,C151
D191,CAN_CAUSE,C152
D191,CAN_CAUSE,C153
D191,MANAGED_BY,TR362
D192,HAS_SYMPTOM,S670
D192,HAS_SYMPTOM,S671
D192,HAS_SYMPTOM,S672
D192,HAS_SYMPTOM,S324
D192,HAS_SYMPTOM,S673
D192,HAS_SYMPTOM,S674
D192,HAS_SYMPTOM,S675
D192,HAS_SYMPTOM,S676
RF143,INCREASES_RISK_OF,D192
RF144,INCREASES_RISK_OF,D192
D192,MANAGED_BY,TR363
D192,MANAGED_BY,TR165
D192,MANAGED_BY,TR364
D192,MANAGED_BY,TR365
D193,AFFECTS,O001
D193,HAS_SYMPTOM,S677
D193,HAS_SYMPTOM,S678
D193,HAS_SYMPTOM,S679
D193,HAS_CAUSE,CA503
D193,HAS_CAUSE,CA504
D193,HAS_CAUSE,CA505
RF145,INCREASES_RISK_OF,D193
D193,MANAGED_BY,TR366
D193,DIAGNOSED_BY,T343
D193,DIAGNOSED_BY,T344
D193,DIAGNOSED_BY,T345
D193,CAN_CAUSE,C154
D193,CAN_CAUSE,C155
D193,CAN_CAUSE,C041
D193,CAN_CAUSE,C156
D193,CAN_CAUSE,C157
D193,CAN_CAUSE,C158
D193,MANAGED_BY,TR367
D194,AFFECTS,O001
D195,AFFECTS,O001
D195,HAS_SYMPTOM,S680
D195,HAS_SYMPTOM,S681
D195,HAS_SYMPTOM,S682
D195,HAS_SYMPTOM,S683
D195,HAS_SYMPTOM,S684
D195,HAS_SYMPTOM,S685
D195,HAS_CAUSE,CA506
D195,HAS_CAUSE,CA507
D195,HAS_CAUSE,CA508
D195,MANAGED_BY,TR368
D196,AFFECTS,O001
D196,HAS_SYMPTOM,S686
D196,HAS_SYMPTOM,S687
D196,HAS_SYMPTOM,S688
D196,HAS_SYMPTOM,S689
D196,HAS_SYMPTOM,S690
D196,HAS_CAUSE,CA509
D196,HAS_CAUSE,CA510
D196,HAS_CAUSE,CA511
D196,HAS_CAUSE,CA512
D196,HAS_CAUSE,CA513
D196,HAS_CAUSE,CA514
D196,HAS_CAUSE,CA515
D196,HAS_CAUSE,CA516
D196,HAS_CAUSE,CA008
D196,HAS_CAUSE,CA517
RF057,INCREASES_RISK_OF,D196
D196,MANAGED_BY,TR369
D196,DIAGNOSED_BY,T346
D196,DIAGNOSED_BY,T347
D196,DIAGNOSED_BY,T348
D196,DIAGNOSED_BY,T349
D196,DIAGNOSED_BY,T350
D196,DIAGNOSED_BY,T005
D196,DIAGNOSED_BY,T051
D196,DIAGNOSED_BY,T351
D196,DIAGNOSED_BY,T352
D196,DIAGNOSED_BY,T021
D196,DIAGNOSED_BY,T353
D196,DIAGNOSED_BY,T354
D196,CAN_CAUSE,C159
D196,CAN_CAUSE,C160
D196,CAN_CAUSE,C049
D196,CAN_CAUSE,C161
D196,MANAGED_BY,TR370
D196,MANAGED_BY,TR371
D196,MANAGED_BY,TR372
D196,MANAGED_BY,TR373
D196,MANAGED_BY,TR374
D197,AFFECTS,O001
D197,HAS_CAUSE,CA518
D197,HAS_CAUSE,CA519
D197,HAS_CAUSE,CA520
RF146,INCREASES_RISK_OF,D197
D197,MANAGED_BY,TR375
D197,DIAGNOSED_BY,T355
D197,DIAGNOSED_BY,T051
D197,DIAGNOSED_BY,T356
D197,DIAGNOSED_BY,T207
D197,DIAGNOSED_BY,T357
D197,CAN_CAUSE,C162
D197,CAN_CAUSE,C163
D197,CAN_CAUSE,C164
D197,CAN_CAUSE,C165
D197,CAN_CAUSE,C166
D197,CAN_CAUSE,C032
D198,AFFECTS,O001
D198,HAS_SYMPTOM,S605
D198,DIAGNOSED_BY,T358
D198,DIAGNOSED_BY,T359
D198,DIAGNOSED_BY,T360
D199,AFFECTS,O001
D199,HAS_SYMPTOM,S691
D199,HAS_SYMPTOM,S692
D199,HAS_SYMPTOM,S414
D199,HAS_SYMPTOM,S693
D199,HAS_SYMPTOM,S694
D199,HAS_SYMPTOM,S695
D199,HAS_CAUSE,CA521
D199,HAS_CAUSE,CA522
D199,HAS_CAUSE,CA523
D199,MANAGED_BY,TR376
D199,MANAGED_BY,TR377
D199,MANAGED_BY,TR378
D199,MANAGED_BY,TR379
D199,MANAGED_BY,TR380
D200,AFFECTS,O001
D201,AFFECTS,O001
D202,AFFECTS,O001
D202,AFFECTS,O007
D202,HAS_SYMPTOM,S696
D202,HAS_SYMPTOM,S697
D202,HAS_SYMPTOM,S096
D202,HAS_SYMPTOM,S698
D202,HAS_SYMPTOM,S077
D202,HAS_SYMPTOM,S187
D202,HAS_SYMPTOM,S699
D202,HAS_CAUSE,CA524
D202,HAS_CAUSE,CA525
D202,HAS_CAUSE,CA526
D202,HAS_CAUSE,CA527
D202,HAS_CAUSE,CA528
D202,HAS_CAUSE,CA529
D202,MANAGED_BY,TR381
D202,DIAGNOSED_BY,T361
D202,CAN_CAUSE,C167
D202,CAN_CAUSE,C168
D202,CAN_CAUSE,C169
D202,CAN_CAUSE,C013
D202,MANAGED_BY,TR382
D203,HAS_SYMPTOM,S700
D203,HAS_SYMPTOM,S701
D203,HAS_SYMPTOM,S702
D203,HAS_SYMPTOM,S703
D203,HAS_SYMPTOM,S704
D203,HAS_SYMPTOM,S705
D203,HAS_CAUSE,CA111
D203,HAS_CAUSE,CA530
D204,AFFECTS,O002
D204,HAS_SYMPTOM,S647
D204,HAS_SYMPTOM,S706
D204,HAS_SYMPTOM,S259
D204,HAS_SYMPTOM,S707
D204,HAS_CAUSE,CA531
D204,HAS_CAUSE,CA532
D204,HAS_CAUSE,CA533
D204,HAS_CAUSE,CA534
D204,HAS_CAUSE,CA535
D204,HAS_CAUSE,CA536
D204,HAS_CAUSE,CA537
D204,HAS_CAUSE,CA538
D204,HAS_CAUSE,CA539
RF147,INCREASES_RISK_OF,D204
RF148,INCREASES_RISK_OF,D204
D204,MANAGED_BY,TR383
D204,MANAGED_BY,TR384
D204,CAN_CAUSE,C170
D204,CAN_CAUSE,C171
D204,CAN_CAUSE,C172
D204,MANAGED_BY,TR385
D204,MANAGED_BY,TR386
D204,MANAGED_BY,TR387
D205,HAS_SYMPTOM,S708
D205,HAS_CAUSE,CA540
D205,HAS_CAUSE,CA541
D205,HAS_CAUSE,CA222
D205,HAS_CAUSE,CA542
D205,HAS_CAUSE,CA543
D205,MANAGED_BY,TR388
D205,MANAGED_BY,TR389
D205,MANAGED_BY,TR390
D205,MANAGED_BY,TR391
D205,MANAGED_BY,TR392
D205,MANAGED_BY,TR393
D205,DIAGNOSED_BY,T362
D205,DIAGNOSED_BY,T363
D205,DIAGNOSED_BY,T364
D206,AFFECTS,O016
D207,AFFECTS,O016
D207,HAS_SYMPTOM,S709
D207,HAS_SYMPTOM,S052
D207,HAS_SYMPTOM,S041
D207,HAS_SYMPTOM,S710
D207,HAS_SYMPTOM,S042
D207,HAS_CAUSE,CA544
D207,HAS_CAUSE,CA545
D207,HAS_CAUSE,CA546
D207,HAS_CAUSE,CA547
RF149,INCREASES_RISK_OF,D207
D207,DIAGNOSED_BY,T005
D207,DIAGNOSED_BY,T066
D207,DIAGNOSED_BY,T210
D208,AFFECTS,O016
D208,HAS_CAUSE,CA548
D208,HAS_CAUSE,CA549
RF150,INCREASES_RISK_OF,D208
D209,HAS_CAUSE,CA550
D209,HAS_CAUSE,CA021
D209,HAS_CAUSE,CA551
D209,HAS_CAUSE,CA552
D209,HAS_CAUSE,CA553
D209,HAS_CAUSE,CA554
D209,HAS_CAUSE,CA555
D209,HAS_CAUSE,CA556
D209,HAS_CAUSE,CA557
D210,HAS_CAUSE,CA558
D210,HAS_CAUSE,CA559
D210,HAS_CAUSE,CA560
D210,HAS_CAUSE,CA561
D210,HAS_CAUSE,CA562
D212,MANAGED_BY,TR394
D212,MANAGED_BY,TR395
D212,MANAGED_BY,TR396
D212,DIAGNOSED_BY,T028
D212,CAN_CAUSE,C173
D212,CAN_CAUSE,C174
D212,CAN_CAUSE,C175
D212,MANAGED_BY,TR397
D213,AFFECTS,O004
D213,HAS_CAUSE,CA563
D213,HAS_CAUSE,CA001
D213,HAS_CAUSE,CA125
D213,HAS_CAUSE,CA564
D214,HAS_CAUSE,CA565
D214,HAS_CAUSE,CA566
D214,HAS_CAUSE,CA567
D214,HAS_CAUSE,CA568
D214,HAS_CAUSE,CA569
D214,HAS_CAUSE,CA570
RF151,INCREASES_RISK_OF,D214
RF152,INCREASES_RISK_OF,D214
RF153,INCREASES_RISK_OF,D214
D215,HAS_CAUSE,CA571
D216,AFFECTS,O001
D216,HAS_SYMPTOM,S045
D216,HAS_SYMPTOM,S347
D216,HAS_SYMPTOM,S711
D216,HAS_SYMPTOM,S238
D216,HAS_SYMPTOM,S712
D216,HAS_CAUSE,CA572
D216,HAS_CAUSE,CA057
D216,HAS_CAUSE,CA573
D216,HAS_CAUSE,CA574
D216,HAS_CAUSE,CA575
D216,HAS_CAUSE,CA576
D216,HAS_CAUSE,CA577
D216,HAS_CAUSE,CA001
D216,HAS_CAUSE,CA578
D216,MANAGED_BY,TR398
D216,MANAGED_BY,TR399
D216,MANAGED_BY,TR400
D216,MANAGED_BY,TR401
D217,AFFECTS,O001
D217,HAS_SYMPTOM,S713
D217,HAS_SYMPTOM,S714
D217,HAS_SYMPTOM,S715
D217,HAS_SYMPTOM,S716
D217,HAS_SYMPTOM,S717
D217,HAS_SYMPTOM,S718
D217,HAS_SYMPTOM,S719
D217,HAS_SYMPTOM,S720
D217,HAS_SYMPTOM,S721
D217,HAS_SYMPTOM,S722
D217,HAS_CAUSE,CA579
D217,HAS_CAUSE,CA580
D217,MANAGED_BY,TR402
D217,DIAGNOSED_BY,T365
D217,DIAGNOSED_BY,T021
D217,DIAGNOSED_BY,T366
D217,DIAGNOSED_BY,T367
D217,DIAGNOSED_BY,T353
D217,DIAGNOSED_BY,T368
D217,DIAGNOSED_BY,T052
D217,DIAGNOSED_BY,T369
D217,DIAGNOSED_BY,T370
D217,DIAGNOSED_BY,T371
D217,DIAGNOSED_BY,T372
D217,DIAGNOSED_BY,T373
D217,CAN_CAUSE,C176
D217,CAN_CAUSE,C177
D217,CAN_CAUSE,C178
D217,CAN_CAUSE,C179
D217,CAN_CAUSE,C180
D217,MANAGED_BY,TR403
D217,MANAGED_BY,TR404
D217,MANAGED_BY,TR405
D217,MANAGED_BY,TR406
D217,MANAGED_BY,TR407
D217,MANAGED_BY,TR408
D217,MANAGED_BY,TR409
D218,AFFECTS,O001
D218,HAS_SYMPTOM,S723
D218,HAS_SYMPTOM,S724
D218,HAS_SYMPTOM,S725
D218,HAS_SYMPTOM,S726
D218,HAS_SYMPTOM,S727
D219,AFFECTS,O001
D219,HAS_SYMPTOM,S728
D219,HAS_SYMPTOM,S729
D219,HAS_SYMPTOM,S730
D219,HAS_SYMPTOM,S731
D219,HAS_SYMPTOM,S732
D219,HAS_SYMPTOM,S664
D219,HAS_SYMPTOM,S733
D219,HAS_SYMPTOM,S734
D219,HAS_SYMPTOM,S735
D219,HAS_CAUSE,CA581
D219,HAS_CAUSE,CA582
D219,HAS_CAUSE,CA583
D219,HAS_CAUSE,CA584
D219,HAS_CAUSE,CA585
D219,MANAGED_BY,TR410
D220,AFFECTS,O001
D220,HAS_SYMPTOM,S736
D220,HAS_SYMPTOM,S737
D220,HAS_SYMPTOM,S738
D220,HAS_SYMPTOM,S133
D220,HAS_SYMPTOM,S697
D220,HAS_SYMPTOM,S739
RF154,INCREASES_RISK_OF,D220
RF155,INCREASES_RISK_OF,D220
RF156,INCREASES_RISK_OF,D220
D221,AFFECTS,O001
D221,AFFECTS,O006
D221,HAS_SYMPTOM,S124
D221,HAS_SYMPTOM,S046
D221,HAS_SYMPTOM,S740
D221,HAS_SYMPTOM,S741
D221,HAS_CAUSE,CA586
D221,MANAGED_BY,TR411
D221,MANAGED_BY,TR412
D221,MANAGED_BY,TR413
D221,MANAGED_BY,TR414
D221,MANAGED_BY,TR415
D221,MANAGED_BY,TR416
D221,MANAGED_BY,TR417
D221,MANAGED_BY,TR418
D221,DIAGNOSED_BY,T374
D221,DIAGNOSED_BY,T177
D221,DIAGNOSED_BY,T375
D221,DIAGNOSED_BY,T191
D221,DIAGNOSED_BY,T376
D221,CAN_CAUSE,C181
D221,CAN_CAUSE,C182
D221,CAN_CAUSE,C183
D221,CAN_CAUSE,C184
D221,CAN_CAUSE,C185
D221,CAN_CAUSE,C016
D222,AFFECTS,O005
D222,HAS_SYMPTOM,S101
D222,HAS_CAUSE,CA587
D222,HAS_CAUSE,CA588
D222,HAS_CAUSE,CA589
D222,HAS_CAUSE,CA590
D222,HAS_CAUSE,CA591
D222,HAS_CAUSE,CA592
D222,HAS_CAUSE,CA593
D222,HAS_CAUSE,CA594
D222,HAS_CAUSE,CA595
D222,HAS_CAUSE,CA596
D222,HAS_CAUSE,CA597
RF157,INCREASES_RISK_OF,D222
RF158,INCREASES_RISK_OF,D222
RF159,INCREASES_RISK_OF,D222
RF160,INCREASES_RISK_OF,D222
RF161,INCREASES_RISK_OF,D222
RF162,INCREASES_RISK_OF,D222
RF163,INCREASES_RISK_OF,D222
D222,MANAGED_BY,TR419
D222,DIAGNOSED_BY,T377
D222,CAN_CAUSE,C186
D222,CAN_CAUSE,C187
D222,MANAGED_BY,TR420
D222,MANAGED_BY,TR421
D223,AFFECTS,O008
D223,AFFECTS,O005
D224,AFFECTS,O007
D224,HAS_SYMPTOM,S742
D224,HAS_SYMPTOM,S743
D224,HAS_SYMPTOM,S744
D224,HAS_SYMPTOM,S745
D224,HAS_CAUSE,CA598
RF164,INCREASES_RISK_OF,D224
RF165,INCREASES_RISK_OF,D224
RF166,INCREASES_RISK_OF,D224
RF167,INCREASES_RISK_OF,D224
RF168,INCREASES_RISK_OF,D224
RF169,INCREASES_RISK_OF,D224
RF170,INCREASES_RISK_OF,D224
RF171,INCREASES_RISK_OF,D224
D224,DIAGNOSED_BY,T051
D224,DIAGNOSED_BY,T005
D224,DIAGNOSED_BY,T378
D224,DIAGNOSED_BY,T379
D224,DIAGNOSED_BY,T380
D224,DIAGNOSED_BY,T159
D224,DIAGNOSED_BY,T381
D224,MANAGED_BY,TR422
D224,MANAGED_BY,TR059
D225,HAS_SYMPTOM,S746
D225,HAS_SYMPTOM,S747
D225,MANAGED_BY,TR423
D225,DIAGNOSED_BY,T005
D225,DIAGNOSED_BY,T382
D225,DIAGNOSED_BY,T383
D225,DIAGNOSED_BY,T384
D225,CAN_CAUSE,C188
D225,CAN_CAUSE,C189
D225,CAN_CAUSE,C190
D225,CAN_CAUSE,C191
D226,HAS_SYMPTOM,S748
D226,HAS_SYMPTOM,S749
D226,HAS_SYMPTOM,S750
D226,HAS_SYMPTOM,S751
D226,HAS_CAUSE,CA391
D226,HAS_CAUSE,CA599
D226,HAS_CAUSE,CA129
D226,HAS_CAUSE,CA600
D226,HAS_CAUSE,CA601
D226,HAS_CAUSE,CA602
D226,HAS_CAUSE,CA603
RF172,INCREASES_RISK_OF,D226
D226,MANAGED_BY,TR424
D226,MANAGED_BY,TR197
D226,MANAGED_BY,TR192
D226,MANAGED_BY,TR425
D226,MANAGED_BY,TR426
D226,DIAGNOSED_BY,T323
D226,DIAGNOSED_BY,T251
D226,DIAGNOSED_BY,T385
D226,DIAGNOSED_BY,T125
D226,DIAGNOSED_BY,T210
D226,DIAGNOSED_BY,T005
D226,DIAGNOSED_BY,T028
D226,DIAGNOSED_BY,T111
D226,MANAGED_BY,TR427
D226,MANAGED_BY,TR428
D226,MANAGED_BY,TR429
D226,MANAGED_BY,TR430
D227,HAS_SYMPTOM,S752
D227,HAS_SYMPTOM,S753
D227,HAS_SYMPTOM,S754
D227,HAS_SYMPTOM,S755
D227,HAS_CAUSE,CA001
D227,HAS_CAUSE,CA604
D227,DIAGNOSED_BY,T005
D227,DIAGNOSED_BY,T386
D227,DIAGNOSED_BY,T387
D227,DIAGNOSED_BY,T388
D227,CAN_CAUSE,C192
D227,MANAGED_BY,TR431
D227,MANAGED_BY,TR432
D229,HAS_SYMPTOM,S756
D229,HAS_SYMPTOM,S757
D229,HAS_CAUSE,CA605
D229,HAS_CAUSE,CA606
D229,HAS_CAUSE,CA607
D229,HAS_CAUSE,CA608
D229,DIAGNOSED_BY,T389
D229,DIAGNOSED_BY,T005
D229,DIAGNOSED_BY,T051
D229,DIAGNOSED_BY,T279
D229,DIAGNOSED_BY,T390
D229,DIAGNOSED_BY,T226
D229,DIAGNOSED_BY,T391
D229,CAN_CAUSE,C193
D229,CAN_CAUSE,C194
D229,CAN_CAUSE,C195
D229,CAN_CAUSE,C196
D229,MANAGED_BY,TR433
D230,HAS_SYMPTOM,S758
D230,HAS_SYMPTOM,S514
D230,HAS_SYMPTOM,S759
D230,HAS_SYMPTOM,S760
D230,HAS_SYMPTOM,S761
D230,HAS_SYMPTOM,S126
D230,HAS_SYMPTOM,S762
D230,HAS_SYMPTOM,S219
D230,HAS_SYMPTOM,S763
D230,HAS_SYMPTOM,S764
D231,AFFECTS,O007
D231,HAS_SYMPTOM,S045
D231,HAS_SYMPTOM,S765
D231,HAS_SYMPTOM,S133
D231,HAS_SYMPTOM,S041
D231,HAS_SYMPTOM,S766
D231,HAS_SYMPTOM,S767
D231,HAS_SYMPTOM,S416
D231,HAS_SYMPTOM,S245
D231,HAS_SYMPTOM,S768
D231,HAS_CAUSE,CA609
D231,HAS_CAUSE,CA610
D231,HAS_CAUSE,CA611
D231,HAS_CAUSE,CA347
D231,HAS_CAUSE,CA612
D231,HAS_CAUSE,CA613
D231,HAS_CAUSE,CA614
D231,DIAGNOSED_BY,T392
D231,DIAGNOSED_BY,T327
D231,DIAGNOSED_BY,T393
D231,DIAGNOSED_BY,T394
D231,DIAGNOSED_BY,T395
D231,DIAGNOSED_BY,T225
D231,DIAGNOSED_BY,T396
D231,DIAGNOSED_BY,T397
D231,CAN_CAUSE,C197
D231,CAN_CAUSE,C198
D231,CAN_CAUSE,C013
D232,HAS_SYMPTOM,S133
D232,HAS_SYMPTOM,S769
D232,HAS_SYMPTOM,S770
D232,HAS_SYMPTOM,S771
D232,HAS_SYMPTOM,S772
D233,AFFECTS,O007
D233,AFFECTS,O005
D233,HAS_SYMPTOM,S773
D233,HAS_SYMPTOM,S774
D233,HAS_SYMPTOM,S775
D233,HAS_SYMPTOM,S732
D233,HAS_SYMPTOM,S776
D233,HAS_CAUSE,CA615
D233,HAS_CAUSE,CA616
D233,HAS_CAUSE,CA349
D233,HAS_CAUSE,CA343
D233,HAS_CAUSE,CA617
D233,HAS_CAUSE,CA618
RF173,INCREASES_RISK_OF,D233
RF174,INCREASES_RISK_OF,D233
RF175,INCREASES_RISK_OF,D233
RF176,INCREASES_RISK_OF,D233
RF177,INCREASES_RISK_OF,D233
D233,MANAGED_BY,TR434
D233,MANAGED_BY,TR435
D233,DIAGNOSED_BY,T398
D233,DIAGNOSED_BY,T005
D233,DIAGNOSED_BY,T159
D233,DIAGNOSED_BY,T399
D233,DIAGNOSED_BY,T400
D233,DIAGNOSED_BY,T401
D233,DIAGNOSED_BY,T402
D233,CAN_CAUSE,C013
D233,CAN_CAUSE,C199
D233,CAN_CAUSE,C200
D233,CAN_CAUSE,C201
D233,CAN_CAUSE,C202
D233,CAN_CAUSE,C203
D233,MANAGED_BY,TR436
D233,MANAGED_BY,TR437
D234,AFFECTS,O007
D234,HAS_CAUSE,CA619
D234,HAS_CAUSE,CA620
D234,HAS_CAUSE,CA621
D234,HAS_CAUSE,CA622
D234,HAS_CAUSE,CA623
RF178,INCREASES_RISK_OF,D234
RF179,INCREASES_RISK_OF,D234
D234,MANAGED_BY,TR438
D235,HAS_SYMPTOM,S777
D235,HAS_SYMPTOM,S778
D235,HAS_SYMPTOM,S663
D235,HAS_SYMPTOM,S779
D235,HAS_SYMPTOM,S780
RF180,INCREASES_RISK_OF,D235
D235,MANAGED_BY,TR439
D235,CAN_CAUSE,C204
D235,CAN_CAUSE,C205
D236,HAS_SYMPTOM,S781
D236,HAS_CAUSE,CA624
D236,HAS_CAUSE,CA625
D236,HAS_CAUSE,CA626
D236,HAS_CAUSE,CA627
D236,HAS_CAUSE,CA628
D236,HAS_CAUSE,CA629
D236,HAS_CAUSE,CA630
D236,HAS_CAUSE,CA631
RF181,INCREASES_RISK_OF,D236
RF182,INCREASES_RISK_OF,D236
D237,HAS_SYMPTOM,S782
D237,HAS_CAUSE,CA632
D237,HAS_CAUSE,CA633
D237,HAS_CAUSE,CA634
D237,MANAGED_BY,TR440
D237,MANAGED_BY,TR441
D237,MANAGED_BY,TR442
D237,CAN_CAUSE,C206
D237,CAN_CAUSE,C207
D238,HAS_CAUSE,CA635
D238,HAS_CAUSE,CA636
D238,HAS_CAUSE,CA637
RF183,INCREASES_RISK_OF,D238
RF184,INCREASES_RISK_OF,D238
RF185,INCREASES_RISK_OF,D238
RF186,INCREASES_RISK_OF,D238
RF187,INCREASES_RISK_OF,D238
D239,HAS_SYMPTOM,S783
D239,HAS_SYMPTOM,S784
D239,HAS_SYMPTOM,S785
D239,HAS_SYMPTOM,S786
D239,HAS_SYMPTOM,S787
D239,HAS_SYMPTOM,S788
D239,HAS_SYMPTOM,S095
D239,HAS_SYMPTOM,S789
D239,HAS_SYMPTOM,S790
D239,DIAGNOSED_BY,T403
D239,DIAGNOSED_BY,T404
D239,DIAGNOSED_BY,T405
D239,DIAGNOSED_BY,T406
D239,DIAGNOSED_BY,T407
D239,DIAGNOSED_BY,T408
D239,DIAGNOSED_BY,T400
D239,DIAGNOSED_BY,T409
D239,CAN_CAUSE,C208
D239,CAN_CAUSE,C209
D239,CAN_CAUSE,C210
D239,CAN_CAUSE,C211
D239,CAN_CAUSE,C212
D239,CAN_CAUSE,C213
D240,AFFECTS,O007
D240,HAS_SYMPTOM,S791
D240,HAS_CAUSE,CA638
D240,HAS_CAUSE,CA639
D240,HAS_CAUSE,CA640
D240,HAS_CAUSE,CA641
D240,HAS_CAUSE,CA642
RF188,INCREASES_RISK_OF,D240
RF189,INCREASES_RISK_OF,D240
D240,DIAGNOSED_BY,T410
D240,DIAGNOSED_BY,T005
D240,DIAGNOSED_BY,T028
D240,DIAGNOSED_BY,T351
D240,DIAGNOSED_BY,T051
D240,DIAGNOSED_BY,T411
D240,CAN_CAUSE,C214
D240,MANAGED_BY,TR443
D240,MANAGED_BY,TR444
D240,MANAGED_BY,TR445
D241,AFFECTS,O001
D241,AFFECTS,O008
D242,AFFECTS,O001
D242,HAS_SYMPTOM,S792
D242,HAS_SYMPTOM,S793
D242,HAS_SYMPTOM,S794
D242,HAS_CAUSE,CA189
D242,HAS_CAUSE,CA643
D242,HAS_CAUSE,CA512
D242,HAS_CAUSE,CA644
D242,HAS_CAUSE,CA645
D242,HAS_CAUSE,CA410
D242,MANAGED_BY,TR446
D242,MANAGED_BY,TR447
D242,MANAGED_BY,TR448
D242,MANAGED_BY,TR449
D242,MANAGED_BY,TR450
D242,MANAGED_BY,TR451
D242,DIAGNOSED_BY,T412
D242,DIAGNOSED_BY,T413
D242,DIAGNOSED_BY,T414
D242,DIAGNOSED_BY,T005
D242,DIAGNOSED_BY,T415
D242,DIAGNOSED_BY,T416
D242,DIAGNOSED_BY,T417
D242,CAN_CAUSE,C215
D243,AFFECTS,O004
D243,HAS_SYMPTOM,S795
D243,HAS_SYMPTOM,S796
D243,HAS_SYMPTOM,S797
D243,HAS_SYMPTOM,S798
D243,HAS_SYMPTOM,S799
D243,HAS_SYMPTOM,S800
D243,HAS_CAUSE,CA646
D243,HAS_CAUSE,CA647
D243,HAS_CAUSE,CA648
D243,HAS_CAUSE,CA649
RF190,INCREASES_RISK_OF,D243
RF191,INCREASES_RISK_OF,D243
RF192,INCREASES_RISK_OF,D243
D243,MANAGED_BY,TR452
D243,MANAGED_BY,TR453
D243,DIAGNOSED_BY,T418
D243,DIAGNOSED_BY,T419
D243,DIAGNOSED_BY,T420
D243,DIAGNOSED_BY,T421
D243,DIAGNOSED_BY,T422
D243,MANAGED_BY,TR454
D243,MANAGED_BY,TR455
D243,MANAGED_BY,TR456
D243,MANAGED_BY,TR457
D243,MANAGED_BY,TR458
D243,MANAGED_BY,TR459
D244,AFFECTS,O004
D244,HAS_SYMPTOM,S801
D244,HAS_SYMPTOM,S802
D244,HAS_SYMPTOM,S803
D244,HAS_SYMPTOM,S804
D244,HAS_SYMPTOM,S805
D244,HAS_SYMPTOM,S806
D244,HAS_SYMPTOM,S807
D244,HAS_CAUSE,CA650
D244,HAS_CAUSE,CA651
D244,HAS_CAUSE,CA652
D244,HAS_CAUSE,CA653
D244,HAS_CAUSE,CA654
D244,HAS_CAUSE,CA655
D244,HAS_CAUSE,CA656
D244,HAS_CAUSE,CA657
D244,HAS_CAUSE,CA658
D244,MANAGED_BY,TR460
D244,DIAGNOSED_BY,T423
D244,CAN_CAUSE,C216
D244,CAN_CAUSE,C217
D244,CAN_CAUSE,C218
D245,AFFECTS,O004
D245,HAS_SYMPTOM,S808
D245,HAS_SYMPTOM,S809
D245,HAS_SYMPTOM,S810
D245,HAS_SYMPTOM,S811
D245,HAS_SYMPTOM,S812
D245,HAS_CAUSE,CA376
D245,HAS_CAUSE,CA422
D245,HAS_CAUSE,CA659
D245,HAS_CAUSE,CA660
D245,HAS_CAUSE,CA661
D245,HAS_CAUSE,CA662
D245,HAS_CAUSE,CA663
D245,HAS_CAUSE,CA664
D245,HAS_CAUSE,CA665
D245,HAS_CAUSE,CA666
D245,HAS_CAUSE,CA375
D245,HAS_CAUSE,CA667
RF193,INCREASES_RISK_OF,D245
RF194,INCREASES_RISK_OF,D245
D245,MANAGED_BY,TR461
D245,MANAGED_BY,TR462
D245,MANAGED_BY,TR463
D245,MANAGED_BY,TR464
D245,MANAGED_BY,TR465
D245,MANAGED_BY,TR466
D245,MANAGED_BY,TR467
D245,MANAGED_BY,TR468
D245,MANAGED_BY,TR469
D245,MANAGED_BY,TR470
D245,MANAGED_BY,TR471
D245,MANAGED_BY,TR472
RF195,INCREASES_RISK_OF,D246
D247,HAS_SYMPTOM,S813
D247,HAS_SYMPTOM,S814
D247,HAS_SYMPTOM,S815
D247,HAS_SYMPTOM,S694
D247,HAS_SYMPTOM,S816
D247,HAS_CAUSE,CA668
D247,HAS_CAUSE,CA669
D247,HAS_CAUSE,CA670
D247,HAS_CAUSE,CA671
D247,HAS_CAUSE,CA345
D247,HAS_CAUSE,CA672
D247,HAS_CAUSE,CA673
D247,MANAGED_BY,TR473
D247,MANAGED_BY,TR474
D247,DIAGNOSED_BY,T424
D247,DIAGNOSED_BY,T425
D248,HAS_CAUSE,CA674
RF196,INCREASES_RISK_OF,D248
D248,MANAGED_BY,TR475
D249,HAS_SYMPTOM,S817
D249,HAS_SYMPTOM,S818
D249,HAS_SYMPTOM,S046
D249,HAS_SYMPTOM,S347
D249,HAS_SYMPTOM,S819
D249,HAS_SYMPTOM,S820
D249,HAS_SYMPTOM,S821
D249,HAS_SYMPTOM,S822
D249,HAS_SYMPTOM,S041
D249,HAS_SYMPTOM,S823
D249,HAS_SYMPTOM,S824
D249,HAS_SYMPTOM,S825
D249,MANAGED_BY,TR476
D249,MANAGED_BY,TR477
D249,DIAGNOSED_BY,T005
D249,DIAGNOSED_BY,T051
D249,DIAGNOSED_BY,T225
D249,DIAGNOSED_BY,T426
D249,DIAGNOSED_BY,T427
D249,DIAGNOSED_BY,T428
D249,DIAGNOSED_BY,T429
D249,DIAGNOSED_BY,T430
D249,CAN_CAUSE,C219
D249,CAN_CAUSE,C220
D249,CAN_CAUSE,C221
D249,CAN_CAUSE,C222
D250,HAS_SYMPTOM,S826
D250,HAS_SYMPTOM,S827
D250,HAS_SYMPTOM,S828
RF197,INCREASES_RISK_OF,D250
D250,DIAGNOSED_BY,T431
D250,DIAGNOSED_BY,T432
D250,DIAGNOSED_BY,T433
D250,CAN_CAUSE,C223
D250,CAN_CAUSE,C224
D250,CAN_CAUSE,C016
D250,MANAGED_BY,TR478
D251,AFFECTS,O001
D251,HAS_SYMPTOM,S436
D251,HAS_SYMPTOM,S347
D251,HAS_SYMPTOM,S829
D251,HAS_SYMPTOM,S830
D251,HAS_SYMPTOM,S046
D251,HAS_CAUSE,CA675
D251,HAS_CAUSE,CA676
D251,HAS_CAUSE,CA677
D251,HAS_CAUSE,CA678
D251,HAS_CAUSE,CA679
D251,HAS_CAUSE,CA680
D251,HAS_CAUSE,CA189
D251,HAS_CAUSE,CA681
D251,HAS_CAUSE,CA682
D251,HAS_CAUSE,CA683
D251,MANAGED_BY,TR479
D251,MANAGED_BY,TR480
D251,MANAGED_BY,TR481
D251,DIAGNOSED_BY,T434
D251,CAN_CAUSE,C225
D251,CAN_CAUSE,C134
D251,CAN_CAUSE,C226
D251,MANAGED_BY,TR482
D251,MANAGED_BY,TR483
D252,HAS_SYMPTOM,S831
D252,HAS_SYMPTOM,S832
D252,HAS_SYMPTOM,S833
D252,HAS_SYMPTOM,S133
D252,HAS_SYMPTOM,S834
D252,HAS_SYMPTOM,S835
D252,HAS_SYMPTOM,S836
D252,HAS_SYMPTOM,S837
D252,HAS_SYMPTOM,S838
D252,HAS_SYMPTOM,S839
D252,HAS_SYMPTOM,S840
D252,HAS_SYMPTOM,S841
D252,HAS_CAUSE,CA684
RF198,INCREASES_RISK_OF,D252
D252,MANAGED_BY,TR484
D252,MANAGED_BY,TR485
D253,AFFECTS,O001
D253,HAS_CAUSE,CA685
D254,HAS_SYMPTOM,S842
D254,HAS_SYMPTOM,S843
D254,HAS_SYMPTOM,S844
D254,HAS_SYMPTOM,S845
D254,HAS_SYMPTOM,S846
D254,HAS_SYMPTOM,S847
D254,HAS_SYMPTOM,S848
D254,HAS_SYMPTOM,S849
D254,HAS_SYMPTOM,S850
D254,HAS_SYMPTOM,S851
D254,HAS_SYMPTOM,S852
D254,HAS_SYMPTOM,S853
D254,MANAGED_BY,TR486
D254,MANAGED_BY,TR487
D254,DIAGNOSED_BY,T435
D255,HAS_SYMPTOM,S854
D255,HAS_SYMPTOM,S855
D255,HAS_SYMPTOM,S856
D255,HAS_CAUSE,CA686
RF199,INCREASES_RISK_OF,D255
RF200,INCREASES_RISK_OF,D255
D255,MANAGED_BY,TR488
D255,MANAGED_BY,TR489
D256,AFFECTS,O005
D256,HAS_SYMPTOM,S857
D256,HAS_SYMPTOM,S858
D256,HAS_SYMPTOM,S859
D256,HAS_SYMPTOM,S860
D256,HAS_SYMPTOM,S861
D257,AFFECTS,O018
D257,HAS_SYMPTOM,S862
RF201,INCREASES_RISK_OF,D257
RF202,INCREASES_RISK_OF,D257
D258,AFFECTS,O007
D258,HAS_SYMPTOM,S863
D258,HAS_SYMPTOM,S864
D258,HAS_SYMPTOM,S865
D258,HAS_SYMPTOM,S663
D258,HAS_SYMPTOM,S866
D258,HAS_SYMPTOM,S867
D258,HAS_SYMPTOM,S868
D258,HAS_CAUSE,CA687
D258,HAS_CAUSE,CA688
D258,HAS_CAUSE,CA689
D258,HAS_CAUSE,CA690
D258,DIAGNOSED_BY,T225
D258,DIAGNOSED_BY,T327
D258,DIAGNOSED_BY,T436
D258,CAN_CAUSE,C227
D258,CAN_CAUSE,C228
D258,CAN_CAUSE,C229
D258,CAN_CAUSE,C230
D259,HAS_CAUSE,CA691
D259,HAS_CAUSE,CA692
RF203,INCREASES_RISK_OF,D259
RF204,INCREASES_RISK_OF,D259
D259,MANAGED_BY,TR086
D259,MANAGED_BY,TR490
D259,MANAGED_BY,TR491
D259,MANAGED_BY,TR492
D259,MANAGED_BY,TR493
D260,HAS_SYMPTOM,S869
D260,HAS_CAUSE,CA693
D260,HAS_CAUSE,CA694
D260,HAS_CAUSE,CA695
D260,HAS_CAUSE,CA696
RF205,INCREASES_RISK_OF,D260
RF206,INCREASES_RISK_OF,D260
RF207,INCREASES_RISK_OF,D260
RF208,INCREASES_RISK_OF,D260
RF209,INCREASES_RISK_OF,D260
D261,AFFECTS,O012
D261,HAS_SYMPTOM,S870
D261,HAS_CAUSE,CA697
D261,HAS_CAUSE,CA698
D261,HAS_CAUSE,CA699
D261,HAS_CAUSE,CA700
D261,MANAGED_BY,TR494
D261,MANAGED_BY,TR495
D261,MANAGED_BY,TR496
D263,HAS_SYMPTOM,S871
D263,HAS_SYMPTOM,S872
D263,HAS_SYMPTOM,S873
D263,HAS_SYMPTOM,S874
D263,HAS_SYMPTOM,S875
D263,HAS_SYMPTOM,S876
D263,HAS_SYMPTOM,S877
D263,HAS_SYMPTOM,S878
D263,HAS_SYMPTOM,S879
D263,HAS_SYMPTOM,S880
D263,HAS_SYMPTOM,S881
D263,HAS_SYMPTOM,S882
D263,HAS_CAUSE,CA701
D263,HAS_CAUSE,CA702
D263,HAS_CAUSE,CA703
D263,HAS_CAUSE,CA704
D263,MANAGED_BY,TR497
D263,MANAGED_BY,TR498
D263,MANAGED_BY,TR499
D263,MANAGED_BY,TR500
D263,MANAGED_BY,TR501
D263,MANAGED_BY,TR502
D263,MANAGED_BY,TR503
D263,MANAGED_BY,TR504
D263,MANAGED_BY,TR505
D263,MANAGED_BY,TR506
D263,MANAGED_BY,TR507
D263,MANAGED_BY,TR508
D263,DIAGNOSED_BY,T437
D263,DIAGNOSED_BY,T438
D263,DIAGNOSED_BY,T439
D263,DIAGNOSED_BY,T440
D263,DIAGNOSED_BY,T441
D263,DIAGNOSED_BY,T442
D263,DIAGNOSED_BY,T443
D263,DIAGNOSED_BY,T444
D263,DIAGNOSED_BY,T445
D263,DIAGNOSED_BY,T446
D263,DIAGNOSED_BY,T447
D263,DIAGNOSED_BY,T448
D263,CAN_CAUSE,C231
D263,CAN_CAUSE,C232
D264,AFFECTS,O014
D264,HAS_SYMPTOM,S133
D264,HAS_SYMPTOM,S041
D264,HAS_SYMPTOM,S883
D264,HAS_SYMPTOM,S440
D264,HAS_CAUSE,CA705
D264,HAS_CAUSE,CA706
D264,HAS_CAUSE,CA707
D264,HAS_CAUSE,CA278
D264,HAS_CAUSE,CA708
D264,HAS_CAUSE,CA709
D264,HAS_CAUSE,CA710
D264,HAS_CAUSE,CA711
D264,HAS_CAUSE,CA378
D264,HAS_CAUSE,CA712
D264,HAS_CAUSE,CA559
D264,HAS_CAUSE,CA713
D264,MANAGED_BY,TR509
D264,MANAGED_BY,TR510
D264,MANAGED_BY,TR511
D264,MANAGED_BY,TR512
D264,DIAGNOSED_BY,T449
D264,DIAGNOSED_BY,T450
D264,DIAGNOSED_BY,T451
D264,CAN_CAUSE,C233
D264,MANAGED_BY,TR513
D265,AFFECTS,O006
D265,AFFECTS,O014
D265,HAS_CAUSE,CA714
RF210,INCREASES_RISK_OF,D265
D265,MANAGED_BY,TR514
D266,AFFECTS,O006
D266,AFFECTS,O014
D266,HAS_SYMPTOM,S884
D266,HAS_CAUSE,CA715
D266,HAS_CAUSE,CA716
D266,HAS_CAUSE,CA717
RF211,INCREASES_RISK_OF,D266
RF212,INCREASES_RISK_OF,D266
RF213,INCREASES_RISK_OF,D266
D267,AFFECTS,O011
D267,AFFECTS,O014
D267,HAS_SYMPTOM,S885
D267,HAS_SYMPTOM,S886
D267,HAS_SYMPTOM,S887
D267,HAS_SYMPTOM,S888
RF214,INCREASES_RISK_OF,D267
RF215,INCREASES_RISK_OF,D267
RF216,INCREASES_RISK_OF,D267
RF217,INCREASES_RISK_OF,D267
RF218,INCREASES_RISK_OF,D267
RF219,INCREASES_RISK_OF,D267
RF220,INCREASES_RISK_OF,D267
D268,HAS_SYMPTOM,S889
D268,HAS_SYMPTOM,S890
D268,HAS_SYMPTOM,S891
D268,HAS_SYMPTOM,S133
D268,HAS_SYMPTOM,S663
D268,HAS_SYMPTOM,S331
D268,HAS_SYMPTOM,S892
D268,HAS_SYMPTOM,S130
D268,HAS_SYMPTOM,S893
D268,HAS_SYMPTOM,S045
D268,HAS_SYMPTOM,S127
D268,HAS_SYMPTOM,S894
D268,MANAGED_BY,TR515
D268,MANAGED_BY,TR516
D268,DIAGNOSED_BY,T452
D268,DIAGNOSED_BY,T453
D268,DIAGNOSED_BY,T454
D268,DIAGNOSED_BY,T021
D268,DIAGNOSED_BY,T172
D268,DIAGNOSED_BY,T455
D268,CAN_CAUSE,C234
D268,CAN_CAUSE,C235
D268,CAN_CAUSE,C236
D268,CAN_CAUSE,C237
D268,CAN_CAUSE,C238
D268,CAN_CAUSE,C239
D268,CAN_CAUSE,C240
D268,CAN_CAUSE,C241
D268,MANAGED_BY,TR517
D269,HAS_SYMPTOM,S514
D269,HAS_SYMPTOM,S439
D269,HAS_SYMPTOM,S895
D269,HAS_SYMPTOM,S770
D269,HAS_SYMPTOM,S896
D269,HAS_SYMPTOM,S897
D269,HAS_SYMPTOM,S898
D269,HAS_SYMPTOM,S899
D269,HAS_SYMPTOM,S900
D269,HAS_SYMPTOM,S901
D269,HAS_SYMPTOM,S902
D270,HAS_SYMPTOM,S903
D270,HAS_SYMPTOM,S904
D270,HAS_SYMPTOM,S905
D270,HAS_SYMPTOM,S041
D270,HAS_SYMPTOM,S906
D270,HAS_SYMPTOM,S087
D270,HAS_SYMPTOM,S227
D270,HAS_SYMPTOM,S907
D270,HAS_SYMPTOM,S908
D270,HAS_SYMPTOM,S487
D270,HAS_SYMPTOM,S909
D270,HAS_SYMPTOM,S910
D270,HAS_CAUSE,CA001
D270,HAS_CAUSE,CA718
D270,MANAGED_BY,TR518
D270,MANAGED_BY,TR519
D270,DIAGNOSED_BY,T456
D270,DIAGNOSED_BY,T005
D270,DIAGNOSED_BY,T028
D270,DIAGNOSED_BY,T457
D270,DIAGNOSED_BY,T057
D270,DIAGNOSED_BY,T458
D270,CAN_CAUSE,C242
D270,CAN_CAUSE,C243
D270,CAN_CAUSE,C244
D270,MANAGED_BY,TR520
D270,MANAGED_BY,TR521
D270,MANAGED_BY,TR522
D270,MANAGED_BY,TR523
D270,MANAGED_BY,TR524
D270,MANAGED_BY,TR525
D270,MANAGED_BY,TR526
D270,MANAGED_BY,TR527
D271,AFFECTS,O006
D271,HAS_SYMPTOM,S911
D271,HAS_SYMPTOM,S912
D271,HAS_SYMPTOM,S913
D271,HAS_SYMPTOM,S914
D271,HAS_SYMPTOM,S915
D271,HAS_SYMPTOM,S916
D271,HAS_SYMPTOM,S093
D271,HAS_SYMPTOM,S052
D271,HAS_SYMPTOM,S128
D271,HAS_SYMPTOM,S917
D271,HAS_SYMPTOM,S393
D271,HAS_SYMPTOM,S312
D271,HAS_CAUSE,CA719
D271,HAS_CAUSE,CA720
RF221,INCREASES_RISK_OF,D271
RF222,INCREASES_RISK_OF,D271
RF223,INCREASES_RISK_OF,D271
D271,MANAGED_BY,TR528
D271,MANAGED_BY,TR529
D271,MANAGED_BY,TR530
D271,MANAGED_BY,TR531
D271,MANAGED_BY,TR532
D271,MANAGED_BY,TR533
D271,MANAGED_BY,TR534
D271,MANAGED_BY,TR535
D271,MANAGED_BY,TR536
D271,MANAGED_BY,TR537
D273,AFFECTS,O008
D273,HAS_SYMPTOM,S918
D273,HAS_SYMPTOM,S919
D273,HAS_SYMPTOM,S920
D273,HAS_SYMPTOM,S541
D273,HAS_SYMPTOM,S921
D273,HAS_SYMPTOM,S663
D273,HAS_SYMPTOM,S922
D273,HAS_SYMPTOM,S923
D273,HAS_SYMPTOM,S393
D273,HAS_SYMPTOM,S018
D273,HAS_SYMPTOM,S924
D273,HAS_SYMPTOM,S925
D273,HAS_CAUSE,CA721
D273,HAS_CAUSE,CA722
D273,HAS_CAUSE,CA723
D273,HAS_CAUSE,CA724
D273,HAS_CAUSE,CA725
D273,HAS_CAUSE,CA726
D273,HAS_CAUSE,CA727
D273,HAS_CAUSE,CA728
D273,HAS_CAUSE,CA729
D273,HAS_CAUSE,CA730
D273,MANAGED_BY,TR538
D273,MANAGED_BY,TR539
D273,MANAGED_BY,TR540
D273,MANAGED_BY,TR541
D273,DIAGNOSED_BY,T459
D273,DIAGNOSED_BY,T460
D273,DIAGNOSED_BY,T066
D273,DIAGNOSED_BY,T210
D273,DIAGNOSED_BY,T166
D273,DIAGNOSED_BY,T282
D273,CAN_CAUSE,C245
D273,CAN_CAUSE,C246
D273,CAN_CAUSE,C247
D273,CAN_CAUSE,C248
D273,CAN_CAUSE,C249
D273,CAN_CAUSE,C250
D273,CAN_CAUSE,C146
D273,CAN_CAUSE,C032
D273,CAN_CAUSE,C251
D273,CAN_CAUSE,C252
D273,CAN_CAUSE,C253
D273,CAN_CAUSE,C072
D275,AFFECTS,O005
D275,HAS_SYMPTOM,S926
D275,HAS_SYMPTOM,S927
D275,HAS_SYMPTOM,S928
D275,HAS_SYMPTOM,S929
D275,HAS_SYMPTOM,S930
D275,HAS_SYMPTOM,S931
D275,MANAGED_BY,TR542
D276,HAS_SYMPTOM,S052
D276,HAS_SYMPTOM,S932
D276,HAS_SYMPTOM,S933
D276,HAS_SYMPTOM,S934
D276,HAS_SYMPTOM,S331
D276,HAS_CAUSE,CA731
D276,HAS_CAUSE,CA732
D276,HAS_CAUSE,CA733
D276,HAS_CAUSE,CA734
D276,HAS_CAUSE,CA735
D276,HAS_CAUSE,CA736
D276,HAS_CAUSE,CA737
D276,HAS_CAUSE,CA738
D276,HAS_CAUSE,CA739
D276,HAS_CAUSE,CA740
D276,HAS_CAUSE,CA741
D276,HAS_CAUSE,CA742
D276,DIAGNOSED_BY,T051
D276,DIAGNOSED_BY,T461
D276,DIAGNOSED_BY,T462
D276,DIAGNOSED_BY,T463
D276,DIAGNOSED_BY,T464
D276,CAN_CAUSE,C254
D276,CAN_CAUSE,C255
D276,CAN_CAUSE,C117
D276,CAN_CAUSE,C256
D276,MANAGED_BY,TR543
D276,MANAGED_BY,TR544
D276,MANAGED_BY,TR545
D276,MANAGED_BY,TR546
D276,MANAGED_BY,TR352
D276,MANAGED_BY,TR353
D276,MANAGED_BY,TR547
D276,MANAGED_BY,TR059
D276,MANAGED_BY,TR548
D276,MANAGED_BY,TR549
D276,MANAGED_BY,TR550
D277,HAS_SYMPTOM,S935
D277,HAS_SYMPTOM,S936
D277,HAS_SYMPTOM,S937
D277,CAN_CAUSE,C206
D277,CAN_CAUSE,C257
D278,AFFECTS,O006
D278,HAS_SYMPTOM,S938
D278,HAS_SYMPTOM,S939
D278,HAS_SYMPTOM,S940
D278,HAS_SYMPTOM,S941
D278,HAS_CAUSE,CA743
D278,HAS_CAUSE,CA744
D278,HAS_CAUSE,CA745
D278,HAS_CAUSE,CA746
D278,DIAGNOSED_BY,T132
D278,DIAGNOSED_BY,T465
D278,DIAGNOSED_BY,T466
D278,DIAGNOSED_BY,T467
D278,DIAGNOSED_BY,T468
D278,DIAGNOSED_BY,T469
D278,CAN_CAUSE,C258
D278,CAN_CAUSE,C259
D278,CAN_CAUSE,C260
D278,CAN_CAUSE,C261
D278,MANAGED_BY,TR551
D279,AFFECTS,O004
D279,AFFECTS,O014
D279,HAS_SYMPTOM,S942
D279,HAS_SYMPTOM,S943
D279,HAS_SYMPTOM,S944
D279,HAS_CAUSE,CA747
D279,HAS_CAUSE,CA748
D279,HAS_CAUSE,CA749
RF224,INCREASES_RISK_OF,D279
RF225,INCREASES_RISK_OF,D279
RF226,INCREASES_RISK_OF,D279
RF227,INCREASES_RISK_OF,D279
RF228,INCREASES_RISK_OF,D279
RF229,INCREASES_RISK_OF,D279
D281,AFFECTS,O012
D282,HAS_CAUSE,CA750
D282,HAS_CAUSE,CA751
D282,HAS_CAUSE,CA752
D282,HAS_CAUSE,CA753
D282,HAS_CAUSE,CA754
D282,HAS_CAUSE,CA755
D283,AFFECTS,O004
D283,HAS_CAUSE,CA756
RF230,INCREASES_RISK_OF,D283
D284,HAS_SYMPTOM,S945
D284,HAS_SYMPTOM,S946
D284,HAS_SYMPTOM,S947
D284,HAS_SYMPTOM,S948
D284,HAS_SYMPTOM,S949
D284,HAS_SYMPTOM,S130
D284,HAS_SYMPTOM,S950
D284,HAS_SYMPTOM,S951
D284,HAS_SYMPTOM,S952
D285,HAS_SYMPTOM,S953
D285,HAS_SYMPTOM,S954
D285,HAS_SYMPTOM,S955
D285,HAS_SYMPTOM,S956
D285,HAS_SYMPTOM,S957
D285,HAS_SYMPTOM,S958
D285,HAS_CAUSE,CA757
D285,HAS_CAUSE,CA758
RF231,INCREASES_RISK_OF,D285
RF232,INCREASES_RISK_OF,D285
D285,MANAGED_BY,TR552
D285,MANAGED_BY,TR553
D285,MANAGED_BY,TR554
D285,MANAGED_BY,TR555
D287,AFFECTS,O016
D287,HAS_SYMPTOM,S467
D287,HAS_SYMPTOM,S127
D287,HAS_SYMPTOM,S648
D287,HAS_SYMPTOM,S093
D287,HAS_SYMPTOM,S284
D287,HAS_SYMPTOM,S041
D287,HAS_CAUSE,CA759
D287,HAS_CAUSE,CA760
D287,HAS_CAUSE,CA761
D287,HAS_CAUSE,CA762
D287,HAS_CAUSE,CA763
D287,HAS_CAUSE,CA764
D287,HAS_CAUSE,CA765
D287,MANAGED_BY,TR556
D287,MANAGED_BY,TR557
D287,MANAGED_BY,TR558
D287,MANAGED_BY,TR559
D287,MANAGED_BY,TR560
D287,MANAGED_BY,TR561
D288,AFFECTS,O003
D288,HAS_SYMPTOM,S959
D288,HAS_SYMPTOM,S960
D288,HAS_SYMPTOM,S961
D288,HAS_CAUSE,CA766
D288,HAS_CAUSE,CA767
D288,HAS_CAUSE,CA768
D289,AFFECTS,O019
D289,HAS_SYMPTOM,S962
D289,HAS_CAUSE,CA769
D289,HAS_CAUSE,CA770
D289,HAS_CAUSE,CA771
D289,HAS_CAUSE,CA772
D289,HAS_CAUSE,CA773
D289,HAS_CAUSE,CA774
D289,HAS_CAUSE,CA775
D289,HAS_CAUSE,CA776
D289,HAS_CAUSE,CA777
D289,HAS_CAUSE,CA778
RF233,INCREASES_RISK_OF,D289
D290,AFFECTS,O017
D290,HAS_SYMPTOM,S963
D290,HAS_SYMPTOM,S964
D290,HAS_CAUSE,CA509
D290,HAS_CAUSE,CA779
D290,HAS_CAUSE,CA780
D290,HAS_CAUSE,CA410
D290,HAS_CAUSE,CA781
D290,HAS_CAUSE,CA782
RF154,INCREASES_RISK_OF,D290
RF234,INCREASES_RISK_OF,D290
RF235,INCREASES_RISK_OF,D290
RF236,INCREASES_RISK_OF,D290
RF237,INCREASES_RISK_OF,D290
RF238,INCREASES_RISK_OF,D290
D291,MANAGED_BY,TR115
D291,MANAGED_BY,TR562
D291,MANAGED_BY,TR563
D291,MANAGED_BY,TR564
D291,MANAGED_BY,TR565
D291,MANAGED_BY,TR566
D291,MANAGED_BY,TR567
D292,HAS_SYMPTOM,S965
D292,HAS_SYMPTOM,S127
D292,HAS_SYMPTOM,S393
D292,HAS_SYMPTOM,S966
D293,AFFECTS,O004
D293,HAS_SYMPTOM,S128
D293,HAS_SYMPTOM,S095
D293,HAS_SYMPTOM,S052
D293,HAS_SYMPTOM,S967
D293,HAS_SYMPTOM,S968
D293,HAS_SYMPTOM,S096
D293,HAS_SYMPTOM,S969
D293,HAS_SYMPTOM,S970
D293,HAS_SYMPTOM,S312
D294,HAS_SYMPTOM,S101
D295,HAS_SYMPTOM,S971
D295,HAS_SYMPTOM,S972
D295,HAS_SYMPTOM,S973
D295,HAS_SYMPTOM,S974
D295,HAS_CAUSE,CA783
D295,HAS_CAUSE,CA222
D295,HAS_CAUSE,CA784
D295,HAS_CAUSE,CA785
D295,HAS_CAUSE,CA786
D295,DIAGNOSED_BY,T470
D295,CAN_CAUSE,C262
D295,MANAGED_BY,TR568
D295,MANAGED_BY,TR569
D296,HAS_SYMPTOM,S975
D296,HAS_SYMPTOM,S976
D296,HAS_SYMPTOM,S977
D296,HAS_SYMPTOM,S978
D296,HAS_SYMPTOM,S294
D296,HAS_SYMPTOM,S979
D296,HAS_SYMPTOM,S980
D296,HAS_SYMPTOM,S981
D296,HAS_SYMPTOM,S982
D296,HAS_SYMPTOM,S096
D296,HAS_SYMPTOM,S983
D296,HAS_SYMPTOM,S984
D296,HAS_CAUSE,CA787
D296,MANAGED_BY,TR570
D296,DIAGNOSED_BY,T456
D296,DIAGNOSED_BY,T005
D296,DIAGNOSED_BY,T051
D296,DIAGNOSED_BY,T191
D296,DIAGNOSED_BY,T134
D296,CAN_CAUSE,C263
D296,CAN_CAUSE,C013
D296,CAN_CAUSE,C264
D297,HAS_SYMPTOM,S985
D297,HAS_SYMPTOM,S986
D297,HAS_SYMPTOM,S987
D297,HAS_SYMPTOM,S227
D297,HAS_SYMPTOM,S988
D297,HAS_SYMPTOM,S989
D297,HAS_SYMPTOM,S990
D297,HAS_SYMPTOM,S991
D297,HAS_SYMPTOM,S992
D297,HAS_SYMPTOM,S993
D297,HAS_CAUSE,CA308
RF239,INCREASES_RISK_OF,D297
RF240,INCREASES_RISK_OF,D297
D298,HAS_SYMPTOM,S994
D298,HAS_SYMPTOM,S995
D298,HAS_SYMPTOM,S996
D298,HAS_CAUSE,CA788
D298,MANAGED_BY,TR571
D298,MANAGED_BY,TR572
D298,MANAGED_BY,TR573
D298,MANAGED_BY,TR574
D298,MANAGED_BY,TR575
D298,DIAGNOSED_BY,T471
D298,DIAGNOSED_BY,T472
D298,MANAGED_BY,TR576
D298,MANAGED_BY,TR577
D299,HAS_SYMPTOM,S997
D299,HAS_SYMPTOM,S998
D299,HAS_SYMPTOM,S999
D299,HAS_SYMPTOM,S1000
D299,HAS_SYMPTOM,S1001
D299,HAS_CAUSE,CA789
D299,HAS_CAUSE,CA790
D299,HAS_CAUSE,CA791
RF241,INCREASES_RISK_OF,D299
RF242,INCREASES_RISK_OF,D299
RF243,INCREASES_RISK_OF,D299
D300,HAS_SYMPTOM,S1002
D300,HAS_SYMPTOM,S1003
D300,HAS_SYMPTOM,S1004
D300,HAS_SYMPTOM,S1005
D300,HAS_SYMPTOM,S1006
D300,HAS_SYMPTOM,S1007
D300,HAS_CAUSE,CA078
D300,DIAGNOSED_BY,T473
D301,HAS_SYMPTOM,S1008
D301,HAS_SYMPTOM,S1009
D301,HAS_SYMPTOM,S1010
D301,HAS_SYMPTOM,S041
D301,HAS_SYMPTOM,S1011
D301,HAS_SYMPTOM,S1012
D301,HAS_CAUSE,CA792
D301,HAS_CAUSE,CA793
D301,MANAGED_BY,TR578
D302,HAS_SYMPTOM,S128
D302,HAS_SYMPTOM,S1013
D302,HAS_SYMPTOM,S1014
D302,HAS_CAUSE,CA794
D302,MANAGED_BY,TR579
D302,DIAGNOSED_BY,T474
D302,DIAGNOSED_BY,T475
D302,DIAGNOSED_BY,T476
D302,DIAGNOSED_BY,T477
D303,HAS_SYMPTOM,S1015
D303,HAS_SYMPTOM,S1016
D303,HAS_SYMPTOM,S1017
D303,HAS_SYMPTOM,S1018
D303,HAS_SYMPTOM,S1019
D303,HAS_SYMPTOM,S1020
D303,HAS_SYMPTOM,S1021
D303,HAS_SYMPTOM,S1022
D303,HAS_SYMPTOM,S1023
D303,HAS_SYMPTOM,S1024
D303,HAS_SYMPTOM,S1025
D303,HAS_SYMPTOM,S1026
RF244,INCREASES_RISK_OF,D303
D303,MANAGED_BY,TR580
D304,AFFECTS,O004
D304,HAS_SYMPTOM,S1027
D304,HAS_SYMPTOM,S1028
D304,HAS_SYMPTOM,S1029
D304,HAS_SYMPTOM,S1030
D304,HAS_SYMPTOM,S1031
D304,HAS_SYMPTOM,S1032
D304,HAS_SYMPTOM,S1033
D304,HAS_CAUSE,CA410
D304,HAS_CAUSE,CA795
D304,HAS_CAUSE,CA796
D304,MANAGED_BY,TR581
D304,MANAGED_BY,TR582
D304,MANAGED_BY,TR583
D304,MANAGED_BY,TR584
D304,DIAGNOSED_BY,T478
D304,DIAGNOSED_BY,T479
D304,MANAGED_BY,TR585
D305,AFFECTS,O014
D305,HAS_SYMPTOM,S1034
D305,HAS_SYMPTOM,S1035
D305,HAS_SYMPTOM,S1036
D305,HAS_SYMPTOM,S1037
D305,HAS_SYMPTOM,S1038
D305,HAS_CAUSE,CA141
D305,HAS_CAUSE,CA797
D305,HAS_CAUSE,CA386
D305,HAS_CAUSE,CA222
D305,HAS_CAUSE,CA330
D305,HAS_CAUSE,CA798
D305,HAS_CAUSE,CA799
D305,HAS_CAUSE,CA800
D305,HAS_CAUSE,CA801
D305,HAS_CAUSE,CA802
D305,HAS_CAUSE,CA803
D305,DIAGNOSED_BY,T480
D305,DIAGNOSED_BY,T177
D305,DIAGNOSED_BY,T049
D305,DIAGNOSED_BY,T481
D305,DIAGNOSED_BY,T482
D306,HAS_SYMPTOM,S1039
D306,HAS_SYMPTOM,S1040
D306,HAS_SYMPTOM,S1041
D306,HAS_SYMPTOM,S1042
D306,HAS_SYMPTOM,S1043
D306,HAS_SYMPTOM,S1044
D306,HAS_SYMPTOM,S1045
D306,HAS_SYMPTOM,S329
D306,HAS_SYMPTOM,S1046
D306,HAS_CAUSE,CA001
D306,HAS_CAUSE,CA804
D306,MANAGED_BY,TR586
D306,MANAGED_BY,TR587
D306,MANAGED_BY,TR588
D306,MANAGED_BY,TR589
D306,DIAGNOSED_BY,T132
D306,DIAGNOSED_BY,T483
D306,DIAGNOSED_BY,T484
D306,DIAGNOSED_BY,T485
D306,DIAGNOSED_BY,T486
D306,DIAGNOSED_BY,T487
D306,DIAGNOSED_BY,T488
D306,DIAGNOSED_BY,T489
D306,DIAGNOSED_BY,T490
D306,DIAGNOSED_BY,T491
D306,CAN_CAUSE,C265
D306,CAN_CAUSE,C266
D306,MANAGED_BY,TR590
D306,MANAGED_BY,TR591
D307,AFFECTS,O005
D307,HAS_SYMPTOM,S1047
D307,HAS_SYMPTOM,S1048
D307,HAS_CAUSE,CA805
D307,HAS_CAUSE,CA806
D307,HAS_CAUSE,CA807
D307,MANAGED_BY,TR592
D307,MANAGED_BY,TR593
D307,DIAGNOSED_BY,T492
D307,DIAGNOSED_BY,T493
D307,DIAGNOSED_BY,T494
D307,DIAGNOSED_BY,T049
D307,DIAGNOSED_BY,T495
D307,CAN_CAUSE,C267
D307,CAN_CAUSE,C116
D307,CAN_CAUSE,C268
D307,MANAGED_BY,TR594
D307,MANAGED_BY,TR595
D308,HAS_SYMPTOM,S1049
D308,HAS_SYMPTOM,S1050
D308,HAS_SYMPTOM,S1051
D308,HAS_CAUSE,CA001
D308,DIAGNOSED_BY,T496
D308,DIAGNOSED_BY,T497
D308,CAN_CAUSE,C269
D308,CAN_CAUSE,C270
D308,CAN_CAUSE,C271
D308,CAN_CAUSE,C272
D308,MANAGED_BY,TR596
D308,MANAGED_BY,TR597
D309,HAS_SYMPTOM,S1052
D309,HAS_SYMPTOM,S1053
D309,HAS_SYMPTOM,S1054
D309,HAS_SYMPTOM,S1055
D310,HAS_SYMPTOM,S367
D310,HAS_SYMPTOM,S1056
D310,HAS_SYMPTOM,S1057
D310,HAS_CAUSE,CA808
D310,HAS_CAUSE,CA809
D310,HAS_CAUSE,CA810
RF245,INCREASES_RISK_OF,D310
RF246,INCREASES_RISK_OF,D310
RF247,INCREASES_RISK_OF,D310
RF248,INCREASES_RISK_OF,D310
RF249,INCREASES_RISK_OF,D310
RF250,INCREASES_RISK_OF,D310
RF251,INCREASES_RISK_OF,D310
RF252,INCREASES_RISK_OF,D310
D310,MANAGED_BY,TR598
D311,HAS_SYMPTOM,S1058
D311,HAS_SYMPTOM,S1059
D311,HAS_CAUSE,CA811
D311,HAS_CAUSE,CA812
D311,HAS_CAUSE,CA813
D311,HAS_CAUSE,CA814
D311,HAS_CAUSE,CA815
D311,HAS_CAUSE,CA816
D311,HAS_CAUSE,CA817
RF253,INCREASES_RISK_OF,D311
RF254,INCREASES_RISK_OF,D311
RF255,INCREASES_RISK_OF,D311
RF256,INCREASES_RISK_OF,D311
D312,AFFECTS,O013
D313,HAS_SYMPTOM,S1060
D313,HAS_SYMPTOM,S1061
D313,HAS_SYMPTOM,S1062
D313,HAS_SYMPTOM,S367
D313,HAS_SYMPTOM,S324
D313,HAS_SYMPTOM,S1063
D313,HAS_SYMPTOM,S1064
D313,HAS_SYMPTOM,S312
D313,HAS_SYMPTOM,S052
D313,HAS_SYMPTOM,S1065
D313,HAS_CAUSE,CA304
D313,HAS_CAUSE,CA818
RF257,INCREASES_RISK_OF,D313
D313,MANAGED_BY,TR599
D313,MANAGED_BY,TR600
D313,MANAGED_BY,TR601
D314,HAS_SYMPTOM,S187
D314,HAS_SYMPTOM,S1066
D314,HAS_SYMPTOM,S1067
D314,HAS_SYMPTOM,S1068
D314,HAS_SYMPTOM,S127
D314,HAS_SYMPTOM,S052
D314,HAS_SYMPTOM,S1069
D315,HAS_SYMPTOM,S1070
D315,HAS_SYMPTOM,S1071
D315,HAS_SYMPTOM,S1072
D316,HAS_SYMPTOM,S1073
D316,HAS_CAUSE,CA378
RF258,INCREASES_RISK_OF,D316
RF259,INCREASES_RISK_OF,D316
RF260,INCREASES_RISK_OF,D316
RF261,INCREASES_RISK_OF,D316
RF262,INCREASES_RISK_OF,D316
RF263,INCREASES_RISK_OF,D316
RF264,INCREASES_RISK_OF,D316
RF265,INCREASES_RISK_OF,D316
RF266,INCREASES_RISK_OF,D316
RF267,INCREASES_RISK_OF,D316
D317,HAS_CAUSE,CA819
D317,HAS_CAUSE,CA820
D318,HAS_SYMPTOM,S1074
D318,HAS_CAUSE,CA821
D318,HAS_CAUSE,CA822
D318,HAS_CAUSE,CA823
D318,HAS_CAUSE,CA824
RF268,INCREASES_RISK_OF,D318
RF269,INCREASES_RISK_OF,D318
D319,AFFECTS,O008
D319,HAS_SYMPTOM,S1075
D319,HAS_CAUSE,CA825
RF270,INCREASES_RISK_OF,D319
D320,AFFECTS,O012
D320,HAS_SYMPTOM,S1076
D320,HAS_SYMPTOM,S1077
D320,HAS_SYMPTOM,S1078
D320,HAS_SYMPTOM,S1079
D320,HAS_CAUSE,CA826
D320,HAS_CAUSE,CA827
D320,HAS_CAUSE,CA828
D320,HAS_CAUSE,CA829
D320,MANAGED_BY,TR602
D320,DIAGNOSED_BY,T498
D320,CAN_CAUSE,C273
D320,CAN_CAUSE,C274
D320,CAN_CAUSE,C275
D320,CAN_CAUSE,C276
D321,AFFECTS,O006
D321,HAS_SYMPTOM,S1080
D321,HAS_SYMPTOM,S1081
D321,HAS_CAUSE,CA830
D321,HAS_CAUSE,CA831
RF271,INCREASES_RISK_OF,D321
D322,AFFECTS,O006
D322,HAS_SYMPTOM,S1082
D322,HAS_SYMPTOM,S1083
RF272,INCREASES_RISK_OF,D322
D323,AFFECTS,O006
D323,HAS_SYMPTOM,S1084
D323,HAS_SYMPTOM,S1085
D323,HAS_SYMPTOM,S142
D323,HAS_SYMPTOM,S201
D323,HAS_SYMPTOM,S146
D323,HAS_SYMPTOM,S1086
D323,HAS_SYMPTOM,S1087
D323,HAS_SYMPTOM,S1088
D323,HAS_SYMPTOM,S1089
D323,HAS_SYMPTOM,S1090
D323,HAS_SYMPTOM,S1091
D323,HAS_CAUSE,CA832
D323,MANAGED_BY,TR603
D323,MANAGED_BY,TR604
D323,DIAGNOSED_BY,T499
D323,DIAGNOSED_BY,T191
D323,DIAGNOSED_BY,T500
D323,DIAGNOSED_BY,T177
D323,DIAGNOSED_BY,T068
D323,DIAGNOSED_BY,T501
D323,CAN_CAUSE,C277
D323,MANAGED_BY,TR605
D324,AFFECTS,O020
D324,HAS_SYMPTOM,S1092
RF273,INCREASES_RISK_OF,D324
RF274,INCREASES_RISK_OF,D324
D325,HAS_SYMPTOM,S298
D325,HAS_SYMPTOM,S187
D325,HAS_SYMPTOM,S1093
D325,HAS_SYMPTOM,S1094
D325,HAS_SYMPTOM,S1095
D325,HAS_SYMPTOM,S1096
D325,HAS_SYMPTOM,S1097
D325,HAS_SYMPTOM,S1098
D325,HAS_SYMPTOM,S1099
D325,HAS_SYMPTOM,S1100
D325,HAS_SYMPTOM,S1101
D325,HAS_SYMPTOM,S1102
D326,HAS_SYMPTOM,S1103
D326,HAS_SYMPTOM,S828
D326,HAS_SYMPTOM,S1104
D326,HAS_CAUSE,CA833
D326,HAS_CAUSE,CA834
D326,HAS_CAUSE,CA835
D326,HAS_CAUSE,CA836
D326,DIAGNOSED_BY,T502
D326,DIAGNOSED_BY,T313
D326,DIAGNOSED_BY,T503
D326,DIAGNOSED_BY,T197
D326,DIAGNOSED_BY,T504
D326,DIAGNOSED_BY,T505
D326,DIAGNOSED_BY,T506
D326,DIAGNOSED_BY,T507
D326,DIAGNOSED_BY,T508
D326,CAN_CAUSE,C263
D326,CAN_CAUSE,C250
D326,CAN_CAUSE,C013
D326,CAN_CAUSE,C278
D326,MANAGED_BY,TR606
D327,HAS_SYMPTOM,S298
D327,HAS_SYMPTOM,S046
D327,HAS_SYMPTOM,S048
D327,HAS_SYMPTOM,S1105
D327,HAS_SYMPTOM,S1106
D327,HAS_SYMPTOM,S1107
D327,HAS_SYMPTOM,S833
D327,HAS_SYMPTOM,S1108
D327,HAS_SYMPTOM,S302
D328,HAS_SYMPTOM,S273
D328,HAS_SYMPTOM,S1109
D328,HAS_SYMPTOM,S201
D328,HAS_SYMPTOM,S052
D328,HAS_SYMPTOM,S1110
D328,HAS_SYMPTOM,S1111
D328,HAS_CAUSE,CA837
D328,MANAGED_BY,TR607
D328,DIAGNOSED_BY,T509
D328,CAN_CAUSE,C279
D328,MANAGED_BY,TR608
D329,AFFECTS,O001
D329,HAS_SYMPTOM,S1112
D329,HAS_SYMPTOM,S045
D329,HAS_SYMPTOM,S1113
D329,MANAGED_BY,TR609
D329,DIAGNOSED_BY,T313
D329,DIAGNOSED_BY,T510
D329,DIAGNOSED_BY,T511
D329,DIAGNOSED_BY,T512
D329,DIAGNOSED_BY,T513
D329,DIAGNOSED_BY,T514
D329,DIAGNOSED_BY,T316
D329,DIAGNOSED_BY,T515
D329,DIAGNOSED_BY,T516
D329,DIAGNOSED_BY,T517
D329,CAN_CAUSE,C134
D329,CAN_CAUSE,C280
D329,CAN_CAUSE,C281
D329,CAN_CAUSE,C282
D329,MANAGED_BY,TR610
D330,AFFECTS,O008
D330,HAS_SYMPTOM,S189
D330,HAS_SYMPTOM,S186
D330,HAS_SYMPTOM,S041
D330,HAS_SYMPTOM,S1114
D330,HAS_SYMPTOM,S1115
D330,HAS_SYMPTOM,S190
D330,HAS_SYMPTOM,S1116
D330,HAS_CAUSE,CA838
D330,HAS_CAUSE,CA839
D330,HAS_CAUSE,CA840
D330,HAS_CAUSE,CA841
D330,HAS_CAUSE,CA842
D330,HAS_CAUSE,CA843
D330,MANAGED_BY,TR611
D330,MANAGED_BY,TR612
D330,DIAGNOSED_BY,T518
D330,DIAGNOSED_BY,T519
D330,DIAGNOSED_BY,T520
D330,DIAGNOSED_BY,T521
D330,DIAGNOSED_BY,T522
D330,CAN_CAUSE,C283
D330,MANAGED_BY,TR613
D331,AFFECTS,O006
D331,AFFECTS,O005
D331,HAS_SYMPTOM,S1117
D331,HAS_SYMPTOM,S1118
D331,HAS_SYMPTOM,S663
D331,HAS_SYMPTOM,S1119
D331,HAS_SYMPTOM,S1120
D331,MANAGED_BY,TR614
D331,MANAGED_BY,TR016
D331,MANAGED_BY,TR017
D331,MANAGED_BY,TR018
D331,DIAGNOSED_BY,T028
D331,DIAGNOSED_BY,T029
D332,AFFECTS,O009
D332,HAS_SYMPTOM,S1121
D332,HAS_SYMPTOM,S1122
D332,HAS_SYMPTOM,S041
D332,HAS_SYMPTOM,S367
D332,HAS_SYMPTOM,S1123
D332,HAS_SYMPTOM,S1124
D332,HAS_CAUSE,CA844
D332,HAS_CAUSE,CA845
D332,HAS_CAUSE,CA846
D332,HAS_CAUSE,CA847
D332,HAS_CAUSE,CA848
D332,HAS_CAUSE,CA849
D332,HAS_CAUSE,CA850
D332,HAS_CAUSE,CA851
D332,HAS_CAUSE,CA852
D332,MANAGED_BY,TR615
D332,DIAGNOSED_BY,T523
D332,DIAGNOSED_BY,T524
D332,DIAGNOSED_BY,T525
D332,DIAGNOSED_BY,T526
D332,DIAGNOSED_BY,T005
D332,DIAGNOSED_BY,T066
D332,DIAGNOSED_BY,T527
D332,DIAGNOSED_BY,T112
D332,DIAGNOSED_BY,T528
D332,DIAGNOSED_BY,T529
D332,CAN_CAUSE,C206
D332,CAN_CAUSE,C284
D332,CAN_CAUSE,C285
D332,CAN_CAUSE,C286
D333,AFFECTS,O009
D333,HAS_SYMPTOM,S1125
D333,HAS_SYMPTOM,S041
D333,HAS_SYMPTOM,S367
D333,HAS_SYMPTOM,S1126
D333,HAS_SYMPTOM,S093
D333,HAS_SYMPTOM,S1127
D333,HAS_SYMPTOM,S042
D333,HAS_SYMPTOM,S1128
D333,HAS_CAUSE,CA853
D333,HAS_CAUSE,CA854
D333,HAS_CAUSE,CA855
D333,HAS_CAUSE,CA467
D333,HAS_CAUSE,CA856
D333,MANAGED_BY,TR616
D333,DIAGNOSED_BY,T530
D333,DIAGNOSED_BY,T531
D333,DIAGNOSED_BY,T069
D333,DIAGNOSED_BY,T532
D334,AFFECTS,O009
D334,HAS_SYMPTOM,S1129
D334,HAS_SYMPTOM,S1130
D334,HAS_SYMPTOM,S1131
D334,HAS_SYMPTOM,S1132
D334,HAS_SYMPTOM,S1133
RF275,INCREASES_RISK_OF,D334
D336,AFFECTS,O009
D336,AFFECTS,O010
D336,HAS_CAUSE,CA857
D336,MANAGED_BY,TR617
D336,DIAGNOSED_BY,T005
D336,DIAGNOSED_BY,T533
D336,DIAGNOSED_BY,T534
D336,DIAGNOSED_BY,T535
D336,DIAGNOSED_BY,T536
D336,DIAGNOSED_BY,T537
D336,DIAGNOSED_BY,T538
D336,CAN_CAUSE,C287
D336,CAN_CAUSE,C288
D336,CAN_CAUSE,C289
D336,CAN_CAUSE,C290
D336,CAN_CAUSE,C291
D337,AFFECTS,O006
D337,HAS_SYMPTOM,S1134
D337,HAS_SYMPTOM,S1135
D337,HAS_SYMPTOM,S1136
D337,HAS_SYMPTOM,S1137
D337,HAS_SYMPTOM,S096
D337,HAS_SYMPTOM,S1138
D337,HAS_SYMPTOM,S1139
D337,HAS_SYMPTOM,S1140
D337,HAS_SYMPTOM,S1141
D337,HAS_SYMPTOM,S1142
D337,HAS_SYMPTOM,S095
D337,DIAGNOSED_BY,T539
D337,CAN_CAUSE,C292
D337,CAN_CAUSE,C293
D337,CAN_CAUSE,C013
D338,HAS_SYMPTOM,S1143
D338,HAS_SYMPTOM,S1144
D338,HAS_SYMPTOM,S1145
D338,HAS_SYMPTOM,S1146
D338,HAS_SYMPTOM,S1147
D338,HAS_SYMPTOM,S1148
D338,HAS_SYMPTOM,S1149
D338,HAS_CAUSE,CA858
D338,HAS_CAUSE,CA859
D338,HAS_CAUSE,CA860
D338,HAS_CAUSE,CA861
D338,HAS_CAUSE,CA396
D338,HAS_CAUSE,CA210
D338,HAS_CAUSE,CA862
RF276,INCREASES_RISK_OF,D338
RF277,INCREASES_RISK_OF,D338
RF278,INCREASES_RISK_OF,D338
D338,MANAGED_BY,TR618
D338,CAN_CAUSE,C294
D338,CAN_CAUSE,C032
D338,CAN_CAUSE,C295
D338,CAN_CAUSE,C252
D338,MANAGED_BY,TR619
D340,HAS_SYMPTOM,S1150
D340,HAS_SYMPTOM,S1151
D340,HAS_SYMPTOM,S1152
D340,HAS_SYMPTOM,S1153
D340,HAS_CAUSE,CA863
RF279,INCREASES_RISK_OF,D340
RF280,INCREASES_RISK_OF,D340
RF281,INCREASES_RISK_OF,D340
RF282,INCREASES_RISK_OF,D340
D340,MANAGED_BY,TR620
D340,MANAGED_BY,TR621
D340,DIAGNOSED_BY,T540
D340,DIAGNOSED_BY,T541
D340,DIAGNOSED_BY,T542
D340,MANAGED_BY,TR622
D340,MANAGED_BY,TR623
D341,HAS_SYMPTOM,S1154
D341,HAS_SYMPTOM,S1155
D341,HAS_CAUSE,CA864
D341,HAS_CAUSE,CA865
D341,HAS_CAUSE,CA609
D341,HAS_CAUSE,CA866
D341,HAS_CAUSE,CA867
D341,HAS_CAUSE,CA868
D341,HAS_CAUSE,CA869
D341,HAS_CAUSE,CA870
D341,HAS_CAUSE,CA871
D341,HAS_CAUSE,CA872
D341,HAS_CAUSE,CA873
RF283,INCREASES_RISK_OF,D341
D341,MANAGED_BY,TR352
D341,MANAGED_BY,TR353
D341,MANAGED_BY,TR547
D341,MANAGED_BY,TR059
D344,HAS_SYMPTOM,S045
D344,HAS_SYMPTOM,S1156
D344,HAS_SYMPTOM,S1157
D344,HAS_SYMPTOM,S1158
D344,HAS_SYMPTOM,S042
D344,HAS_SYMPTOM,S440
D346,HAS_SYMPTOM,S1159
D346,HAS_SYMPTOM,S1160
D346,HAS_SYMPTOM,S1161
D346,HAS_SYMPTOM,S1162
D346,HAS_SYMPTOM,S1163
D346,HAS_CAUSE,CA874
D346,HAS_CAUSE,CA875
D346,MANAGED_BY,TR624
D346,CAN_CAUSE,C082
D346,CAN_CAUSE,C296
D347,AFFECTS,O019
D347,HAS_SYMPTOM,S1164
D347,HAS_SYMPTOM,S1165
D347,HAS_SYMPTOM,S1166
D347,HAS_CAUSE,CA205
RF284,INCREASES_RISK_OF,D347
RF285,INCREASES_RISK_OF,D347
RF286,INCREASES_RISK_OF,D347
D348,HAS_SYMPTOM,S1167
D348,HAS_SYMPTOM,S1168
D348,HAS_SYMPTOM,S052
D348,HAS_SYMPTOM,S284
D348,HAS_SYMPTOM,S1169
D348,HAS_SYMPTOM,S1170
D348,HAS_SYMPTOM,S1171
D348,HAS_SYMPTOM,S1172
D348,HAS_SYMPTOM,S663
D348,HAS_SYMPTOM,S1173
D348,HAS_SYMPTOM,S1174
D348,HAS_SYMPTOM,S1175
D349,HAS_CAUSE,CA876
D349,HAS_CAUSE,CA877
D349,HAS_CAUSE,CA878
D349,HAS_CAUSE,CA879
D349,HAS_CAUSE,CA880
D350,HAS_SYMPTOM,S1176
D350,HAS_SYMPTOM,S1177
D350,HAS_SYMPTOM,S227
D350,HAS_SYMPTOM,S1178
D350,HAS_SYMPTOM,S1179
D350,HAS_SYMPTOM,S363
D350,HAS_SYMPTOM,S970
D350,HAS_SYMPTOM,S1180
D350,HAS_SYMPTOM,S042
D350,HAS_SYMPTOM,S1181
D350,HAS_SYMPTOM,S1182
D350,HAS_SYMPTOM,S1183
D351,AFFECTS,O008
D351,HAS_SYMPTOM,S127
D351,HAS_SYMPTOM,S190
D351,HAS_SYMPTOM,S1184
D351,HAS_SYMPTOM,S133
D351,HAS_SYMPTOM,S1185
D351,HAS_SYMPTOM,S1186
D351,HAS_SYMPTOM,S1187
D351,HAS_CAUSE,CA881
D351,HAS_CAUSE,CA882
D351,HAS_CAUSE,CA883
D351,HAS_CAUSE,CA884
RF287,INCREASES_RISK_OF,D351
D351,MANAGED_BY,TR625
D351,DIAGNOSED_BY,T005
D351,DIAGNOSED_BY,T543
D351,DIAGNOSED_BY,T111
D351,DIAGNOSED_BY,T544
D351,DIAGNOSED_BY,T545
D351,DIAGNOSED_BY,T546
D351,DIAGNOSED_BY,T547
D351,DIAGNOSED_BY,T548
D351,DIAGNOSED_BY,T549
D351,CAN_CAUSE,C126
D351,CAN_CAUSE,C297
D351,CAN_CAUSE,C298
D351,CAN_CAUSE,C299
D351,MANAGED_BY,TR626
D351,MANAGED_BY,TR627
D351,MANAGED_BY,TR628
D352,AFFECTS,O008
D352,HAS_SYMPTOM,S1188
D352,HAS_CAUSE,CA885
RF076,INCREASES_RISK_OF,D352
RF077,INCREASES_RISK_OF,D352
D353,AFFECTS,O008
D354,AFFECTS,O008
D354,HAS_SYMPTOM,S127
D354,HAS_SYMPTOM,S1189
D354,HAS_SYMPTOM,S968
D354,HAS_SYMPTOM,S1190
D354,HAS_SYMPTOM,S1191
D354,HAS_SYMPTOM,S1192
D354,HAS_CAUSE,CA886
D354,HAS_CAUSE,CA887
D354,MANAGED_BY,TR629
D354,MANAGED_BY,TR630
D354,MANAGED_BY,TR631
D354,MANAGED_BY,TR632
D354,DIAGNOSED_BY,T550
D354,DIAGNOSED_BY,T551
D354,DIAGNOSED_BY,T552
D354,DIAGNOSED_BY,T553
D355,AFFECTS,O008
D355,HAS_SYMPTOM,S1193
D355,HAS_SYMPTOM,S1194
D355,HAS_SYMPTOM,S151
D355,HAS_SYMPTOM,S1195
D355,HAS_SYMPTOM,S1196
D355,HAS_SYMPTOM,S1197
D355,HAS_SYMPTOM,S1198
D355,HAS_SYMPTOM,S1199
D355,HAS_CAUSE,CA888
D355,DIAGNOSED_BY,T554
D355,DIAGNOSED_BY,T555
D355,DIAGNOSED_BY,T125
D355,DIAGNOSED_BY,T556
D355,MANAGED_BY,TR633
D355,MANAGED_BY,TR634
D356,HAS_SYMPTOM,S1200
D356,HAS_SYMPTOM,S393
D356,HAS_SYMPTOM,S127
D356,HAS_SYMPTOM,S468
D356,HAS_SYMPTOM,S093
D356,HAS_SYMPTOM,S474
D356,HAS_SYMPTOM,S1201
D356,HAS_SYMPTOM,S133
D356,HAS_CAUSE,CA889
RF288,INCREASES_RISK_OF,D356
RF289,INCREASES_RISK_OF,D356
D356,MANAGED_BY,TR635
D356,MANAGED_BY,TR636
D356,MANAGED_BY,TR637
D356,MANAGED_BY,TR638
D356,MANAGED_BY,TR639
D356,MANAGED_BY,TR640
D356,MANAGED_BY,TR641
D356,MANAGED_BY,TR642
D356,MANAGED_BY,TR643
D356,MANAGED_BY,TR644
D356,MANAGED_BY,TR645
D356,MANAGED_BY,TR646
D357,HAS_SYMPTOM,S1202
D357,HAS_SYMPTOM,S045
D357,HAS_SYMPTOM,S1203
D357,HAS_SYMPTOM,S041
D357,HAS_SYMPTOM,S241
D357,HAS_SYMPTOM,S1204
D357,HAS_SYMPTOM,S1205
D357,HAS_SYMPTOM,S1206
D357,HAS_SYMPTOM,S1207
D357,HAS_SYMPTOM,S1208
D357,HAS_SYMPTOM,S1209
D357,HAS_CAUSE,CA210
D357,HAS_CAUSE,CA890
D357,HAS_CAUSE,CA891
D357,HAS_CAUSE,CA892
D357,HAS_CAUSE,CA304
D357,MANAGED_BY,TR647
D357,MANAGED_BY,TR648
D357,MANAGED_BY,TR649
D357,DIAGNOSED_BY,T225
D357,DIAGNOSED_BY,T005
D357,DIAGNOSED_BY,T051
D357,DIAGNOSED_BY,T178
D357,DIAGNOSED_BY,T557
D357,DIAGNOSED_BY,T558
D357,DIAGNOSED_BY,T559
D357,DIAGNOSED_BY,T560
D357,MANAGED_BY,TR650
D357,MANAGED_BY,TR651
D358,AFFECTS,O002
D358,HAS_SYMPTOM,S1210
D358,HAS_SYMPTOM,S1211
D358,HAS_SYMPTOM,S1212
D358,HAS_SYMPTOM,S048
D358,HAS_SYMPTOM,S1213
D358,HAS_SYMPTOM,S045
D358,HAS_SYMPTOM,S1214
D358,HAS_CAUSE,CA893
D358,MANAGED_BY,TR652
D359,AFFECTS,O002
D359,HAS_SYMPTOM,S1215
D359,HAS_SYMPTOM,S706
D359,HAS_SYMPTOM,S1216
D359,HAS_SYMPTOM,S1217
D359,HAS_SYMPTOM,S1218
D359,HAS_SYMPTOM,S1219
D359,HAS_SYMPTOM,S1220
D359,HAS_SYMPTOM,S1221
D359,HAS_CAUSE,CA894
D359,MANAGED_BY,TR653
D359,MANAGED_BY,TR654
D359,MANAGED_BY,TR655
D359,MANAGED_BY,TR656
D359,DIAGNOSED_BY,T561
D359,DIAGNOSED_BY,T069
D359,DIAGNOSED_BY,T562
D359,DIAGNOSED_BY,T563
D359,DIAGNOSED_BY,T564
D359,DIAGNOSED_BY,T565
D359,CAN_CAUSE,C300
D359,MANAGED_BY,TR657
D360,AFFECTS,O001
D360,AFFECTS,O002
D360,HAS_SYMPTOM,S1222
D360,HAS_SYMPTOM,S648
D360,HAS_SYMPTOM,S046
D360,HAS_SYMPTOM,S238
D360,HAS_SYMPTOM,S1223
D360,HAS_SYMPTOM,S651
D360,MANAGED_BY,TR658
D360,CAN_CAUSE,C301
D360,CAN_CAUSE,C302
D361,AFFECTS,O002
D361,AFFECTS,O019
D361,HAS_CAUSE,CA895
D361,HAS_CAUSE,CA896
D361,HAS_CAUSE,CA897
D361,HAS_CAUSE,CA898
D361,HAS_CAUSE,CA899
D361,HAS_CAUSE,CA900
D361,HAS_CAUSE,CA901
D361,HAS_CAUSE,CA902
D361,HAS_CAUSE,CA903
D361,HAS_CAUSE,CA293
D362,AFFECTS,O004
D362,AFFECTS,O002
D362,HAS_CAUSE,CA904
D362,HAS_CAUSE,CA289
D362,HAS_CAUSE,CA905
D363,HAS_CAUSE,CA906
RF290,INCREASES_RISK_OF,D363
RF291,INCREASES_RISK_OF,D363
RF292,INCREASES_RISK_OF,D363
RF293,INCREASES_RISK_OF,D363
RF294,INCREASES_RISK_OF,D363
RF295,INCREASES_RISK_OF,D363
D363,MANAGED_BY,TR659
D364,HAS_CAUSE,CA907
D364,HAS_CAUSE,CA908
D364,HAS_CAUSE,CA909
D364,HAS_CAUSE,CA910
D364,HAS_CAUSE,CA911
D364,HAS_CAUSE,CA912
D364,HAS_CAUSE,CA913
D364,HAS_CAUSE,CA914
D364,HAS_CAUSE,CA915
D365,AFFECTS,O007
D365,HAS_SYMPTOM,S1224
D365,HAS_SYMPTOM,S1225
D365,HAS_SYMPTOM,S1226
D365,HAS_SYMPTOM,S1227
D365,HAS_CAUSE,CA916
D365,HAS_CAUSE,CA917
D365,HAS_CAUSE,CA918
D365,HAS_CAUSE,CA919
D365,HAS_CAUSE,CA920
D365,HAS_CAUSE,CA921
D365,HAS_CAUSE,CA922
D365,HAS_CAUSE,CA923
D365,MANAGED_BY,TR660
D365,MANAGED_BY,TR661
D365,MANAGED_BY,TR662
D365,DIAGNOSED_BY,T400
D365,DIAGNOSED_BY,T566
D365,CAN_CAUSE,C303
D365,CAN_CAUSE,C196
D365,CAN_CAUSE,C013
D366,AFFECTS,O017
D366,HAS_SYMPTOM,S1228
D366,HAS_SYMPTOM,S1229
D366,HAS_SYMPTOM,S1230
D366,HAS_SYMPTOM,S1231
RF296,INCREASES_RISK_OF,D366
RF297,INCREASES_RISK_OF,D366
RF298,INCREASES_RISK_OF,D366
RF299,INCREASES_RISK_OF,D366
RF300,INCREASES_RISK_OF,D366
D366,MANAGED_BY,TR663
D366,MANAGED_BY,TR664
D366,MANAGED_BY,TR665
D366,MANAGED_BY,TR666
D366,MANAGED_BY,TR667
D366,DIAGNOSED_BY,T567
D366,DIAGNOSED_BY,T568
D366,DIAGNOSED_BY,T569
D366,DIAGNOSED_BY,T570
D366,CAN_CAUSE,C304
D366,MANAGED_BY,TR668
D366,MANAGED_BY,TR669
D367,AFFECTS,O002
D367,HAS_CAUSE,CA924
D367,HAS_CAUSE,CA925
D367,HAS_CAUSE,CA926
D367,HAS_CAUSE,CA927
D367,HAS_CAUSE,CA928
D367,HAS_CAUSE,CA929
D367,HAS_CAUSE,CA930
D367,HAS_CAUSE,CA931
D367,HAS_CAUSE,CA932
D367,HAS_CAUSE,CA933
D368,AFFECTS,O002
D368,HAS_CAUSE,CA934
D368,HAS_CAUSE,CA935
D368,HAS_CAUSE,CA936
D368,HAS_CAUSE,CA937
D368,HAS_CAUSE,CA938
D368,HAS_CAUSE,CA939
D368,HAS_CAUSE,CA940
D368,HAS_CAUSE,CA941
D368,HAS_CAUSE,CA942
D369,AFFECTS,O002
D369,HAS_SYMPTOM,S1232
D369,HAS_SYMPTOM,S1233
D370,AFFECTS,O001
D371,HAS_SYMPTOM,S1234
D371,HAS_SYMPTOM,S1235
D371,HAS_CAUSE,CA378
D371,HAS_CAUSE,CA943
D371,HAS_CAUSE,CA944
D371,MANAGED_BY,TR670
D371,DIAGNOSED_BY,T571
D371,CAN_CAUSE,C305
D371,CAN_CAUSE,C306
D371,MANAGED_BY,TR671
D372,AFFECTS,O004
D372,HAS_CAUSE,CA945
D372,HAS_CAUSE,CA946
D372,HAS_CAUSE,CA947
D372,HAS_CAUSE,CA948
D373,AFFECTS,O005
D373,HAS_SYMPTOM,S1236
D373,HAS_SYMPTOM,S1237
D373,HAS_SYMPTOM,S1238
D373,HAS_SYMPTOM,S1239
D373,HAS_SYMPTOM,S1240
D373,HAS_SYMPTOM,S1241
D373,HAS_SYMPTOM,S1242
D373,HAS_SYMPTOM,S1243
D373,HAS_SYMPTOM,S1244
D373,HAS_SYMPTOM,S1245
D373,HAS_SYMPTOM,S1246
D373,HAS_CAUSE,CA949
D373,HAS_CAUSE,CA950
D373,HAS_CAUSE,CA951
D373,HAS_CAUSE,CA952
RF301,INCREASES_RISK_OF,D373
RF302,INCREASES_RISK_OF,D373
RF303,INCREASES_RISK_OF,D373
D373,MANAGED_BY,TR672
D374,HAS_CAUSE,CA953
RF304,INCREASES_RISK_OF,D374
D374,MANAGED_BY,TR673
D374,MANAGED_BY,TR674
D374,MANAGED_BY,TR675
D374,MANAGED_BY,TR676
D374,MANAGED_BY,TR677
D374,DIAGNOSED_BY,T572
D374,DIAGNOSED_BY,T573
D374,CAN_CAUSE,C307
D374,CAN_CAUSE,C308
D374,CAN_CAUSE,C309
D374,MANAGED_BY,TR678
D374,MANAGED_BY,TR679
D375,AFFECTS,O005
D376,HAS_SYMPTOM,S1247
D376,HAS_SYMPTOM,S1248
D376,HAS_SYMPTOM,S1249
D376,HAS_SYMPTOM,S1250
D376,HAS_SYMPTOM,S1251
D376,HAS_SYMPTOM,S041
D376,HAS_SYMPTOM,S1126
D376,HAS_SYMPTOM,S1252
D376,HAS_SYMPTOM,S1253
D376,HAS_CAUSE,CA954
D376,MANAGED_BY,TR680
D376,MANAGED_BY,TR681
D376,MANAGED_BY,TR682
D376,MANAGED_BY,TR683
D376,CAN_CAUSE,C310
D376,CAN_CAUSE,C311
D376,CAN_CAUSE,C312
D376,CAN_CAUSE,C313
D376,CAN_CAUSE,C314
D376,CAN_CAUSE,C315
D376,CAN_CAUSE,C217
D376,MANAGED_BY,TR684
D376,MANAGED_BY,TR685
D377,HAS_SYMPTOM,S1254
D377,HAS_SYMPTOM,S292
D377,HAS_SYMPTOM,S1255
D377,HAS_CAUSE,CA955
RF305,INCREASES_RISK_OF,D377
RF306,INCREASES_RISK_OF,D377
RF307,INCREASES_RISK_OF,D377
D377,MANAGED_BY,TR686
D377,MANAGED_BY,TR687
D377,MANAGED_BY,TR688
D377,MANAGED_BY,TR689
D377,MANAGED_BY,TR690
D377,MANAGED_BY,TR691
D377,MANAGED_BY,TR692
D378,AFFECTS,O005
D378,HAS_SYMPTOM,S1256
D378,HAS_CAUSE,CA956
RF308,INCREASES_RISK_OF,D378
RF309,INCREASES_RISK_OF,D378
RF310,INCREASES_RISK_OF,D378
RF311,INCREASES_RISK_OF,D378
D378,MANAGED_BY,TR693
D378,MANAGED_BY,TR694
D378,MANAGED_BY,TR695
D378,DIAGNOSED_BY,T574
D378,DIAGNOSED_BY,T575
D378,DIAGNOSED_BY,T005
D378,DIAGNOSED_BY,T576
D378,DIAGNOSED_BY,T023
D378,DIAGNOSED_BY,T577
D378,DIAGNOSED_BY,T057
D378,CAN_CAUSE,C316
D378,CAN_CAUSE,C317
D378,CAN_CAUSE,C318
D379,AFFECTS,O005
D380,AFFECTS,O005
D381,AFFECTS,O005
D381,HAS_SYMPTOM,S1257
D381,HAS_SYMPTOM,S1258
D381,HAS_SYMPTOM,S312
D381,HAS_SYMPTOM,S1259
D381,HAS_SYMPTOM,S1260
D381,HAS_SYMPTOM,S1261
D381,HAS_SYMPTOM,S1262
D381,HAS_SYMPTOM,S1263
D381,HAS_CAUSE,CA957
D382,AFFECTS,O005
D382,HAS_CAUSE,CA958
D382,HAS_CAUSE,CA959
D383,AFFECTS,O005
D383,HAS_SYMPTOM,S1264
D383,HAS_SYMPTOM,S1265
D383,HAS_CAUSE,CA960
RF312,INCREASES_RISK_OF,D383
D384,AFFECTS,O005
D384,HAS_SYMPTOM,S1266
D384,HAS_SYMPTOM,S1267
D384,HAS_SYMPTOM,S1268
D384,HAS_CAUSE,CA961
D384,HAS_CAUSE,CA962
D384,HAS_CAUSE,CA963
D384,HAS_CAUSE,CA964
D384,HAS_CAUSE,CA965
D384,HAS_CAUSE,CA966
D384,HAS_CAUSE,CA279
D384,HAS_CAUSE,CA967
D384,HAS_CAUSE,CA968
D384,DIAGNOSED_BY,T578
D384,DIAGNOSED_BY,T579
D384,DIAGNOSED_BY,T580
D384,DIAGNOSED_BY,T005
D384,DIAGNOSED_BY,T051
D384,DIAGNOSED_BY,T225
D384,DIAGNOSED_BY,T581
D384,DIAGNOSED_BY,T582
D384,DIAGNOSED_BY,T583
D384,DIAGNOSED_BY,T584
D384,DIAGNOSED_BY,T585
D384,CAN_CAUSE,C319
D384,CAN_CAUSE,C320
D384,CAN_CAUSE,C321
D384,CAN_CAUSE,C322
D385,HAS_SYMPTOM,S1269
D385,HAS_SYMPTOM,S1270
D385,HAS_SYMPTOM,S1271
D385,HAS_SYMPTOM,S1272
D385,HAS_SYMPTOM,S1273
D385,HAS_SYMPTOM,S1274
D385,HAS_SYMPTOM,S1275
D385,HAS_SYMPTOM,S1276
D385,HAS_SYMPTOM,S1277
D385,HAS_SYMPTOM,S1278
D385,HAS_SYMPTOM,S1279
D385,HAS_CAUSE,CA969
D385,HAS_CAUSE,CA970
RF313,INCREASES_RISK_OF,D385
RF314,INCREASES_RISK_OF,D385
D385,MANAGED_BY,TR696
D385,CAN_CAUSE,C323
D385,CAN_CAUSE,C324
D385,CAN_CAUSE,C325
D385,CAN_CAUSE,C326
D386,HAS_SYMPTOM,S1280
D386,HAS_SYMPTOM,S770
D386,HAS_SYMPTOM,S1281
D386,HAS_SYMPTOM,S1282
D386,HAS_SYMPTOM,S663
D386,HAS_SYMPTOM,S1283
D386,HAS_SYMPTOM,S1182
D386,HAS_SYMPTOM,S1284
D386,HAS_SYMPTOM,S1285
D386,HAS_SYMPTOM,S1286
D387,AFFECTS,O012
D388,HAS_SYMPTOM,S1287
D388,HAS_SYMPTOM,S1288
D388,HAS_SYMPTOM,S1289
D388,HAS_SYMPTOM,S1290
D388,HAS_SYMPTOM,S1291
D388,HAS_SYMPTOM,S1292
D388,HAS_SYMPTOM,S1293
D388,HAS_SYMPTOM,S1294
D388,HAS_SYMPTOM,S1295
D388,HAS_SYMPTOM,S1296
D388,HAS_SYMPTOM,S1297
D388,HAS_SYMPTOM,S1298
D388,HAS_CAUSE,CA971
D388,HAS_CAUSE,CA972
D388,HAS_CAUSE,CA973
D388,HAS_CAUSE,CA974
D388,HAS_CAUSE,CA975
D388,HAS_CAUSE,CA976
D388,HAS_CAUSE,CA977
D388,HAS_CAUSE,CA978
RF315,INCREASES_RISK_OF,D388
RF316,INCREASES_RISK_OF,D388
RF317,INCREASES_RISK_OF,D388
RF318,INCREASES_RISK_OF,D388
RF319,INCREASES_RISK_OF,D388
D388,MANAGED_BY,TR697
D388,MANAGED_BY,TR352
D388,MANAGED_BY,TR353
D388,DIAGNOSED_BY,T586
D388,DIAGNOSED_BY,T587
D388,DIAGNOSED_BY,T588
D388,DIAGNOSED_BY,T589
D388,DIAGNOSED_BY,T590
D388,DIAGNOSED_BY,T591
D388,DIAGNOSED_BY,T592
D388,CAN_CAUSE,C327
D388,CAN_CAUSE,C328
D388,CAN_CAUSE,C329
D388,CAN_CAUSE,C196
D389,HAS_CAUSE,CA979
RF320,INCREASES_RISK_OF,D389
D389,MANAGED_BY,TR698
D389,MANAGED_BY,TR699
D389,MANAGED_BY,TR700
D390,AFFECTS,O016
D391,HAS_CAUSE,CA980
D391,HAS_CAUSE,CA981
D391,HAS_CAUSE,CA982
D391,HAS_CAUSE,CA983
D391,MANAGED_BY,TR701
D391,MANAGED_BY,TR702
D392,HAS_SYMPTOM,S1299
D392,HAS_SYMPTOM,S1300
D392,HAS_CAUSE,CA984
D392,HAS_CAUSE,CA985
D392,HAS_CAUSE,CA986
D392,MANAGED_BY,TR703
D392,MANAGED_BY,TR704
D392,MANAGED_BY,TR705
D392,MANAGED_BY,TR706
D392,MANAGED_BY,TR707
D392,DIAGNOSED_BY,T593
D392,DIAGNOSED_BY,T594
D392,DIAGNOSED_BY,T595
D392,DIAGNOSED_BY,T596
D392,DIAGNOSED_BY,T597
D392,DIAGNOSED_BY,T598
D392,DIAGNOSED_BY,T005
D392,DIAGNOSED_BY,T599
D392,DIAGNOSED_BY,T600
D392,DIAGNOSED_BY,T601
D392,DIAGNOSED_BY,T602
D392,CAN_CAUSE,C330
D392,CAN_CAUSE,C331
D392,CAN_CAUSE,C332
D392,CAN_CAUSE,C333
D393,HAS_SYMPTOM,S1301
RF321,INCREASES_RISK_OF,D393
RF322,INCREASES_RISK_OF,D393
RF323,INCREASES_RISK_OF,D393
D394,HAS_SYMPTOM,S1302
D394,HAS_SYMPTOM,S1303
D394,HAS_CAUSE,CA987
D394,HAS_CAUSE,CA988
D394,HAS_CAUSE,CA989
D394,HAS_CAUSE,CA990
D394,HAS_CAUSE,CA991
D394,HAS_CAUSE,CA992
D394,MANAGED_BY,TR708
D394,MANAGED_BY,TR709
D394,DIAGNOSED_BY,T057
D394,CAN_CAUSE,C334
D394,CAN_CAUSE,C335
D394,CAN_CAUSE,C336
D394,MANAGED_BY,TR710
D394,MANAGED_BY,TR711
D395,AFFECTS,O001
D395,HAS_SYMPTOM,S1304
D395,HAS_SYMPTOM,S1305
D395,HAS_CAUSE,CA993
D395,HAS_CAUSE,CA994
D395,HAS_CAUSE,CA995
D395,HAS_CAUSE,CA996
D395,MANAGED_BY,TR712
D395,MANAGED_BY,TR713
D395,MANAGED_BY,TR059
D396,AFFECTS,O006
D396,HAS_SYMPTOM,S1306
D396,HAS_SYMPTOM,S1307
D396,HAS_SYMPTOM,S130
D396,HAS_SYMPTOM,S1308
D396,HAS_CAUSE,CA997
D396,HAS_CAUSE,CA998
D396,MANAGED_BY,TR714
D396,MANAGED_BY,TR715
D396,MANAGED_BY,TR716
D396,DIAGNOSED_BY,T327
D396,DIAGNOSED_BY,T005
D396,DIAGNOSED_BY,T051
D396,DIAGNOSED_BY,T603
D396,DIAGNOSED_BY,T191
D396,DIAGNOSED_BY,T604
D396,DIAGNOSED_BY,T605
D396,DIAGNOSED_BY,T606
D396,CAN_CAUSE,C181
D396,CAN_CAUSE,C337
D396,CAN_CAUSE,C338
D396,MANAGED_BY,TR717
D397,AFFECTS,O001
D397,AFFECTS,O006
D398,AFFECTS,O001
D398,AFFECTS,O006
D398,HAS_CAUSE,CA999
D398,HAS_CAUSE,CA1000
RF324,INCREASES_RISK_OF,D398
D399,AFFECTS,O006
D399,HAS_SYMPTOM,S227
D399,HAS_SYMPTOM,S1309
D399,HAS_SYMPTOM,S1310
D399,HAS_SYMPTOM,S056
D399,HAS_SYMPTOM,S1311
D399,HAS_CAUSE,CA1001
D399,HAS_CAUSE,CA1002
D399,HAS_CAUSE,CA1003
D399,HAS_CAUSE,CA1004
D399,HAS_CAUSE,CA1005
D399,HAS_CAUSE,CA1006
D399,HAS_CAUSE,CA1007
D399,DIAGNOSED_BY,T005
D399,DIAGNOSED_BY,T607
D399,DIAGNOSED_BY,T191
D399,DIAGNOSED_BY,T500
D399,DIAGNOSED_BY,T177
D399,DIAGNOSED_BY,T608
D399,CAN_CAUSE,C339
D399,CAN_CAUSE,C340
D400,AFFECTS,O006
D400,HAS_SYMPTOM,S1312
D400,HAS_SYMPTOM,S1313
D400,HAS_SYMPTOM,S1314
D400,HAS_CAUSE,CA1008
D401,AFFECTS,O006
D402,AFFECTS,O006
D402,HAS_SYMPTOM,S1315
D402,HAS_CAUSE,CA1009
D402,HAS_CAUSE,CA376
D402,HAS_CAUSE,CA422
D402,HAS_CAUSE,CA1010
D402,HAS_CAUSE,CA1011
RF325,INCREASES_RISK_OF,D402
RF326,INCREASES_RISK_OF,D402
RF327,INCREASES_RISK_OF,D402
RF181,INCREASES_RISK_OF,D402
RF328,INCREASES_RISK_OF,D402
RF329,INCREASES_RISK_OF,D402
RF330,INCREASES_RISK_OF,D402
RF331,INCREASES_RISK_OF,D402
RF332,INCREASES_RISK_OF,D402
D402,MANAGED_BY,TR718
D402,MANAGED_BY,TR719
D402,MANAGED_BY,TR720
D402,MANAGED_BY,TR721
D403,AFFECTS,O006
D403,HAS_SYMPTOM,S1316
D403,HAS_SYMPTOM,S1317
D403,HAS_SYMPTOM,S1318
D403,HAS_SYMPTOM,S1319
D403,HAS_SYMPTOM,S1320
D403,HAS_SYMPTOM,S1321
D403,HAS_SYMPTOM,S1322
D403,HAS_SYMPTOM,S732
D403,HAS_SYMPTOM,S1323
D403,HAS_SYMPTOM,S1324
D403,HAS_CAUSE,CA1012
D403,HAS_CAUSE,CA1013
D403,MANAGED_BY,TR722
D403,MANAGED_BY,TR723
D403,MANAGED_BY,TR724
D403,MANAGED_BY,TR725
D403,MANAGED_BY,TR726
D403,DIAGNOSED_BY,T609
D403,DIAGNOSED_BY,T610
D403,DIAGNOSED_BY,T611
D403,DIAGNOSED_BY,T612
D403,DIAGNOSED_BY,T613
D403,DIAGNOSED_BY,T614
D403,DIAGNOSED_BY,T615
D403,DIAGNOSED_BY,T191
D403,DIAGNOSED_BY,T616
D403,DIAGNOSED_BY,T617
D404,AFFECTS,O006
D404,HAS_SYMPTOM,S1325
D404,HAS_SYMPTOM,S1326
D404,HAS_SYMPTOM,S1327
D404,HAS_SYMPTOM,S1328
D404,HAS_SYMPTOM,S1329
D404,HAS_SYMPTOM,S1330
D404,HAS_SYMPTOM,S1331
D404,HAS_SYMPTOM,S1332
D404,HAS_SYMPTOM,S1333
D404,HAS_SYMPTOM,S1334
D404,HAS_SYMPTOM,S048
D404,HAS_SYMPTOM,S453
D404,HAS_CAUSE,CA1014
D404,HAS_CAUSE,CA1015
D404,HAS_CAUSE,CA1016
D404,HAS_CAUSE,CA1017
D404,HAS_CAUSE,CA1018
D404,HAS_CAUSE,CA410
D404,HAS_CAUSE,CA1019
D404,HAS_CAUSE,CA1020
D404,HAS_CAUSE,CA1012
D404,HAS_CAUSE,CA1021
D404,MANAGED_BY,TR727
D404,MANAGED_BY,TR728
D404,MANAGED_BY,TR725
D404,DIAGNOSED_BY,T618
D404,DIAGNOSED_BY,T133
D404,CAN_CAUSE,C341
D404,CAN_CAUSE,C342
D404,CAN_CAUSE,C343
D405,AFFECTS,O006
D405,HAS_CAUSE,CA1022
D405,HAS_CAUSE,CA1023
RF333,INCREASES_RISK_OF,D405
RF334,INCREASES_RISK_OF,D405
D405,MANAGED_BY,TR729
D406,HAS_SYMPTOM,S1335
D406,HAS_SYMPTOM,S1336
D406,DIAGNOSED_BY,T619
D406,DIAGNOSED_BY,T620
D408,AFFECTS,O018
D408,HAS_SYMPTOM,S1337
D408,MANAGED_BY,TR730
D408,MANAGED_BY,TR731
D408,MANAGED_BY,TR732
D408,MANAGED_BY,TR733
D408,MANAGED_BY,TR734
D408,MANAGED_BY,TR735
D408,DIAGNOSED_BY,T621
D408,DIAGNOSED_BY,T622
D408,DIAGNOSED_BY,T623
D408,MANAGED_BY,TR736
D408,MANAGED_BY,TR737
D408,MANAGED_BY,TR738
D408,MANAGED_BY,TR739
D408,MANAGED_BY,TR740
D408,MANAGED_BY,TR741
D409,AFFECTS,O018
D409,HAS_SYMPTOM,S1338
D409,HAS_SYMPTOM,S1339
D409,HAS_SYMPTOM,S1340
D409,HAS_SYMPTOM,S1341
D409,HAS_SYMPTOM,S1342
D409,HAS_SYMPTOM,S1343
RF335,INCREASES_RISK_OF,D409
RF336,INCREASES_RISK_OF,D409
RF337,INCREASES_RISK_OF,D409
RF338,INCREASES_RISK_OF,D409
D409,MANAGED_BY,TR742
D409,MANAGED_BY,TR743
D409,MANAGED_BY,TR744
D409,MANAGED_BY,TR745
D409,MANAGED_BY,TR746
D409,MANAGED_BY,TR747
D410,AFFECTS,O018
D410,HAS_SYMPTOM,S1344
D410,HAS_SYMPTOM,S1345
D410,HAS_SYMPTOM,S1346
D411,AFFECTS,O018
D411,HAS_CAUSE,CA1024
D411,HAS_CAUSE,CA1025
D411,HAS_CAUSE,CA1026
D411,HAS_CAUSE,CA1027
D411,HAS_CAUSE,CA1028
D411,HAS_CAUSE,CA1029
D411,HAS_CAUSE,CA1030
D412,HAS_SYMPTOM,S1347
D412,HAS_CAUSE,CA1031
D412,HAS_CAUSE,CA1032
RF339,INCREASES_RISK_OF,D412
RF340,INCREASES_RISK_OF,D412
RF341,INCREASES_RISK_OF,D412
D412,MANAGED_BY,TR748
D412,MANAGED_BY,TR749
D412,MANAGED_BY,TR750
D412,MANAGED_BY,TR751
D412,MANAGED_BY,TR752
D412,MANAGED_BY,TR753
D412,MANAGED_BY,TR754
D412,MANAGED_BY,TR755
D412,MANAGED_BY,TR756
D412,MANAGED_BY,TR757
D412,MANAGED_BY,TR059
D412,MANAGED_BY,TR758
D414,AFFECTS,O018
D414,HAS_CAUSE,CA1033
D415,AFFECTS,O018
D416,AFFECTS,O018
D416,HAS_SYMPTOM,S1348
D416,HAS_SYMPTOM,S1349
D416,HAS_SYMPTOM,S1350
D416,HAS_SYMPTOM,S1351
D416,HAS_SYMPTOM,S1352
D416,HAS_SYMPTOM,S1353
D416,HAS_CAUSE,CA1034
D416,HAS_CAUSE,CA1035
D416,HAS_CAUSE,CA1036
D416,HAS_CAUSE,CA1037
D416,HAS_CAUSE,CA1038
D416,HAS_CAUSE,CA1039
D416,HAS_CAUSE,CA1040
D416,HAS_CAUSE,CA1041
D416,HAS_CAUSE,CA1042
D416,HAS_CAUSE,CA1043
RF342,INCREASES_RISK_OF,D416
D417,AFFECTS,O018
D418,AFFECTS,O018
D420,AFFECTS,O018
D421,HAS_CAUSE,CA1044
D421,HAS_CAUSE,CA1045
D421,HAS_CAUSE,CA1046
D421,HAS_CAUSE,CA1047
D421,HAS_CAUSE,CA1048
D421,HAS_CAUSE,CA1049
D421,HAS_CAUSE,CA1050
D421,HAS_CAUSE,CA1051
D421,HAS_CAUSE,CA1052
D421,HAS_CAUSE,CA285
D421,HAS_CAUSE,CA1053
D421,HAS_CAUSE,CA1054
D422,HAS_CAUSE,CA1055
D422,HAS_CAUSE,CA1056
D422,HAS_CAUSE,CA1057
D422,HAS_CAUSE,CA1058
D422,HAS_CAUSE,CA1059
D422,HAS_CAUSE,CA1060
D422,HAS_CAUSE,CA1061
D422,HAS_CAUSE,CA1062
D423,AFFECTS,O005
D423,HAS_SYMPTOM,S1354
D423,HAS_CAUSE,CA1063
D423,HAS_CAUSE,CA1064
D423,HAS_CAUSE,CA1065
D423,HAS_CAUSE,CA1066
D423,HAS_CAUSE,CA1067
D423,HAS_CAUSE,CA1068
D423,HAS_CAUSE,CA1069
D423,MANAGED_BY,TR759
D423,MANAGED_BY,TR760
D423,DIAGNOSED_BY,T624
D423,DIAGNOSED_BY,T625
D424,HAS_CAUSE,CA1056
D424,HAS_CAUSE,CA1070
D424,HAS_CAUSE,CA145
D424,HAS_CAUSE,CA1071
D424,HAS_CAUSE,CA1072
D424,HAS_CAUSE,CA1073
D424,HAS_CAUSE,CA1074
D424,HAS_CAUSE,CA1075
D424,HAS_CAUSE,CA1076
D424,HAS_CAUSE,CA1077
D424,HAS_CAUSE,CA1078
D424,HAS_CAUSE,CA1079
D425,HAS_SYMPTOM,S182
D425,HAS_SYMPTOM,S292
D425,HAS_SYMPTOM,S041
D425,HAS_SYMPTOM,S393
D425,HAS_SYMPTOM,S312
D425,HAS_SYMPTOM,S1355
D425,HAS_SYMPTOM,S1356
D425,HAS_SYMPTOM,S1357
D425,HAS_SYMPTOM,S1358
D425,HAS_SYMPTOM,S246
D425,HAS_SYMPTOM,S1359
D425,HAS_SYMPTOM,S098
D425,HAS_CAUSE,CA1080
D425,HAS_CAUSE,CA1081
D425,HAS_CAUSE,CA1082
D425,HAS_CAUSE,CA1083
D425,HAS_CAUSE,CA1084
D425,HAS_CAUSE,CA1085
D425,HAS_CAUSE,CA1086
D425,HAS_CAUSE,CA1087
D425,HAS_CAUSE,CA1088
D425,HAS_CAUSE,CA1089
D426,HAS_CAUSE,CA677
D426,HAS_CAUSE,CA1090
D426,HAS_CAUSE,CA1091
D426,HAS_CAUSE,CA1092
D426,HAS_CAUSE,CA1093
D426,HAS_CAUSE,CA1094
D426,HAS_CAUSE,CA1095
D426,HAS_CAUSE,CA1096
D426,HAS_CAUSE,CA1097
D427,HAS_CAUSE,CA1098
D427,HAS_CAUSE,CA1099
D427,HAS_CAUSE,CA1100
D428,HAS_SYMPTOM,S1360
D428,HAS_CAUSE,CA1101
D428,HAS_CAUSE,CA1102
D428,MANAGED_BY,TR761
D428,MANAGED_BY,TR762
D428,MANAGED_BY,TR763
D428,CAN_CAUSE,C344
D429,HAS_SYMPTOM,S1361
D429,HAS_SYMPTOM,S1362
D429,HAS_SYMPTOM,S1363
D429,HAS_SYMPTOM,S1364
D429,HAS_CAUSE,CA1103
D429,HAS_CAUSE,CA289
D429,HAS_CAUSE,CA1104
D429,HAS_CAUSE,CA1105
D429,HAS_CAUSE,CA1106
D429,HAS_CAUSE,CA1107
D429,HAS_CAUSE,CA540
D429,HAS_CAUSE,CA1108
D429,HAS_CAUSE,CA1109
D429,MANAGED_BY,TR764
D429,MANAGED_BY,TR765
D429,DIAGNOSED_BY,T626
D429,DIAGNOSED_BY,T627
D429,DIAGNOSED_BY,T628
D429,DIAGNOSED_BY,T629
D429,DIAGNOSED_BY,T630
D429,DIAGNOSED_BY,T631
D429,DIAGNOSED_BY,T632
D429,DIAGNOSED_BY,T633
D430,AFFECTS,O012
D430,HAS_CAUSE,CA1110
D430,HAS_CAUSE,CA1111
D431,AFFECTS,O017
D431,HAS_CAUSE,CA1112
RF343,INCREASES_RISK_OF,D431
RF344,INCREASES_RISK_OF,D431
RF345,INCREASES_RISK_OF,D431
RF346,INCREASES_RISK_OF,D431
RF347,INCREASES_RISK_OF,D431
RF348,INCREASES_RISK_OF,D431
RF349,INCREASES_RISK_OF,D431
RF350,INCREASES_RISK_OF,D431
D432,HAS_SYMPTOM,S1365
D432,HAS_SYMPTOM,S1366
D432,HAS_SYMPTOM,S1367
D432,HAS_SYMPTOM,S1368
D432,HAS_CAUSE,CA1113
D432,HAS_CAUSE,CA1114
RF351,INCREASES_RISK_OF,D432
D432,MANAGED_BY,TR766
D433,AFFECTS,O005
D433,HAS_SYMPTOM,S1369
D433,HAS_SYMPTOM,S1370
D433,HAS_SYMPTOM,S1371
D433,HAS_SYMPTOM,S1372
D433,HAS_SYMPTOM,S1373
D433,HAS_SYMPTOM,S1374
D433,HAS_CAUSE,CA1115
D433,HAS_CAUSE,CA292
D433,HAS_CAUSE,CA1116
D433,HAS_CAUSE,CA1117
D433,HAS_CAUSE,CA1105
D433,MANAGED_BY,TR767
D433,MANAGED_BY,TR768
D433,MANAGED_BY,TR769
D433,MANAGED_BY,TR770
D433,MANAGED_BY,TR771
D434,AFFECTS,O005
D434,HAS_SYMPTOM,S1375
D434,HAS_CAUSE,CA1118
D434,HAS_CAUSE,CA1119
D434,HAS_CAUSE,CA1120
D434,HAS_CAUSE,CA1121
D434,HAS_CAUSE,CA1122
D434,HAS_CAUSE,CA1123
D434,HAS_CAUSE,CA1124
RF352,INCREASES_RISK_OF,D434
D435,HAS_CAUSE,CA1125
RF353,INCREASES_RISK_OF,D435
RF344,INCREASES_RISK_OF,D435
RF345,INCREASES_RISK_OF,D435
RF346,INCREASES_RISK_OF,D435
RF354,INCREASES_RISK_OF,D435
RF348,INCREASES_RISK_OF,D435
RF349,INCREASES_RISK_OF,D435
RF355,INCREASES_RISK_OF,D435
RF350,INCREASES_RISK_OF,D435
D436,HAS_SYMPTOM,S1371
D436,HAS_SYMPTOM,S1376
D436,HAS_SYMPTOM,S1377
D436,HAS_SYMPTOM,S1378
D436,HAS_SYMPTOM,S1379
D436,HAS_SYMPTOM,S1380
D436,HAS_CAUSE,CA1126
RF350,INCREASES_RISK_OF,D436
RF356,INCREASES_RISK_OF,D436
D436,MANAGED_BY,TR772
D437,AFFECTS,O001
D437,HAS_SYMPTOM,S1381
D437,HAS_CAUSE,CA1127
D437,HAS_CAUSE,CA1128
D437,MANAGED_BY,TR773
D438,HAS_SYMPTOM,S1382
D438,HAS_SYMPTOM,S1062
D438,HAS_SYMPTOM,S1383
D438,HAS_SYMPTOM,S1384
D438,HAS_SYMPTOM,S1385
D438,HAS_CAUSE,CA1129
RF357,INCREASES_RISK_OF,D438
RF358,INCREASES_RISK_OF,D438
D439,AFFECTS,O012
D439,HAS_SYMPTOM,S1386
D439,HAS_CAUSE,CA1130
D439,HAS_CAUSE,CA1131
D439,HAS_CAUSE,CA1132
D439,HAS_CAUSE,CA1133
D439,HAS_CAUSE,CA1134
RF359,INCREASES_RISK_OF,D439
RF360,INCREASES_RISK_OF,D439
RF361,INCREASES_RISK_OF,D439
D439,MANAGED_BY,TR774
D439,MANAGED_BY,TR775
D439,MANAGED_BY,TR776
D439,MANAGED_BY,TR777
D440,AFFECTS,O005
D440,HAS_SYMPTOM,S1387
D440,HAS_SYMPTOM,S1388
D440,HAS_SYMPTOM,S1389
D440,HAS_SYMPTOM,S1390
D440,HAS_SYMPTOM,S1391
D440,HAS_SYMPTOM,S1392
D440,HAS_CAUSE,CA1135
D440,HAS_CAUSE,CA1136
D440,HAS_CAUSE,CA1116
D440,HAS_CAUSE,CA1137
D440,HAS_CAUSE,CA1138
D440,HAS_CAUSE,CA1139
D440,MANAGED_BY,TR778
D440,MANAGED_BY,TR779
D440,MANAGED_BY,TR780
D441,AFFECTS,O019
D441,HAS_CAUSE,CA1140
D441,HAS_CAUSE,CA1141
D441,HAS_CAUSE,CA1142
D441,HAS_CAUSE,CA1143
D441,HAS_CAUSE,CA1144
D441,MANAGED_BY,TR781
D441,MANAGED_BY,TR782
D441,MANAGED_BY,TR783
D442,AFFECTS,O005
D442,HAS_CAUSE,CA1145
D442,HAS_CAUSE,CA1146
RF362,INCREASES_RISK_OF,D442
RF363,INCREASES_RISK_OF,D442
RF364,INCREASES_RISK_OF,D442
D442,MANAGED_BY,TR784
D443,HAS_SYMPTOM,S292
D443,HAS_SYMPTOM,S1393
D443,HAS_SYMPTOM,S1394
D444,HAS_SYMPTOM,S1395
D444,HAS_CAUSE,CA1126
RF365,INCREASES_RISK_OF,D444
RF366,INCREASES_RISK_OF,D444
RF367,INCREASES_RISK_OF,D444
D444,MANAGED_BY,TR785
D444,MANAGED_BY,TR786
D445,HAS_SYMPTOM,S1195
D445,HAS_SYMPTOM,S1396
D445,HAS_SYMPTOM,S341
D445,HAS_SYMPTOM,S1397
D445,HAS_SYMPTOM,S187
D445,HAS_SYMPTOM,S1398
D445,HAS_SYMPTOM,S498
D445,HAS_SYMPTOM,S094
D445,HAS_SYMPTOM,S1399
D445,HAS_SYMPTOM,S1282
D445,HAS_SYMPTOM,S1400
D445,HAS_SYMPTOM,S1401
D446,AFFECTS,O007
D446,HAS_SYMPTOM,S1402
D446,HAS_SYMPTOM,S1403
D446,HAS_SYMPTOM,S238
D446,HAS_SYMPTOM,S1404
D446,HAS_SYMPTOM,S131
D446,HAS_SYMPTOM,S079
D446,HAS_SYMPTOM,S1405
D446,HAS_SYMPTOM,S1406
D446,HAS_CAUSE,CA1147
D446,HAS_CAUSE,CA1148
D446,HAS_CAUSE,CA1149
D446,HAS_CAUSE,CA1150
D446,HAS_CAUSE,CA1151
D446,HAS_CAUSE,CA1152
D446,HAS_CAUSE,CA1153
D446,HAS_CAUSE,CA1154
D446,MANAGED_BY,TR107
D446,MANAGED_BY,TR787
D446,MANAGED_BY,TR788
D446,DIAGNOSED_BY,T634
D446,DIAGNOSED_BY,T635
D446,DIAGNOSED_BY,T636
D446,DIAGNOSED_BY,T637
D446,DIAGNOSED_BY,T005
D446,DIAGNOSED_BY,T051
D446,DIAGNOSED_BY,T225
D446,DIAGNOSED_BY,T330
D446,DIAGNOSED_BY,T638
D446,DIAGNOSED_BY,T639
D446,DIAGNOSED_BY,T640
D446,CAN_CAUSE,C345
D446,CAN_CAUSE,C346
D446,CAN_CAUSE,C323
D447,AFFECTS,O007
D447,HAS_SYMPTOM,S1407
D447,HAS_SYMPTOM,S1408
D447,HAS_SYMPTOM,S133
D447,HAS_SYMPTOM,S041
D447,HAS_CAUSE,CA1155
D447,HAS_CAUSE,CA1156
D447,HAS_CAUSE,CA1157
D447,HAS_CAUSE,CA1158
D447,HAS_CAUSE,CA1159
D447,HAS_CAUSE,CA1160
D447,HAS_CAUSE,CA1161
D447,DIAGNOSED_BY,T641
D447,DIAGNOSED_BY,T005
D447,DIAGNOSED_BY,T051
D447,DIAGNOSED_BY,T642
D447,MANAGED_BY,TR789
D447,MANAGED_BY,TR790
D447,MANAGED_BY,TR791
D447,MANAGED_BY,TR792
D448,AFFECTS,O007
D448,HAS_SYMPTOM,S1409
D448,HAS_SYMPTOM,S133
D448,HAS_SYMPTOM,S1410
D448,HAS_CAUSE,CA1162
RF368,INCREASES_RISK_OF,D448
D448,MANAGED_BY,TR793
D448,MANAGED_BY,TR794
D448,MANAGED_BY,TR795
D449,AFFECTS,O007
D449,HAS_SYMPTOM,S1411
D449,HAS_SYMPTOM,S077
D449,HAS_SYMPTOM,S324
D449,HAS_CAUSE,CA1163
D449,HAS_CAUSE,CA1164
D449,HAS_CAUSE,CA1165
D449,MANAGED_BY,TR796
D449,MANAGED_BY,TR797
D449,MANAGED_BY,TR798
D449,DIAGNOSED_BY,T155
D449,DIAGNOSED_BY,T005
D449,DIAGNOSED_BY,T225
D449,DIAGNOSED_BY,T051
D449,DIAGNOSED_BY,T643
D449,CAN_CAUSE,C347
D449,CAN_CAUSE,C348
D449,CAN_CAUSE,C349
D449,CAN_CAUSE,C350
D449,CAN_CAUSE,C351
D449,MANAGED_BY,TR799
D450,HAS_SYMPTOM,S1412
D450,HAS_SYMPTOM,S367
D450,HAS_SYMPTOM,S1413
D450,HAS_SYMPTOM,S041
D450,HAS_SYMPTOM,S393
D450,HAS_SYMPTOM,S1414
D450,HAS_SYMPTOM,S098
D450,HAS_SYMPTOM,S1415
D450,HAS_SYMPTOM,S1416
D450,HAS_SYMPTOM,S1417
D450,HAS_SYMPTOM,S583
D451,HAS_SYMPTOM,S1418
D451,HAS_SYMPTOM,S1419
D451,HAS_SYMPTOM,S1420
D451,HAS_SYMPTOM,S1421
D451,HAS_SYMPTOM,S1422
D451,HAS_SYMPTOM,S1423
D451,HAS_SYMPTOM,S1424
RF369,INCREASES_RISK_OF,D451
D451,MANAGED_BY,TR800
D451,MANAGED_BY,TR801
D451,MANAGED_BY,TR802
D451,MANAGED_BY,TR803
D451,DIAGNOSED_BY,T644
D451,DIAGNOSED_BY,T327
D451,DIAGNOSED_BY,T645
D451,DIAGNOSED_BY,T560
D451,DIAGNOSED_BY,T646
D451,CAN_CAUSE,C352
D451,MANAGED_BY,TR059
D452,AFFECTS,O004
D452,HAS_SYMPTOM,S046
D452,HAS_SYMPTOM,S347
D452,HAS_SYMPTOM,S1425
D452,HAS_SYMPTOM,S1426
D452,HAS_SYMPTOM,S1427
D452,HAS_SYMPTOM,S095
D452,HAS_SYMPTOM,S1428
D452,HAS_SYMPTOM,S1429
D452,HAS_CAUSE,CA001
D452,HAS_CAUSE,CA1166
RF370,INCREASES_RISK_OF,D452
RF371,INCREASES_RISK_OF,D452
RF372,INCREASES_RISK_OF,D452
RF373,INCREASES_RISK_OF,D452
RF374,INCREASES_RISK_OF,D452
RF375,INCREASES_RISK_OF,D452
D452,MANAGED_BY,TR804
D453,HAS_SYMPTOM,S1430
D453,HAS_SYMPTOM,S1431
D453,HAS_SYMPTOM,S1432
D453,HAS_SYMPTOM,S1433
D453,HAS_CAUSE,CA1167
D453,HAS_CAUSE,CA1168
D453,HAS_CAUSE,CA1169
D453,HAS_CAUSE,CA1170
D453,HAS_CAUSE,CA1171
D453,HAS_CAUSE,CA1172
D453,HAS_CAUSE,CA1173
D453,HAS_CAUSE,CA1174
D453,HAS_CAUSE,CA1175
D453,HAS_CAUSE,CA1176
D453,MANAGED_BY,TR805
D454,AFFECTS,O019
D454,HAS_SYMPTOM,S1434
D454,HAS_SYMPTOM,S616
D454,HAS_SYMPTOM,S663
D454,HAS_SYMPTOM,S1435
D454,HAS_SYMPTOM,S1436
D454,HAS_SYMPTOM,S1437
D454,HAS_CAUSE,CA1177
D454,HAS_CAUSE,CA1178
D454,HAS_CAUSE,CA1179
D454,HAS_CAUSE,CA1180
D454,HAS_CAUSE,CA1181
D454,HAS_CAUSE,CA1182
D454,HAS_CAUSE,CA1183
D454,DIAGNOSED_BY,T647
D454,DIAGNOSED_BY,T648
D454,DIAGNOSED_BY,T649
D454,CAN_CAUSE,C353
D454,CAN_CAUSE,C354
D454,CAN_CAUSE,C355
D454,CAN_CAUSE,C356
D454,CAN_CAUSE,C357
D454,CAN_CAUSE,C358
D454,MANAGED_BY,TR806
D455,HAS_CAUSE,CA789
RF376,INCREASES_RISK_OF,D455
RF377,INCREASES_RISK_OF,D455
RF378,INCREASES_RISK_OF,D455
RF264,INCREASES_RISK_OF,D455
RF379,INCREASES_RISK_OF,D455
RF259,INCREASES_RISK_OF,D455
RF380,INCREASES_RISK_OF,D455
RF381,INCREASES_RISK_OF,D455
D455,MANAGED_BY,TR807
D455,MANAGED_BY,TR808
D457,HAS_SYMPTOM,S1438
D457,HAS_SYMPTOM,S1439
D457,HAS_SYMPTOM,S130
D457,HAS_SYMPTOM,S1440
D457,HAS_SYMPTOM,S1441
D457,HAS_SYMPTOM,S1442
D457,HAS_SYMPTOM,S1443
D457,HAS_SYMPTOM,S1444
D457,HAS_SYMPTOM,S1445
D457,HAS_SYMPTOM,S1446
D457,HAS_SYMPTOM,S1447
D457,HAS_SYMPTOM,S201
D458,HAS_SYMPTOM,S1448
D458,HAS_SYMPTOM,S1449
D458,HAS_SYMPTOM,S1450
D458,HAS_SYMPTOM,S1451
D458,HAS_SYMPTOM,S1452
D458,HAS_CAUSE,CA1184
D458,HAS_CAUSE,CA1185
D458,HAS_CAUSE,CA1186
D458,MANAGED_BY,TR809
D458,MANAGED_BY,TR810
D458,DIAGNOSED_BY,T650
D458,DIAGNOSED_BY,T651
D458,DIAGNOSED_BY,T652
D458,CAN_CAUSE,C359
D458,CAN_CAUSE,C360
D458,CAN_CAUSE,C361
D458,CAN_CAUSE,C362
D459,HAS_SYMPTOM,S1453
D459,HAS_SYMPTOM,S1454
D459,HAS_CAUSE,CA1187
RF144,INCREASES_RISK_OF,D459
RF382,INCREASES_RISK_OF,D459
RF383,INCREASES_RISK_OF,D459
RF384,INCREASES_RISK_OF,D459
RF385,INCREASES_RISK_OF,D459
RF386,INCREASES_RISK_OF,D459
D459,MANAGED_BY,TR811
D459,MANAGED_BY,TR812
D459,MANAGED_BY,TR813
D459,MANAGED_BY,TR814
D460,HAS_SYMPTOM,S367
D460,HAS_SYMPTOM,S1455
D460,HAS_SYMPTOM,S1456
D460,HAS_SYMPTOM,S1457
D460,HAS_SYMPTOM,S1458
D460,MANAGED_BY,TR815
D460,MANAGED_BY,TR816
D460,MANAGED_BY,TR817
D460,DIAGNOSED_BY,T132
D460,DIAGNOSED_BY,T653
D460,CAN_CAUSE,C363
D460,CAN_CAUSE,C364
D461,HAS_SYMPTOM,S1459
D461,HAS_CAUSE,CA1188
D463,HAS_SYMPTOM,S1460
D463,HAS_SYMPTOM,S1461
D463,HAS_SYMPTOM,S1462
RF387,INCREASES_RISK_OF,D463
RF388,INCREASES_RISK_OF,D463
D463,MANAGED_BY,TR818
D463,DIAGNOSED_BY,T654
D463,MANAGED_BY,TR819
D464,AFFECTS,O014
D464,HAS_CAUSE,CA1189
D464,HAS_CAUSE,CA1190
D464,HAS_CAUSE,CA1191
D464,HAS_CAUSE,CA1192
D464,HAS_CAUSE,CA1193
D464,HAS_CAUSE,CA1194
RF389,INCREASES_RISK_OF,D464
RF390,INCREASES_RISK_OF,D464
RF391,INCREASES_RISK_OF,D464
RF392,INCREASES_RISK_OF,D464
RF393,INCREASES_RISK_OF,D464
RF394,INCREASES_RISK_OF,D464
D464,MANAGED_BY,TR820
D464,DIAGNOSED_BY,T004
D464,DIAGNOSED_BY,T005
D464,DIAGNOSED_BY,T051
D464,DIAGNOSED_BY,T655
D464,DIAGNOSED_BY,T656
D464,DIAGNOSED_BY,T657
D464,DIAGNOSED_BY,T658
D464,DIAGNOSED_BY,T659
D464,CAN_CAUSE,C365
D465,AFFECTS,O019
D465,HAS_SYMPTOM,S1463
D465,HAS_SYMPTOM,S1464
D465,HAS_SYMPTOM,S1465
D465,HAS_SYMPTOM,S1466
D465,HAS_SYMPTOM,S1467
D465,HAS_CAUSE,CA1195
RF395,INCREASES_RISK_OF,D465
D465,MANAGED_BY,TR821
D466,HAS_SYMPTOM,S1468
D466,HAS_SYMPTOM,S1469
D466,HAS_SYMPTOM,S1470
D466,HAS_SYMPTOM,S1471
D466,HAS_SYMPTOM,S1472
D466,HAS_SYMPTOM,S1473
D466,HAS_SYMPTOM,S1474
D466,HAS_SYMPTOM,S1475
D466,HAS_CAUSE,CA1196
D466,HAS_CAUSE,CA1197
D466,HAS_CAUSE,CA1198
D466,HAS_CAUSE,CA1199
D466,HAS_CAUSE,CA1200
D466,HAS_CAUSE,CA1201
RF396,INCREASES_RISK_OF,D466
RF397,INCREASES_RISK_OF,D466
RF398,INCREASES_RISK_OF,D466
D466,MANAGED_BY,TR822
D467,HAS_SYMPTOM,S1476
D467,HAS_SYMPTOM,S1477
D467,HAS_SYMPTOM,S1478
D467,HAS_SYMPTOM,S1479
D467,HAS_SYMPTOM,S1480
D467,HAS_CAUSE,CA1202
RF399,INCREASES_RISK_OF,D467
RF400,INCREASES_RISK_OF,D467
RF401,INCREASES_RISK_OF,D467
RF402,INCREASES_RISK_OF,D467
D467,MANAGED_BY,TR823
D467,MANAGED_BY,TR824
D467,MANAGED_BY,TR825
D467,DIAGNOSED_BY,T660
D467,DIAGNOSED_BY,T021
D467,DIAGNOSED_BY,T661
D467,DIAGNOSED_BY,T662
D467,CAN_CAUSE,C366
D467,CAN_CAUSE,C367
D468,HAS_SYMPTOM,S1481
D468,HAS_SYMPTOM,S1482
D468,HAS_SYMPTOM,S1483
D468,HAS_SYMPTOM,S1484
D468,HAS_CAUSE,CA1203
D468,HAS_CAUSE,CA1204
D468,HAS_CAUSE,CA1205
D468,HAS_CAUSE,CA1206
D468,DIAGNOSED_BY,T663
D469,HAS_SYMPTOM,S1485
D469,HAS_SYMPTOM,S1115
D469,HAS_SYMPTOM,S1486
D469,HAS_SYMPTOM,S1487
D469,HAS_SYMPTOM,S1488
D469,HAS_SYMPTOM,S1489
D469,HAS_SYMPTOM,S1490
D469,HAS_SYMPTOM,S1491
D469,HAS_SYMPTOM,S1492
D469,HAS_SYMPTOM,S1493
D469,HAS_SYMPTOM,S1280
D469,HAS_SYMPTOM,S1494
D470,HAS_SYMPTOM,S1495
D470,HAS_SYMPTOM,S1496
D470,HAS_SYMPTOM,S648
D470,HAS_SYMPTOM,S1497
D470,HAS_SYMPTOM,S1498
D470,HAS_SYMPTOM,S1499
D470,HAS_SYMPTOM,S1500
D471,HAS_SYMPTOM,S436
D471,HAS_SYMPTOM,S079
D471,MANAGED_BY,TR826
D471,DIAGNOSED_BY,T005
D471,DIAGNOSED_BY,T051
D471,DIAGNOSED_BY,T225
D471,DIAGNOSED_BY,T379
D471,MANAGED_BY,TR827
D471,MANAGED_BY,TR828
D471,MANAGED_BY,TR829
RF403,INCREASES_RISK_OF,D473
RF404,INCREASES_RISK_OF,D473
D474,HAS_SYMPTOM,S1501
D474,HAS_SYMPTOM,S186
D474,HAS_SYMPTOM,S1502
D474,HAS_SYMPTOM,S356
D474,HAS_SYMPTOM,S1503
D475,HAS_SYMPTOM,S1504
D475,HAS_SYMPTOM,S1505
D475,HAS_SYMPTOM,S052
D475,HAS_SYMPTOM,S574
D475,HAS_SYMPTOM,S1506
D475,HAS_SYMPTOM,S1507
D475,HAS_SYMPTOM,S243
D475,HAS_SYMPTOM,S1508
D477,HAS_SYMPTOM,S1509
D477,HAS_SYMPTOM,S1510
D477,HAS_SYMPTOM,S1511
D477,HAS_CAUSE,CA1207
D477,HAS_CAUSE,CA320
D477,HAS_CAUSE,CA1208
RF405,INCREASES_RISK_OF,D477
RF406,INCREASES_RISK_OF,D477
RF407,INCREASES_RISK_OF,D477
D477,MANAGED_BY,TR233
D478,HAS_SYMPTOM,S127
D478,HAS_SYMPTOM,S354
D478,HAS_SYMPTOM,S094
D478,HAS_SYMPTOM,S1512
D478,HAS_SYMPTOM,S128
D478,HAS_SYMPTOM,S616
D478,HAS_SYMPTOM,S052
D478,HAS_SYMPTOM,S663
D478,HAS_SYMPTOM,S096
D478,HAS_SYMPTOM,S497
D478,HAS_SYMPTOM,S1513
D478,HAS_SYMPTOM,S403
D479,HAS_SYMPTOM,S1514
D479,HAS_SYMPTOM,S1515
D479,HAS_SYMPTOM,S495
D479,HAS_SYMPTOM,S497
D479,HAS_SYMPTOM,S1516
D479,HAS_SYMPTOM,S1517
D479,HAS_SYMPTOM,S1518
D479,HAS_SYMPTOM,S1519
D480,AFFECTS,O005
D480,HAS_SYMPTOM,S1520
D480,HAS_SYMPTOM,S1521
D480,HAS_SYMPTOM,S1522
D480,HAS_SYMPTOM,S1523
D480,HAS_SYMPTOM,S1524
D480,HAS_SYMPTOM,S1525
D480,HAS_CAUSE,CA1209
D480,HAS_CAUSE,CA1210
D480,HAS_CAUSE,CA1211
D480,MANAGED_BY,TR830
D480,MANAGED_BY,TR831
D480,MANAGED_BY,TR832
D480,MANAGED_BY,TR833
D480,MANAGED_BY,TR834
D480,MANAGED_BY,TR835
D480,DIAGNOSED_BY,T005
D480,DIAGNOSED_BY,T664
D480,DIAGNOSED_BY,T665
D480,DIAGNOSED_BY,T666
D480,DIAGNOSED_BY,T667
D480,CAN_CAUSE,C368
D481,HAS_SYMPTOM,S1526
D481,HAS_SYMPTOM,S128
D481,HAS_SYMPTOM,S711
D481,HAS_SYMPTOM,S1527
D481,HAS_SYMPTOM,S497
D481,HAS_SYMPTOM,S042
D481,HAS_SYMPTOM,S187
D481,HAS_SYMPTOM,S1528
D481,HAS_SYMPTOM,S329
D481,HAS_SYMPTOM,S1529
D482,HAS_SYMPTOM,S1530
D482,HAS_SYMPTOM,S1531
D482,HAS_SYMPTOM,S052
D482,HAS_SYMPTOM,S1532
D482,HAS_SYMPTOM,S1178
D482,HAS_SYMPTOM,S042
D482,HAS_SYMPTOM,S1533
D482,HAS_SYMPTOM,S1534
D482,HAS_SYMPTOM,S1535
D482,HAS_SYMPTOM,S1536
D483,HAS_SYMPTOM,S1537
D483,HAS_SYMPTOM,S1538
D483,HAS_SYMPTOM,S1539
D483,HAS_SYMPTOM,S1540
D483,HAS_SYMPTOM,S1541
D483,HAS_SYMPTOM,S1542
D483,HAS_SYMPTOM,S498
D483,HAS_SYMPTOM,S1543
D483,HAS_SYMPTOM,S1544
D483,HAS_SYMPTOM,S1545
D483,HAS_SYMPTOM,S1546
D483,HAS_SYMPTOM,S126
D484,AFFECTS,O006
D484,HAS_SYMPTOM,S127
D484,HAS_SYMPTOM,S1547
D484,HAS_SYMPTOM,S1548
D484,HAS_SYMPTOM,S1549
D484,HAS_SYMPTOM,S129
D484,HAS_SYMPTOM,S1550
D484,HAS_SYMPTOM,S042
D484,HAS_SYMPTOM,S1542
D484,HAS_SYMPTOM,S442
D484,HAS_SYMPTOM,S328
D484,HAS_SYMPTOM,S1551
D485,HAS_SYMPTOM,S1552
D485,HAS_SYMPTOM,S041
D485,HAS_SYMPTOM,S284
D485,HAS_SYMPTOM,S1553
D485,HAS_CAUSE,CA1212
D485,DIAGNOSED_BY,T668
D485,DIAGNOSED_BY,T669
D485,DIAGNOSED_BY,T670
D485,MANAGED_BY,TR836
D486,HAS_SYMPTOM,S1554
D486,HAS_SYMPTOM,S1555
D486,HAS_SYMPTOM,S1556
D486,HAS_SYMPTOM,S1557
D486,HAS_SYMPTOM,S096
D486,HAS_SYMPTOM,S1558
D486,HAS_SYMPTOM,S1559
D486,HAS_SYMPTOM,S095
D486,HAS_SYMPTOM,S582
D486,HAS_SYMPTOM,S416
D486,HAS_CAUSE,CA378
D486,HAS_CAUSE,CA1213
D486,HAS_CAUSE,CA1214
D486,HAS_CAUSE,CA1215
D486,DIAGNOSED_BY,T671
D486,DIAGNOSED_BY,T672
D486,DIAGNOSED_BY,T005
D486,DIAGNOSED_BY,T191
D486,DIAGNOSED_BY,T673
D486,DIAGNOSED_BY,T500
D486,DIAGNOSED_BY,T674
D486,DIAGNOSED_BY,T675
D486,CAN_CAUSE,C369
D486,CAN_CAUSE,C370
D486,CAN_CAUSE,C371
D486,MANAGED_BY,TR837
D486,MANAGED_BY,TR838
D486,MANAGED_BY,TR839
D486,MANAGED_BY,TR840
D487,HAS_SYMPTOM,S133
D487,HAS_SYMPTOM,S1560
D487,HAS_SYMPTOM,S1561
D487,HAS_SYMPTOM,S1562
D487,HAS_SYMPTOM,S1563
D487,HAS_SYMPTOM,S1564
D487,HAS_SYMPTOM,S1565
D487,HAS_SYMPTOM,S1566
D487,HAS_SYMPTOM,S1567
D487,HAS_SYMPTOM,S1568
D487,HAS_CAUSE,CA1216
D487,HAS_CAUSE,CA1217
D487,HAS_CAUSE,CA1218
D487,HAS_CAUSE,CA142
D487,HAS_CAUSE,CA1219
D487,HAS_CAUSE,CA187
D487,HAS_CAUSE,CA1220
D487,HAS_CAUSE,CA1221
D487,HAS_CAUSE,CA210
D487,HAS_CAUSE,CA1222
D487,HAS_CAUSE,CA1223
D487,HAS_CAUSE,CA1224
RF408,INCREASES_RISK_OF,D487
D487,MANAGED_BY,TR841
D487,MANAGED_BY,TR842
D487,MANAGED_BY,TR843
D487,MANAGED_BY,TR844
D487,MANAGED_BY,TR694
D487,MANAGED_BY,TR845
D487,MANAGED_BY,TR846
D487,MANAGED_BY,TR847
D487,MANAGED_BY,TR848
D487,DIAGNOSED_BY,T676
D487,DIAGNOSED_BY,T051
D487,DIAGNOSED_BY,T394
D487,DIAGNOSED_BY,T677
D487,DIAGNOSED_BY,T005
D487,DIAGNOSED_BY,T678
D487,CAN_CAUSE,C372
D488,AFFECTS,O004
D488,HAS_SYMPTOM,S1569
D488,HAS_SYMPTOM,S1570
D488,HAS_SYMPTOM,S1571
D488,HAS_CAUSE,CA1225
D488,HAS_CAUSE,CA1226
D488,HAS_CAUSE,CA1227
D488,HAS_CAUSE,CA1228
D488,HAS_CAUSE,CA222
D488,HAS_CAUSE,CA1229
D488,MANAGED_BY,TR849
D488,DIAGNOSED_BY,T679
D488,DIAGNOSED_BY,T327
D488,DIAGNOSED_BY,T680
D488,DIAGNOSED_BY,T681
D488,DIAGNOSED_BY,T682
D488,CAN_CAUSE,C287
D488,CAN_CAUSE,C373
D488,MANAGED_BY,TR850
D489,AFFECTS,O004
D489,HAS_SYMPTOM,S1572
D489,MANAGED_BY,TR851
D489,MANAGED_BY,TR852
D489,DIAGNOSED_BY,T683
D489,DIAGNOSED_BY,T684
D490,HAS_SYMPTOM,S1573
D490,HAS_SYMPTOM,S1574
D490,HAS_SYMPTOM,S1575
D491,AFFECTS,O019
D491,HAS_SYMPTOM,S1576
D491,HAS_SYMPTOM,S1577
D491,HAS_SYMPTOM,S1578
D491,HAS_CAUSE,CA1230
D491,HAS_CAUSE,CA1231
D491,HAS_CAUSE,CA1232
D491,HAS_CAUSE,CA1233
D491,HAS_CAUSE,CA1234
D491,HAS_CAUSE,CA1235
D491,HAS_CAUSE,CA656
D491,HAS_CAUSE,CA1236
D491,HAS_CAUSE,CA1237
D491,HAS_CAUSE,CA1238
D491,HAS_CAUSE,CA378
RF409,INCREASES_RISK_OF,D491
D491,MANAGED_BY,TR853
D491,MANAGED_BY,TR854
D491,DIAGNOSED_BY,T685
D491,DIAGNOSED_BY,T686
D491,DIAGNOSED_BY,T687
D491,DIAGNOSED_BY,T688
D491,MANAGED_BY,TR855
D491,MANAGED_BY,TR856
D491,MANAGED_BY,TR857
D491,MANAGED_BY,TR858
D491,MANAGED_BY,TR859
D491,MANAGED_BY,TR860
D491,MANAGED_BY,TR861
D491,MANAGED_BY,TR862
D491,MANAGED_BY,TR863
D492,AFFECTS,O004
D492,HAS_SYMPTOM,S1579
D492,HAS_SYMPTOM,S1580
D492,HAS_SYMPTOM,S1581
D492,HAS_SYMPTOM,S1582
D492,MANAGED_BY,TR864
D492,CAN_CAUSE,C374
D493,HAS_SYMPTOM,S1583
D493,HAS_SYMPTOM,S1584
D493,HAS_SYMPTOM,S132
D493,HAS_SYMPTOM,S095
D493,HAS_SYMPTOM,S046
D493,HAS_SYMPTOM,S1585
D493,HAS_SYMPTOM,S133
D493,HAS_SYMPTOM,S663
D493,HAS_SYMPTOM,S1586
D493,HAS_SYMPTOM,S141
D493,HAS_SYMPTOM,S1587
D493,HAS_SYMPTOM,S1588
D493,HAS_CAUSE,CA1239
D493,HAS_CAUSE,CA1240
RF410,INCREASES_RISK_OF,D493
D494,HAS_SYMPTOM,S133
D494,HAS_SYMPTOM,S041
D494,HAS_SYMPTOM,S1589
D494,HAS_SYMPTOM,S1590
D494,HAS_SYMPTOM,S1591
D494,HAS_CAUSE,CA1241
D494,HAS_CAUSE,CA1242
D494,HAS_CAUSE,CA1243
D494,MANAGED_BY,TR865
D494,MANAGED_BY,TR866
D494,MANAGED_BY,TR867
D494,CAN_CAUSE,C375
D494,CAN_CAUSE,C376
D494,CAN_CAUSE,C377
D494,CAN_CAUSE,C378
D494,CAN_CAUSE,C379
D495,HAS_SYMPTOM,S1592
D495,HAS_SYMPTOM,S1593
D495,HAS_CAUSE,CA1244
D495,HAS_CAUSE,CA1245
D495,HAS_CAUSE,CA1246
D495,HAS_CAUSE,CA1247
D495,HAS_CAUSE,CA1248
D495,HAS_CAUSE,CA1249
D495,MANAGED_BY,TR868
D495,DIAGNOSED_BY,T689
D495,DIAGNOSED_BY,T690
D495,DIAGNOSED_BY,T132
D495,DIAGNOSED_BY,T691
D495,DIAGNOSED_BY,T480
D495,DIAGNOSED_BY,T692
D495,DIAGNOSED_BY,T052
D495,DIAGNOSED_BY,T005
D495,DIAGNOSED_BY,T693
D495,CAN_CAUSE,C380
D495,CAN_CAUSE,C381
D495,MANAGED_BY,TR869
D496,HAS_SYMPTOM,S1594
D496,HAS_SYMPTOM,S1595
RF411,INCREASES_RISK_OF,D496
D498,AFFECTS,O001
D499,AFFECTS,O001
D499,HAS_SYMPTOM,S1596
D499,HAS_SYMPTOM,S1597
D499,HAS_SYMPTOM,S1598
D499,HAS_SYMPTOM,S1599
D499,HAS_CAUSE,CA1250
D499,DIAGNOSED_BY,T694
D499,DIAGNOSED_BY,T695
D499,DIAGNOSED_BY,T696
D499,DIAGNOSED_BY,T548
D499,DIAGNOSED_BY,T697
D499,DIAGNOSED_BY,T005
D499,DIAGNOSED_BY,T052
D499,CAN_CAUSE,C382
D499,CAN_CAUSE,C250
D499,CAN_CAUSE,C383
D499,CAN_CAUSE,C384
D500,AFFECTS,O001
D500,HAS_SYMPTOM,S1600
D500,HAS_SYMPTOM,S1601
D500,HAS_SYMPTOM,S046
D500,HAS_SYMPTOM,S1602
D500,HAS_SYMPTOM,S045
D500,MANAGED_BY,TR870
D500,MANAGED_BY,TR871
D500,MANAGED_BY,TR872
D500,CAN_CAUSE,C385
D500,CAN_CAUSE,C386
D500,CAN_CAUSE,C387
D500,CAN_CAUSE,C287
D500,CAN_CAUSE,C388
D500,MANAGED_BY,TR873
D501,AFFECTS,O001
D501,HAS_SYMPTOM,S1603
D501,HAS_SYMPTOM,S440
D501,HAS_SYMPTOM,S1068
D501,HAS_SYMPTOM,S052
D501,HAS_SYMPTOM,S1604
D501,HAS_SYMPTOM,S1169
D501,HAS_SYMPTOM,S1605
D501,HAS_SYMPTOM,S1606
D501,HAS_SYMPTOM,S1607
D501,HAS_SYMPTOM,S1608
D502,AFFECTS,O001
D503,AFFECTS,O001
D503,HAS_SYMPTOM,S1609
D503,HAS_SYMPTOM,S681
D503,HAS_SYMPTOM,S1610
D503,HAS_SYMPTOM,S1611
D503,HAS_SYMPTOM,S1612
D503,HAS_SYMPTOM,S1613
D503,HAS_SYMPTOM,S1614
D503,HAS_SYMPTOM,S419
D503,HAS_SYMPTOM,S077
D503,HAS_SYMPTOM,S1615
D503,HAS_SYMPTOM,S1127
D503,HAS_SYMPTOM,S1616
D503,HAS_CAUSE,CA1251
D503,HAS_CAUSE,CA1252
D503,HAS_CAUSE,CA1253
D503,HAS_CAUSE,CA607
D503,HAS_CAUSE,CA1254
D503,HAS_CAUSE,CA1255
D503,HAS_CAUSE,CA1256
D503,HAS_CAUSE,CA1257
D503,HAS_CAUSE,CA1258
D503,HAS_CAUSE,CA1099
D503,HAS_CAUSE,CA1259
D503,DIAGNOSED_BY,T344
D503,DIAGNOSED_BY,T351
D503,DIAGNOSED_BY,T005
D503,DIAGNOSED_BY,T051
D503,DIAGNOSED_BY,T698
D503,DIAGNOSED_BY,T699
D503,CAN_CAUSE,C134
D503,CAN_CAUSE,C220
D503,CAN_CAUSE,C154
D503,CAN_CAUSE,C198
D503,CAN_CAUSE,C013
D504,AFFECTS,O001
D504,HAS_SYMPTOM,S045
D504,HAS_SYMPTOM,S1617
D504,HAS_SYMPTOM,S1618
D504,HAS_SYMPTOM,S292
D504,HAS_SYMPTOM,S1619
D504,HAS_SYMPTOM,S205
D504,HAS_SYMPTOM,S207
D504,HAS_SYMPTOM,S679
D504,HAS_SYMPTOM,S1620
D504,HAS_SYMPTOM,S1621
D504,HAS_SYMPTOM,S1622
D504,HAS_CAUSE,CA1260
D504,HAS_CAUSE,CA1261
D504,HAS_CAUSE,CA1262
D504,MANAGED_BY,TR874
D504,MANAGED_BY,TR875
D504,MANAGED_BY,TR876
D504,MANAGED_BY,TR877
D504,MANAGED_BY,TR878
D504,MANAGED_BY,TR879
D504,MANAGED_BY,TR880
D504,MANAGED_BY,TR881
D504,MANAGED_BY,TR392
D504,MANAGED_BY,TR882
D504,MANAGED_BY,TR883
D504,DIAGNOSED_BY,T431
D504,DIAGNOSED_BY,T005
D504,DIAGNOSED_BY,T051
D504,DIAGNOSED_BY,T698
D504,DIAGNOSED_BY,T052
D504,DIAGNOSED_BY,T700
D504,CAN_CAUSE,C181
D504,CAN_CAUSE,C157
D504,CAN_CAUSE,C389
D504,MANAGED_BY,TR884
D504,MANAGED_BY,TR885
D504,MANAGED_BY,TR886
D504,MANAGED_BY,TR887
D504,MANAGED_BY,TR175
D504,MANAGED_BY,TR888
D505,AFFECTS,O001
D505,AFFECTS,O005
D505,HAS_SYMPTOM,S1623
D505,HAS_SYMPTOM,S1624
D505,HAS_SYMPTOM,S1625
D505,HAS_SYMPTOM,S1626
D505,HAS_SYMPTOM,S1627
D505,HAS_SYMPTOM,S1628
D505,HAS_SYMPTOM,S1629
RF412,INCREASES_RISK_OF,D505
RF413,INCREASES_RISK_OF,D505
RF414,INCREASES_RISK_OF,D505
RF415,INCREASES_RISK_OF,D505
RF416,INCREASES_RISK_OF,D505
RF417,INCREASES_RISK_OF,D505
D505,MANAGED_BY,TR889
D505,MANAGED_BY,TR890
D505,MANAGED_BY,TR891
D505,MANAGED_BY,TR892
D507,AFFECTS,O001
D507,HAS_SYMPTOM,S1630
D507,HAS_SYMPTOM,S132
D507,HAS_CAUSE,CA1263
D507,HAS_CAUSE,CA512
D507,HAS_CAUSE,CA1264
D507,HAS_CAUSE,CA400
D507,HAS_CAUSE,CA1265
D507,HAS_CAUSE,CA390
D507,HAS_CAUSE,CA1266
D507,HAS_CAUSE,CA1267
D507,HAS_CAUSE,CA1268
RF418,INCREASES_RISK_OF,D507
RF419,INCREASES_RISK_OF,D507
RF420,INCREASES_RISK_OF,D507
D507,DIAGNOSED_BY,T005
D507,DIAGNOSED_BY,T701
D507,DIAGNOSED_BY,T302
D507,DIAGNOSED_BY,T702
D507,DIAGNOSED_BY,T703
D507,CAN_CAUSE,C390
D507,MANAGED_BY,TR892
D507,MANAGED_BY,TR893
D507,MANAGED_BY,TR894
D507,MANAGED_BY,TR895
D507,MANAGED_BY,TR896
D507,MANAGED_BY,TR897
D507,MANAGED_BY,TR898
D507,MANAGED_BY,TR175
D509,HAS_SYMPTOM,S1631
D509,HAS_SYMPTOM,S1632
D509,HAS_SYMPTOM,S1633
D509,HAS_SYMPTOM,S1634
D509,HAS_SYMPTOM,S1635
D509,HAS_CAUSE,CA390
D509,HAS_CAUSE,CA1269
D509,HAS_CAUSE,CA1270
D509,HAS_CAUSE,CA222
D509,HAS_CAUSE,CA187
D509,HAS_CAUSE,CA1271
D509,HAS_CAUSE,CA1272
D509,HAS_CAUSE,CA1273
RF421,INCREASES_RISK_OF,D509
RF422,INCREASES_RISK_OF,D509
RF423,INCREASES_RISK_OF,D509
RF424,INCREASES_RISK_OF,D509
RF425,INCREASES_RISK_OF,D509
RF426,INCREASES_RISK_OF,D509
RF427,INCREASES_RISK_OF,D509
D509,MANAGED_BY,TR899
D509,MANAGED_BY,TR900
D509,MANAGED_BY,TR901
D509,DIAGNOSED_BY,T005
D509,CAN_CAUSE,C391
D509,CAN_CAUSE,C392
D509,CAN_CAUSE,C393
D509,CAN_CAUSE,C394
D509,MANAGED_BY,TR902
D509,MANAGED_BY,TR903
D509,MANAGED_BY,TR904
D510,HAS_SYMPTOM,S1636
D510,HAS_SYMPTOM,S1637
D510,HAS_SYMPTOM,S1638
D510,HAS_CAUSE,CA1274
D510,HAS_CAUSE,CA1275
D510,HAS_CAUSE,CA1276
D510,HAS_CAUSE,CA1277
D510,HAS_CAUSE,CA1278
RF116,INCREASES_RISK_OF,D510
RF428,INCREASES_RISK_OF,D510
RF429,INCREASES_RISK_OF,D510
RF430,INCREASES_RISK_OF,D510
RF431,INCREASES_RISK_OF,D510
RF432,INCREASES_RISK_OF,D510
D511,HAS_SYMPTOM,S467
D511,HAS_SYMPTOM,S045
D511,HAS_SYMPTOM,S052
D511,HAS_SYMPTOM,S1639
D511,HAS_SYMPTOM,S393
D511,HAS_SYMPTOM,S1640
D511,HAS_SYMPTOM,S1641
D512,HAS_SYMPTOM,S1642
D512,HAS_SYMPTOM,S1643
D512,HAS_SYMPTOM,S1644
D512,HAS_SYMPTOM,S331
D512,HAS_SYMPTOM,S131
D512,HAS_CAUSE,CA1279
D512,MANAGED_BY,TR905
D512,MANAGED_BY,TR803
D512,MANAGED_BY,TR906
D512,MANAGED_BY,TR907
D512,CAN_CAUSE,C395
D512,MANAGED_BY,TR908
D512,MANAGED_BY,TR909
D513,AFFECTS,O017
D513,HAS_SYMPTOM,S1645
D513,HAS_SYMPTOM,S1646
D513,HAS_SYMPTOM,S1647
D513,HAS_SYMPTOM,S1648
D513,HAS_SYMPTOM,S1649
D513,HAS_SYMPTOM,S1650
D513,HAS_CAUSE,CA1280
D513,HAS_CAUSE,CA1281
D513,HAS_CAUSE,CA1282
D513,HAS_CAUSE,CA1283
D513,HAS_CAUSE,CA1284
D513,MANAGED_BY,TR910
D513,MANAGED_BY,TR911
D513,MANAGED_BY,TR912
D513,MANAGED_BY,TR913
D513,DIAGNOSED_BY,T704
D513,MANAGED_BY,TR914
D514,AFFECTS,O017
D515,AFFECTS,O017
D515,HAS_SYMPTOM,S1651
RF433,INCREASES_RISK_OF,D515
D515,MANAGED_BY,TR915
D516,HAS_SYMPTOM,S292
D516,HAS_SYMPTOM,S1652
D516,HAS_SYMPTOM,S1653
D516,HAS_SYMPTOM,S1654
D516,HAS_SYMPTOM,S1655
D516,HAS_SYMPTOM,S1656
D516,HAS_SYMPTOM,S1657
D516,HAS_SYMPTOM,S766
D516,HAS_SYMPTOM,S1658
D516,HAS_SYMPTOM,S367
D516,HAS_SYMPTOM,S440
D516,HAS_SYMPTOM,S1659
D517,HAS_SYMPTOM,S1660
D517,HAS_SYMPTOM,S1661
D517,HAS_SYMPTOM,S1662
D517,HAS_SYMPTOM,S1663
D517,HAS_SYMPTOM,S041
D517,HAS_SYMPTOM,S1664
D517,HAS_SYMPTOM,S1665
D517,HAS_SYMPTOM,S1666
D517,HAS_CAUSE,CA1285
D517,HAS_CAUSE,CA1286
D517,HAS_CAUSE,CA1287
D517,HAS_CAUSE,CA1288
D517,HAS_CAUSE,CA1289
D517,HAS_CAUSE,CA1290
D517,HAS_CAUSE,CA1291
D517,MANAGED_BY,TR916
D517,MANAGED_BY,TR917
D517,MANAGED_BY,TR918
D517,MANAGED_BY,TR919
D517,MANAGED_BY,TR920
D517,MANAGED_BY,TR921
D517,DIAGNOSED_BY,T371
D517,DIAGNOSED_BY,T705
D517,MANAGED_BY,TR922
D518,HAS_SYMPTOM,S331
D518,HAS_SYMPTOM,S1667
D518,HAS_SYMPTOM,S126
D518,HAS_SYMPTOM,S127
D518,HAS_SYMPTOM,S219
D518,HAS_SYMPTOM,S1668
D518,HAS_SYMPTOM,S130
D518,HAS_SYMPTOM,S1669
D518,HAS_SYMPTOM,S518
D518,HAS_SYMPTOM,S046
D518,HAS_SYMPTOM,S1670
D518,HAS_SYMPTOM,S760
D519,HAS_SYMPTOM,S1671
D519,HAS_CAUSE,CA1292
D519,HAS_CAUSE,CA1293
D519,HAS_CAUSE,CA1294
D519,HAS_CAUSE,CA1295
D519,HAS_CAUSE,CA1296
D519,HAS_CAUSE,CA1297
RF434,INCREASES_RISK_OF,D519
D520,AFFECTS,O002
D520,HAS_SYMPTOM,S1672
D520,HAS_SYMPTOM,S1673
D520,HAS_SYMPTOM,S141
D520,HAS_SYMPTOM,S439
D520,HAS_CAUSE,CA1298
D520,HAS_CAUSE,CA1299
D520,HAS_CAUSE,CA252
D520,HAS_CAUSE,CA1300
D520,DIAGNOSED_BY,T005
D520,DIAGNOSED_BY,T191
D520,DIAGNOSED_BY,T616
D520,DIAGNOSED_BY,T706
D520,DIAGNOSED_BY,T707
D521,AFFECTS,O019
D521,HAS_SYMPTOM,S1674
D521,HAS_SYMPTOM,S1675
D521,HAS_SYMPTOM,S1676
D521,HAS_CAUSE,CA1301
D521,HAS_CAUSE,CA1302
D521,HAS_CAUSE,CA1303
D521,HAS_CAUSE,CA1304
D521,MANAGED_BY,TR352
D521,MANAGED_BY,TR353
D522,HAS_SYMPTOM,S758
D522,HAS_SYMPTOM,S514
D522,HAS_SYMPTOM,S126
D522,HAS_SYMPTOM,S127
D522,HAS_SYMPTOM,S219
D522,HAS_SYMPTOM,S1677
D522,HAS_SYMPTOM,S1500
D522,HAS_SYMPTOM,S130
D522,HAS_SYMPTOM,S1678
D522,HAS_SYMPTOM,S518
D522,HAS_SYMPTOM,S1679
D523,HAS_SYMPTOM,S1680
D523,HAS_SYMPTOM,S1681
D523,HAS_SYMPTOM,S1682
D523,HAS_SYMPTOM,S1683
D523,HAS_SYMPTOM,S1684
D523,HAS_SYMPTOM,S1685
D523,HAS_SYMPTOM,S1686
D523,HAS_SYMPTOM,S1687
D523,HAS_SYMPTOM,S1688
D523,HAS_SYMPTOM,S1689
D523,HAS_CAUSE,CA1305
D523,HAS_CAUSE,CA1306
D523,HAS_CAUSE,CA1307
D523,HAS_CAUSE,CA1308
D523,HAS_CAUSE,CA1309
D523,HAS_CAUSE,CA008
D523,HAS_CAUSE,CA1310
D523,HAS_CAUSE,CA1311
D523,HAS_CAUSE,CA1312
D523,HAS_CAUSE,CA1313
D523,HAS_CAUSE,CA1314
D523,HAS_CAUSE,CA1315
RF116,INCREASES_RISK_OF,D523
RF435,INCREASES_RISK_OF,D523
RF436,INCREASES_RISK_OF,D523
RF437,INCREASES_RISK_OF,D523
RF438,INCREASES_RISK_OF,D523
RF439,INCREASES_RISK_OF,D523
RF440,INCREASES_RISK_OF,D523
D524,HAS_SYMPTOM,S706
D524,HAS_SYMPTOM,S1690
D524,HAS_SYMPTOM,S133
D524,HAS_SYMPTOM,S1691
D524,HAS_SYMPTOM,S1692
D524,HAS_SYMPTOM,S1693
D524,HAS_SYMPTOM,S1694
D524,HAS_SYMPTOM,S1695
D524,HAS_SYMPTOM,S259
D524,HAS_SYMPTOM,S095
D524,HAS_SYMPTOM,S1696
D524,HAS_SYMPTOM,S1697
D524,HAS_CAUSE,CA1316
D524,HAS_CAUSE,CA1317
D524,HAS_CAUSE,CA378
D524,HAS_CAUSE,CA711
D524,HAS_CAUSE,CA001
D524,HAS_CAUSE,CA465
D524,HAS_CAUSE,CA1318
D524,HAS_CAUSE,CA1319
D524,HAS_CAUSE,CA1320
D524,HAS_CAUSE,CA1321
D524,HAS_CAUSE,CA1322
D524,HAS_CAUSE,CA1323
D524,MANAGED_BY,TR132
D524,MANAGED_BY,TR923
D524,DIAGNOSED_BY,T708
D524,DIAGNOSED_BY,T709
D524,DIAGNOSED_BY,T710
D524,DIAGNOSED_BY,T711
D524,DIAGNOSED_BY,T712
D524,CAN_CAUSE,C396
D524,CAN_CAUSE,C397
D524,CAN_CAUSE,C071
D526,HAS_SYMPTOM,S1698
D526,HAS_SYMPTOM,S1699
D526,HAS_CAUSE,CA1324
D526,HAS_CAUSE,CA1325
D526,HAS_CAUSE,CA1326
D526,HAS_CAUSE,CA1327
D526,HAS_CAUSE,CA1328
RF441,INCREASES_RISK_OF,D526
RF442,INCREASES_RISK_OF,D526
RF443,INCREASES_RISK_OF,D526
RF444,INCREASES_RISK_OF,D526
RF445,INCREASES_RISK_OF,D526
D527,HAS_SYMPTOM,S1700
D527,HAS_SYMPTOM,S133
D527,HAS_SYMPTOM,S1701
D527,HAS_SYMPTOM,S1702
D527,HAS_SYMPTOM,S1703
D527,HAS_SYMPTOM,S1704
D527,HAS_SYMPTOM,S1705
D527,HAS_SYMPTOM,S042
D527,HAS_CAUSE,CA1329
D527,HAS_CAUSE,CA1330
D527,HAS_CAUSE,CA1331
D527,HAS_CAUSE,CA1332
D527,HAS_CAUSE,CA1333
D527,MANAGED_BY,TR924
D527,DIAGNOSED_BY,T327
D527,DIAGNOSED_BY,T713
D527,DIAGNOSED_BY,T714
D527,CAN_CAUSE,C398
D527,MANAGED_BY,TR925
D528,HAS_SYMPTOM,S1706
D528,HAS_SYMPTOM,S1707
D528,HAS_SYMPTOM,S1708
D528,HAS_SYMPTOM,S1709
D529,HAS_SYMPTOM,S1710
D529,HAS_SYMPTOM,S129
D529,MANAGED_BY,TR926
D529,DIAGNOSED_BY,T715
D529,DIAGNOSED_BY,T716
D529,DIAGNOSED_BY,T717
D529,DIAGNOSED_BY,T718
D529,DIAGNOSED_BY,T125
D529,DIAGNOSED_BY,T719
D529,DIAGNOSED_BY,T720
D529,CAN_CAUSE,C399
D529,MANAGED_BY,TR927
D529,MANAGED_BY,TR928
D530,AFFECTS,O006
D530,AFFECTS,O014
D530,HAS_SYMPTOM,S1711
D530,HAS_CAUSE,CA1334
RF446,INCREASES_RISK_OF,D530
RF447,INCREASES_RISK_OF,D530
D531,AFFECTS,O006
D531,AFFECTS,O002
D531,HAS_SYMPTOM,S1712
D531,HAS_SYMPTOM,S1713
D531,HAS_SYMPTOM,S1714
D531,HAS_SYMPTOM,S1715
D531,HAS_SYMPTOM,S1716
D531,HAS_CAUSE,CA1335
D531,HAS_CAUSE,CA1336
D531,HAS_CAUSE,CA1337
RF448,INCREASES_RISK_OF,D531
RF449,INCREASES_RISK_OF,D531
RF450,INCREASES_RISK_OF,D531
RF451,INCREASES_RISK_OF,D531
RF452,INCREASES_RISK_OF,D531
D531,MANAGED_BY,TR929
D532,HAS_SYMPTOM,S1717
D532,HAS_SYMPTOM,S1718
D532,HAS_SYMPTOM,S1719
D532,HAS_CAUSE,CA1338
D532,CAN_CAUSE,C400
D533,HAS_SYMPTOM,S1720
D533,HAS_SYMPTOM,S1721
D533,HAS_SYMPTOM,S1722
D533,HAS_SYMPTOM,S1723
D533,MANAGED_BY,TR930
D533,DIAGNOSED_BY,T052
D533,DIAGNOSED_BY,T721
D533,DIAGNOSED_BY,T722
D533,CAN_CAUSE,C401
D534,AFFECTS,O001
D535,AFFECTS,O006
D535,AFFECTS,O002
D535,HAS_SYMPTOM,S095
D535,HAS_SYMPTOM,S1724
D535,HAS_SYMPTOM,S1725
D535,HAS_SYMPTOM,S1726
D535,HAS_SYMPTOM,S583
D535,HAS_CAUSE,CA1339
D535,DIAGNOSED_BY,T005
D535,DIAGNOSED_BY,T028
D535,DIAGNOSED_BY,T723
D535,DIAGNOSED_BY,T724
D535,DIAGNOSED_BY,T725
D535,CAN_CAUSE,C402
D535,CAN_CAUSE,C403
D536,AFFECTS,O006
D536,HAS_CAUSE,CA1340
D536,HAS_CAUSE,CA1341
D536,HAS_CAUSE,CA1342
D536,HAS_CAUSE,CA1343
D536,HAS_CAUSE,CA1344
D536,MANAGED_BY,TR931
D536,MANAGED_BY,TR932
D536,MANAGED_BY,TR933
D536,MANAGED_BY,TR934
D536,DIAGNOSED_BY,T726
D536,DIAGNOSED_BY,T727
D536,DIAGNOSED_BY,T005
D536,DIAGNOSED_BY,T191
D536,DIAGNOSED_BY,T728
D536,DIAGNOSED_BY,T315
D536,DIAGNOSED_BY,T729
D536,DIAGNOSED_BY,T730
D536,MANAGED_BY,TR935
D536,MANAGED_BY,TR936
D537,AFFECTS,O006
D537,HAS_SYMPTOM,S1727
D537,HAS_SYMPTOM,S1728
D537,HAS_SYMPTOM,S1729
D537,HAS_SYMPTOM,S1730
D537,HAS_SYMPTOM,S095
D537,HAS_SYMPTOM,S1731
D537,HAS_SYMPTOM,S1732
D537,HAS_SYMPTOM,S1733
D537,HAS_SYMPTOM,S1734
D537,HAS_SYMPTOM,S1735
D537,HAS_SYMPTOM,S1116
D537,HAS_CAUSE,CA1345
D537,HAS_CAUSE,CA1346
D537,HAS_CAUSE,CA1347
RF453,INCREASES_RISK_OF,D537
D537,MANAGED_BY,TR937
D537,MANAGED_BY,TR938
D537,MANAGED_BY,TR939
D537,MANAGED_BY,TR940
D537,MANAGED_BY,TR250
D537,MANAGED_BY,TR941
D537,MANAGED_BY,TR942
D537,MANAGED_BY,TR943
D537,MANAGED_BY,TR944
D537,MANAGED_BY,TR945
D537,MANAGED_BY,TR946
D537,MANAGED_BY,TR947
D537,DIAGNOSED_BY,T005
D537,DIAGNOSED_BY,T191
D537,DIAGNOSED_BY,T731
D537,DIAGNOSED_BY,T177
D537,DIAGNOSED_BY,T732
D537,CAN_CAUSE,C404
D537,CAN_CAUSE,C405
D537,CAN_CAUSE,C406
D537,CAN_CAUSE,C118
D537,CAN_CAUSE,C407
D537,CAN_CAUSE,C408
D537,CAN_CAUSE,C409
D537,CAN_CAUSE,C410
D537,MANAGED_BY,TR948
D537,MANAGED_BY,TR949
D537,MANAGED_BY,TR950
D537,MANAGED_BY,TR951
D538,AFFECTS,O003
D538,HAS_SYMPTOM,S1736
D538,HAS_SYMPTOM,S1737
D538,HAS_SYMPTOM,S1738
D538,HAS_SYMPTOM,S189
D538,HAS_SYMPTOM,S1739
D538,HAS_SYMPTOM,S133
D538,HAS_SYMPTOM,S1740
D538,HAS_SYMPTOM,S1741
D538,HAS_SYMPTOM,S093
D538,HAS_SYMPTOM,S1742
D538,HAS_SYMPTOM,S1743
D538,HAS_SYMPTOM,S474
D538,HAS_CAUSE,CA1348
D538,HAS_CAUSE,CA1349
D538,HAS_CAUSE,CA1350
D538,HAS_CAUSE,CA1351
RF454,INCREASES_RISK_OF,D538
RF455,INCREASES_RISK_OF,D538
RF456,INCREASES_RISK_OF,D538
RF457,INCREASES_RISK_OF,D538
RF458,INCREASES_RISK_OF,D538
D538,DIAGNOSED_BY,T005
D538,DIAGNOSED_BY,T051
D538,DIAGNOSED_BY,T733
D538,DIAGNOSED_BY,T555
D538,DIAGNOSED_BY,T734
D538,DIAGNOSED_BY,T659
D538,CAN_CAUSE,C411
D538,CAN_CAUSE,C412
D538,CAN_CAUSE,C413
D538,MANAGED_BY,TR952
D538,MANAGED_BY,TR953
D538,MANAGED_BY,TR954
D538,MANAGED_BY,TR955
D538,MANAGED_BY,TR956
D538,MANAGED_BY,TR957
D538,MANAGED_BY,TR958
D538,MANAGED_BY,TR233
D538,MANAGED_BY,TR278
D538,MANAGED_BY,TR959
D539,AFFECTS,O003
D539,HAS_SYMPTOM,S1744
D539,HAS_CAUSE,CA1352
D539,HAS_CAUSE,CA1353
D539,HAS_CAUSE,CA1354
D539,HAS_CAUSE,CA1355
D539,HAS_CAUSE,CA410
D539,HAS_CAUSE,CA1356
D539,HAS_CAUSE,CA1357
D539,MANAGED_BY,TR960
D539,MANAGED_BY,TR961
D539,MANAGED_BY,TR962
D539,MANAGED_BY,TR963
D539,DIAGNOSED_BY,T735
D539,DIAGNOSED_BY,T736
D539,DIAGNOSED_BY,T737
D539,DIAGNOSED_BY,T738
D539,DIAGNOSED_BY,T739
D539,DIAGNOSED_BY,T740
D539,DIAGNOSED_BY,T741
D539,DIAGNOSED_BY,T742
D539,MANAGED_BY,TR964
D540,HAS_SYMPTOM,S1745
D540,HAS_SYMPTOM,S1746
D540,HAS_SYMPTOM,S1747
D540,HAS_SYMPTOM,S1748
D540,HAS_CAUSE,CA1358
RF459,INCREASES_RISK_OF,D540
D541,AFFECTS,O003
D541,HAS_SYMPTOM,S1749
D541,HAS_SYMPTOM,S1750
D541,HAS_SYMPTOM,S1751
D541,HAS_SYMPTOM,S1752
D541,HAS_CAUSE,CA1359
D541,HAS_CAUSE,CA1360
D541,HAS_CAUSE,CA1361
D541,DIAGNOSED_BY,T743
D541,DIAGNOSED_BY,T744
D541,DIAGNOSED_BY,T745
D541,MANAGED_BY,TR965
D542,HAS_SYMPTOM,S1753
D542,HAS_SYMPTOM,S1754
D542,HAS_SYMPTOM,S1755
D542,HAS_SYMPTOM,S1756
D542,HAS_SYMPTOM,S1757
D542,HAS_SYMPTOM,S1758
D542,HAS_SYMPTOM,S1759
D542,HAS_SYMPTOM,S1760
D542,HAS_SYMPTOM,S1761
D542,HAS_CAUSE,CA1362
D542,HAS_CAUSE,CA1363
D542,HAS_CAUSE,CA1364
D542,HAS_CAUSE,CA1365
D542,DIAGNOSED_BY,T207
D542,CAN_CAUSE,C414
D543,AFFECTS,O003
D543,HAS_SYMPTOM,S1762
D543,HAS_SYMPTOM,S1763
D543,HAS_SYMPTOM,S1764
D543,HAS_SYMPTOM,S1765
D543,HAS_SYMPTOM,S1766
D543,HAS_SYMPTOM,S1185
D543,HAS_SYMPTOM,S1767
D543,HAS_CAUSE,CA1366
D543,HAS_CAUSE,CA1367
D543,HAS_CAUSE,CA1221
D543,HAS_CAUSE,CA1368
D543,HAS_CAUSE,CA1369
D543,HAS_CAUSE,CA1370
D543,HAS_CAUSE,CA1371
D543,HAS_CAUSE,CA1372
D543,HAS_CAUSE,CA1373
D543,HAS_CAUSE,CA1374
RF460,INCREASES_RISK_OF,D543
D543,DIAGNOSED_BY,T746
D543,DIAGNOSED_BY,T747
D543,DIAGNOSED_BY,T748
D543,CAN_CAUSE,C415
D544,AFFECTS,O003
D546,HAS_SYMPTOM,S1768
D546,HAS_SYMPTOM,S1769
D546,HAS_CAUSE,CA1375
RF461,INCREASES_RISK_OF,D546
RF462,INCREASES_RISK_OF,D546
RF463,INCREASES_RISK_OF,D546
RF464,INCREASES_RISK_OF,D546
RF465,INCREASES_RISK_OF,D546
RF466,INCREASES_RISK_OF,D546
D546,MANAGED_BY,TR966
D546,MANAGED_BY,TR967
D546,MANAGED_BY,TR968
D546,MANAGED_BY,TR969
D546,DIAGNOSED_BY,T749
D546,DIAGNOSED_BY,T750
D546,DIAGNOSED_BY,T751
D546,DIAGNOSED_BY,T752
D546,DIAGNOSED_BY,T753
D546,DIAGNOSED_BY,T052
D546,DIAGNOSED_BY,T754
D546,CAN_CAUSE,C416
D546,CAN_CAUSE,C417
D546,CAN_CAUSE,C418
D546,CAN_CAUSE,C294
D546,CAN_CAUSE,C134
D546,CAN_CAUSE,C419
D546,MANAGED_BY,TR970
D547,HAS_SYMPTOM,S1770
D547,HAS_SYMPTOM,S1771
D547,MANAGED_BY,TR971
D547,DIAGNOSED_BY,T755
D547,DIAGNOSED_BY,T756
D547,DIAGNOSED_BY,T757
D547,CAN_CAUSE,C420
D547,MANAGED_BY,TR972
D547,MANAGED_BY,TR973
D548,HAS_SYMPTOM,S1772
D548,HAS_SYMPTOM,S1773
D548,HAS_SYMPTOM,S1774
D548,HAS_SYMPTOM,S1775
D548,HAS_SYMPTOM,S1776
D548,HAS_SYMPTOM,S1777
D548,HAS_SYMPTOM,S1778
D548,HAS_SYMPTOM,S1779
D548,HAS_CAUSE,CA1376
D548,HAS_CAUSE,CA1377
D548,HAS_CAUSE,CA304
D548,HAS_CAUSE,CA305
D548,HAS_CAUSE,CA184
D548,HAS_CAUSE,CA131
D548,HAS_CAUSE,CA1378
D548,HAS_CAUSE,CA1379
D548,MANAGED_BY,TR974
D548,DIAGNOSED_BY,T758
D548,CAN_CAUSE,C421
D548,MANAGED_BY,TR975
D550,HAS_SYMPTOM,S1780
D550,MANAGED_BY,TR976
D550,MANAGED_BY,TR977
D550,MANAGED_BY,TR978
D550,MANAGED_BY,TR979
D550,DIAGNOSED_BY,T759
D550,DIAGNOSED_BY,T760
D550,DIAGNOSED_BY,T761
D550,DIAGNOSED_BY,T762
D550,DIAGNOSED_BY,T763
D550,DIAGNOSED_BY,T580
D550,DIAGNOSED_BY,T005
D550,DIAGNOSED_BY,T764
D550,CAN_CAUSE,C422
D550,MANAGED_BY,TR980
D551,HAS_CAUSE,CA1380
RF116,INCREASES_RISK_OF,D551
D551,DIAGNOSED_BY,T765
D551,DIAGNOSED_BY,T766
D551,CAN_CAUSE,C423
D551,CAN_CAUSE,C424
D551,CAN_CAUSE,C425
D551,MANAGED_BY,TR981
D552,HAS_SYMPTOM,S1781
D552,HAS_SYMPTOM,S1782
D552,MANAGED_BY,TR982
D552,MANAGED_BY,TR983
D552,DIAGNOSED_BY,T767
D553,HAS_SYMPTOM,S1783
D553,HAS_SYMPTOM,S1784
D553,HAS_SYMPTOM,S1785
D553,HAS_SYMPTOM,S1100
D553,HAS_SYMPTOM,S095
D553,HAS_SYMPTOM,S1786
D553,HAS_CAUSE,CA001
D553,HAS_CAUSE,CA1381
D553,MANAGED_BY,TR984
D553,MANAGED_BY,TR985
D553,DIAGNOSED_BY,T768
D553,DIAGNOSED_BY,T071
D553,DIAGNOSED_BY,T769
D553,DIAGNOSED_BY,T770
D553,DIAGNOSED_BY,T771
D553,CAN_CAUSE,C426
D553,CAN_CAUSE,C427
D553,CAN_CAUSE,C428
D553,MANAGED_BY,TR986
D553,MANAGED_BY,TR987
D554,HAS_SYMPTOM,S127
D554,HAS_SYMPTOM,S1787
D554,HAS_SYMPTOM,S1491
D554,HAS_SYMPTOM,S1788
D554,HAS_SYMPTOM,S141
D554,HAS_SYMPTOM,S1789
D554,HAS_SYMPTOM,S096
D554,HAS_SYMPTOM,S042
D554,HAS_SYMPTOM,S1790
D554,HAS_SYMPTOM,S1791
D554,HAS_SYMPTOM,S1792
D554,MANAGED_BY,TR988
D554,MANAGED_BY,TR989
D554,MANAGED_BY,TR990
D555,AFFECTS,O007
D555,HAS_CAUSE,CA1382
D555,MANAGED_BY,TR991
D555,MANAGED_BY,TR992
D555,MANAGED_BY,TR993
D555,MANAGED_BY,TR994
D555,DIAGNOSED_BY,T225
D555,DIAGNOSED_BY,T772
D555,DIAGNOSED_BY,T051
D555,DIAGNOSED_BY,T773
D555,DIAGNOSED_BY,T774
D555,CAN_CAUSE,C429
D555,MANAGED_BY,TR995
D556,AFFECTS,O006
D556,HAS_SYMPTOM,S1793
D556,HAS_SYMPTOM,S1794
D556,HAS_CAUSE,CA1383
D557,HAS_CAUSE,CA1384
D557,HAS_CAUSE,CA289
D557,HAS_CAUSE,CA1385
D559,AFFECTS,O002
D559,HAS_SYMPTOM,S1795
D559,HAS_SYMPTOM,S1796
D559,MANAGED_BY,TR996
D559,MANAGED_BY,TR997
D559,CAN_CAUSE,C430
D559,CAN_CAUSE,C431
D559,CAN_CAUSE,C432
D560,HAS_SYMPTOM,S1797
D560,HAS_SYMPTOM,S1798
D560,HAS_SYMPTOM,S1799
D560,HAS_SYMPTOM,S540
D560,HAS_SYMPTOM,S1800
D560,HAS_CAUSE,CA1386
D560,HAS_CAUSE,CA1387
D560,HAS_CAUSE,CA1388
D560,HAS_CAUSE,CA1389
D560,HAS_CAUSE,CA1390
D560,HAS_CAUSE,CA1391
D562,HAS_SYMPTOM,S1801
D562,HAS_SYMPTOM,S1802
D562,HAS_SYMPTOM,S1803
D562,HAS_CAUSE,CA1392
RF467,INCREASES_RISK_OF,D562
D563,HAS_SYMPTOM,S1804
D563,HAS_SYMPTOM,S1805
D563,HAS_SYMPTOM,S1806
D563,HAS_SYMPTOM,S1807
D563,HAS_CAUSE,CA1393
D563,MANAGED_BY,TR998
D563,DIAGNOSED_BY,T775
D563,CAN_CAUSE,C086
D563,CAN_CAUSE,C433
D563,CAN_CAUSE,C434
D563,CAN_CAUSE,C117
D563,CAN_CAUSE,C435
D563,MANAGED_BY,TR059
D563,MANAGED_BY,TR999
D564,HAS_SYMPTOM,S1808
D564,HAS_SYMPTOM,S1809
D564,DIAGNOSED_BY,T776
D564,DIAGNOSED_BY,T777
D565,HAS_SYMPTOM,S1810
D565,HAS_SYMPTOM,S1811
RF468,INCREASES_RISK_OF,D565
RF469,INCREASES_RISK_OF,D565
D565,MANAGED_BY,TR1000
D565,MANAGED_BY,TR1001
D565,MANAGED_BY,TR1002
D565,MANAGED_BY,TR1003
D565,MANAGED_BY,TR1004
D566,HAS_SYMPTOM,S1812
D566,HAS_SYMPTOM,S1813
D566,HAS_SYMPTOM,S1814
D566,HAS_SYMPTOM,S1815
D566,HAS_SYMPTOM,S1816
D566,HAS_SYMPTOM,S1817
D566,HAS_SYMPTOM,S1818
D566,HAS_SYMPTOM,S1819
D566,HAS_SYMPTOM,S1820
D566,HAS_SYMPTOM,S1821
D566,HAS_SYMPTOM,S1822
D566,HAS_SYMPTOM,S1823
RF470,INCREASES_RISK_OF,D566
RF471,INCREASES_RISK_OF,D566
RF472,INCREASES_RISK_OF,D566
RF473,INCREASES_RISK_OF,D566
RF474,INCREASES_RISK_OF,D566
RF475,INCREASES_RISK_OF,D566
D566,MANAGED_BY,TR1005
D567,HAS_SYMPTOM,S1824
D567,HAS_SYMPTOM,S1825
D567,HAS_SYMPTOM,S1826
D567,HAS_SYMPTOM,S1827
D567,HAS_SYMPTOM,S1828
D567,HAS_SYMPTOM,S1829
D567,HAS_SYMPTOM,S1830
D567,HAS_SYMPTOM,S1831
D567,MANAGED_BY,TR1006
D567,MANAGED_BY,TR1007
D567,MANAGED_BY,TR1008
D568,HAS_SYMPTOM,S1832
D568,HAS_SYMPTOM,S1833
D568,HAS_SYMPTOM,S1834
D568,HAS_SYMPTOM,S1835
D568,HAS_SYMPTOM,S1836
D568,HAS_SYMPTOM,S1837
D568,HAS_SYMPTOM,S1838
D568,HAS_SYMPTOM,S1839
D568,HAS_SYMPTOM,S1840
D568,HAS_SYMPTOM,S1841
D568,HAS_SYMPTOM,S1842
D568,HAS_SYMPTOM,S1843
D568,HAS_CAUSE,CA1394
D568,HAS_CAUSE,CA1395
D568,HAS_CAUSE,CA1396
D568,MANAGED_BY,TR1006
D568,MANAGED_BY,TR1007
D568,MANAGED_BY,TR1008
D569,HAS_SYMPTOM,S1844
D569,HAS_SYMPTOM,S1845
D569,HAS_CAUSE,CA1397
RF476,INCREASES_RISK_OF,D569
RF477,INCREASES_RISK_OF,D569
D569,MANAGED_BY,TR1009
D569,MANAGED_BY,TR1010
D570,HAS_SYMPTOM,S1846
D570,HAS_SYMPTOM,S1847
D570,HAS_SYMPTOM,S1401
D570,HAS_CAUSE,CA1398
D570,HAS_CAUSE,CA1399
D571,HAS_SYMPTOM,S1848
D571,HAS_SYMPTOM,S1849
D571,HAS_SYMPTOM,S1850
D571,HAS_SYMPTOM,S1851
D571,HAS_SYMPTOM,S1852
D571,HAS_CAUSE,CA1400
D571,HAS_CAUSE,CA1401
RF478,INCREASES_RISK_OF,D571
RF479,INCREASES_RISK_OF,D571
D572,HAS_CAUSE,CA1402
D572,HAS_CAUSE,CA1403
D573,HAS_SYMPTOM,S636
D573,HAS_SYMPTOM,S1853
D573,HAS_SYMPTOM,S1854
D573,HAS_SYMPTOM,S1855
D573,HAS_SYMPTOM,S1856
D573,HAS_SYMPTOM,S1764
D573,HAS_SYMPTOM,S1857
D573,HAS_SYMPTOM,S1858
D573,HAS_CAUSE,CA1404
D573,HAS_CAUSE,CA1405
D573,DIAGNOSED_BY,T778
D573,DIAGNOSED_BY,T779
D573,DIAGNOSED_BY,T780
D573,DIAGNOSED_BY,T781
D573,DIAGNOSED_BY,T782
D574,HAS_SYMPTOM,S1859
D574,HAS_SYMPTOM,S1860
D574,HAS_SYMPTOM,S1861
D574,HAS_SYMPTOM,S1862
D574,HAS_SYMPTOM,S1863
D574,HAS_CAUSE,CA1406
D574,HAS_CAUSE,CA1404
D574,HAS_CAUSE,CA1405
D574,MANAGED_BY,TR1011
D574,MANAGED_BY,TR1012
D574,MANAGED_BY,TR1013
D575,HAS_SYMPTOM,S1864
D575,HAS_SYMPTOM,S1865
D575,HAS_SYMPTOM,S1866
D575,HAS_SYMPTOM,S1867
D575,HAS_SYMPTOM,S1868
D575,HAS_CAUSE,CA152
D575,MANAGED_BY,TR1014
D575,MANAGED_BY,TR1015
D576,HAS_SYMPTOM,S1869
D576,HAS_SYMPTOM,S1870
D576,HAS_SYMPTOM,S1871
D576,HAS_SYMPTOM,S1872
D576,HAS_CAUSE,CA1031
D576,HAS_CAUSE,CA1407
D576,HAS_CAUSE,CA1404
D576,MANAGED_BY,TR1012
D576,MANAGED_BY,TR1013
D576,DIAGNOSED_BY,T783
D577,HAS_SYMPTOM,S1873
D577,HAS_SYMPTOM,S1874
D577,HAS_SYMPTOM,S1875
D577,HAS_SYMPTOM,S048
D577,HAS_SYMPTOM,S187
D577,HAS_SYMPTOM,S1876
D577,HAS_SYMPTOM,S132
D577,HAS_SYMPTOM,S616
D577,HAS_SYMPTOM,S046
D577,HAS_SYMPTOM,S1877
D577,HAS_SYMPTOM,S1878
D577,HAS_SYMPTOM,S326
D578,HAS_SYMPTOM,S758
D578,HAS_SYMPTOM,S514
D578,HAS_SYMPTOM,S638
D578,HAS_SYMPTOM,S1879
D578,HAS_SYMPTOM,S640
D578,HAS_SYMPTOM,S1880
D578,HAS_SYMPTOM,S760
D579,HAS_SYMPTOM,S1881
D579,HAS_SYMPTOM,S514
D579,HAS_SYMPTOM,S638
D579,HAS_SYMPTOM,S763
D579,HAS_SYMPTOM,S130
D579,HAS_SYMPTOM,S1678
D579,HAS_SYMPTOM,S518
D579,HAS_SYMPTOM,S1882
D579,HAS_SYMPTOM,S760
D580,HAS_SYMPTOM,S1883
D581,HAS_SYMPTOM,S294
D581,HAS_SYMPTOM,S1884
D581,HAS_SYMPTOM,S1885
D581,HAS_SYMPTOM,S1886
D581,HAS_SYMPTOM,S416
D581,HAS_SYMPTOM,S1498
D581,HAS_SYMPTOM,S495
D581,HAS_SYMPTOM,S487
D581,HAS_SYMPTOM,S1887
D581,HAS_SYMPTOM,S1888
D581,HAS_SYMPTOM,S1889
D581,HAS_SYMPTOM,S1890
D582,HAS_SYMPTOM,S1891
D582,HAS_SYMPTOM,S1892
D582,MANAGED_BY,TR1016
D582,DIAGNOSED_BY,T005
D582,DIAGNOSED_BY,T784
D582,DIAGNOSED_BY,T785
D582,CAN_CAUSE,C436
D582,CAN_CAUSE,C437
D582,CAN_CAUSE,C438
D582,MANAGED_BY,TR150
D583,HAS_SYMPTOM,S1893
D583,HAS_CAUSE,CA1408
D583,HAS_CAUSE,CA1409
D584,HAS_SYMPTOM,S1894
D584,HAS_SYMPTOM,S1895
D584,HAS_SYMPTOM,S1896
D584,HAS_CAUSE,CA1410
D584,HAS_CAUSE,CA1411
D584,HAS_CAUSE,CA1412
D584,HAS_CAUSE,CA1413
D584,HAS_CAUSE,CA1414
D584,HAS_CAUSE,CA1415
D584,MANAGED_BY,TR1017
D584,MANAGED_BY,TR1018
D584,MANAGED_BY,TR1019
D585,AFFECTS,O009
D585,AFFECTS,O010
D585,HAS_SYMPTOM,S528
D585,HAS_SYMPTOM,S1897
D585,HAS_CAUSE,CA1416
D585,HAS_CAUSE,CA1417
RF260,INCREASES_RISK_OF,D585
RF087,INCREASES_RISK_OF,D585
D586,AFFECTS,O009
D586,AFFECTS,O010
D586,HAS_SYMPTOM,S1898
D586,HAS_SYMPTOM,S1899
D586,HAS_SYMPTOM,S133
D586,HAS_SYMPTOM,S1900
D586,HAS_SYMPTOM,S1901
D586,HAS_SYMPTOM,S041
D586,HAS_SYMPTOM,S1902
D586,HAS_SYMPTOM,S1122
D586,HAS_CAUSE,CA1418
RF260,INCREASES_RISK_OF,D586
RF087,INCREASES_RISK_OF,D586
RF480,INCREASES_RISK_OF,D586
D586,MANAGED_BY,TR1020
D586,MANAGED_BY,TR1021
D586,MANAGED_BY,TR1022
D586,MANAGED_BY,TR1023
D586,MANAGED_BY,TR1024
D586,MANAGED_BY,TR1025
D587,AFFECTS,O009
D587,AFFECTS,O010
D587,HAS_SYMPTOM,S1903
D587,HAS_CAUSE,CA1419
D587,HAS_CAUSE,CA205
D587,DIAGNOSED_BY,T786
D587,DIAGNOSED_BY,T005
D587,DIAGNOSED_BY,T787
D587,DIAGNOSED_BY,T251
D587,DIAGNOSED_BY,T788
D587,CAN_CAUSE,C439
D587,MANAGED_BY,TR1026
D588,AFFECTS,O009
D588,AFFECTS,O010
D588,HAS_CAUSE,CA1420
RF481,INCREASES_RISK_OF,D588
D588,MANAGED_BY,TR861
D588,MANAGED_BY,TR1027
D589,AFFECTS,O009
D589,AFFECTS,O010
D589,HAS_CAUSE,CA1421
D589,MANAGED_BY,TR1028
D589,DIAGNOSED_BY,T005
D589,DIAGNOSED_BY,T066
D589,DIAGNOSED_BY,T210
D589,DIAGNOSED_BY,T789
D589,DIAGNOSED_BY,T790
D589,DIAGNOSED_BY,T791
D589,CAN_CAUSE,C440
D589,CAN_CAUSE,C441
D589,CAN_CAUSE,C442
D590,HAS_CAUSE,CA1422
D590,HAS_CAUSE,CA1423
RF482,INCREASES_RISK_OF,D590
D590,MANAGED_BY,TR1029
D590,MANAGED_BY,TR1030
D590,DIAGNOSED_BY,T327
D590,DIAGNOSED_BY,T792
D590,DIAGNOSED_BY,T793
D590,CAN_CAUSE,C443
D590,CAN_CAUSE,C013
D590,MANAGED_BY,TR1031
D590,MANAGED_BY,TR1032
D591,AFFECTS,O009
D591,HAS_SYMPTOM,S1904
D591,HAS_SYMPTOM,S1122
D591,HAS_SYMPTOM,S1905
D591,HAS_SYMPTOM,S367
D591,HAS_SYMPTOM,S243
D591,HAS_SYMPTOM,S1906
D591,HAS_SYMPTOM,S1907
D591,HAS_CAUSE,CA1424
D591,HAS_CAUSE,CA1425
D591,HAS_CAUSE,CA1426
D591,HAS_CAUSE,CA1427
D591,HAS_CAUSE,CA1428
D591,HAS_CAUSE,CA1429
D591,HAS_CAUSE,CA1430
D591,HAS_CAUSE,CA1431
D591,HAS_CAUSE,CA1432
D591,HAS_CAUSE,CA1433
D591,HAS_CAUSE,CA1434
D591,HAS_CAUSE,CA1435
D591,DIAGNOSED_BY,T005
D591,DIAGNOSED_BY,T066
D591,DIAGNOSED_BY,T111
D591,DIAGNOSED_BY,T210
D591,DIAGNOSED_BY,T500
D591,DIAGNOSED_BY,T794
D591,CAN_CAUSE,C444
D591,CAN_CAUSE,C445
D591,CAN_CAUSE,C446
D591,CAN_CAUSE,C447
D591,MANAGED_BY,TR1033
D591,MANAGED_BY,TR427
D591,MANAGED_BY,TR1034
D592,AFFECTS,O009
D592,AFFECTS,O003
D592,HAS_SYMPTOM,S1908
D592,HAS_SYMPTOM,S393
D592,HAS_SYMPTOM,S093
D592,HAS_SYMPTOM,S1909
RF483,INCREASES_RISK_OF,D592
RF484,INCREASES_RISK_OF,D592
RF485,INCREASES_RISK_OF,D592
RF486,INCREASES_RISK_OF,D592
RF487,INCREASES_RISK_OF,D592
D592,MANAGED_BY,TR1035
D593,HAS_SYMPTOM,S046
D593,HAS_SYMPTOM,S1910
D593,HAS_SYMPTOM,S1911
D593,HAS_SYMPTOM,S1912
D593,HAS_CAUSE,CA1436
D593,DIAGNOSED_BY,T795
D593,DIAGNOSED_BY,T663
D593,CAN_CAUSE,C448
D593,CAN_CAUSE,C449
D593,CAN_CAUSE,C293
D594,HAS_SYMPTOM,S1913
D594,HAS_SYMPTOM,S1914
D594,HAS_SYMPTOM,S1915
RF488,INCREASES_RISK_OF,D594
D596,HAS_SYMPTOM,S1916
D597,HAS_SYMPTOM,S1917
D597,MANAGED_BY,TR1036
D597,DIAGNOSED_BY,T796
D597,DIAGNOSED_BY,T797
D597,DIAGNOSED_BY,T247
D597,DIAGNOSED_BY,T323
D597,DIAGNOSED_BY,T251
D597,DIAGNOSED_BY,T798
D597,DIAGNOSED_BY,T799
D597,DIAGNOSED_BY,T005
D597,DIAGNOSED_BY,T051
D598,DIAGNOSED_BY,T800
D598,DIAGNOSED_BY,T049
D600,HAS_SYMPTOM,S1918
D600,HAS_SYMPTOM,S246
D600,HAS_CAUSE,CA1437
D601,HAS_SYMPTOM,S1919
D601,HAS_SYMPTOM,S1920
D601,HAS_SYMPTOM,S1921
D601,HAS_SYMPTOM,S1922
D601,HAS_CAUSE,CA1438
D601,HAS_CAUSE,CA093
D601,HAS_CAUSE,CA1439
RF489,INCREASES_RISK_OF,D601
RF073,INCREASES_RISK_OF,D601
RF490,INCREASES_RISK_OF,D601
RF491,INCREASES_RISK_OF,D601
RF492,INCREASES_RISK_OF,D601
RF493,INCREASES_RISK_OF,D601
RF494,INCREASES_RISK_OF,D601
D601,MANAGED_BY,TR1037
D601,MANAGED_BY,TR1038
D601,MANAGED_BY,TR1039
D601,MANAGED_BY,TR1040
D601,MANAGED_BY,TR1041
D601,MANAGED_BY,TR1042
D602,HAS_SYMPTOM,S1923
D602,HAS_SYMPTOM,S1924
D602,HAS_SYMPTOM,S1925
D602,HAS_SYMPTOM,S1926
D602,HAS_SYMPTOM,S1927
D602,HAS_SYMPTOM,S1928
D602,HAS_SYMPTOM,S1929
RF495,INCREASES_RISK_OF,D602
D603,HAS_SYMPTOM,S1930
D603,HAS_CAUSE,CA1440
RF496,INCREASES_RISK_OF,D603
RF497,INCREASES_RISK_OF,D603
RF061,INCREASES_RISK_OF,D603
RF062,INCREASES_RISK_OF,D603
RF063,INCREASES_RISK_OF,D603
D603,MANAGED_BY,TR1043
D603,DIAGNOSED_BY,T580
D603,DIAGNOSED_BY,T005
D603,DIAGNOSED_BY,T051
D603,DIAGNOSED_BY,T801
D603,DIAGNOSED_BY,T802
D603,DIAGNOSED_BY,T803
D603,DIAGNOSED_BY,T804
D603,CAN_CAUSE,C450
D603,CAN_CAUSE,C451
D603,CAN_CAUSE,C452
D603,CAN_CAUSE,C453
D603,CAN_CAUSE,C454
D603,CAN_CAUSE,C455
D603,MANAGED_BY,TR1044
D604,AFFECTS,O004
D604,HAS_SYMPTOM,S1931
D604,HAS_SYMPTOM,S1932
D604,HAS_SYMPTOM,S1933
D604,HAS_SYMPTOM,S1934
D604,HAS_SYMPTOM,S1935
D604,HAS_SYMPTOM,S1936
D604,HAS_SYMPTOM,S1937
D604,HAS_SYMPTOM,S1938
D604,HAS_SYMPTOM,S1939
D604,HAS_SYMPTOM,S1940
D604,HAS_SYMPTOM,S1941
D604,HAS_SYMPTOM,S1942
D604,HAS_CAUSE,CA1441
D604,HAS_CAUSE,CA1442
D604,HAS_CAUSE,CA1443
D604,HAS_CAUSE,CA1444
D604,HAS_CAUSE,CA1445
D604,HAS_CAUSE,CA222
D604,HAS_CAUSE,CA1446
RF498,INCREASES_RISK_OF,D604
RF499,INCREASES_RISK_OF,D604
RF500,INCREASES_RISK_OF,D604
RF501,INCREASES_RISK_OF,D604
RF194,INCREASES_RISK_OF,D604
RF502,INCREASES_RISK_OF,D604
RF503,INCREASES_RISK_OF,D604
D604,MANAGED_BY,TR1045
D604,MANAGED_BY,TR1046
D605,AFFECTS,O006
D605,HAS_SYMPTOM,S1943
D605,HAS_SYMPTOM,S1944
D605,HAS_SYMPTOM,S1945
D605,HAS_CAUSE,CA1447
D605,HAS_CAUSE,CA1448
D605,HAS_CAUSE,CA189
D605,HAS_CAUSE,CA1449
D605,HAS_CAUSE,CA759
D605,HAS_CAUSE,CA1450
D605,HAS_CAUSE,CA085
D605,HAS_CAUSE,CA1257
D605,HAS_CAUSE,CA1451
D605,HAS_CAUSE,CA115
D605,HAS_CAUSE,CA1452
D605,HAS_CAUSE,CA205
D605,MANAGED_BY,TR1047
D605,DIAGNOSED_BY,T805
D605,DIAGNOSED_BY,T806
D605,DIAGNOSED_BY,T807
D605,DIAGNOSED_BY,T808
D605,DIAGNOSED_BY,T809
D605,DIAGNOSED_BY,T810
D605,CAN_CAUSE,C456
D606,AFFECTS,O008
D606,HAS_SYMPTOM,S1946
D606,HAS_SYMPTOM,S354
D606,HAS_SYMPTOM,S1947
D606,HAS_SYMPTOM,S1948
D606,HAS_SYMPTOM,S1949
D606,HAS_SYMPTOM,S129
D606,HAS_SYMPTOM,S921
D606,HAS_SYMPTOM,S1950
D606,HAS_SYMPTOM,S1951
D606,HAS_SYMPTOM,S130
D606,HAS_CAUSE,CA660
D606,HAS_CAUSE,CA1453
RF504,INCREASES_RISK_OF,D606
RF505,INCREASES_RISK_OF,D606
RF506,INCREASES_RISK_OF,D606
D606,MANAGED_BY,TR1048
D606,MANAGED_BY,TR1049
D606,MANAGED_BY,TR1050
D606,MANAGED_BY,TR1051
D606,MANAGED_BY,TR1052
D606,MANAGED_BY,TR1053
D606,MANAGED_BY,TR1054
D606,MANAGED_BY,TR1055
D606,MANAGED_BY,TR1056
D606,MANAGED_BY,TR1057
D606,DIAGNOSED_BY,T811
D606,DIAGNOSED_BY,T812
D606,DIAGNOSED_BY,T813
D606,DIAGNOSED_BY,T814
D606,DIAGNOSED_BY,T815
D606,DIAGNOSED_BY,T816
D606,DIAGNOSED_BY,T817
D606,DIAGNOSED_BY,T153
D606,DIAGNOSED_BY,T111
D606,DIAGNOSED_BY,T210
D606,DIAGNOSED_BY,T166
D606,DIAGNOSED_BY,T818
D606,CAN_CAUSE,C126
D606,CAN_CAUSE,C457
D606,CAN_CAUSE,C458
D606,CAN_CAUSE,C459
D606,CAN_CAUSE,C460
D606,CAN_CAUSE,C461
D606,CAN_CAUSE,C462
D606,CAN_CAUSE,C463
D606,CAN_CAUSE,C464
D606,CAN_CAUSE,C419
D606,CAN_CAUSE,C465
D606,CAN_CAUSE,C004
D607,AFFECTS,O002
D607,HAS_SYMPTOM,S893
D607,HAS_SYMPTOM,S1952
D607,HAS_SYMPTOM,S1953
RF507,INCREASES_RISK_OF,D607
RF508,INCREASES_RISK_OF,D607
RF509,INCREASES_RISK_OF,D607
RF510,INCREASES_RISK_OF,D607
RF511,INCREASES_RISK_OF,D607
D608,AFFECTS,O005
D608,HAS_SYMPTOM,S1954
D608,HAS_SYMPTOM,S1955
D608,HAS_SYMPTOM,S133
D608,HAS_SYMPTOM,S1956
D608,HAS_CAUSE,CA1454
D608,HAS_CAUSE,CA1455
D608,MANAGED_BY,TR1058
D608,DIAGNOSED_BY,T819
D608,CAN_CAUSE,C466
D609,AFFECTS,O005
D609,AFFECTS,O002
D609,HAS_CAUSE,CA1456
D610,AFFECTS,O007
D610,HAS_SYMPTOM,S1957
D610,HAS_SYMPTOM,S133
D610,HAS_SYMPTOM,S1958
D610,HAS_SYMPTOM,S1959
D610,HAS_SYMPTOM,S1960
D610,HAS_SYMPTOM,S1961
D610,HAS_CAUSE,CA1457
D610,HAS_CAUSE,CA1458
D610,HAS_CAUSE,CA1459
D610,HAS_CAUSE,CA1460
D610,HAS_CAUSE,CA1461
D610,MANAGED_BY,TR1059
D610,MANAGED_BY,TR1060
D610,MANAGED_BY,TR1061
D610,MANAGED_BY,TR1062
D610,MANAGED_BY,TR1063
D610,MANAGED_BY,TR1064
D610,MANAGED_BY,TR1065
D610,MANAGED_BY,TR1066
D610,DIAGNOSED_BY,T820
D610,DIAGNOSED_BY,T821
D610,DIAGNOSED_BY,T822
D610,DIAGNOSED_BY,T823
D610,DIAGNOSED_BY,T824
D610,CAN_CAUSE,C467
D610,CAN_CAUSE,C468
D610,CAN_CAUSE,C469
D610,CAN_CAUSE,C470
D610,CAN_CAUSE,C471
D610,MANAGED_BY,TR1067
D611,AFFECTS,O011
D611,HAS_SYMPTOM,S1962
D611,HAS_SYMPTOM,S1963
D611,HAS_SYMPTOM,S1964
D611,HAS_SYMPTOM,S1965
D611,HAS_SYMPTOM,S1966
D611,HAS_SYMPTOM,S1967
D611,HAS_SYMPTOM,S1968
D611,HAS_SYMPTOM,S1969
D611,HAS_SYMPTOM,S1970
D611,HAS_SYMPTOM,S1971
D611,HAS_CAUSE,CA235
D611,HAS_CAUSE,CA1462
D611,HAS_CAUSE,CA236
D611,MANAGED_BY,TR1068
D611,MANAGED_BY,TR1069
D611,MANAGED_BY,TR1070
D611,DIAGNOSED_BY,T825
D611,DIAGNOSED_BY,T826
D611,DIAGNOSED_BY,T827
D611,DIAGNOSED_BY,T828
D611,DIAGNOSED_BY,T829
D611,DIAGNOSED_BY,T066
D611,DIAGNOSED_BY,T210
D611,CAN_CAUSE,C472
D611,CAN_CAUSE,C473
D611,CAN_CAUSE,C474
D611,CAN_CAUSE,C475
D611,CAN_CAUSE,C476
D611,CAN_CAUSE,C477
D612,HAS_SYMPTOM,S1972
D612,HAS_CAUSE,CA1463
D612,HAS_CAUSE,CA1464
D612,HAS_CAUSE,CA1465
D612,HAS_CAUSE,CA1466
RF512,INCREASES_RISK_OF,D612
RF513,INCREASES_RISK_OF,D612
D613,AFFECTS,O012
D613,HAS_CAUSE,CA1467
D613,HAS_CAUSE,CA1468
D613,MANAGED_BY,TR1071
D614,AFFECTS,O002
D614,HAS_SYMPTOM,S1973
D614,HAS_SYMPTOM,S1974
D614,HAS_SYMPTOM,S141
D614,HAS_SYMPTOM,S1975
D614,HAS_SYMPTOM,S1976
D614,HAS_SYMPTOM,S042
D614,HAS_SYMPTOM,S1977
D614,HAS_SYMPTOM,S1978
D614,HAS_CAUSE,CA1469
D614,HAS_CAUSE,CA1470
D614,HAS_CAUSE,CA386
D614,HAS_CAUSE,CA400
D614,MANAGED_BY,TR1072
D614,DIAGNOSED_BY,T830
D614,DIAGNOSED_BY,T831
D614,DIAGNOSED_BY,T832
D614,DIAGNOSED_BY,T833
D614,DIAGNOSED_BY,T834
D614,DIAGNOSED_BY,T028
D614,DIAGNOSED_BY,T835
D614,CAN_CAUSE,C292
D614,MANAGED_BY,TR1073
D614,MANAGED_BY,TR1074
D615,AFFECTS,O015
D615,HAS_SYMPTOM,S128
D615,HAS_SYMPTOM,S1979
D615,HAS_SYMPTOM,S1980
D615,HAS_SYMPTOM,S133
D615,HAS_SYMPTOM,S1692
D615,HAS_SYMPTOM,S1981
D615,HAS_SYMPTOM,S1982
D615,HAS_SYMPTOM,S1983
D615,HAS_SYMPTOM,S1984
D615,HAS_CAUSE,CA378
D615,HAS_CAUSE,CA1471
D615,HAS_CAUSE,CA1472
D615,MANAGED_BY,TR1075
D615,DIAGNOSED_BY,T836
D615,DIAGNOSED_BY,T837
D615,DIAGNOSED_BY,T838
D615,DIAGNOSED_BY,T839
D615,DIAGNOSED_BY,T840
D615,DIAGNOSED_BY,T841
D615,DIAGNOSED_BY,T842
D615,DIAGNOSED_BY,T843
D615,DIAGNOSED_BY,T844
D615,CAN_CAUSE,C478
D615,CAN_CAUSE,C479
D615,CAN_CAUSE,C480
D615,CAN_CAUSE,C481
D616,AFFECTS,O006
D616,HAS_SYMPTOM,S1985
D616,HAS_CAUSE,CA1473
D616,HAS_CAUSE,CA1474
D616,HAS_CAUSE,CA1475
D616,HAS_CAUSE,CA1476
D616,HAS_CAUSE,CA1477
D616,HAS_CAUSE,CA1478
D616,MANAGED_BY,TR1076
D616,MANAGED_BY,TR1077
D617,HAS_SYMPTOM,S1986
D617,HAS_SYMPTOM,S1987
D617,HAS_SYMPTOM,S1988
D617,HAS_CAUSE,CA586
RF514,INCREASES_RISK_OF,D617
RF515,INCREASES_RISK_OF,D617
D618,HAS_SYMPTOM,S1989
D618,HAS_SYMPTOM,S1160
D618,HAS_SYMPTOM,S1990
D618,HAS_SYMPTOM,S1991
D618,HAS_CAUSE,CA001
D618,HAS_CAUSE,CA1479
D618,HAS_CAUSE,CA1480
D618,HAS_CAUSE,CA1481
D618,MANAGED_BY,TR1078
D618,MANAGED_BY,TR1079
D618,DIAGNOSED_BY,T845
D618,DIAGNOSED_BY,T846
D618,DIAGNOSED_BY,T847
D618,DIAGNOSED_BY,T848
D618,CAN_CAUSE,C482
D618,MANAGED_BY,TR1080
D620,AFFECTS,O009
D620,HAS_SYMPTOM,S1992
D620,HAS_SYMPTOM,S1993
D620,HAS_SYMPTOM,S1994
D620,HAS_SYMPTOM,S1995
D620,HAS_SYMPTOM,S1996
D620,HAS_SYMPTOM,S1997
D620,HAS_SYMPTOM,S1998
D620,HAS_SYMPTOM,S1999
D620,HAS_SYMPTOM,S2000
D620,HAS_SYMPTOM,S2001
D620,HAS_SYMPTOM,S2002
D620,HAS_CAUSE,CA1482
D620,HAS_CAUSE,CA212
RF516,INCREASES_RISK_OF,D620
D620,MANAGED_BY,TR427
D620,MANAGED_BY,TR1081
D620,MANAGED_BY,TR1082
D620,MANAGED_BY,TR1083
D620,MANAGED_BY,TR1084
D620,DIAGNOSED_BY,T849
D620,DIAGNOSED_BY,T850
D620,DIAGNOSED_BY,T851
D620,DIAGNOSED_BY,T210
D620,DIAGNOSED_BY,T852
D620,CAN_CAUSE,C483
D620,MANAGED_BY,TR1085
D620,MANAGED_BY,TR1086
D620,MANAGED_BY,TR1087
D621,HAS_SYMPTOM,S2003
D621,HAS_SYMPTOM,S2004
RF517,INCREASES_RISK_OF,D621
RF518,INCREASES_RISK_OF,D621
D621,MANAGED_BY,TR1088
D622,AFFECTS,O013
D622,HAS_CAUSE,CA1483
D622,HAS_CAUSE,CA1484
D622,HAS_CAUSE,CA378
D622,HAS_CAUSE,CA1485
D622,HAS_CAUSE,CA1486
D622,HAS_CAUSE,CA1272
D623,AFFECTS,O013
D623,HAS_CAUSE,CA1487
D623,HAS_CAUSE,CA1488
D623,HAS_CAUSE,CA1485
D623,HAS_CAUSE,CA1489
D623,HAS_CAUSE,CA1490
D623,HAS_CAUSE,CA1491
D624,HAS_SYMPTOM,S2005
D624,HAS_SYMPTOM,S2006
D624,HAS_CAUSE,CA1492
D624,HAS_CAUSE,CA1493
D624,HAS_CAUSE,CA1494
D624,HAS_CAUSE,CA1495
RF216,INCREASES_RISK_OF,D624
RF519,INCREASES_RISK_OF,D624
RF520,INCREASES_RISK_OF,D624
RF521,INCREASES_RISK_OF,D624
RF506,INCREASES_RISK_OF,D624
RF522,INCREASES_RISK_OF,D624
D624,MANAGED_BY,TR1089
D625,AFFECTS,O005
D625,HAS_SYMPTOM,S2007
D625,HAS_SYMPTOM,S2008
D625,HAS_SYMPTOM,S2009
D625,HAS_SYMPTOM,S2010
D625,HAS_SYMPTOM,S2011
D625,HAS_SYMPTOM,S2012
D625,HAS_SYMPTOM,S2013
D625,HAS_CAUSE,CA1496
D625,MANAGED_BY,TR1090
D625,MANAGED_BY,TR1091
D625,DIAGNOSED_BY,T853
D625,DIAGNOSED_BY,T854
D625,DIAGNOSED_BY,T855
D625,CAN_CAUSE,C484
D626,HAS_SYMPTOM,S1881
D626,HAS_SYMPTOM,S514
D626,HAS_SYMPTOM,S638
D626,HAS_SYMPTOM,S2014
D626,HAS_SYMPTOM,S441
D626,HAS_SYMPTOM,S130
D626,HAS_SYMPTOM,S651
D626,HAS_SYMPTOM,S2015
D626,HAS_SYMPTOM,S2016
D626,HAS_SYMPTOM,S760
D627,AFFECTS,O017
D627,HAS_CAUSE,CA1497
D627,HAS_CAUSE,CA1498
D627,HAS_CAUSE,CA1499
D627,HAS_CAUSE,CA1500
D627,HAS_CAUSE,CA1501
D627,HAS_CAUSE,CA1502
D627,HAS_CAUSE,CA1503
D627,HAS_CAUSE,CA1504
D627,HAS_CAUSE,CA1505
D627,HAS_CAUSE,CA1506
D627,HAS_CAUSE,CA1507
D627,HAS_CAUSE,CA1508
D628,HAS_CAUSE,CA1509
D628,HAS_CAUSE,CA1510
D628,HAS_CAUSE,CA1511
D628,HAS_CAUSE,CA559
D628,HAS_CAUSE,CA115
D628,HAS_CAUSE,CA1512
D628,HAS_CAUSE,CA309
D629,HAS_SYMPTOM,S2017
D629,HAS_SYMPTOM,S2018
D629,HAS_CAUSE,CA1513
D629,HAS_CAUSE,CA1514
RF523,INCREASES_RISK_OF,D629
D629,CAN_CAUSE,C485
D631,HAS_SYMPTOM,S2019
D631,HAS_SYMPTOM,S2020
D631,HAS_SYMPTOM,S2021
D631,HAS_SYMPTOM,S2022
D631,HAS_CAUSE,CA285
D631,HAS_CAUSE,CA1515
RF524,INCREASES_RISK_OF,D631
D631,MANAGED_BY,TR1092
D631,MANAGED_BY,TR1093
D631,MANAGED_BY,TR1094
D631,MANAGED_BY,TR1095
D631,MANAGED_BY,TR1096
D631,MANAGED_BY,TR1097
D631,DIAGNOSED_BY,T856
D632,AFFECTS,O016
D632,HAS_SYMPTOM,S2023
D632,HAS_SYMPTOM,S2024
D632,HAS_SYMPTOM,S2025
D632,HAS_SYMPTOM,S393
D632,HAS_SYMPTOM,S130
D632,HAS_SYMPTOM,S2026
D632,HAS_SYMPTOM,S648
D632,HAS_SYMPTOM,S052
D632,HAS_SYMPTOM,S041
D632,HAS_SYMPTOM,S474
D632,HAS_SYMPTOM,S2027
D632,HAS_CAUSE,CA1516
D632,HAS_CAUSE,CA1517
D632,HAS_CAUSE,CA1518
D632,HAS_CAUSE,CA1519
D632,HAS_CAUSE,CA044
D632,HAS_CAUSE,CA1520
D632,HAS_CAUSE,CA1521
D632,MANAGED_BY,TR1098
D632,DIAGNOSED_BY,T857
D632,DIAGNOSED_BY,T858
D632,DIAGNOSED_BY,T859
D632,DIAGNOSED_BY,T860
D632,DIAGNOSED_BY,T217
D632,DIAGNOSED_BY,T861
D632,CAN_CAUSE,C486
D632,CAN_CAUSE,C487
D632,CAN_CAUSE,C488
D632,MANAGED_BY,TR1099
D632,MANAGED_BY,TR1100
D632,MANAGED_BY,TR1101
D632,MANAGED_BY,TR1102
D633,AFFECTS,O007
D633,HAS_SYMPTOM,S133
D633,HAS_SYMPTOM,S041
D633,HAS_SYMPTOM,S2028
D633,HAS_SYMPTOM,S2029
D633,HAS_SYMPTOM,S2030
D633,HAS_CAUSE,CA1522
D633,HAS_CAUSE,CA1523
D633,HAS_CAUSE,CA1524
D633,HAS_CAUSE,CA1525
D633,HAS_CAUSE,CA1526
D633,HAS_CAUSE,CA1527
D633,HAS_CAUSE,CA1528
D633,HAS_CAUSE,CA1529
D633,DIAGNOSED_BY,T643
D633,DIAGNOSED_BY,T327
D633,DIAGNOSED_BY,T862
D633,DIAGNOSED_BY,T863
D633,DIAGNOSED_BY,T051
D633,DIAGNOSED_BY,T005
D633,DIAGNOSED_BY,T225
D633,DIAGNOSED_BY,T864
D633,CAN_CAUSE,C489
D633,MANAGED_BY,TR1103
D633,MANAGED_BY,TR1104
D633,MANAGED_BY,TR1105
D633,MANAGED_BY,TR1106
D633,MANAGED_BY,TR1107
D633,MANAGED_BY,TR1108
D633,MANAGED_BY,TR1109
D634,AFFECTS,O017
D634,HAS_SYMPTOM,S2031
D634,HAS_SYMPTOM,S2032
D634,HAS_SYMPTOM,S2033
D634,HAS_CAUSE,CA1530
D634,HAS_CAUSE,CA1523
D634,HAS_CAUSE,CA1524
D634,HAS_CAUSE,CA1525
D634,HAS_CAUSE,CA1531
D634,HAS_CAUSE,CA1527
D634,HAS_CAUSE,CA1532
D634,MANAGED_BY,TR1110
D634,DIAGNOSED_BY,T865
D634,DIAGNOSED_BY,T866
D634,MANAGED_BY,TR849
D634,MANAGED_BY,TR1111
D634,MANAGED_BY,TR1112
D634,MANAGED_BY,TR1113
D635,AFFECTS,O007
D635,HAS_SYMPTOM,S2034
D635,HAS_CAUSE,CA1533
D635,HAS_CAUSE,CA1534
D635,HAS_CAUSE,CA1535
D635,HAS_CAUSE,CA1536
D635,MANAGED_BY,TR1114
D635,MANAGED_BY,TR1061
D635,MANAGED_BY,TR1115
D635,DIAGNOSED_BY,T005
D635,DIAGNOSED_BY,T051
D635,DIAGNOSED_BY,T225
D635,DIAGNOSED_BY,T379
D635,CAN_CAUSE,C490
D635,CAN_CAUSE,C491
D635,MANAGED_BY,TR1116
D636,HAS_SYMPTOM,S095
D636,HAS_SYMPTOM,S2035
D636,HAS_SYMPTOM,S2036
D636,HAS_SYMPTOM,S2037
D636,HAS_SYMPTOM,S2038
D636,HAS_SYMPTOM,S2039
D636,HAS_SYMPTOM,S2040
D636,HAS_SYMPTOM,S2041
D636,HAS_CAUSE,CA1537
D636,HAS_CAUSE,CA1538
D636,HAS_CAUSE,CA1539
D636,MANAGED_BY,TR1117
D636,MANAGED_BY,TR1118
D636,DIAGNOSED_BY,T051
D636,DIAGNOSED_BY,T005
D636,DIAGNOSED_BY,T867
D637,HAS_SYMPTOM,S2042
D637,HAS_SYMPTOM,S2043
D637,HAS_SYMPTOM,S133
D637,HAS_SYMPTOM,S1126
D637,HAS_SYMPTOM,S2044
D637,HAS_SYMPTOM,S2045
D637,HAS_CAUSE,CA1540
D637,HAS_CAUSE,CA1541
D637,HAS_CAUSE,CA1542
D637,HAS_CAUSE,CA1543
D637,MANAGED_BY,TR1119
D637,MANAGED_BY,TR1120
D637,DIAGNOSED_BY,T132
D637,DIAGNOSED_BY,T868
D637,DIAGNOSED_BY,T051
D637,CAN_CAUSE,C323
D637,CAN_CAUSE,C492
D637,CAN_CAUSE,C493
D637,MANAGED_BY,TR1121
D637,MANAGED_BY,TR1122
D637,MANAGED_BY,TR1123
D637,MANAGED_BY,TR1124
D638,AFFECTS,O012
D639,HAS_SYMPTOM,S2046
D639,HAS_SYMPTOM,S2047
D639,HAS_SYMPTOM,S2048
D639,HAS_SYMPTOM,S510
D639,HAS_SYMPTOM,S2049
D639,HAS_SYMPTOM,S2050
D639,HAS_SYMPTOM,S2051
D639,HAS_SYMPTOM,S2052
D639,HAS_SYMPTOM,S2053
D639,HAS_SYMPTOM,S367
D639,HAS_SYMPTOM,S126
D639,HAS_SYMPTOM,S128
D640,HAS_CAUSE,CA1544
D640,HAS_CAUSE,CA1545
D640,HAS_CAUSE,CA1546
D640,HAS_CAUSE,CA1547
D640,HAS_CAUSE,CA1548
D640,HAS_CAUSE,CA1549
D640,HAS_CAUSE,CA1550
D640,HAS_CAUSE,CA1551
D640,HAS_CAUSE,CA1552
D640,HAS_CAUSE,CA1553
D640,HAS_CAUSE,CA1554
D640,HAS_CAUSE,CA801
D641,HAS_SYMPTOM,S2054
D641,HAS_SYMPTOM,S2055
D641,HAS_SYMPTOM,S2056
D641,HAS_SYMPTOM,S2057
D641,HAS_SYMPTOM,S2058
D641,HAS_CAUSE,CA1555
D641,HAS_CAUSE,CA1556
D641,HAS_CAUSE,CA1557
D641,HAS_CAUSE,CA1558
D641,HAS_CAUSE,CA1559
D641,HAS_CAUSE,CA1560
D641,HAS_CAUSE,CA1561
D641,HAS_CAUSE,CA376
RF525,INCREASES_RISK_OF,D641
D641,MANAGED_BY,TR683
D641,MANAGED_BY,TR1125
D641,MANAGED_BY,TR1126
D642,AFFECTS,O004
D642,HAS_SYMPTOM,S2059
D642,HAS_SYMPTOM,S2060
D642,HAS_SYMPTOM,S771
D642,HAS_SYMPTOM,S2061
D642,HAS_CAUSE,CA1562
D643,AFFECTS,O004
D643,HAS_SYMPTOM,S2062
D643,HAS_SYMPTOM,S2063
D643,HAS_SYMPTOM,S2064
D643,HAS_SYMPTOM,S2065
D643,HAS_SYMPTOM,S2066
D643,HAS_SYMPTOM,S2067
D643,HAS_SYMPTOM,S2068
D643,HAS_SYMPTOM,S052
D643,HAS_SYMPTOM,S1169
D643,HAS_SYMPTOM,S130
D645,AFFECTS,O016
D645,HAS_SYMPTOM,S2069
D645,HAS_SYMPTOM,S648
D645,HAS_SYMPTOM,S2070
D645,HAS_SYMPTOM,S052
D645,HAS_SYMPTOM,S041
D645,HAS_CAUSE,CA1563
D645,HAS_CAUSE,CA378
D645,HAS_CAUSE,CA044
D645,HAS_CAUSE,CA049
D645,HAS_CAUSE,CA1564
D645,HAS_CAUSE,CA1565
D645,HAS_CAUSE,CA1566
D645,MANAGED_BY,TR1127
D645,DIAGNOSED_BY,T005
D645,DIAGNOSED_BY,T066
D645,DIAGNOSED_BY,T111
D645,DIAGNOSED_BY,T869
D645,DIAGNOSED_BY,T870
D645,CAN_CAUSE,C494
D645,CAN_CAUSE,C495
D645,CAN_CAUSE,C496
D646,AFFECTS,O007
D646,HAS_SYMPTOM,S2071
D646,HAS_SYMPTOM,S2072
D646,HAS_SYMPTOM,S163
D646,HAS_SYMPTOM,S2073
D646,HAS_SYMPTOM,S1093
D646,HAS_CAUSE,CA1056
D646,HAS_CAUSE,CA1567
D646,HAS_CAUSE,CA1568
D646,HAS_CAUSE,CA1569
D646,DIAGNOSED_BY,T005
D646,DIAGNOSED_BY,T051
D646,DIAGNOSED_BY,T871
D646,DIAGNOSED_BY,T872
D646,DIAGNOSED_BY,T134
D646,CAN_CAUSE,C497
D646,CAN_CAUSE,C498
D648,AFFECTS,O017
D649,HAS_SYMPTOM,S132
D649,HAS_SYMPTOM,S096
D649,HAS_SYMPTOM,S393
D649,HAS_SYMPTOM,S2074
D650,HAS_SYMPTOM,S2075
D650,HAS_SYMPTOM,S2076
D650,HAS_SYMPTOM,S2077
D650,HAS_SYMPTOM,S2078
D650,HAS_SYMPTOM,S2079
RF526,INCREASES_RISK_OF,D650
D650,MANAGED_BY,TR1128
D650,MANAGED_BY,TR1129
D651,AFFECTS,O016
D652,AFFECTS,O016
D652,HAS_SYMPTOM,S2080
D652,HAS_SYMPTOM,S2081
D652,HAS_SYMPTOM,S2082
D652,HAS_SYMPTOM,S2083
D652,HAS_CAUSE,CA1570
D652,HAS_CAUSE,CA1571
D652,HAS_CAUSE,CA1572
D652,HAS_CAUSE,CA1573
D652,HAS_CAUSE,CA1574
D652,HAS_CAUSE,CA1575
D652,HAS_CAUSE,CA1576
RF527,INCREASES_RISK_OF,D652
D652,MANAGED_BY,TR1130
D653,HAS_SYMPTOM,S2084
D653,HAS_CAUSE,CA1577
RF528,INCREASES_RISK_OF,D653
D653,MANAGED_BY,TR1131
D653,CAN_CAUSE,C499
D653,CAN_CAUSE,C500
D653,CAN_CAUSE,C501
D654,HAS_SYMPTOM,S2085
D654,HAS_SYMPTOM,S2086
D654,HAS_SYMPTOM,S042
D654,HAS_SYMPTOM,S2087
D654,HAS_CAUSE,CA1578
D654,HAS_CAUSE,CA1579
D654,HAS_CAUSE,CA1580
D654,HAS_CAUSE,CA1581
D654,HAS_CAUSE,CA184
D654,HAS_CAUSE,CA210
D654,HAS_CAUSE,CA1582
D654,HAS_CAUSE,CA1583
D654,HAS_CAUSE,CA1584
D654,MANAGED_BY,TR1132
D654,MANAGED_BY,TR1133
D654,DIAGNOSED_BY,T110
D654,MANAGED_BY,TR1134
D654,MANAGED_BY,TR1135
D655,AFFECTS,O016
D656,HAS_SYMPTOM,S2088
D656,HAS_CAUSE,CA1585
D656,HAS_CAUSE,CA1586
RF529,INCREASES_RISK_OF,D656
RF530,INCREASES_RISK_OF,D656
RF531,INCREASES_RISK_OF,D656
RF532,INCREASES_RISK_OF,D656
RF533,INCREASES_RISK_OF,D656
D657,HAS_SYMPTOM,S487
D657,HAS_SYMPTOM,S934
D657,HAS_SYMPTOM,S2089
D657,HAS_SYMPTOM,S2090
D657,HAS_SYMPTOM,S309
D657,HAS_SYMPTOM,S663
D657,HAS_SYMPTOM,S2091
D657,HAS_SYMPTOM,S2092
D657,HAS_SYMPTOM,S331
D657,HAS_SYMPTOM,S2093
D657,HAS_SYMPTOM,S2094
D657,HAS_CAUSE,CA1587
RF534,INCREASES_RISK_OF,D657
RF535,INCREASES_RISK_OF,D657
RF536,INCREASES_RISK_OF,D657
D657,CAN_CAUSE,C502
D657,CAN_CAUSE,C117
D657,CAN_CAUSE,C503
D657,MANAGED_BY,TR1136
D657,MANAGED_BY,TR1137
D657,MANAGED_BY,TR1138
D657,MANAGED_BY,TR1139
D658,HAS_SYMPTOM,S2095
D658,HAS_CAUSE,CA1588
D658,HAS_CAUSE,CA1589
D658,HAS_CAUSE,CA1590
D658,HAS_CAUSE,CA1591
D658,HAS_CAUSE,CA866
D658,HAS_CAUSE,CA1592
D658,MANAGED_BY,TR1140
D659,AFFECTS,O006
D659,HAS_SYMPTOM,S2096
D659,HAS_SYMPTOM,S2097
D659,HAS_CAUSE,CA1593
D659,HAS_CAUSE,CA1594
D659,HAS_CAUSE,CA1595
D659,HAS_CAUSE,CA1596
D659,HAS_CAUSE,CA1597
D659,MANAGED_BY,TR1141
D659,MANAGED_BY,TR1142
D659,MANAGED_BY,TR1143
D659,MANAGED_BY,TR976
D659,MANAGED_BY,TR1144
D659,DIAGNOSED_BY,T873
D659,CAN_CAUSE,C504
D659,CAN_CAUSE,C505
D659,CAN_CAUSE,C506
D659,CAN_CAUSE,C507
D659,MANAGED_BY,TR1145
D659,MANAGED_BY,TR1146
D660,AFFECTS,O014
D660,HAS_SYMPTOM,S2098
D660,HAS_CAUSE,CA1598
D660,HAS_CAUSE,CA1599
D661,AFFECTS,O004
D661,HAS_SYMPTOM,S2099
D661,HAS_SYMPTOM,S2100
D661,HAS_SYMPTOM,S2101
D661,HAS_SYMPTOM,S2102
D661,HAS_CAUSE,CA1600
D661,HAS_CAUSE,CA1601
D661,HAS_CAUSE,CA1602
RF537,INCREASES_RISK_OF,D661
RF538,INCREASES_RISK_OF,D661
D661,MANAGED_BY,TR1147
D661,MANAGED_BY,TR1148
D661,MANAGED_BY,TR1149
D661,MANAGED_BY,TR1150
D662,AFFECTS,O007
D662,HAS_SYMPTOM,S2103
D662,HAS_SYMPTOM,S2104
D662,HAS_SYMPTOM,S141
D662,HAS_SYMPTOM,S866
D662,HAS_SYMPTOM,S2105
D662,HAS_CAUSE,CA1603
D662,HAS_CAUSE,CA1604
D662,HAS_CAUSE,CA1605
D662,HAS_CAUSE,CA1606
D662,HAS_CAUSE,CA1607
D662,HAS_CAUSE,CA1608
D662,MANAGED_BY,TR1061
D662,MANAGED_BY,TR1151
D662,MANAGED_BY,TR1152
D662,MANAGED_BY,TR1153
D662,MANAGED_BY,TR1154
D662,MANAGED_BY,TR1155
D662,DIAGNOSED_BY,T874
D662,DIAGNOSED_BY,T875
D662,MANAGED_BY,TR1156
D662,MANAGED_BY,TR637
D662,MANAGED_BY,TR1157
D662,MANAGED_BY,TR1158
D662,MANAGED_BY,TR1159
D662,MANAGED_BY,TR1160
D663,HAS_SYMPTOM,S2106
D663,HAS_SYMPTOM,S2107
D663,HAS_SYMPTOM,S2108
D663,HAS_SYMPTOM,S2109
D663,HAS_CAUSE,CA1609
D663,HAS_CAUSE,CA1610
D663,HAS_CAUSE,CA1611
D663,HAS_CAUSE,CA1612
D663,HAS_CAUSE,CA1613
D663,MANAGED_BY,TR1161
D663,MANAGED_BY,TR1162
D663,DIAGNOSED_BY,T876
D663,CAN_CAUSE,C508
D663,CAN_CAUSE,C422
D663,MANAGED_BY,TR1163
D663,MANAGED_BY,TR1164
D664,HAS_SYMPTOM,S2110
D664,HAS_SYMPTOM,S2111
D664,HAS_SYMPTOM,S2112
D664,HAS_SYMPTOM,S2113
D664,HAS_SYMPTOM,S2114
D664,HAS_SYMPTOM,S2115
D664,HAS_SYMPTOM,S2116
D664,HAS_SYMPTOM,S2117
D664,HAS_CAUSE,CA1614
D664,HAS_CAUSE,CA1615
D664,HAS_CAUSE,CA1616
D664,MANAGED_BY,TR1165
D664,MANAGED_BY,TR1166
D664,MANAGED_BY,TR1167
D664,MANAGED_BY,TR1168
D664,MANAGED_BY,TR1169
D664,MANAGED_BY,TR1170
D664,DIAGNOSED_BY,T877
D664,DIAGNOSED_BY,T057
D664,DIAGNOSED_BY,T878
D664,CAN_CAUSE,C509
D664,CAN_CAUSE,C323
D664,CAN_CAUSE,C510
D664,CAN_CAUSE,C511
D664,CAN_CAUSE,C512
D664,MANAGED_BY,TR1171
D664,MANAGED_BY,TR1172
D664,MANAGED_BY,TR1173
D664,MANAGED_BY,TR1174
D664,MANAGED_BY,TR1175
D664,MANAGED_BY,TR1176
D665,HAS_SYMPTOM,S2118
D665,HAS_SYMPTOM,S2119
D665,HAS_SYMPTOM,S2120
D665,HAS_SYMPTOM,S2121
D665,HAS_SYMPTOM,S2122
D665,HAS_SYMPTOM,S2123
D665,HAS_SYMPTOM,S2124
D665,HAS_SYMPTOM,S2125
D665,HAS_SYMPTOM,S2126
D665,HAS_SYMPTOM,S2127
D665,HAS_SYMPTOM,S2128
D665,HAS_SYMPTOM,S2129
D665,HAS_CAUSE,CA1617
D665,HAS_CAUSE,CA1618
D665,HAS_CAUSE,CA1619
RF539,INCREASES_RISK_OF,D665
RF540,INCREASES_RISK_OF,D665
RF541,INCREASES_RISK_OF,D665
D665,MANAGED_BY,TR1177
D665,MANAGED_BY,TR1178
D665,MANAGED_BY,TR1179
D666,AFFECTS,O005
D666,HAS_SYMPTOM,S2130
D666,HAS_SYMPTOM,S2131
D666,HAS_SYMPTOM,S2132
D666,HAS_SYMPTOM,S2133
D666,HAS_SYMPTOM,S2134
D666,HAS_SYMPTOM,S2135
D666,HAS_SYMPTOM,S2136
D666,HAS_CAUSE,CA1620
D666,HAS_CAUSE,CA1621
D666,MANAGED_BY,TR1180
D666,MANAGED_BY,TR1181
D666,MANAGED_BY,TR1182
D666,MANAGED_BY,TR1183
D666,MANAGED_BY,TR1184
D666,DIAGNOSED_BY,T879
D666,DIAGNOSED_BY,T005
D666,DIAGNOSED_BY,T028
D666,CAN_CAUSE,C513
D666,CAN_CAUSE,C514
D666,CAN_CAUSE,C515
D667,HAS_SYMPTOM,S2137
D667,HAS_SYMPTOM,S2138
D667,HAS_SYMPTOM,S2139
D667,HAS_SYMPTOM,S2140
D667,HAS_SYMPTOM,S2141
D667,HAS_SYMPTOM,S2142
D667,HAS_SYMPTOM,S2143
D667,HAS_CAUSE,CA1622
D667,MANAGED_BY,TR1185
D667,DIAGNOSED_BY,T880
D667,CAN_CAUSE,C516
D667,CAN_CAUSE,C517
D667,CAN_CAUSE,C323
D667,MANAGED_BY,TR1186
D667,MANAGED_BY,TR1187
D668,HAS_SYMPTOM,S2144
D668,HAS_SYMPTOM,S2145
D668,HAS_SYMPTOM,S2146
D668,HAS_SYMPTOM,S616
D668,HAS_SYMPTOM,S2147
D668,HAS_SYMPTOM,S2148
D668,HAS_CAUSE,CA1623
RF144,INCREASES_RISK_OF,D668
D669,HAS_CAUSE,CA1624
D669,HAS_CAUSE,CA1625
D669,MANAGED_BY,TR1188
D669,MANAGED_BY,TR1189
D669,MANAGED_BY,TR1190
D671,HAS_SYMPTOM,S2149
D671,HAS_SYMPTOM,S2150
D671,HAS_SYMPTOM,S2151
D671,HAS_SYMPTOM,S2152
D671,HAS_SYMPTOM,S2153
D671,HAS_SYMPTOM,S2154
D671,HAS_SYMPTOM,S2155
D671,HAS_SYMPTOM,S2156
D671,HAS_SYMPTOM,S2157
D671,HAS_SYMPTOM,S2158
D671,HAS_SYMPTOM,S2159
D671,HAS_CAUSE,CA1626
D671,HAS_CAUSE,CA1627
D671,HAS_CAUSE,CA1628
D671,HAS_CAUSE,CA1629
D671,HAS_CAUSE,CA396
D671,HAS_CAUSE,CA210
D671,MANAGED_BY,TR1191
D671,DIAGNOSED_BY,T881
D671,CAN_CAUSE,C518
D672,HAS_CAUSE,CA1630
D672,HAS_CAUSE,CA093
D672,HAS_CAUSE,CA1631
D672,HAS_CAUSE,CA1632
D672,HAS_CAUSE,CA1633
D672,HAS_CAUSE,CA1634
D672,HAS_CAUSE,CA1635
D672,HAS_CAUSE,CA1636
D672,HAS_CAUSE,CA1637
D673,AFFECTS,O008
D673,HAS_SYMPTOM,S2160
D673,HAS_SYMPTOM,S2161
D673,HAS_SYMPTOM,S2162
D673,HAS_SYMPTOM,S2163
D673,HAS_SYMPTOM,S2164
D673,HAS_CAUSE,CA1638
RF542,INCREASES_RISK_OF,D673
RF543,INCREASES_RISK_OF,D673
RF544,INCREASES_RISK_OF,D673
RF545,INCREASES_RISK_OF,D673
RF546,INCREASES_RISK_OF,D673
RF264,INCREASES_RISK_OF,D673
RF547,INCREASES_RISK_OF,D673
RF548,INCREASES_RISK_OF,D673
RF549,INCREASES_RISK_OF,D673
D673,MANAGED_BY,TR1192
D673,MANAGED_BY,TR1193
D673,MANAGED_BY,TR1194
D673,DIAGNOSED_BY,T882
D673,DIAGNOSED_BY,T883
D673,DIAGNOSED_BY,T884
D673,DIAGNOSED_BY,T885
D673,DIAGNOSED_BY,T886
D673,CAN_CAUSE,C519
D673,CAN_CAUSE,C520
D673,MANAGED_BY,TR086
D673,MANAGED_BY,TR1195
D674,HAS_SYMPTOM,S2165
D674,HAS_SYMPTOM,S2166
D674,HAS_SYMPTOM,S324
D674,HAS_SYMPTOM,S2167
D674,HAS_SYMPTOM,S2168
D674,HAS_CAUSE,CA1639
D674,HAS_CAUSE,CA1640
D674,HAS_CAUSE,CA1641
D674,DIAGNOSED_BY,T887
D674,DIAGNOSED_BY,T888
D674,DIAGNOSED_BY,T197
D674,DIAGNOSED_BY,T889
D674,CAN_CAUSE,C521
D674,MANAGED_BY,TR1196
D675,AFFECTS,O017
D675,HAS_SYMPTOM,S2169
D675,HAS_CAUSE,CA1642
D675,HAS_CAUSE,CA001
D675,HAS_CAUSE,CA1643
D675,HAS_CAUSE,CA1644
D675,HAS_CAUSE,CA1645
D675,HAS_CAUSE,CA1646
D675,HAS_CAUSE,CA1647
D675,HAS_CAUSE,CA1648
D675,HAS_CAUSE,CA1649
D675,HAS_CAUSE,CA1650
D675,HAS_CAUSE,CA1651
D675,MANAGED_BY,TR1197
D675,DIAGNOSED_BY,T890
D675,CAN_CAUSE,C522
D675,CAN_CAUSE,C287
D675,CAN_CAUSE,C523
D675,MANAGED_BY,TR1198
D675,MANAGED_BY,TR1199
D676,HAS_SYMPTOM,S2170
D676,HAS_SYMPTOM,S2171
D676,HAS_SYMPTOM,S2172
D676,HAS_SYMPTOM,S2173
D676,HAS_SYMPTOM,S2174
D676,HAS_SYMPTOM,S2175
D676,HAS_SYMPTOM,S095
D676,HAS_SYMPTOM,S2176
D676,HAS_CAUSE,CA1652
D676,HAS_CAUSE,CA1653
D676,HAS_CAUSE,CA1654
D676,HAS_CAUSE,CA1529
D676,MANAGED_BY,TR1200
D676,DIAGNOSED_BY,T891
D676,DIAGNOSED_BY,T892
D676,DIAGNOSED_BY,T893
D676,DIAGNOSED_BY,T005
D676,DIAGNOSED_BY,T894
D676,DIAGNOSED_BY,T895
D676,DIAGNOSED_BY,T896
D676,DIAGNOSED_BY,T897
D676,DIAGNOSED_BY,T898
D676,DIAGNOSED_BY,T051
D676,CAN_CAUSE,C524
D676,CAN_CAUSE,C525
D676,CAN_CAUSE,C526
D676,MANAGED_BY,TR1201
D676,MANAGED_BY,TR352
D676,MANAGED_BY,TR353
D676,MANAGED_BY,TR547
D676,MANAGED_BY,TR059
D676,MANAGED_BY,TR1202
D677,AFFECTS,O005
D677,HAS_CAUSE,CA1655
D677,HAS_CAUSE,CA1656
D677,HAS_CAUSE,CA252
D677,HAS_CAUSE,CA1657
D677,HAS_CAUSE,CA1658
D678,AFFECTS,O005
D679,HAS_SYMPTOM,S221
D679,HAS_SYMPTOM,S2177
D679,HAS_SYMPTOM,S2178
D679,HAS_SYMPTOM,S2179
D679,HAS_SYMPTOM,S2180
D679,HAS_SYMPTOM,S1218
D679,HAS_CAUSE,CA1659
D679,MANAGED_BY,TR1203
D679,DIAGNOSED_BY,T899
D679,DIAGNOSED_BY,T836
D679,DIAGNOSED_BY,T900
D679,DIAGNOSED_BY,T901
D679,DIAGNOSED_BY,T069
D679,DIAGNOSED_BY,T902
D679,DIAGNOSED_BY,T563
D679,DIAGNOSED_BY,T564
D679,CAN_CAUSE,C253
D679,CAN_CAUSE,C527
D679,CAN_CAUSE,C528
D679,MANAGED_BY,TR1204
D680,AFFECTS,O001
D681,AFFECTS,O001
D681,HAS_SYMPTOM,S083
D681,HAS_SYMPTOM,S2181
D681,HAS_SYMPTOM,S2182
D681,HAS_SYMPTOM,S2183
D681,HAS_SYMPTOM,S2184
D681,HAS_CAUSE,CA1660
D681,HAS_CAUSE,CA1661
D681,HAS_CAUSE,CA1662
D681,HAS_CAUSE,CA1663
D681,HAS_CAUSE,CA1664
D681,HAS_CAUSE,CA1665
RF550,INCREASES_RISK_OF,D681
RF551,INCREASES_RISK_OF,D681
D682,AFFECTS,O001
D682,HAS_SYMPTOM,S2185
D682,HAS_SYMPTOM,S2186
D682,HAS_SYMPTOM,S2187
D682,HAS_CAUSE,CA001
D682,HAS_CAUSE,CA1666
D682,HAS_CAUSE,CA465
D682,HAS_CAUSE,CA125
D682,HAS_CAUSE,CA1667
D682,HAS_CAUSE,CA1668
D682,HAS_CAUSE,CA1669
D682,HAS_CAUSE,CA1670
D682,DIAGNOSED_BY,T903
D682,MANAGED_BY,TR1205
D682,MANAGED_BY,TR1206
D682,MANAGED_BY,TR1207
D683,AFFECTS,O001
D683,HAS_SYMPTOM,S497
D683,HAS_SYMPTOM,S2188
D683,HAS_SYMPTOM,S2189
D683,HAS_SYMPTOM,S2190
D683,HAS_CAUSE,CA1660
D683,HAS_CAUSE,CA1661
D683,HAS_CAUSE,CA1662
D683,HAS_CAUSE,CA1663
D683,HAS_CAUSE,CA1671
D683,HAS_CAUSE,CA1672
D683,HAS_CAUSE,CA1673
RF552,INCREASES_RISK_OF,D683
D683,MANAGED_BY,TR1208
D684,AFFECTS,O005
D684,HAS_SYMPTOM,S2191
D684,HAS_SYMPTOM,S2192
D684,HAS_SYMPTOM,S2193
D684,HAS_SYMPTOM,S2194
D684,HAS_SYMPTOM,S2195
D684,HAS_SYMPTOM,S2196
D684,HAS_SYMPTOM,S2197
D684,HAS_CAUSE,CA1674
D684,HAS_CAUSE,CA1675
D684,HAS_CAUSE,CA1676
D684,HAS_CAUSE,CA1677
D684,HAS_CAUSE,CA1678
D685,AFFECTS,O008
D685,HAS_SYMPTOM,S1115
D685,HAS_SYMPTOM,S2198
D685,HAS_SYMPTOM,S2173
D685,HAS_SYMPTOM,S093
D685,HAS_SYMPTOM,S2199
D685,HAS_CAUSE,CA1679
D685,HAS_CAUSE,CA1680
D685,HAS_CAUSE,CA1681
D685,HAS_CAUSE,CA1682
D685,HAS_CAUSE,CA1683
D685,MANAGED_BY,TR1209
D685,MANAGED_BY,TR1210
D685,CAN_CAUSE,C030
D685,CAN_CAUSE,C529
D685,CAN_CAUSE,C530
D685,CAN_CAUSE,C146
D685,CAN_CAUSE,C531
D685,CAN_CAUSE,C532
D686,HAS_SYMPTOM,S1701
D686,HAS_SYMPTOM,S2200
D686,HAS_CAUSE,CA1684
D686,HAS_CAUSE,CA1685
D686,HAS_CAUSE,CA1686
D686,HAS_CAUSE,CA1687
D686,MANAGED_BY,TR1211
D686,DIAGNOSED_BY,T904
D686,CAN_CAUSE,C533
D686,CAN_CAUSE,C534
D686,MANAGED_BY,TR1212
D686,MANAGED_BY,TR1213
D686,MANAGED_BY,TR583
D686,MANAGED_BY,TR1214
D687,HAS_SYMPTOM,S2201
D687,HAS_SYMPTOM,S2202
D687,HAS_SYMPTOM,S1042
D687,HAS_SYMPTOM,S2203
D687,HAS_SYMPTOM,S096
D687,HAS_SYMPTOM,S2173
D687,HAS_SYMPTOM,S2204
D687,HAS_SYMPTOM,S2205
D687,HAS_CAUSE,CA1688
D687,MANAGED_BY,TR1215
D687,CAN_CAUSE,C535
D687,CAN_CAUSE,C536
D687,CAN_CAUSE,C537
D687,CAN_CAUSE,C538
D687,CAN_CAUSE,C539
D688,HAS_SYMPTOM,S096
D688,HAS_SYMPTOM,S2206
D688,HAS_SYMPTOM,S2207
D688,HAS_SYMPTOM,S2208
D688,HAS_SYMPTOM,S2209
D688,HAS_SYMPTOM,S2210
D688,HAS_SYMPTOM,S354
D688,HAS_SYMPTOM,S2211
D688,HAS_SYMPTOM,S2212
D688,HAS_SYMPTOM,S2213
D688,HAS_CAUSE,CA1689
D688,HAS_CAUSE,CA1690
D688,DIAGNOSED_BY,T905
D688,DIAGNOSED_BY,T906
D688,DIAGNOSED_BY,T567
D688,DIAGNOSED_BY,T907
D688,DIAGNOSED_BY,T908
D688,CAN_CAUSE,C526
D688,CAN_CAUSE,C540
D688,CAN_CAUSE,C541
D689,HAS_SYMPTOM,S2214
D689,HAS_SYMPTOM,S130
D689,HAS_SYMPTOM,S2215
D689,HAS_SYMPTOM,S2216
D689,HAS_SYMPTOM,S146
D689,HAS_SYMPTOM,S1977
D689,HAS_SYMPTOM,S2217
D689,HAS_SYMPTOM,S2218
D689,HAS_CAUSE,CA222
D689,DIAGNOSED_BY,T909
D689,DIAGNOSED_BY,T910
D689,DIAGNOSED_BY,T005
D689,DIAGNOSED_BY,T133
D689,DIAGNOSED_BY,T616
D689,DIAGNOSED_BY,T911
D689,DIAGNOSED_BY,T912
D689,DIAGNOSED_BY,T913
D689,DIAGNOSED_BY,T914
D689,CAN_CAUSE,C542
D689,CAN_CAUSE,C543
D689,CAN_CAUSE,C544
D689,MANAGED_BY,TR1216
D690,HAS_SYMPTOM,S2219
D691,AFFECTS,O017
D691,HAS_SYMPTOM,S1630
D691,HAS_SYMPTOM,S2220
D691,HAS_SYMPTOM,S2221
D691,HAS_SYMPTOM,S2222
D691,HAS_SYMPTOM,S2223
D691,HAS_SYMPTOM,S1655
D691,HAS_SYMPTOM,S363
D691,MANAGED_BY,TR1217
D691,MANAGED_BY,TR1218
D691,DIAGNOSED_BY,T915
D691,DIAGNOSED_BY,T916
D693,HAS_SYMPTOM,S2224
D693,HAS_CAUSE,CA1691
D693,HAS_CAUSE,CA1692
D693,HAS_CAUSE,CA1693
RF553,INCREASES_RISK_OF,D693
RF554,INCREASES_RISK_OF,D693
RF555,INCREASES_RISK_OF,D693
D693,MANAGED_BY,TR1219
D693,MANAGED_BY,TR1220
D693,MANAGED_BY,TR1221
D693,MANAGED_BY,TR1222
D694,HAS_SYMPTOM,S2225
D694,HAS_SYMPTOM,S2226
D694,HAS_SYMPTOM,S2227
D694,HAS_SYMPTOM,S127
D694,HAS_SYMPTOM,S2228
D694,HAS_CAUSE,CA1694
D694,HAS_CAUSE,CA1695
D694,HAS_CAUSE,CA1696
RF556,INCREASES_RISK_OF,D694
RF557,INCREASES_RISK_OF,D694
RF558,INCREASES_RISK_OF,D694
RF559,INCREASES_RISK_OF,D694
RF560,INCREASES_RISK_OF,D694
RF561,INCREASES_RISK_OF,D694
D694,MANAGED_BY,TR1223
D694,MANAGED_BY,TR1224
D694,MANAGED_BY,TR1225
D694,MANAGED_BY,TR1226
D694,MANAGED_BY,TR1227
D694,MANAGED_BY,TR1228
D694,MANAGED_BY,TR1229
D695,HAS_CAUSE,CA1697
D695,HAS_CAUSE,CA1698
D695,HAS_CAUSE,CA101
D695,HAS_CAUSE,CA1699
D695,HAS_CAUSE,CA1700
D697,HAS_SYMPTOM,S1537
D697,HAS_SYMPTOM,S2229
D697,HAS_SYMPTOM,S2046
D697,HAS_SYMPTOM,S2230
D697,HAS_SYMPTOM,S2231
D697,HAS_SYMPTOM,S497
D697,HAS_SYMPTOM,S042
D697,HAS_SYMPTOM,S187
D697,HAS_SYMPTOM,S2232
D697,HAS_SYMPTOM,S498
D697,HAS_SYMPTOM,S2233
D697,HAS_SYMPTOM,S2234
D698,AFFECTS,O004
D698,HAS_SYMPTOM,S2235
D698,HAS_SYMPTOM,S2236
D698,HAS_SYMPTOM,S2237
D698,HAS_SYMPTOM,S2238
D698,HAS_CAUSE,CA1701
D698,HAS_CAUSE,CA1702
D698,HAS_CAUSE,CA1703
D698,HAS_CAUSE,CA1704
D698,HAS_CAUSE,CA1705
RF562,INCREASES_RISK_OF,D698
RF563,INCREASES_RISK_OF,D698
RF564,INCREASES_RISK_OF,D698
RF565,INCREASES_RISK_OF,D698
RF566,INCREASES_RISK_OF,D698
RF567,INCREASES_RISK_OF,D698
RF568,INCREASES_RISK_OF,D698
RF569,INCREASES_RISK_OF,D698
RF570,INCREASES_RISK_OF,D698
D698,MANAGED_BY,TR1230
D698,MANAGED_BY,TR1231
D698,MANAGED_BY,TR1232
D698,MANAGED_BY,TR1233
D698,DIAGNOSED_BY,T917
D698,DIAGNOSED_BY,T918
D698,DIAGNOSED_BY,T919
D698,CAN_CAUSE,C545
D698,MANAGED_BY,TR231
D698,MANAGED_BY,TR1234
D698,MANAGED_BY,TR1235
D698,MANAGED_BY,TR1236
D698,MANAGED_BY,TR1237
D698,MANAGED_BY,TR1238
D699,HAS_CAUSE,CA1706
D700,HAS_CAUSE,CA1707
D700,HAS_CAUSE,CA1708
D700,HAS_CAUSE,CA1709
RF571,INCREASES_RISK_OF,D700
RF572,INCREASES_RISK_OF,D700
RF573,INCREASES_RISK_OF,D700
RF574,INCREASES_RISK_OF,D700
RF575,INCREASES_RISK_OF,D700
D700,MANAGED_BY,TR1239
D700,MANAGED_BY,TR1240
D701,HAS_SYMPTOM,S2239
D701,HAS_SYMPTOM,S095
D701,HAS_SYMPTOM,S2240
D701,HAS_SYMPTOM,S2241
D701,HAS_SYMPTOM,S041
D701,HAS_SYMPTOM,S2242
D701,HAS_SYMPTOM,S2243
D701,HAS_SYMPTOM,S090
D701,HAS_SYMPTOM,S2244
D701,HAS_SYMPTOM,S2091
D701,HAS_SYMPTOM,S393
D701,HAS_SYMPTOM,S292
D702,HAS_SYMPTOM,S2245
D702,HAS_SYMPTOM,S045
D702,HAS_SYMPTOM,S2246
D702,HAS_SYMPTOM,S2247
D702,HAS_SYMPTOM,S2248
D702,HAS_CAUSE,CA1710
D702,HAS_CAUSE,CA1711
D702,HAS_CAUSE,CA1712
D702,MANAGED_BY,TR1241
D702,MANAGED_BY,TR1242
D702,DIAGNOSED_BY,T920
D702,DIAGNOSED_BY,T921
D702,DIAGNOSED_BY,T922
D702,DIAGNOSED_BY,T923
D702,DIAGNOSED_BY,T924
D702,DIAGNOSED_BY,T925
D702,DIAGNOSED_BY,T051
D702,DIAGNOSED_BY,T005
D702,DIAGNOSED_BY,T926
D702,DIAGNOSED_BY,T927
D702,DIAGNOSED_BY,T928
D702,CAN_CAUSE,C546
D702,CAN_CAUSE,C547
D702,CAN_CAUSE,C013
D702,MANAGED_BY,TR1243
D702,MANAGED_BY,TR1244
D703,AFFECTS,O017
D703,HAS_SYMPTOM,S1630
D703,HAS_SYMPTOM,S2249
D703,HAS_SYMPTOM,S2250
D703,HAS_SYMPTOM,S2251
D703,HAS_CAUSE,CA1713
D703,HAS_CAUSE,CA1714
D703,HAS_CAUSE,CA1715
D703,HAS_CAUSE,CA1716
D703,HAS_CAUSE,CA1717
D703,HAS_CAUSE,CA1718
D703,MANAGED_BY,TR1245
D703,MANAGED_BY,TR1246
D703,MANAGED_BY,TR1247
D703,MANAGED_BY,TR1248
D703,MANAGED_BY,TR1249
D703,DIAGNOSED_BY,T912
D703,DIAGNOSED_BY,T929
D703,MANAGED_BY,TR1250
D704,AFFECTS,O017
D705,AFFECTS,O017
D705,HAS_SYMPTOM,S2252
D705,HAS_SYMPTOM,S2253
D705,HAS_SYMPTOM,S2254
D705,HAS_CAUSE,CA1719
D705,HAS_CAUSE,CA1720
D705,HAS_CAUSE,CA1721
D705,HAS_CAUSE,CA1722
D705,HAS_CAUSE,CA1723
D705,MANAGED_BY,TR1251
D705,MANAGED_BY,TR1252
D705,DIAGNOSED_BY,T930
D705,DIAGNOSED_BY,T931
D705,DIAGNOSED_BY,T932
D705,CAN_CAUSE,C548
D706,HAS_SYMPTOM,S2255
D706,HAS_SYMPTOM,S2256
D706,HAS_SYMPTOM,S2257
D706,HAS_SYMPTOM,S2258
D706,HAS_CAUSE,CA1724
D706,HAS_CAUSE,CA1725
RF576,INCREASES_RISK_OF,D706
RF577,INCREASES_RISK_OF,D706
D706,MANAGED_BY,TR1253
D706,DIAGNOSED_BY,T933
D706,MANAGED_BY,TR1254
D706,MANAGED_BY,TR1255
D707,AFFECTS,O001
D707,HAS_SYMPTOM,S2259
D707,HAS_SYMPTOM,S2260
D707,HAS_SYMPTOM,S163
D707,HAS_SYMPTOM,S075
D707,HAS_SYMPTOM,S2261
D707,HAS_CAUSE,CA1726
D707,MANAGED_BY,TR1256
D707,MANAGED_BY,TR1257
D707,DIAGNOSED_BY,T934
D707,DIAGNOSED_BY,T050
D707,CAN_CAUSE,C549
D707,CAN_CAUSE,C550
D707,CAN_CAUSE,C551
D707,CAN_CAUSE,C552
D707,CAN_CAUSE,C553
D707,MANAGED_BY,TR1258
D708,AFFECTS,O001
D708,HAS_SYMPTOM,S2262
D708,HAS_CAUSE,CA1727
D708,HAS_CAUSE,CA1728
D708,HAS_CAUSE,CA1729
D708,MANAGED_BY,TR1259
D708,MANAGED_BY,TR1260
D708,MANAGED_BY,TR1261
D708,DIAGNOSED_BY,T698
D708,DIAGNOSED_BY,T426
D708,CAN_CAUSE,C554
D708,CAN_CAUSE,C041
D708,MANAGED_BY,TR1262
D708,MANAGED_BY,TR161
D708,MANAGED_BY,TR1263
D708,MANAGED_BY,TR1264
D709,AFFECTS,O001
D709,HAS_SYMPTOM,S2263
D709,HAS_CAUSE,CA1730
D709,MANAGED_BY,TR1265
D709,DIAGNOSED_BY,T935
D709,DIAGNOSED_BY,T936
D709,DIAGNOSED_BY,T937
D709,MANAGED_BY,TR1266
D709,MANAGED_BY,TR1267
D709,MANAGED_BY,TR1268
D709,MANAGED_BY,TR1269
D710,HAS_SYMPTOM,S934
D710,HAS_SYMPTOM,S331
D710,HAS_SYMPTOM,S2090
D710,HAS_SYMPTOM,S487
D710,HAS_SYMPTOM,S2264
D710,HAS_SYMPTOM,S663
D710,HAS_SYMPTOM,S2265
D710,HAS_SYMPTOM,S2266
D710,HAS_SYMPTOM,S2267
D710,HAS_SYMPTOM,S2268
D710,HAS_SYMPTOM,S2269
D710,HAS_SYMPTOM,S2270
D710,HAS_CAUSE,CA1731
D710,HAS_CAUSE,CA1732
D710,HAS_CAUSE,CA1733
D710,HAS_CAUSE,CA1734
D710,HAS_CAUSE,CA365
D710,HAS_CAUSE,CA1735
D710,HAS_CAUSE,CA210
D710,HAS_CAUSE,CA1736
D710,HAS_CAUSE,CA1737
D710,HAS_CAUSE,CA1738
D710,HAS_CAUSE,CA1739
D710,HAS_CAUSE,CA1740
D710,MANAGED_BY,TR1270
D710,MANAGED_BY,TR1271
D710,MANAGED_BY,TR1272
D710,MANAGED_BY,TR1273
D710,MANAGED_BY,TR1274
D710,MANAGED_BY,TR1275
D710,DIAGNOSED_BY,T938
D710,DIAGNOSED_BY,T005
D710,DIAGNOSED_BY,T159
D710,DIAGNOSED_BY,T225
D710,DIAGNOSED_BY,T939
D710,DIAGNOSED_BY,T940
D710,CAN_CAUSE,C555
D710,CAN_CAUSE,C556
D710,CAN_CAUSE,C557
D710,CAN_CAUSE,C558
D710,MANAGED_BY,TR1276
D710,MANAGED_BY,TR1277
D710,MANAGED_BY,TR1278
D710,MANAGED_BY,TR352
D710,MANAGED_BY,TR353
D710,MANAGED_BY,TR1279
D710,MANAGED_BY,TR1280
D711,HAS_SYMPTOM,S351
D711,HAS_SYMPTOM,S2271
D711,HAS_SYMPTOM,S2091
D711,HAS_SYMPTOM,S663
D711,HAS_SYMPTOM,S2272
D711,HAS_SYMPTOM,S331
D711,HAS_SYMPTOM,S2273
D711,HAS_SYMPTOM,S243
D711,HAS_SYMPTOM,S052
D711,HAS_SYMPTOM,S2274
D711,HAS_SYMPTOM,S2275
D711,HAS_CAUSE,CA1741
D711,HAS_CAUSE,CA1742
D711,HAS_CAUSE,CA1743
D711,HAS_CAUSE,CA1744
D711,HAS_CAUSE,CA1745
D711,HAS_CAUSE,CA1746
D711,HAS_CAUSE,CA1747
D711,HAS_CAUSE,CA210
D711,HAS_CAUSE,CA1748
RF578,INCREASES_RISK_OF,D711
RF579,INCREASES_RISK_OF,D711
RF580,INCREASES_RISK_OF,D711
RF581,INCREASES_RISK_OF,D711
D711,MANAGED_BY,TR057
D711,MANAGED_BY,TR1281
D711,DIAGNOSED_BY,T941
D711,DIAGNOSED_BY,T942
D711,DIAGNOSED_BY,T943
D711,CAN_CAUSE,C559
D711,CAN_CAUSE,C560
D711,CAN_CAUSE,C561
D711,CAN_CAUSE,C196
D711,CAN_CAUSE,C013
D711,MANAGED_BY,TR1282
D711,MANAGED_BY,TR1283
D711,MANAGED_BY,TR1284
D711,MANAGED_BY,TR1285
D712,AFFECTS,O006
D712,HAS_CAUSE,CA1749
D712,HAS_CAUSE,CA1750
D712,HAS_CAUSE,CA1751
D712,HAS_CAUSE,CA1752
RF582,INCREASES_RISK_OF,D712
D713,HAS_SYMPTOM,S2276
D713,HAS_SYMPTOM,S2277
D713,HAS_SYMPTOM,S616
D713,HAS_SYMPTOM,S2278
D713,HAS_SYMPTOM,S2279
D713,HAS_SYMPTOM,S2280
D713,HAS_SYMPTOM,S2281
D713,HAS_SYMPTOM,S970
D713,HAS_SYMPTOM,S201
D713,HAS_SYMPTOM,S1401
D713,HAS_SYMPTOM,S2282
D713,HAS_SYMPTOM,S2283
D714,AFFECTS,O012
D715,HAS_SYMPTOM,S2284
D715,HAS_SYMPTOM,S2285
D715,HAS_CAUSE,CA1753
D715,HAS_CAUSE,CA1754
D715,HAS_CAUSE,CA1755
D715,HAS_CAUSE,CA1756
RF583,INCREASES_RISK_OF,D715
D715,MANAGED_BY,TR1286
D715,MANAGED_BY,TR1287
D715,MANAGED_BY,TR1288
D715,MANAGED_BY,TR1289
D715,MANAGED_BY,TR1290
D715,MANAGED_BY,TR1291
D715,MANAGED_BY,TR1292
D716,HAS_CAUSE,CA1757
D716,HAS_CAUSE,CA345
D716,HAS_CAUSE,CA1758
D716,HAS_CAUSE,CA1759
D716,HAS_CAUSE,CA1760
D717,HAS_SYMPTOM,S2286
D717,HAS_SYMPTOM,S2287
D717,HAS_SYMPTOM,S347
D717,HAS_SYMPTOM,S2288
D717,HAS_SYMPTOM,S2289
D717,HAS_SYMPTOM,S1100
D717,HAS_CAUSE,CA1761
D717,HAS_CAUSE,CA1762
RF584,INCREASES_RISK_OF,D717
D717,MANAGED_BY,TR1293
D717,MANAGED_BY,TR1294
D717,MANAGED_BY,TR1295
D718,AFFECTS,O002
D718,HAS_CAUSE,CA1763
D718,HAS_CAUSE,CA1764
D718,HAS_CAUSE,CA1765
D718,HAS_CAUSE,CA1766
D718,HAS_CAUSE,CA1223
D718,HAS_CAUSE,CA235
D718,HAS_CAUSE,CA1767
D718,HAS_CAUSE,CA1768
D718,HAS_CAUSE,CA1061
D718,HAS_CAUSE,CA1257
D718,HAS_CAUSE,CA1568
D718,HAS_CAUSE,CA1769
D719,HAS_CAUSE,CA1741
D719,HAS_CAUSE,CA1742
D719,HAS_CAUSE,CA1743
D720,AFFECTS,O009
D723,HAS_SYMPTOM,S2290
D723,HAS_SYMPTOM,S1101
D723,HAS_CAUSE,CA1770
D723,HAS_CAUSE,CA1771
D723,HAS_CAUSE,CA1341
D723,HAS_CAUSE,CA1772
D723,HAS_CAUSE,CA1773
D723,HAS_CAUSE,CA642
D723,HAS_CAUSE,CA1774
D723,HAS_CAUSE,CA1775
D723,MANAGED_BY,TR1296
D723,MANAGED_BY,TR1297
D723,MANAGED_BY,TR1298
D723,MANAGED_BY,TR1288
D723,MANAGED_BY,TR1299
D724,HAS_SYMPTOM,S2291
D724,HAS_SYMPTOM,S2292
D724,HAS_SYMPTOM,S1101
D724,HAS_CAUSE,CA1776
D724,HAS_CAUSE,CA1772
D724,HAS_CAUSE,CA1771
D724,HAS_CAUSE,CA1773
D724,HAS_CAUSE,CA642
D724,HAS_CAUSE,CA1774
D724,HAS_CAUSE,CA1775
D724,MANAGED_BY,TR1300
D725,HAS_SYMPTOM,S2293
D725,HAS_SYMPTOM,S1101
D725,HAS_CAUSE,CA1776
D725,HAS_CAUSE,CA1772
D725,HAS_CAUSE,CA1771
D725,HAS_CAUSE,CA1773
D725,HAS_CAUSE,CA642
D725,HAS_CAUSE,CA1774
D725,HAS_CAUSE,CA1775
D725,MANAGED_BY,TR1301
D726,HAS_SYMPTOM,S2294
D726,HAS_SYMPTOM,S2295
D726,HAS_CAUSE,CA1777
D726,HAS_CAUSE,CA1778
D726,HAS_CAUSE,CA1779
RF585,INCREASES_RISK_OF,D726
D726,MANAGED_BY,TR1302
D726,MANAGED_BY,TR1303
D726,MANAGED_BY,TR1304
D726,MANAGED_BY,TR1305
D726,MANAGED_BY,TR1306
D726,MANAGED_BY,TR1307
D726,MANAGED_BY,TR1308
D726,MANAGED_BY,TR1309
D727,AFFECTS,O006
D727,HAS_SYMPTOM,S2296
D727,HAS_CAUSE,CA1780
D727,HAS_CAUSE,CA1781
D727,HAS_CAUSE,CA1782
D727,HAS_CAUSE,CA1783
D727,HAS_CAUSE,CA1784
D727,HAS_CAUSE,CA001
D727,HAS_CAUSE,CA1785
D727,HAS_CAUSE,CA1786
D727,MANAGED_BY,TR498
D727,MANAGED_BY,TR1310
D727,MANAGED_BY,TR1311
D727,DIAGNOSED_BY,T944
D727,DIAGNOSED_BY,T945
D727,DIAGNOSED_BY,T057
D727,DIAGNOSED_BY,T450
D727,DIAGNOSED_BY,T946
D727,DIAGNOSED_BY,T012
D727,DIAGNOSED_BY,T947
D727,DIAGNOSED_BY,T948
D727,DIAGNOSED_BY,T949
D727,CAN_CAUSE,C562
D727,CAN_CAUSE,C563
D727,CAN_CAUSE,C507
D727,CAN_CAUSE,C564
D727,CAN_CAUSE,C565
D727,MANAGED_BY,TR1312
D727,MANAGED_BY,TR1313
D728,AFFECTS,O006
D728,AFFECTS,O015
D728,HAS_SYMPTOM,S573
D728,HAS_SYMPTOM,S2297
D728,MANAGED_BY,TR1314
D728,MANAGED_BY,TR1315
D728,MANAGED_BY,TR725
D728,MANAGED_BY,TR1316
D728,MANAGED_BY,TR1317
D728,MANAGED_BY,TR1318
D728,DIAGNOSED_BY,T950
D728,DIAGNOSED_BY,T951
D728,DIAGNOSED_BY,T952
D728,DIAGNOSED_BY,T953
D728,DIAGNOSED_BY,T954
D728,DIAGNOSED_BY,T207
D728,DIAGNOSED_BY,T133
D728,CAN_CAUSE,C566
D728,CAN_CAUSE,C567
D728,MANAGED_BY,TR1319
D729,AFFECTS,O005
D730,HAS_SYMPTOM,S2298
D730,HAS_SYMPTOM,S2299
D730,HAS_SYMPTOM,S2300
D730,HAS_SYMPTOM,S2301
D730,HAS_SYMPTOM,S393
D730,HAS_SYMPTOM,S2302
D730,DIAGNOSED_BY,T955
D730,DIAGNOSED_BY,T005
D730,DIAGNOSED_BY,T956
D730,DIAGNOSED_BY,T616
D730,DIAGNOSED_BY,T957
D730,DIAGNOSED_BY,T958
D730,CAN_CAUSE,C568
D730,CAN_CAUSE,C569
D730,CAN_CAUSE,C570
D731,AFFECTS,O005
D731,HAS_SYMPTOM,S2303
D731,HAS_SYMPTOM,S2304
D731,HAS_SYMPTOM,S2305
D731,HAS_CAUSE,CA1787
RF586,INCREASES_RISK_OF,D731
RF587,INCREASES_RISK_OF,D731
RF588,INCREASES_RISK_OF,D731
RF589,INCREASES_RISK_OF,D731
D731,DIAGNOSED_BY,T005
D731,DIAGNOSED_BY,T959
D731,DIAGNOSED_BY,T191
D731,CAN_CAUSE,C571
D731,CAN_CAUSE,C572
D732,AFFECTS,O005
D733,HAS_SYMPTOM,S2306
D733,HAS_SYMPTOM,S2307
D733,HAS_SYMPTOM,S2308
D733,HAS_CAUSE,CA1788
D733,MANAGED_BY,TR1320
D733,CAN_CAUSE,C573
D733,MANAGED_BY,TR1321
D734,HAS_SYMPTOM,S1280
D734,HAS_SYMPTOM,S2309
D734,HAS_CAUSE,CA210
D734,HAS_CAUSE,CA1789
D734,HAS_CAUSE,CA1790
D734,HAS_CAUSE,CA131
D734,MANAGED_BY,TR1322
D734,DIAGNOSED_BY,T960
D734,DIAGNOSED_BY,T961
D734,CAN_CAUSE,C574
D734,CAN_CAUSE,C575
D734,MANAGED_BY,TR1323
D735,HAS_CAUSE,CA378
D735,HAS_CAUSE,CA1791
D735,HAS_CAUSE,CA1792
D735,HAS_CAUSE,CA1164
D735,HAS_CAUSE,CA1793
D735,HAS_CAUSE,CA1794
D735,HAS_CAUSE,CA1795
D735,HAS_CAUSE,CA1796
D735,HAS_CAUSE,CA1797
RF590,INCREASES_RISK_OF,D735
RF591,INCREASES_RISK_OF,D735
RF592,INCREASES_RISK_OF,D735
RF593,INCREASES_RISK_OF,D735
RF083,INCREASES_RISK_OF,D735
D735,MANAGED_BY,TR1324
D735,MANAGED_BY,TR1325
D735,MANAGED_BY,TR1326
D735,MANAGED_BY,TR1327
D735,DIAGNOSED_BY,T133
D735,DIAGNOSED_BY,T962
D735,DIAGNOSED_BY,T963
D735,MANAGED_BY,TR1328
D735,MANAGED_BY,TR1329
D735,MANAGED_BY,TR1330
D735,MANAGED_BY,TR1331
D735,MANAGED_BY,TR1332
D735,MANAGED_BY,TR1333
D735,MANAGED_BY,TR1334
D735,MANAGED_BY,TR697
D735,MANAGED_BY,TR352
D735,MANAGED_BY,TR353
D735,MANAGED_BY,TR547
D735,MANAGED_BY,TR059
D736,HAS_SYMPTOM,S2310
D736,HAS_SYMPTOM,S2311
D736,HAS_SYMPTOM,S2312
D736,HAS_SYMPTOM,S2313
D736,HAS_SYMPTOM,S2314
D736,HAS_SYMPTOM,S2315
D736,HAS_SYMPTOM,S2316
D736,HAS_SYMPTOM,S2317
D736,HAS_SYMPTOM,S2318
D736,HAS_SYMPTOM,S2319
D736,HAS_SYMPTOM,S2320
D736,HAS_SYMPTOM,S2321
D736,HAS_CAUSE,CA001
D736,DIAGNOSED_BY,T964
D736,DIAGNOSED_BY,T965
D736,DIAGNOSED_BY,T966
D736,DIAGNOSED_BY,T967
D737,HAS_SYMPTOM,S2322
D737,HAS_SYMPTOM,S130
D737,HAS_CAUSE,CA1798
D737,HAS_CAUSE,CA1799
D737,HAS_CAUSE,CA1800
D737,HAS_CAUSE,CA1801
D737,MANAGED_BY,TR1335
D737,DIAGNOSED_BY,T968
D737,DIAGNOSED_BY,T969
D737,DIAGNOSED_BY,T205
D737,CAN_CAUSE,C576
D737,MANAGED_BY,TR1336
D737,MANAGED_BY,TR1337
D738,HAS_CAUSE,CA789
D738,HAS_CAUSE,CA1802
D738,HAS_CAUSE,CA1803
D738,HAS_CAUSE,CA1804
RF594,INCREASES_RISK_OF,D738
RF595,INCREASES_RISK_OF,D738
RF596,INCREASES_RISK_OF,D738
RF597,INCREASES_RISK_OF,D738
RF598,INCREASES_RISK_OF,D738
RF464,INCREASES_RISK_OF,D738
RF599,INCREASES_RISK_OF,D738
RF600,INCREASES_RISK_OF,D738
RF601,INCREASES_RISK_OF,D738
RF264,INCREASES_RISK_OF,D738
RF602,INCREASES_RISK_OF,D738
RF216,INCREASES_RISK_OF,D738
D739,HAS_CAUSE,CA1805
D739,MANAGED_BY,TR1338
D739,MANAGED_BY,TR1339
D739,MANAGED_BY,TR1340
D739,MANAGED_BY,TR1341
D739,MANAGED_BY,TR1342
D739,MANAGED_BY,TR1343
D739,MANAGED_BY,TR1344
D739,DIAGNOSED_BY,T970
D739,DIAGNOSED_BY,T971
D739,DIAGNOSED_BY,T972
D741,HAS_SYMPTOM,S2323
D741,HAS_SYMPTOM,S2324
D741,HAS_SYMPTOM,S2325
D741,HAS_SYMPTOM,S2326
D741,HAS_CAUSE,CA607
D741,HAS_CAUSE,CA1806
D741,HAS_CAUSE,CA1807
D741,HAS_CAUSE,CA1272
D741,HAS_CAUSE,CA1257
RF603,INCREASES_RISK_OF,D741
RF604,INCREASES_RISK_OF,D741
D741,MANAGED_BY,TR1345
D741,DIAGNOSED_BY,T973
D741,DIAGNOSED_BY,T974
D741,DIAGNOSED_BY,T975
D741,DIAGNOSED_BY,T976
D741,DIAGNOSED_BY,T005
D741,DIAGNOSED_BY,T051
D741,DIAGNOSED_BY,T836
D741,DIAGNOSED_BY,T977
D741,DIAGNOSED_BY,T978
D741,CAN_CAUSE,C577
D741,CAN_CAUSE,C011
D741,CAN_CAUSE,C289
D741,CAN_CAUSE,C578
D741,CAN_CAUSE,C013
D741,MANAGED_BY,TR1346
D742,AFFECTS,O004
D743,HAS_SYMPTOM,S2327
D743,HAS_SYMPTOM,S2328
D743,HAS_SYMPTOM,S2289
D743,HAS_SYMPTOM,S132
D743,HAS_SYMPTOM,S045
D743,HAS_SYMPTOM,S2329
D743,HAS_SYMPTOM,S133
D743,HAS_SYMPTOM,S2330
D743,HAS_SYMPTOM,S2331
D743,HAS_SYMPTOM,S2332
D743,HAS_SYMPTOM,S2333
D743,HAS_SYMPTOM,S2334
D743,HAS_CAUSE,CA1808
D743,HAS_CAUSE,CA1809
D743,HAS_CAUSE,CA1810
D743,HAS_CAUSE,CA1811
D743,HAS_CAUSE,CA184
D743,HAS_CAUSE,CA1812
D743,HAS_CAUSE,CA1214
D743,HAS_CAUSE,CA737
D743,HAS_CAUSE,CA1813
D743,HAS_CAUSE,CA210
D743,HAS_CAUSE,CA1814
D743,HAS_CAUSE,CA1815
D743,MANAGED_BY,TR649
D743,MANAGED_BY,TR1347
D743,MANAGED_BY,TR1348
D743,DIAGNOSED_BY,T979
D743,DIAGNOSED_BY,T005
D743,DIAGNOSED_BY,T980
D743,DIAGNOSED_BY,T981
D743,DIAGNOSED_BY,T982
D743,DIAGNOSED_BY,T983
D743,DIAGNOSED_BY,T051
D743,DIAGNOSED_BY,T984
D744,AFFECTS,O016
D744,HAS_SYMPTOM,S467
D744,HAS_SYMPTOM,S2335
D744,HAS_CAUSE,CA1816
D744,HAS_CAUSE,CA1817
D744,HAS_CAUSE,CA1818
D744,HAS_CAUSE,CA1819
D744,HAS_CAUSE,CA1820
D744,HAS_CAUSE,CA1821
D744,HAS_CAUSE,CA1822
D744,MANAGED_BY,TR1349
D744,MANAGED_BY,TR1350
D744,DIAGNOSED_BY,T985
D744,DIAGNOSED_BY,T986
D744,DIAGNOSED_BY,T987
D744,CAN_CAUSE,C579
D744,CAN_CAUSE,C580
D744,MANAGED_BY,TR1351
D744,MANAGED_BY,TR1352
D744,MANAGED_BY,TR1353
D744,MANAGED_BY,TR1354
D745,HAS_SYMPTOM,S2336
D745,HAS_CAUSE,CA1823
D745,HAS_CAUSE,CA1824
D745,HAS_CAUSE,CA1825
D745,MANAGED_BY,TR1355
D745,MANAGED_BY,TR1356
D745,MANAGED_BY,TR1357
D745,MANAGED_BY,TR1358
D745,MANAGED_BY,TR1359
D745,MANAGED_BY,TR1360
D745,DIAGNOSED_BY,T005
D745,DIAGNOSED_BY,T988
D745,DIAGNOSED_BY,T989
D745,DIAGNOSED_BY,T990
D745,DIAGNOSED_BY,T991
D745,DIAGNOSED_BY,T992
D746,AFFECTS,O006
D746,HAS_SYMPTOM,S2337
D746,HAS_SYMPTOM,S1798
D746,HAS_SYMPTOM,S1799
D746,HAS_SYMPTOM,S2338
D746,HAS_SYMPTOM,S2339
D746,HAS_SYMPTOM,S1289
D746,HAS_SYMPTOM,S2340
D746,HAS_SYMPTOM,S2341
D746,HAS_SYMPTOM,S2342
D746,HAS_SYMPTOM,S2343
D746,HAS_SYMPTOM,S2344
D746,HAS_SYMPTOM,S2345
RF605,INCREASES_RISK_OF,D746
D747,AFFECTS,O020
D747,HAS_SYMPTOM,S2346
D747,HAS_SYMPTOM,S2347
D747,HAS_SYMPTOM,S292
D747,HAS_SYMPTOM,S2348
D747,HAS_SYMPTOM,S2349
D747,HAS_CAUSE,CA1826
D747,HAS_CAUSE,CA1827
D747,MANAGED_BY,TR1361
D747,MANAGED_BY,TR1362
D747,MANAGED_BY,TR194
D747,DIAGNOSED_BY,T993
D748,HAS_SYMPTOM,S2350
D748,HAS_SYMPTOM,S2351
D748,HAS_SYMPTOM,S2352
D748,HAS_SYMPTOM,S262
D748,HAS_SYMPTOM,S2353
D748,HAS_SYMPTOM,S2354
D748,HAS_SYMPTOM,S2355
D748,HAS_SYMPTOM,S2356
D748,HAS_SYMPTOM,S133
D748,HAS_SYMPTOM,S254
D748,HAS_SYMPTOM,S663
D748,HAS_SYMPTOM,S2357
D748,HAS_CAUSE,CA1828
D748,MANAGED_BY,TR1363
D748,DIAGNOSED_BY,T994
D748,DIAGNOSED_BY,T995
D748,DIAGNOSED_BY,T996
D748,DIAGNOSED_BY,T997
D748,DIAGNOSED_BY,T998
D748,DIAGNOSED_BY,T999
D748,CAN_CAUSE,C581
D748,CAN_CAUSE,C582
D748,CAN_CAUSE,C583
D748,CAN_CAUSE,C287
D748,CAN_CAUSE,C584
D748,CAN_CAUSE,C585
D748,CAN_CAUSE,C586
D749,HAS_SYMPTOM,S2358
D749,HAS_SYMPTOM,S2359
D749,HAS_SYMPTOM,S2360
D749,HAS_SYMPTOM,S2361
D749,HAS_SYMPTOM,S2362
D749,HAS_SYMPTOM,S2363
D749,HAS_SYMPTOM,S2364
D749,HAS_SYMPTOM,S2365
D749,HAS_SYMPTOM,S2366
D749,HAS_SYMPTOM,S133
D749,HAS_SYMPTOM,S254
D749,HAS_SYMPTOM,S141
D749,HAS_CAUSE,CA378
D749,HAS_CAUSE,CA1829
D749,HAS_CAUSE,CA1830
D749,MANAGED_BY,TR1364
D749,MANAGED_BY,TR1365
D749,MANAGED_BY,TR1366
D749,MANAGED_BY,TR1367
D749,MANAGED_BY,TR1368
D749,MANAGED_BY,TR1369
D749,MANAGED_BY,TR1370
D749,DIAGNOSED_BY,T066
D749,DIAGNOSED_BY,T996
D749,DIAGNOSED_BY,T1000
D749,DIAGNOSED_BY,T1001
D749,DIAGNOSED_BY,T1002
D749,CAN_CAUSE,C209
D749,CAN_CAUSE,C587
D749,CAN_CAUSE,C588
D749,CAN_CAUSE,C032
D749,CAN_CAUSE,C584
D749,CAN_CAUSE,C589
D749,MANAGED_BY,TR1371
D749,MANAGED_BY,TR1372
D750,AFFECTS,O008
D750,HAS_SYMPTOM,S2367
D750,HAS_SYMPTOM,S262
D750,HAS_SYMPTOM,S2368
D750,HAS_SYMPTOM,S2369
D750,HAS_SYMPTOM,S2370
D750,HAS_SYMPTOM,S2371
D750,HAS_SYMPTOM,S2372
D750,HAS_SYMPTOM,S133
D750,HAS_SYMPTOM,S254
D750,HAS_SYMPTOM,S663
D750,HAS_SYMPTOM,S2357
D750,HAS_CAUSE,CA1831
D750,HAS_CAUSE,CA1832
D750,HAS_CAUSE,CA1833
D750,MANAGED_BY,TR1373
D750,MANAGED_BY,TR1374
D750,MANAGED_BY,TR1375
D750,DIAGNOSED_BY,T1003
D750,DIAGNOSED_BY,T1004
D750,DIAGNOSED_BY,T1005
D750,DIAGNOSED_BY,T1006
D750,DIAGNOSED_BY,T996
D750,DIAGNOSED_BY,T1007
D750,CAN_CAUSE,C590
D750,MANAGED_BY,TR1376
D751,AFFECTS,O004
D751,HAS_SYMPTOM,S2373
D751,HAS_SYMPTOM,S2374
D751,HAS_SYMPTOM,S2294
D751,HAS_SYMPTOM,S2375
D751,HAS_SYMPTOM,S2376
D751,MANAGED_BY,TR1377
D752,AFFECTS,O004
D752,HAS_CAUSE,CA1834
D752,HAS_CAUSE,CA1835
D752,HAS_CAUSE,CA1836
D752,HAS_CAUSE,CA1837
D752,HAS_CAUSE,CA1838
D752,HAS_CAUSE,CA1839
D752,HAS_CAUSE,CA1840
D752,HAS_CAUSE,CA1841
RF606,INCREASES_RISK_OF,D752
RF607,INCREASES_RISK_OF,D752
D753,HAS_SYMPTOM,S770
D753,HAS_SYMPTOM,S045
D753,HAS_SYMPTOM,S052
D753,HAS_SYMPTOM,S1498
D753,HAS_SYMPTOM,S2377
D753,HAS_SYMPTOM,S2378
D753,HAS_SYMPTOM,S2379
D753,HAS_SYMPTOM,S2380
D753,HAS_SYMPTOM,S441
D753,HAS_SYMPTOM,S2381
D753,HAS_SYMPTOM,S130
D754,HAS_SYMPTOM,S2382
D754,HAS_SYMPTOM,S2383
D754,HAS_SYMPTOM,S292
D754,HAS_SYMPTOM,S2384
D754,HAS_SYMPTOM,S2385
D754,HAS_SYMPTOM,S2386
D754,HAS_SYMPTOM,S2387
D754,HAS_SYMPTOM,S2388
D754,MANAGED_BY,TR1378
D754,MANAGED_BY,TR1379
D754,MANAGED_BY,TR1380
D754,MANAGED_BY,TR1381
D754,MANAGED_BY,TR1382
D756,AFFECTS,O001
D756,HAS_SYMPTOM,S1176
D756,HAS_SYMPTOM,S2389
D756,HAS_SYMPTOM,S2390
D756,HAS_SYMPTOM,S2391
D756,MANAGED_BY,TR1383
D756,MANAGED_BY,TR1384
D756,DIAGNOSED_BY,T005
D756,DIAGNOSED_BY,T051
D756,DIAGNOSED_BY,T1008
D756,CAN_CAUSE,C591
D756,CAN_CAUSE,C592
D756,CAN_CAUSE,C593
D756,CAN_CAUSE,C594
D756,CAN_CAUSE,C595
D757,HAS_SYMPTOM,S2392
D757,HAS_CAUSE,CA1842
D757,HAS_CAUSE,CA1843
D757,HAS_CAUSE,CA1844
D757,HAS_CAUSE,CA1845
D757,HAS_CAUSE,CA1846
D757,HAS_CAUSE,CA1847
D757,HAS_CAUSE,CA1848
RF608,INCREASES_RISK_OF,D757
RF609,INCREASES_RISK_OF,D757
D757,MANAGED_BY,TR1385
D757,MANAGED_BY,TR1386
D757,MANAGED_BY,TR1387
D757,MANAGED_BY,TR1388
D757,MANAGED_BY,TR1389
D757,MANAGED_BY,TR1390
D758,HAS_SYMPTOM,S445
D758,HAS_SYMPTOM,S2393
D758,HAS_SYMPTOM,S2394
D758,MANAGED_BY,TR1391
D758,MANAGED_BY,TR1392
D759,HAS_CAUSE,CA1849
D759,MANAGED_BY,TR1393
D759,MANAGED_BY,TR1394
D759,MANAGED_BY,TR1395
D759,CAN_CAUSE,C596
D760,HAS_SYMPTOM,S1195
D760,HAS_SYMPTOM,S1396
D760,HAS_SYMPTOM,S2395
D760,HAS_SYMPTOM,S1398
D760,HAS_SYMPTOM,S645
D760,HAS_SYMPTOM,S2396
D760,HAS_SYMPTOM,S1282
D760,HAS_SYMPTOM,S834
D760,HAS_SYMPTOM,S1401
D760,HAS_SYMPTOM,S2397
D760,HAS_SYMPTOM,S2398
D760,HAS_SYMPTOM,S126
D761,HAS_SYMPTOM,S2399
D761,HAS_SYMPTOM,S2400
D761,HAS_SYMPTOM,S2401
D761,HAS_CAUSE,CA308
D761,HAS_CAUSE,CA1850
D761,HAS_CAUSE,CA1851
D761,HAS_CAUSE,CA1852
D761,HAS_CAUSE,CA1853
RF083,INCREASES_RISK_OF,D761
RF610,INCREASES_RISK_OF,D761
RF076,INCREASES_RISK_OF,D761
RF077,INCREASES_RISK_OF,D761
RF611,INCREASES_RISK_OF,D761
RF612,INCREASES_RISK_OF,D761
RF520,INCREASES_RISK_OF,D761
RF613,INCREASES_RISK_OF,D761
D761,MANAGED_BY,TR1396
D761,MANAGED_BY,TR1397
D761,MANAGED_BY,TR1398
D761,MANAGED_BY,TR1399
D761,MANAGED_BY,TR1400
D761,MANAGED_BY,TR1401
D761,MANAGED_BY,TR1402
D761,DIAGNOSED_BY,T005
D761,DIAGNOSED_BY,T159
D761,DIAGNOSED_BY,T1009
D761,DIAGNOSED_BY,T226
D761,DIAGNOSED_BY,T1010
D761,DIAGNOSED_BY,T1011
D761,DIAGNOSED_BY,T312
D761,DIAGNOSED_BY,T1012
D761,CAN_CAUSE,C597
D761,CAN_CAUSE,C598
D761,CAN_CAUSE,C599
D761,CAN_CAUSE,C209
D761,CAN_CAUSE,C058
D761,CAN_CAUSE,C600
D761,CAN_CAUSE,C419
D761,CAN_CAUSE,C601
D761,CAN_CAUSE,C602
D761,CAN_CAUSE,C603
D761,CAN_CAUSE,C604
D761,CAN_CAUSE,C605
D761,MANAGED_BY,TR1403
D762,MANAGED_BY,TR1404
D762,MANAGED_BY,TR1405
D762,DIAGNOSED_BY,T051
D762,DIAGNOSED_BY,T021
D762,DIAGNOSED_BY,T005
D762,DIAGNOSED_BY,T619
D762,CAN_CAUSE,C154
D762,CAN_CAUSE,C606
D762,CAN_CAUSE,C287
D762,CAN_CAUSE,C607
D763,HAS_SYMPTOM,S2402
D763,HAS_CAUSE,CA1854
D763,MANAGED_BY,TR1406
D763,MANAGED_BY,TR1407
D763,DIAGNOSED_BY,T1013
D763,DIAGNOSED_BY,T1014
D763,DIAGNOSED_BY,T005
D763,DIAGNOSED_BY,T1015
D763,DIAGNOSED_BY,T1016
D763,DIAGNOSED_BY,T1017
D763,CAN_CAUSE,C608
D763,CAN_CAUSE,C609
D763,CAN_CAUSE,C610
D763,MANAGED_BY,TR1408
D763,MANAGED_BY,TR1409
D764,HAS_SYMPTOM,S151
D764,HAS_CAUSE,CA1855
D764,HAS_CAUSE,CA1856
D764,HAS_CAUSE,CA1857
D764,HAS_CAUSE,CA1858
D764,HAS_CAUSE,CA1859
D764,HAS_CAUSE,CA1860
D764,DIAGNOSED_BY,T1018
D764,DIAGNOSED_BY,T1019
D764,DIAGNOSED_BY,T005
D764,DIAGNOSED_BY,T1020
D764,CAN_CAUSE,C611
D764,CAN_CAUSE,C612
D764,CAN_CAUSE,C613
D764,CAN_CAUSE,C614
D764,CAN_CAUSE,C615
D764,CAN_CAUSE,C616
D765,AFFECTS,O008
D765,HAS_SYMPTOM,S2403
D765,HAS_SYMPTOM,S2404
D765,HAS_SYMPTOM,S2405
D765,HAS_SYMPTOM,S2406
D765,HAS_SYMPTOM,S2407
D765,HAS_CAUSE,CA1861
D765,HAS_CAUSE,CA1862
D765,MANAGED_BY,TR1410
D765,MANAGED_BY,TR1411
D766,AFFECTS,O008
D766,HAS_SYMPTOM,S2408
D766,HAS_SYMPTOM,S2409
D766,HAS_SYMPTOM,S2410
D766,HAS_SYMPTOM,S2411
D766,HAS_CAUSE,CA1863
D766,HAS_CAUSE,CA189
D766,HAS_CAUSE,CA1864
D766,HAS_CAUSE,CA1865
D766,HAS_CAUSE,CA1866
D766,MANAGED_BY,TR1412
D766,DIAGNOSED_BY,T1021
D766,DIAGNOSED_BY,T1022
D766,DIAGNOSED_BY,T1023
D766,DIAGNOSED_BY,T1024
D767,AFFECTS,O008
D767,HAS_SYMPTOM,S1005
D767,HAS_SYMPTOM,S2412
D767,HAS_SYMPTOM,S133
D767,HAS_CAUSE,CA1867
D767,HAS_CAUSE,CA1868
D767,HAS_CAUSE,CA1869
D767,CAN_CAUSE,C617
D767,CAN_CAUSE,C618
D767,CAN_CAUSE,C619
D767,MANAGED_BY,TR1413
D767,MANAGED_BY,TR1414
D768,HAS_SYMPTOM,S2413
D768,HAS_SYMPTOM,S2414
D768,HAS_SYMPTOM,S2415
D768,HAS_SYMPTOM,S2416
D768,HAS_SYMPTOM,S2417
D768,HAS_SYMPTOM,S2418
D768,HAS_SYMPTOM,S2419
D768,HAS_CAUSE,CA1870
D768,HAS_CAUSE,CA1871
RF614,INCREASES_RISK_OF,D768
D768,MANAGED_BY,TR1415
D768,DIAGNOSED_BY,T1025
D768,DIAGNOSED_BY,T1026
D768,DIAGNOSED_BY,T251
D768,DIAGNOSED_BY,T1027
D768,DIAGNOSED_BY,T1028
D768,CAN_CAUSE,C620
D768,CAN_CAUSE,C621
D768,CAN_CAUSE,C622
D768,CAN_CAUSE,C117
D768,CAN_CAUSE,C527
D768,CAN_CAUSE,C623
D768,MANAGED_BY,TR1416
D768,MANAGED_BY,TR1417
D770,AFFECTS,O004
D770,HAS_SYMPTOM,S2420
D770,HAS_SYMPTOM,S2421
D770,HAS_SYMPTOM,S2422
D770,HAS_SYMPTOM,S2423
D770,MANAGED_BY,TR1418
D770,MANAGED_BY,TR1419
D770,MANAGED_BY,TR1420
D770,MANAGED_BY,TR1421
D770,MANAGED_BY,TR1422
D770,MANAGED_BY,TR1423
D771,HAS_SYMPTOM,S2424
D771,HAS_SYMPTOM,S2425
D771,HAS_SYMPTOM,S2426
D771,HAS_SYMPTOM,S2427
D771,HAS_CAUSE,CA1872
D771,HAS_CAUSE,CA1873
RF615,INCREASES_RISK_OF,D771
RF616,INCREASES_RISK_OF,D771
D772,HAS_SYMPTOM,S2428
D772,HAS_SYMPTOM,S2429
D772,HAS_CAUSE,CA489
D772,HAS_CAUSE,CA1874
D772,HAS_CAUSE,CA1875
D772,HAS_CAUSE,CA1876
RF617,INCREASES_RISK_OF,D772
RF618,INCREASES_RISK_OF,D772
D773,AFFECTS,O006
D773,HAS_CAUSE,CA1877
D773,HAS_CAUSE,CA1878
D773,HAS_CAUSE,CA1879
D773,HAS_CAUSE,CA1439
D773,HAS_CAUSE,CA1880
D773,HAS_CAUSE,CA1881
D773,HAS_CAUSE,CA1882
D773,HAS_CAUSE,CA001
D774,HAS_CAUSE,CA1883
D774,HAS_CAUSE,CA1878
D774,HAS_CAUSE,CA1879
D774,HAS_CAUSE,CA1439
D774,HAS_CAUSE,CA1880
D774,HAS_CAUSE,CA1884
D774,HAS_CAUSE,CA1882
D774,HAS_CAUSE,CA001
D775,HAS_CAUSE,CA554
D775,HAS_CAUSE,CA1885
D775,HAS_CAUSE,CA1886
D775,HAS_CAUSE,CA1887
D775,HAS_CAUSE,CA144
D775,HAS_CAUSE,CA1888
D775,HAS_CAUSE,CA1889
D775,HAS_CAUSE,CA1890
D775,HAS_CAUSE,CA1891
D775,HAS_CAUSE,CA1892
D775,HAS_CAUSE,CA1893
D775,HAS_CAUSE,CA1894
D776,AFFECTS,O006
D777,AFFECTS,O001
D777,AFFECTS,O002
D777,HAS_SYMPTOM,S2430
D777,HAS_SYMPTOM,S2431
D777,HAS_SYMPTOM,S2432
D777,HAS_CAUSE,CA1895
D777,HAS_CAUSE,CA1896
D777,HAS_CAUSE,CA1897
D777,HAS_CAUSE,CA008
D777,HAS_CAUSE,CA187
D777,HAS_CAUSE,CA1898
D777,HAS_CAUSE,CA285
D777,HAS_CAUSE,CA1899
D777,HAS_CAUSE,CA1900
D777,MANAGED_BY,TR1424
D777,MANAGED_BY,TR1425
D777,DIAGNOSED_BY,T1029
D777,DIAGNOSED_BY,T1030
D777,DIAGNOSED_BY,T1031
D777,DIAGNOSED_BY,T1032
D777,DIAGNOSED_BY,T1033
D777,DIAGNOSED_BY,T1034
D777,DIAGNOSED_BY,T1035
D777,DIAGNOSED_BY,T1036
D777,DIAGNOSED_BY,T1037
D777,DIAGNOSED_BY,T1038
D777,DIAGNOSED_BY,T1039
D777,DIAGNOSED_BY,T1040
D777,CAN_CAUSE,C624
D777,MANAGED_BY,TR1426
D778,HAS_CAUSE,CA1901
D778,HAS_CAUSE,CA1902
RF619,INCREASES_RISK_OF,D778
RF620,INCREASES_RISK_OF,D778
D778,DIAGNOSED_BY,T1041
D778,CAN_CAUSE,C625
D778,CAN_CAUSE,C292
D778,CAN_CAUSE,C182
D778,MANAGED_BY,TR1427
D778,MANAGED_BY,TR1428
D779,HAS_SYMPTOM,S2433
D779,HAS_SYMPTOM,S2434
D779,HAS_SYMPTOM,S2435
D779,HAS_SYMPTOM,S2436
D779,HAS_SYMPTOM,S2437
D779,HAS_CAUSE,CA1903
D779,HAS_CAUSE,CA1904
D779,HAS_CAUSE,CA1905
D779,HAS_CAUSE,CA1906
D779,HAS_CAUSE,CA1907
D779,HAS_CAUSE,CA1908
D779,HAS_CAUSE,CA1909
D779,HAS_CAUSE,CA1910
D779,HAS_CAUSE,CA1911
D779,HAS_CAUSE,CA1912
RF621,INCREASES_RISK_OF,D779
RF622,INCREASES_RISK_OF,D779
RF623,INCREASES_RISK_OF,D779
RF624,INCREASES_RISK_OF,D779
RF625,INCREASES_RISK_OF,D779
RF626,INCREASES_RISK_OF,D779
RF627,INCREASES_RISK_OF,D779
RF628,INCREASES_RISK_OF,D779
RF629,INCREASES_RISK_OF,D779
RF630,INCREASES_RISK_OF,D779
D779,MANAGED_BY,TR1429
D779,MANAGED_BY,TR1430
D779,MANAGED_BY,TR1431
D779,CAN_CAUSE,C626
D779,CAN_CAUSE,C627
D779,CAN_CAUSE,C628
D779,MANAGED_BY,TR1432
D779,MANAGED_BY,TR1433
D780,HAS_CAUSE,CA1913
D780,HAS_CAUSE,CA1914
D780,HAS_CAUSE,CA1915
D780,HAS_CAUSE,CA222
D780,HAS_CAUSE,CA110
D780,HAS_CAUSE,CA1916
D781,HAS_SYMPTOM,S2438
D781,HAS_SYMPTOM,S2439
D781,HAS_SYMPTOM,S2440
D781,HAS_SYMPTOM,S2441
D781,HAS_SYMPTOM,S2442
D781,HAS_SYMPTOM,S2443
D781,HAS_CAUSE,CA019
D781,HAS_CAUSE,CA1917
D781,HAS_CAUSE,CA189
D781,HAS_CAUSE,CA235
D781,HAS_CAUSE,CA1918
D781,HAS_CAUSE,CA1919
D781,HAS_CAUSE,CA1920
D781,HAS_CAUSE,CA1921
D781,HAS_CAUSE,CA1922
D781,HAS_CAUSE,CA711
D781,HAS_CAUSE,CA1923
D781,HAS_CAUSE,CA1924
D781,MANAGED_BY,TR1434
D781,MANAGED_BY,TR1435
D781,MANAGED_BY,TR1436
D781,DIAGNOSED_BY,T1042
D781,DIAGNOSED_BY,T1043
D781,DIAGNOSED_BY,T1044
D781,DIAGNOSED_BY,T047
D781,DIAGNOSED_BY,T1045
D781,DIAGNOSED_BY,T1046
D781,CAN_CAUSE,C629
D781,CAN_CAUSE,C058
D781,CAN_CAUSE,C630
D782,HAS_SYMPTOM,S2444
D782,HAS_CAUSE,CA1925
RF631,INCREASES_RISK_OF,D782
RF632,INCREASES_RISK_OF,D782
D782,MANAGED_BY,TR1437
D783,HAS_SYMPTOM,S2445
D783,HAS_SYMPTOM,S2446
D783,HAS_SYMPTOM,S2447
D783,HAS_SYMPTOM,S2448
D783,HAS_CAUSE,CA1926
D783,HAS_CAUSE,CA1927
RF633,INCREASES_RISK_OF,D783
D783,MANAGED_BY,TR1438
D783,MANAGED_BY,TR1439
D783,MANAGED_BY,TR1440
D783,MANAGED_BY,TR1441
D783,MANAGED_BY,TR1442
D783,MANAGED_BY,TR1443
D783,MANAGED_BY,TR1444
D783,MANAGED_BY,TR1445
D783,MANAGED_BY,TR1446
D783,DIAGNOSED_BY,T1047
D783,DIAGNOSED_BY,T1048
D783,DIAGNOSED_BY,T005
D783,DIAGNOSED_BY,T051
D783,DIAGNOSED_BY,T1049
D783,DIAGNOSED_BY,T191
D783,DIAGNOSED_BY,T500
D783,DIAGNOSED_BY,T177
D783,DIAGNOSED_BY,T1050
D783,CAN_CAUSE,C631
D783,CAN_CAUSE,C632
D783,CAN_CAUSE,C633
D783,CAN_CAUSE,C634
D784,AFFECTS,O005
D784,HAS_SYMPTOM,S2449
D784,HAS_SYMPTOM,S133
D784,HAS_SYMPTOM,S663
D784,HAS_SYMPTOM,S2450
D784,HAS_SYMPTOM,S1513
D784,HAS_SYMPTOM,S284
D784,HAS_SYMPTOM,S2451
D784,HAS_SYMPTOM,S2452
D784,HAS_SYMPTOM,S2453
D784,HAS_SYMPTOM,S2454
D784,HAS_SYMPTOM,S1169
D784,HAS_CAUSE,CA1928
D784,HAS_CAUSE,CA1929
D784,MANAGED_BY,TR1447
D784,MANAGED_BY,TR1448
D784,MANAGED_BY,TR1449
D784,MANAGED_BY,TR1450
D784,DIAGNOSED_BY,T1051
D784,DIAGNOSED_BY,T1052
D784,DIAGNOSED_BY,T752
D784,DIAGNOSED_BY,T1053
D784,DIAGNOSED_BY,T1054
D784,DIAGNOSED_BY,T197
D784,DIAGNOSED_BY,T1055
D784,DIAGNOSED_BY,T1056
D784,DIAGNOSED_BY,T1057
D784,DIAGNOSED_BY,T1058
D784,DIAGNOSED_BY,T1059
D784,CAN_CAUSE,C635
D784,CAN_CAUSE,C182
D785,HAS_SYMPTOM,S2455
D785,HAS_SYMPTOM,S2456
D785,HAS_SYMPTOM,S2457
D785,HAS_SYMPTOM,S2458
D785,HAS_SYMPTOM,S2459
D785,HAS_SYMPTOM,S2460
D785,HAS_SYMPTOM,S2461
D785,HAS_SYMPTOM,S2462
D785,HAS_SYMPTOM,S2463
D785,HAS_SYMPTOM,S2464
D785,HAS_SYMPTOM,S2465
D785,HAS_SYMPTOM,S2466
D785,HAS_CAUSE,CA1930
D785,HAS_CAUSE,CA093
D785,HAS_CAUSE,CA1931
D785,HAS_CAUSE,CA1932
D785,HAS_CAUSE,CA1933
D785,HAS_CAUSE,CA1934
D785,HAS_CAUSE,CA1935
RF634,INCREASES_RISK_OF,D785
RF635,INCREASES_RISK_OF,D785
RF636,INCREASES_RISK_OF,D785
RF637,INCREASES_RISK_OF,D785
D785,MANAGED_BY,TR1438
D785,MANAGED_BY,TR1451
D785,MANAGED_BY,TR1452
D785,MANAGED_BY,TR1453
D785,MANAGED_BY,TR1445
D785,MANAGED_BY,TR1454
D785,MANAGED_BY,TR1455
D785,DIAGNOSED_BY,T1060
D785,DIAGNOSED_BY,T1061
D785,DIAGNOSED_BY,T1062
D785,DIAGNOSED_BY,T1063
D785,DIAGNOSED_BY,T1064
D785,DIAGNOSED_BY,T1065
D785,DIAGNOSED_BY,T1066
D785,DIAGNOSED_BY,T1067
D785,DIAGNOSED_BY,T1068
D785,DIAGNOSED_BY,T1069
D785,DIAGNOSED_BY,T1070
D785,DIAGNOSED_BY,T1071
D785,MANAGED_BY,TR1456
D785,MANAGED_BY,TR1457
D785,MANAGED_BY,TR1458
D785,MANAGED_BY,TR1459
D785,MANAGED_BY,TR1460
D785,MANAGED_BY,TR1461
D785,MANAGED_BY,TR253
D785,MANAGED_BY,TR254
D785,MANAGED_BY,TR1462
D785,MANAGED_BY,TR1463
D786,AFFECTS,O006
D787,HAS_SYMPTOM,S2459
D787,HAS_SYMPTOM,S2460
D787,HAS_SYMPTOM,S2467
D787,HAS_SYMPTOM,S2468
D787,HAS_SYMPTOM,S2469
D787,HAS_SYMPTOM,S2470
D787,HAS_SYMPTOM,S2471
D787,HAS_SYMPTOM,S2472
D787,HAS_SYMPTOM,S2473
D787,HAS_CAUSE,CA1936
D787,HAS_CAUSE,CA1937
D787,HAS_CAUSE,CA1938
D787,HAS_CAUSE,CA1939
D787,HAS_CAUSE,CA1940
D787,HAS_CAUSE,CA1941
D787,HAS_CAUSE,CA1942
D787,HAS_CAUSE,CA1943
D787,HAS_CAUSE,CA1944
D787,HAS_CAUSE,CA1945
D787,HAS_CAUSE,CA1946
D787,HAS_CAUSE,CA378
D787,DIAGNOSED_BY,T1072
D787,DIAGNOSED_BY,T1073
D787,DIAGNOSED_BY,T1074
D787,DIAGNOSED_BY,T1075
D787,DIAGNOSED_BY,T251
D787,DIAGNOSED_BY,T1076
D787,DIAGNOSED_BY,T1077
D787,DIAGNOSED_BY,T013
D787,DIAGNOSED_BY,T1078
D787,DIAGNOSED_BY,T1079
D787,DIAGNOSED_BY,T1080
D787,DIAGNOSED_BY,T1081
D787,CAN_CAUSE,C636
D787,CAN_CAUSE,C632
D787,CAN_CAUSE,C637
D787,CAN_CAUSE,C638
D787,CAN_CAUSE,C639
D787,MANAGED_BY,TR1464
D788,HAS_SYMPTOM,S663
D788,HAS_SYMPTOM,S2474
D788,HAS_SYMPTOM,S393
D788,HAS_SYMPTOM,S130
D788,HAS_SYMPTOM,S2475
D788,HAS_SYMPTOM,S2476
D788,HAS_SYMPTOM,S440
D788,HAS_SYMPTOM,S2477
D788,HAS_SYMPTOM,S2478
D788,HAS_SYMPTOM,S2479
D788,HAS_SYMPTOM,S2480
D788,HAS_SYMPTOM,S832
D788,HAS_CAUSE,CA1947
D788,HAS_CAUSE,CA1948
D788,HAS_CAUSE,CA1949
D788,HAS_CAUSE,CA1950
RF260,INCREASES_RISK_OF,D788
RF087,INCREASES_RISK_OF,D788
RF638,INCREASES_RISK_OF,D788
RF076,INCREASES_RISK_OF,D788
RF545,INCREASES_RISK_OF,D788
RF639,INCREASES_RISK_OF,D788
RF640,INCREASES_RISK_OF,D788
RF641,INCREASES_RISK_OF,D788
RF380,INCREASES_RISK_OF,D788
D788,MANAGED_BY,TR1465
D788,MANAGED_BY,TR1466
D788,MANAGED_BY,TR295
D788,DIAGNOSED_BY,T1082
D788,DIAGNOSED_BY,T251
D788,CAN_CAUSE,C640
D788,CAN_CAUSE,C443
D788,CAN_CAUSE,C013
D788,MANAGED_BY,TR1467
D788,MANAGED_BY,TR1468
D788,MANAGED_BY,TR1469
D788,MANAGED_BY,TR1470
D788,MANAGED_BY,TR1471
D791,AFFECTS,O019
D791,HAS_SYMPTOM,S2481
D791,HAS_SYMPTOM,S2482
D791,HAS_CAUSE,CA1951
D791,HAS_CAUSE,CA1952
D791,HAS_CAUSE,CA1953
D791,HAS_CAUSE,CA1954
D791,MANAGED_BY,TR1472
D791,MANAGED_BY,TR1473
D791,CAN_CAUSE,C641
D791,CAN_CAUSE,C356
D791,CAN_CAUSE,C642
D791,CAN_CAUSE,C643
D791,CAN_CAUSE,C644
D791,CAN_CAUSE,C313
D791,CAN_CAUSE,C645
D791,CAN_CAUSE,C646
D792,AFFECTS,O019
D793,AFFECTS,O019
D794,HAS_SYMPTOM,S127
D794,HAS_SYMPTOM,S2483
D794,HAS_SYMPTOM,S770
D794,HAS_SYMPTOM,S2484
D794,HAS_SYMPTOM,S2485
D794,HAS_SYMPTOM,S440
D794,HAS_SYMPTOM,S329
D794,HAS_SYMPTOM,S130
D794,HAS_SYMPTOM,S2486
D795,HAS_SYMPTOM,S2487
D795,HAS_SYMPTOM,S2488
D795,HAS_SYMPTOM,S2489
D795,HAS_SYMPTOM,S2490
D795,HAS_SYMPTOM,S2491
D795,HAS_SYMPTOM,S2492
D795,MANAGED_BY,TR1474
D795,MANAGED_BY,TR1475
D795,CAN_CAUSE,C647
D795,CAN_CAUSE,C323
D795,CAN_CAUSE,C648
D795,CAN_CAUSE,C649
D796,HAS_SYMPTOM,S2493
RF642,INCREASES_RISK_OF,D796
RF643,INCREASES_RISK_OF,D796
RF644,INCREASES_RISK_OF,D796
RF645,INCREASES_RISK_OF,D796
RF646,INCREASES_RISK_OF,D796
RF647,INCREASES_RISK_OF,D796
RF648,INCREASES_RISK_OF,D796
D797,HAS_SYMPTOM,S127
D797,HAS_SYMPTOM,S2483
D797,HAS_SYMPTOM,S332
D797,HAS_SYMPTOM,S048
D797,HAS_SYMPTOM,S2485
D797,HAS_SYMPTOM,S440
D797,HAS_SYMPTOM,S329
D797,HAS_SYMPTOM,S2494
D798,HAS_CAUSE,CA1955
D798,HAS_CAUSE,CA1956
D799,HAS_SYMPTOM,S2495
D799,HAS_SYMPTOM,S2496
D799,HAS_SYMPTOM,S2497
D799,HAS_SYMPTOM,S2498
D799,HAS_SYMPTOM,S2499
D799,HAS_SYMPTOM,S2500
D799,HAS_SYMPTOM,S2501
D799,HAS_SYMPTOM,S2502
D799,HAS_CAUSE,CA1957
D799,HAS_CAUSE,CA376
D799,HAS_CAUSE,CA422
D799,HAS_CAUSE,CA1958
D799,HAS_CAUSE,CA1959
D799,HAS_CAUSE,CA1960
RF649,INCREASES_RISK_OF,D799
D799,MANAGED_BY,TR1476
D799,MANAGED_BY,TR1477
D799,MANAGED_BY,TR1478
D799,MANAGED_BY,TR1479
D800,HAS_SYMPTOM,S2503
D800,HAS_SYMPTOM,S2504
D800,HAS_SYMPTOM,S2505
D800,HAS_SYMPTOM,S2506
D800,HAS_CAUSE,CA1961
D800,HAS_CAUSE,CA1962
D800,HAS_CAUSE,CA1963
D800,HAS_CAUSE,CA378
D800,HAS_CAUSE,CA801
D800,HAS_CAUSE,CA1964
D800,HAS_CAUSE,CA391
D800,HAS_CAUSE,CA1965
D801,AFFECTS,O004
D802,AFFECTS,O004
D802,HAS_SYMPTOM,S2507
D802,HAS_SYMPTOM,S2508
D802,HAS_CAUSE,CA1966
D802,HAS_CAUSE,CA304
D802,HAS_CAUSE,CA1967
D802,HAS_CAUSE,CA1968
D802,HAS_CAUSE,CA184
D802,HAS_CAUSE,CA185
D802,HAS_CAUSE,CA1969
D802,HAS_CAUSE,CA1970
D802,MANAGED_BY,TR1480
D802,MANAGED_BY,TR1481
D802,MANAGED_BY,TR1482
D802,DIAGNOSED_BY,T1083
D803,AFFECTS,O004
D803,HAS_SYMPTOM,S2509
D803,HAS_CAUSE,CA376
D803,HAS_CAUSE,CA422
D803,HAS_CAUSE,CA659
D803,HAS_CAUSE,CA660
D803,HAS_CAUSE,CA661
D803,HAS_CAUSE,CA662
D803,HAS_CAUSE,CA663
D803,HAS_CAUSE,CA664
D803,HAS_CAUSE,CA665
D803,HAS_CAUSE,CA666
D803,HAS_CAUSE,CA375
D803,HAS_CAUSE,CA667
RF650,INCREASES_RISK_OF,D803
RF651,INCREASES_RISK_OF,D803
D803,MANAGED_BY,TR1483
D803,MANAGED_BY,TR1484
D804,AFFECTS,O004
D804,HAS_SYMPTOM,S2510
D804,HAS_SYMPTOM,S2511
D804,HAS_SYMPTOM,S929
D804,DIAGNOSED_BY,T242
D804,CAN_CAUSE,C650
D804,CAN_CAUSE,C651
D804,CAN_CAUSE,C652
D805,HAS_SYMPTOM,S2512
D805,HAS_SYMPTOM,S2513
D806,HAS_SYMPTOM,S2514
D806,HAS_CAUSE,CA1971
D806,HAS_CAUSE,CA1972
D806,HAS_CAUSE,CA1973
D806,HAS_CAUSE,CA656
D806,HAS_CAUSE,CA1974
D806,HAS_CAUSE,CA1975
RF652,INCREASES_RISK_OF,D806
D807,AFFECTS,O005
D807,AFFECTS,O004
D807,HAS_SYMPTOM,S2515
D807,HAS_SYMPTOM,S2516
D807,HAS_SYMPTOM,S2294
D807,HAS_SYMPTOM,S2517
D807,HAS_SYMPTOM,S2518
D807,HAS_SYMPTOM,S929
D807,HAS_SYMPTOM,S2519
D807,HAS_SYMPTOM,S2520
D807,HAS_SYMPTOM,S2521
D807,HAS_SYMPTOM,S1510
D807,HAS_SYMPTOM,S928
D807,MANAGED_BY,TR1485
D807,DIAGNOSED_BY,T1084
D807,DIAGNOSED_BY,T1085
D807,DIAGNOSED_BY,T1086
D807,DIAGNOSED_BY,T178
D807,DIAGNOSED_BY,T1087
D807,DIAGNOSED_BY,T005
D807,DIAGNOSED_BY,T1088
D807,DIAGNOSED_BY,T225
D807,DIAGNOSED_BY,T226
D807,DIAGNOSED_BY,T272
D807,DIAGNOSED_BY,T1089
D807,CAN_CAUSE,C653
D807,CAN_CAUSE,C030
D807,CAN_CAUSE,C654
D807,CAN_CAUSE,C295
D808,HAS_SYMPTOM,S2522
D808,HAS_SYMPTOM,S216
D808,HAS_SYMPTOM,S2523
D808,HAS_SYMPTOM,S486
D808,HAS_SYMPTOM,S2524
D808,HAS_SYMPTOM,S312
D808,HAS_SYMPTOM,S128
D808,HAS_SYMPTOM,S2525
D808,HAS_SYMPTOM,S1669
D808,HAS_SYMPTOM,S497
D808,HAS_SYMPTOM,S048
D808,HAS_SYMPTOM,S187
D809,HAS_SYMPTOM,S2526
D809,HAS_SYMPTOM,S292
D809,HAS_SYMPTOM,S2527
D809,HAS_SYMPTOM,S2528
RF061,INCREASES_RISK_OF,D809
RF062,INCREASES_RISK_OF,D809
RF063,INCREASES_RISK_OF,D809
D810,HAS_SYMPTOM,S2529
D810,HAS_SYMPTOM,S127
D810,HAS_SYMPTOM,S128
D810,HAS_SYMPTOM,S1195
RF061,INCREASES_RISK_OF,D810
RF062,INCREASES_RISK_OF,D810
RF063,INCREASES_RISK_OF,D810
D811,HAS_SYMPTOM,S513
D811,HAS_SYMPTOM,S514
D811,HAS_SYMPTOM,S126
D811,HAS_SYMPTOM,S219
D811,HAS_SYMPTOM,S763
D811,HAS_SYMPTOM,S393
D811,HAS_SYMPTOM,S2530
D811,HAS_SYMPTOM,S2531
D811,HAS_SYMPTOM,S2532
D811,HAS_SYMPTOM,S760
D812,HAS_SYMPTOM,S2533
D812,HAS_SYMPTOM,S2534
D812,HAS_CAUSE,CA1976
D812,HAS_CAUSE,CA1977
D812,HAS_CAUSE,CA1978
D812,MANAGED_BY,TR1486
D812,CAN_CAUSE,C655
D812,CAN_CAUSE,C656
D812,CAN_CAUSE,C657
D812,CAN_CAUSE,C658
D813,HAS_SYMPTOM,S2535
D813,HAS_SYMPTOM,S2536
D813,HAS_SYMPTOM,S2537
D813,MANAGED_BY,TR1487
D813,MANAGED_BY,TR1488
D813,MANAGED_BY,TR583
D813,MANAGED_BY,TR1489
D813,MANAGED_BY,TR1490
D813,MANAGED_BY,TR1491
D813,MANAGED_BY,TR1492
D813,DIAGNOSED_BY,T1090
D813,DIAGNOSED_BY,T1091
D813,DIAGNOSED_BY,T1092
D813,DIAGNOSED_BY,T1093
D813,DIAGNOSED_BY,T1094
D813,DIAGNOSED_BY,T1095
D813,DIAGNOSED_BY,T1096
D813,DIAGNOSED_BY,T1097
D813,DIAGNOSED_BY,T1098
D813,CAN_CAUSE,C659
D813,CAN_CAUSE,C660
D813,CAN_CAUSE,C661
D814,AFFECTS,O005
D814,HAS_SYMPTOM,S2538
D814,HAS_SYMPTOM,S2539
D814,HAS_SYMPTOM,S2540
D814,HAS_SYMPTOM,S2541
D814,HAS_SYMPTOM,S2542
D814,HAS_SYMPTOM,S2543
D814,HAS_CAUSE,CA1979
D814,HAS_CAUSE,CA1980
D814,HAS_CAUSE,CA1981
D814,MANAGED_BY,TR1493
D814,MANAGED_BY,TR1494
D814,CAN_CAUSE,C662
D815,HAS_SYMPTOM,S2544
D815,HAS_SYMPTOM,S2545
D815,HAS_SYMPTOM,S2546
D815,HAS_SYMPTOM,S2547
D815,CAN_CAUSE,C663
D815,CAN_CAUSE,C174
D815,CAN_CAUSE,C175
D815,MANAGED_BY,TR1495
D815,MANAGED_BY,TR1496
D818,HAS_SYMPTOM,S2548
D818,HAS_SYMPTOM,S2549
D818,HAS_SYMPTOM,S2550
D818,HAS_SYMPTOM,S2551
D818,MANAGED_BY,TR1497
D818,MANAGED_BY,TR1498
D818,MANAGED_BY,TR1499
D818,DIAGNOSED_BY,T1099
D818,DIAGNOSED_BY,T1100
D818,DIAGNOSED_BY,T1101
D818,CAN_CAUSE,C664
D818,CAN_CAUSE,C665
D818,CAN_CAUSE,C666
D818,CAN_CAUSE,C667
D819,HAS_CAUSE,CA1982
D819,HAS_CAUSE,CA1983
D819,HAS_CAUSE,CA1984
RF653,INCREASES_RISK_OF,D819
D819,MANAGED_BY,TR1500
D820,HAS_SYMPTOM,S133
D820,HAS_SYMPTOM,S2552
D820,HAS_CAUSE,CA1985
D820,HAS_CAUSE,CA1986
D820,DIAGNOSED_BY,T005
D820,DIAGNOSED_BY,T051
D820,DIAGNOSED_BY,T050
D820,DIAGNOSED_BY,T1102
D820,DIAGNOSED_BY,T1103
D820,CAN_CAUSE,C668
D820,CAN_CAUSE,C134
D820,CAN_CAUSE,C669
D820,CAN_CAUSE,C670
D820,CAN_CAUSE,C671
D820,CAN_CAUSE,C672
D821,HAS_SYMPTOM,S2553
D821,HAS_SYMPTOM,S128
D821,HAS_SYMPTOM,S095
D821,HAS_SYMPTOM,S2554
D821,HAS_SYMPTOM,S2555
D821,HAS_SYMPTOM,S2556
D821,HAS_SYMPTOM,S2557
D821,HAS_SYMPTOM,S042
D821,HAS_SYMPTOM,S2558
D821,HAS_SYMPTOM,S2559
D821,HAS_SYMPTOM,S089
D822,AFFECTS,O015
D822,HAS_SYMPTOM,S2560
D822,HAS_SYMPTOM,S2561
RF076,INCREASES_RISK_OF,D822
RF077,INCREASES_RISK_OF,D822
RF654,INCREASES_RISK_OF,D822
RF655,INCREASES_RISK_OF,D822
RF656,INCREASES_RISK_OF,D822
RF506,INCREASES_RISK_OF,D822
D822,MANAGED_BY,TR1501
D822,MANAGED_BY,TR1502
D822,MANAGED_BY,TR1503
D822,MANAGED_BY,TR1504
D822,MANAGED_BY,TR1505
D822,DIAGNOSED_BY,T1104
D822,DIAGNOSED_BY,T1105
D822,DIAGNOSED_BY,T1106
D822,DIAGNOSED_BY,T1107
D822,DIAGNOSED_BY,T1108
D822,DIAGNOSED_BY,T1109
D822,DIAGNOSED_BY,T1110
D822,CAN_CAUSE,C673
D822,CAN_CAUSE,C674
D822,CAN_CAUSE,C675
D822,CAN_CAUSE,C676
D822,CAN_CAUSE,C677
D822,CAN_CAUSE,C678
D822,MANAGED_BY,TR1506
D822,MANAGED_BY,TR1507
D822,MANAGED_BY,TR1508
D822,MANAGED_BY,TR1509
D823,AFFECTS,O017
D823,AFFECTS,O015
D823,HAS_SYMPTOM,S2562
D823,HAS_SYMPTOM,S2563
D823,HAS_SYMPTOM,S779
D823,MANAGED_BY,TR1510
D823,DIAGNOSED_BY,T1111
D823,CAN_CAUSE,C679
D823,MANAGED_BY,TR1511
D824,AFFECTS,O006
D824,AFFECTS,O015
D824,HAS_SYMPTOM,S2564
D824,HAS_SYMPTOM,S2565
D824,HAS_SYMPTOM,S416
D824,HAS_SYMPTOM,S2566
D824,HAS_SYMPTOM,S2567
D824,HAS_CAUSE,CA1987
D824,MANAGED_BY,TR1512
D824,MANAGED_BY,TR1513
D824,MANAGED_BY,TR1514
D824,DIAGNOSED_BY,T1112
D824,DIAGNOSED_BY,T1113
D824,DIAGNOSED_BY,T1114
D824,DIAGNOSED_BY,T1115
D825,HAS_SYMPTOM,S2568
D825,HAS_CAUSE,CA1988
D825,HAS_CAUSE,CA1989
RF657,INCREASES_RISK_OF,D825
D825,MANAGED_BY,TR1515
D825,DIAGNOSED_BY,T715
D825,DIAGNOSED_BY,T716
D825,DIAGNOSED_BY,T717
D825,DIAGNOSED_BY,T718
D825,DIAGNOSED_BY,T1116
D825,DIAGNOSED_BY,T125
D825,DIAGNOSED_BY,T719
D825,DIAGNOSED_BY,T1117
D826,AFFECTS,O015
D826,HAS_SYMPTOM,S2569
D826,HAS_SYMPTOM,S2570
D826,HAS_SYMPTOM,S663
D826,HAS_SYMPTOM,S042
D826,HAS_SYMPTOM,S2571
D826,HAS_SYMPTOM,S2572
D826,HAS_SYMPTOM,S2573
D826,HAS_SYMPTOM,S1176
D826,HAS_SYMPTOM,S2574
D826,HAS_SYMPTOM,S098
D826,HAS_SYMPTOM,S2575
D826,HAS_SYMPTOM,S2576
D826,HAS_CAUSE,CA1990
D826,HAS_CAUSE,CA1991
RF658,INCREASES_RISK_OF,D826
RF659,INCREASES_RISK_OF,D826
RF660,INCREASES_RISK_OF,D826
RF661,INCREASES_RISK_OF,D826
RF413,INCREASES_RISK_OF,D826
D826,MANAGED_BY,TR1516
D826,MANAGED_BY,TR1517
D826,MANAGED_BY,TR1518
D826,MANAGED_BY,TR1519
D826,MANAGED_BY,TR1520
D826,MANAGED_BY,TR1521
D827,AFFECTS,O015
D827,HAS_SYMPTOM,S2577
D827,HAS_SYMPTOM,S393
D827,HAS_SYMPTOM,S474
D827,HAS_SYMPTOM,S2578
D827,HAS_SYMPTOM,S041
D827,HAS_SYMPTOM,S095
D827,HAS_SYMPTOM,S132
D827,HAS_SYMPTOM,S094
D827,HAS_SYMPTOM,S2579
D827,HAS_SYMPTOM,S2580
D827,HAS_CAUSE,CA1992
D827,HAS_CAUSE,CA1099
D827,HAS_CAUSE,CA1993
D827,HAS_CAUSE,CA1994
D827,HAS_CAUSE,CA1995
D827,HAS_CAUSE,CA1996
D827,MANAGED_BY,TR1522
D827,MANAGED_BY,TR1523
D827,DIAGNOSED_BY,T1118
D827,DIAGNOSED_BY,T1119
D827,DIAGNOSED_BY,T1120
D827,DIAGNOSED_BY,T1121
D827,DIAGNOSED_BY,T1122
D827,DIAGNOSED_BY,T005
D827,DIAGNOSED_BY,T051
D827,DIAGNOSED_BY,T1123
D827,DIAGNOSED_BY,T1124
D827,DIAGNOSED_BY,T1125
D827,CAN_CAUSE,C198
D827,CAN_CAUSE,C680
D827,CAN_CAUSE,C681
D828,AFFECTS,O015
D828,MANAGED_BY,TR1524
D829,AFFECTS,O015
D829,HAS_SYMPTOM,S2581
D829,HAS_CAUSE,CA1997
D829,HAS_CAUSE,CA1998
D829,HAS_CAUSE,CA1999
D829,HAS_CAUSE,CA2000
D829,MANAGED_BY,TR1525
D829,MANAGED_BY,TR1526
D829,DIAGNOSED_BY,T155
D829,DIAGNOSED_BY,T1126
D829,DIAGNOSED_BY,T1127
D829,CAN_CAUSE,C682
D829,MANAGED_BY,TR1527
D829,MANAGED_BY,TR1528
D830,AFFECTS,O008
D830,AFFECTS,O015
D830,HAS_SYMPTOM,S2582
D830,HAS_SYMPTOM,S1626
RF662,INCREASES_RISK_OF,D830
RF663,INCREASES_RISK_OF,D830
D831,AFFECTS,O006
D831,AFFECTS,O015
D831,HAS_SYMPTOM,S2583
D831,MANAGED_BY,TR1529
D831,MANAGED_BY,TR1530
D831,MANAGED_BY,TR1531
D831,MANAGED_BY,TR059
D831,MANAGED_BY,TR1532
D831,MANAGED_BY,TR1533
D831,MANAGED_BY,TR1534
D832,AFFECTS,O017
D832,AFFECTS,O015
RF664,INCREASES_RISK_OF,D832
RF665,INCREASES_RISK_OF,D832
D833,AFFECTS,O002
D834,HAS_SYMPTOM,S2584
D834,HAS_SYMPTOM,S2585
D834,HAS_SYMPTOM,S2586
D834,HAS_CAUSE,CA2001
D834,HAS_CAUSE,CA2002
RF666,INCREASES_RISK_OF,D834
D834,MANAGED_BY,TR1535
D834,MANAGED_BY,TR1536
D834,MANAGED_BY,TR1537
D834,DIAGNOSED_BY,T1128
D834,MANAGED_BY,TR1538
D834,MANAGED_BY,TR1539
D834,MANAGED_BY,TR1540
D834,MANAGED_BY,TR1541
D834,MANAGED_BY,TR1542
D835,AFFECTS,O005
D835,HAS_SYMPTOM,S2587
D835,HAS_CAUSE,CA2003
D835,HAS_CAUSE,CA1245
D835,HAS_CAUSE,CA2004
D835,DIAGNOSED_BY,T1129
D835,DIAGNOSED_BY,T1130
D835,DIAGNOSED_BY,T005
D835,DIAGNOSED_BY,T1131
D835,CAN_CAUSE,C683
D835,CAN_CAUSE,C684
D836,HAS_CAUSE,CA2005
RF667,INCREASES_RISK_OF,D836
RF668,INCREASES_RISK_OF,D836
RF669,INCREASES_RISK_OF,D836
RF670,INCREASES_RISK_OF,D836
RF671,INCREASES_RISK_OF,D836
RF672,INCREASES_RISK_OF,D836
RF673,INCREASES_RISK_OF,D836
RF674,INCREASES_RISK_OF,D836
D836,MANAGED_BY,TR1543
D836,MANAGED_BY,TR1544
D836,MANAGED_BY,TR1545
D836,MANAGED_BY,TR1546
D836,MANAGED_BY,TR1547
D836,MANAGED_BY,TR1548
D836,MANAGED_BY,TR1549
D836,MANAGED_BY,TR1550
D836,MANAGED_BY,TR1551
D836,MANAGED_BY,TR059
D836,MANAGED_BY,TR1552
D836,MANAGED_BY,TR1553
D837,HAS_SYMPTOM,S2588
D837,HAS_SYMPTOM,S2589
D837,HAS_SYMPTOM,S2590
D837,HAS_CAUSE,CA2006
D837,DIAGNOSED_BY,T1132
D837,CAN_CAUSE,C685
D837,CAN_CAUSE,C686
D837,CAN_CAUSE,C687
D838,HAS_SYMPTOM,S2591
D838,HAS_SYMPTOM,S2592
D838,HAS_SYMPTOM,S616
D838,HAS_SYMPTOM,S046
D838,HAS_SYMPTOM,S2593
D838,HAS_SYMPTOM,S2594
D838,HAS_SYMPTOM,S272
D838,HAS_SYMPTOM,S2595
D838,HAS_SYMPTOM,S440
D838,HAS_SYMPTOM,S2596
D838,HAS_SYMPTOM,S133
D838,HAS_SYMPTOM,S1100
D839,HAS_SYMPTOM,S2597
D839,HAS_SYMPTOM,S2598
D839,HAS_SYMPTOM,S2599
D839,HAS_SYMPTOM,S2600
D839,HAS_SYMPTOM,S2601
D839,HAS_SYMPTOM,S2602
D839,HAS_SYMPTOM,S056
D839,HAS_SYMPTOM,S498
D839,HAS_SYMPTOM,S1176
D839,HAS_SYMPTOM,S094
D839,HAS_SYMPTOM,S1512
D839,HAS_SYMPTOM,S095
D840,HAS_SYMPTOM,S2603
D840,HAS_SYMPTOM,S2604
D840,HAS_SYMPTOM,S1068
D840,HAS_SYMPTOM,S052
D840,HAS_SYMPTOM,S2605
D840,HAS_SYMPTOM,S1169
D840,HAS_SYMPTOM,S2606
D840,HAS_SYMPTOM,S2556
D840,HAS_SYMPTOM,S2607
D840,HAS_SYMPTOM,S2608
D840,HAS_SYMPTOM,S132
D840,HAS_SYMPTOM,S2609
D841,HAS_SYMPTOM,S1530
D841,HAS_SYMPTOM,S1531
D841,HAS_SYMPTOM,S052
D841,HAS_SYMPTOM,S1532
D841,HAS_SYMPTOM,S1178
D841,HAS_SYMPTOM,S042
D841,HAS_SYMPTOM,S1533
D841,HAS_SYMPTOM,S1534
D841,HAS_SYMPTOM,S1535
D841,HAS_SYMPTOM,S1536
D842,HAS_SYMPTOM,S513
D842,HAS_SYMPTOM,S514
D842,HAS_SYMPTOM,S638
D842,HAS_SYMPTOM,S639
D842,HAS_SYMPTOM,S130
D842,HAS_SYMPTOM,S1678
D842,HAS_SYMPTOM,S2610
D842,HAS_SYMPTOM,S642
D842,HAS_SYMPTOM,S1630
D842,HAS_SYMPTOM,S2611
D842,HAS_SYMPTOM,S046
D842,HAS_SYMPTOM,S141
D845,HAS_SYMPTOM,S2612
D845,HAS_SYMPTOM,S2613
D845,HAS_SYMPTOM,S2614
D845,HAS_SYMPTOM,S2615
D845,HAS_SYMPTOM,S2616
D845,HAS_SYMPTOM,S2617
D845,HAS_SYMPTOM,S2618
D845,HAS_SYMPTOM,S2619
D845,HAS_CAUSE,CA2007
D845,HAS_CAUSE,CA2008
D845,HAS_CAUSE,CA2009
D845,HAS_CAUSE,CA2010
D845,HAS_CAUSE,CA2011
D845,DIAGNOSED_BY,T1133
D846,HAS_SYMPTOM,S2620
D846,HAS_SYMPTOM,S2621
D846,HAS_SYMPTOM,S2622
D846,HAS_SYMPTOM,S324
D846,HAS_SYMPTOM,S2623
D846,HAS_SYMPTOM,S2624
D846,HAS_SYMPTOM,S2625
D846,HAS_SYMPTOM,S190
D846,HAS_SYMPTOM,S2626
D846,HAS_SYMPTOM,S2627
D846,HAS_SYMPTOM,S2628
D846,HAS_CAUSE,CA747
D846,HAS_CAUSE,CA2012
D846,HAS_CAUSE,CA2013
RF675,INCREASES_RISK_OF,D846
RF676,INCREASES_RISK_OF,D846
RF677,INCREASES_RISK_OF,D846
RF678,INCREASES_RISK_OF,D846
D847,AFFECTS,O006
D847,HAS_SYMPTOM,S2629
D847,HAS_SYMPTOM,S2630
D847,HAS_SYMPTOM,S2631
D847,HAS_SYMPTOM,S205
D847,HAS_SYMPTOM,S2632
D847,HAS_SYMPTOM,S2633
D847,HAS_SYMPTOM,S2634
D847,HAS_CAUSE,CA2014
D847,HAS_CAUSE,CA2015
D848,HAS_SYMPTOM,S2635
D848,HAS_SYMPTOM,S2636
RF679,INCREASES_RISK_OF,D848
D848,MANAGED_BY,TR1554
D849,AFFECTS,O016
D850,HAS_SYMPTOM,S2637
D850,HAS_SYMPTOM,S1115
D850,HAS_SYMPTOM,S2638
D850,HAS_SYMPTOM,S1596
D850,HAS_SYMPTOM,S2639
D850,HAS_CAUSE,CA2016
D850,HAS_CAUSE,CA2017
D850,HAS_CAUSE,CA2018
D850,HAS_CAUSE,CA2019
D850,MANAGED_BY,TR1555
D850,MANAGED_BY,TR1556
D850,MANAGED_BY,TR1557
D850,MANAGED_BY,TR1558
D850,DIAGNOSED_BY,T1134
D850,DIAGNOSED_BY,T1135
D850,DIAGNOSED_BY,T278
D850,DIAGNOSED_BY,T132
D850,DIAGNOSED_BY,T1136
D850,DIAGNOSED_BY,T1137
D850,CAN_CAUSE,C688
D850,CAN_CAUSE,C134
D850,MANAGED_BY,TR1559
D851,HAS_SYMPTOM,S094
D851,HAS_SYMPTOM,S132
D851,HAS_SYMPTOM,S2640
D851,HAS_SYMPTOM,S2641
D851,HAS_SYMPTOM,S048
D851,HAS_SYMPTOM,S201
D851,HAS_SYMPTOM,S2642
D852,AFFECTS,O001
D852,AFFECTS,O005
D852,HAS_SYMPTOM,S2643
D852,HAS_SYMPTOM,S2644
D852,HAS_SYMPTOM,S2645
D852,HAS_SYMPTOM,S093
D852,HAS_SYMPTOM,S2646
D852,HAS_SYMPTOM,S2647
D852,HAS_CAUSE,CA2020
D852,HAS_CAUSE,CA2021
D852,HAS_CAUSE,CA2022
D852,HAS_CAUSE,CA2023
D852,HAS_CAUSE,CA2024
RF680,INCREASES_RISK_OF,D852
RF681,INCREASES_RISK_OF,D852
RF682,INCREASES_RISK_OF,D852
RF683,INCREASES_RISK_OF,D852
RF684,INCREASES_RISK_OF,D852
RF685,INCREASES_RISK_OF,D852
RF686,INCREASES_RISK_OF,D852
D852,MANAGED_BY,TR1560
D852,DIAGNOSED_BY,T1138
D852,DIAGNOSED_BY,T1139
D852,DIAGNOSED_BY,T1140
D852,DIAGNOSED_BY,T836
D852,DIAGNOSED_BY,T1141
D852,DIAGNOSED_BY,T1142
D852,DIAGNOSED_BY,T005
D852,DIAGNOSED_BY,T051
D852,DIAGNOSED_BY,T1143
D852,DIAGNOSED_BY,T1144
D852,DIAGNOSED_BY,T050
D852,DIAGNOSED_BY,T359
D853,HAS_SYMPTOM,S2648
D853,HAS_SYMPTOM,S485
D853,HAS_SYMPTOM,S2649
D853,HAS_SYMPTOM,S341
D853,HAS_SYMPTOM,S1488
D853,HAS_SYMPTOM,S187
D853,HAS_SYMPTOM,S498
D853,HAS_SYMPTOM,S1512
D853,HAS_SYMPTOM,S583
D853,HAS_SYMPTOM,S2650
D853,HAS_SYMPTOM,S616
D853,HAS_SYMPTOM,S2651
D854,HAS_SYMPTOM,S2652
D854,HAS_SYMPTOM,S2653
D854,HAS_SYMPTOM,S2654
D854,HAS_SYMPTOM,S934
D854,HAS_SYMPTOM,S473
D854,HAS_SYMPTOM,S2655
D854,HAS_CAUSE,CA2025
D854,HAS_CAUSE,CA2026
D854,HAS_CAUSE,CA2027
RF687,INCREASES_RISK_OF,D854
RF688,INCREASES_RISK_OF,D854
RF689,INCREASES_RISK_OF,D854
RF076,INCREASES_RISK_OF,D854
D854,MANAGED_BY,TR1561
D854,MANAGED_BY,TR392
D854,MANAGED_BY,TR1562
D854,MANAGED_BY,TR1563
D854,DIAGNOSED_BY,T1145
D854,DIAGNOSED_BY,T1146
D854,MANAGED_BY,TR1564
D854,MANAGED_BY,TR1565
D854,MANAGED_BY,TR1566
D855,HAS_SYMPTOM,S2656
D855,HAS_SYMPTOM,S2657
D855,HAS_SYMPTOM,S2658
D857,AFFECTS,O005
D859,HAS_SYMPTOM,S127
D859,HAS_SYMPTOM,S189
D859,HAS_SYMPTOM,S2659
D859,HAS_SYMPTOM,S2660
D859,HAS_SYMPTOM,S096
D859,HAS_SYMPTOM,S2661
D859,HAS_SYMPTOM,S2662
D859,HAS_SYMPTOM,S2663
D859,MANAGED_BY,TR1567
D859,MANAGED_BY,TR1568
D859,MANAGED_BY,TR1569
D859,DIAGNOSED_BY,T580
D859,DIAGNOSED_BY,T1147
D859,DIAGNOSED_BY,T1148
D859,DIAGNOSED_BY,T1149
D859,DIAGNOSED_BY,T005
D859,DIAGNOSED_BY,T087
D859,CAN_CAUSE,C689
D859,CAN_CAUSE,C690
D859,CAN_CAUSE,C691
D860,AFFECTS,O005
D860,HAS_SYMPTOM,S2664
D860,HAS_SYMPTOM,S2665
D860,HAS_SYMPTOM,S1371
D860,HAS_SYMPTOM,S2666
D860,HAS_CAUSE,CA2028
D860,HAS_CAUSE,CA2029
D860,HAS_CAUSE,CA2030
D860,HAS_CAUSE,CA2031
RF690,INCREASES_RISK_OF,D860
RF691,INCREASES_RISK_OF,D860
RF692,INCREASES_RISK_OF,D860
D860,MANAGED_BY,TR1570
D860,MANAGED_BY,TR1571
D861,AFFECTS,O005
D861,HAS_SYMPTOM,S2667
D861,HAS_SYMPTOM,S2668
D861,HAS_SYMPTOM,S2669
D861,HAS_SYMPTOM,S2665
D861,HAS_SYMPTOM,S2670
D861,HAS_SYMPTOM,S2518
D861,HAS_CAUSE,CA2032
D861,HAS_CAUSE,CA2033
D861,MANAGED_BY,TR1572
D861,MANAGED_BY,TR1573
D862,AFFECTS,O002
D862,HAS_SYMPTOM,S2671
D862,HAS_SYMPTOM,S261
D862,HAS_SYMPTOM,S738
D862,HAS_SYMPTOM,S2672
D862,HAS_SYMPTOM,S041
D862,HAS_CAUSE,CA246
D862,HAS_CAUSE,CA2034
D862,HAS_CAUSE,CA2035
D862,HAS_CAUSE,CA330
D862,DIAGNOSED_BY,T1150
D862,DIAGNOSED_BY,T069
D862,DIAGNOSED_BY,T1151
D862,DIAGNOSED_BY,T1152
D862,DIAGNOSED_BY,T373
D862,CAN_CAUSE,C154
D862,CAN_CAUSE,C692
D862,CAN_CAUSE,C016
D862,MANAGED_BY,TR1574
D863,AFFECTS,O007
D863,HAS_SYMPTOM,S2673
D863,HAS_SYMPTOM,S2674
D863,HAS_SYMPTOM,S041
D863,HAS_SYMPTOM,S2675
D863,HAS_SYMPTOM,S2676
D863,HAS_SYMPTOM,S2476
D863,HAS_SYMPTOM,S131
D863,HAS_CAUSE,CA210
D863,HAS_CAUSE,CA110
D863,HAS_CAUSE,CA2036
D863,MANAGED_BY,TR1575
D863,DIAGNOSED_BY,T1153
D863,DIAGNOSED_BY,T1154
D863,DIAGNOSED_BY,T005
D863,DIAGNOSED_BY,T051
D863,DIAGNOSED_BY,T1155
D863,DIAGNOSED_BY,T1156
D863,DIAGNOSED_BY,T982
D863,DIAGNOSED_BY,T1157
D863,DIAGNOSED_BY,T1158
D863,DIAGNOSED_BY,T1159
D863,DIAGNOSED_BY,T1160
D863,CAN_CAUSE,C693
D863,CAN_CAUSE,C116
D863,CAN_CAUSE,C694
D863,CAN_CAUSE,C695
D863,CAN_CAUSE,C696
D863,CAN_CAUSE,C697
D863,CAN_CAUSE,C698
D863,MANAGED_BY,TR1576
D864,HAS_SYMPTOM,S2677
D864,HAS_SYMPTOM,S2678
D864,HAS_CAUSE,CA2037
D864,HAS_CAUSE,CA2038
D864,HAS_CAUSE,CA2039
D864,HAS_CAUSE,CA2040
RF693,INCREASES_RISK_OF,D864
RF694,INCREASES_RISK_OF,D864
RF695,INCREASES_RISK_OF,D864
RF696,INCREASES_RISK_OF,D864
RF697,INCREASES_RISK_OF,D864
RF698,INCREASES_RISK_OF,D864
RF699,INCREASES_RISK_OF,D864
D864,MANAGED_BY,TR1577
D864,MANAGED_BY,TR1578
D864,MANAGED_BY,TR1579
D864,MANAGED_BY,TR1580
D865,AFFECTS,O006
D865,HAS_SYMPTOM,S2679
D865,HAS_CAUSE,CA2041
D865,HAS_CAUSE,CA2042
D865,HAS_CAUSE,CA2043
D865,HAS_CAUSE,CA008
D865,HAS_CAUSE,CA187
D865,MANAGED_BY,TR1581
D865,DIAGNOSED_BY,T1161
D865,DIAGNOSED_BY,T1162
D865,DIAGNOSED_BY,T1163
D865,DIAGNOSED_BY,T1164
D865,CAN_CAUSE,C699
D865,CAN_CAUSE,C700
D865,CAN_CAUSE,C261
D865,MANAGED_BY,TR1582
D865,MANAGED_BY,TR1583
D866,AFFECTS,O008
D866,HAS_SYMPTOM,S1115
D866,HAS_SYMPTOM,S2680
D866,HAS_SYMPTOM,S2681
D866,HAS_SYMPTOM,S2682
D866,HAS_SYMPTOM,S2191
D866,HAS_CAUSE,CA001
D866,HAS_CAUSE,CA2044
D866,HAS_CAUSE,CA378
D866,HAS_CAUSE,CA2045
D866,MANAGED_BY,TR1584
D866,DIAGNOSED_BY,T155
D866,DIAGNOSED_BY,T1134
D866,DIAGNOSED_BY,T1165
D866,DIAGNOSED_BY,T1166
D866,DIAGNOSED_BY,T125
D866,MANAGED_BY,TR1585
D867,AFFECTS,O017
D867,AFFECTS,O014
D868,HAS_SYMPTOM,S2683
D868,HAS_SYMPTOM,S2684
D868,HAS_SYMPTOM,S473
D868,HAS_SYMPTOM,S042
D868,HAS_SYMPTOM,S2685
RF700,INCREASES_RISK_OF,D868
D868,MANAGED_BY,TR1586
D868,MANAGED_BY,TR1587
D868,MANAGED_BY,TR1588
D868,MANAGED_BY,TR1589
D868,MANAGED_BY,TR1590
D868,DIAGNOSED_BY,T005
D868,DIAGNOSED_BY,T1167
D868,DIAGNOSED_BY,T024
D868,MANAGED_BY,TR1591
D868,MANAGED_BY,TR1224
D868,MANAGED_BY,TR006
D868,MANAGED_BY,TR1592
D869,HAS_SYMPTOM,S2686
D869,HAS_SYMPTOM,S2687
D869,HAS_SYMPTOM,S2685
D869,HAS_CAUSE,CA2046
D869,DIAGNOSED_BY,T1168
D870,AFFECTS,O006
D870,HAS_SYMPTOM,S2688
D870,HAS_CAUSE,CA2047
D870,HAS_CAUSE,CA2048
D870,HAS_CAUSE,CA378
D870,HAS_CAUSE,CA2049
D870,HAS_CAUSE,CA145
D870,HAS_CAUSE,CA093
D870,HAS_CAUSE,CA2050
RF701,INCREASES_RISK_OF,D870
D872,AFFECTS,O005
D873,HAS_CAUSE,CA378
D873,HAS_CAUSE,CA2051
D873,HAS_CAUSE,CA2052
D873,HAS_CAUSE,CA1790
D873,HAS_CAUSE,CA2053
D873,HAS_CAUSE,CA2054
D873,HAS_CAUSE,CA2055
D873,HAS_CAUSE,CA2056
D873,MANAGED_BY,TR1593
D873,MANAGED_BY,TR800
D873,MANAGED_BY,TR1594
D873,MANAGED_BY,TR1595
D873,MANAGED_BY,TR906
D873,DIAGNOSED_BY,T1169
D873,DIAGNOSED_BY,T1170
D873,CAN_CAUSE,C701
D873,CAN_CAUSE,C702
D873,CAN_CAUSE,C703
D873,MANAGED_BY,TR1596
D873,MANAGED_BY,TR1597
D874,AFFECTS,O001
D874,HAS_SYMPTOM,S2689
D874,HAS_SYMPTOM,S2690
D874,HAS_SYMPTOM,S079
D874,HAS_SYMPTOM,S2691
D874,HAS_SYMPTOM,S312
D874,HAS_CAUSE,CA2057
D874,HAS_CAUSE,CA524
D874,HAS_CAUSE,CA2058
D874,HAS_CAUSE,CA2059
D874,HAS_CAUSE,CA2060
D874,DIAGNOSED_BY,T005
D874,DIAGNOSED_BY,T051
D874,DIAGNOSED_BY,T1171
D874,DIAGNOSED_BY,T1172
D874,DIAGNOSED_BY,T1173
D874,DIAGNOSED_BY,T1174
D874,CAN_CAUSE,C704
D874,CAN_CAUSE,C705
D874,CAN_CAUSE,C706
D874,CAN_CAUSE,C707
D874,MANAGED_BY,TR1598
D875,HAS_SYMPTOM,S2692
D875,HAS_SYMPTOM,S2693
D875,HAS_SYMPTOM,S2694
D875,HAS_SYMPTOM,S098
D875,HAS_SYMPTOM,S1615
D875,HAS_SYMPTOM,S324
D875,HAS_CAUSE,CA2061
D875,MANAGED_BY,TR1599
D875,MANAGED_BY,TR1600
D875,MANAGED_BY,TR1601
D875,DIAGNOSED_BY,T1175
D875,DIAGNOSED_BY,T1176
D875,DIAGNOSED_BY,T510
D875,DIAGNOSED_BY,T197
D875,DIAGNOSED_BY,T1177
D875,DIAGNOSED_BY,T1178
D875,DIAGNOSED_BY,T051
D875,DIAGNOSED_BY,T1179
D875,DIAGNOSED_BY,T1180
D875,DIAGNOSED_BY,T1181
D875,DIAGNOSED_BY,T359
D875,CAN_CAUSE,C708
D875,CAN_CAUSE,C134
D875,CAN_CAUSE,C135
D875,CAN_CAUSE,C013
D875,MANAGED_BY,TR150
D876,HAS_SYMPTOM,S2695
D876,HAS_SYMPTOM,S2259
D876,HAS_SYMPTOM,S077
D876,HAS_SYMPTOM,S187
D876,HAS_SYMPTOM,S2696
D876,HAS_SYMPTOM,S2697
D876,HAS_SYMPTOM,S2698
D876,HAS_SYMPTOM,S2699
D876,HAS_SYMPTOM,S324
D876,HAS_CAUSE,CA2062
D876,HAS_CAUSE,CA2063
D876,HAS_CAUSE,CA2064
D876,HAS_CAUSE,CA2065
D876,HAS_CAUSE,CA2066
D876,HAS_CAUSE,CA2067
D876,HAS_CAUSE,CA2068
D876,HAS_CAUSE,CA2069
D876,HAS_CAUSE,CA2070
D876,MANAGED_BY,TR1602
D876,MANAGED_BY,TR1603
D876,MANAGED_BY,TR1604
D876,MANAGED_BY,TR1605
D876,DIAGNOSED_BY,T005
D876,DIAGNOSED_BY,T051
D876,DIAGNOSED_BY,T1182
D876,DIAGNOSED_BY,T359
D876,CAN_CAUSE,C134
D876,CAN_CAUSE,C709
D876,CAN_CAUSE,C013
D877,AFFECTS,O003
RF702,INCREASES_RISK_OF,D877
D878,HAS_SYMPTOM,S2700
D878,HAS_SYMPTOM,S2701
D878,HAS_SYMPTOM,S2702
D878,HAS_SYMPTOM,S2703
D878,HAS_SYMPTOM,S2704
D878,HAS_SYMPTOM,S2705
D878,HAS_SYMPTOM,S2706
D878,HAS_SYMPTOM,S2707
D878,HAS_SYMPTOM,S2708
D878,HAS_CAUSE,CA2071
D878,HAS_CAUSE,CA2072
D878,HAS_CAUSE,CA2073
D878,HAS_CAUSE,CA2074
D878,HAS_CAUSE,CA2075
RF703,INCREASES_RISK_OF,D878
RF704,INCREASES_RISK_OF,D878
RF705,INCREASES_RISK_OF,D878
RF706,INCREASES_RISK_OF,D878
RF707,INCREASES_RISK_OF,D878
RF708,INCREASES_RISK_OF,D878
RF709,INCREASES_RISK_OF,D878
D878,MANAGED_BY,TR1606
D878,MANAGED_BY,TR1607
D878,MANAGED_BY,TR1608
D878,DIAGNOSED_BY,T1183
D878,DIAGNOSED_BY,T1184
D878,DIAGNOSED_BY,T1185
D878,DIAGNOSED_BY,T005
D878,DIAGNOSED_BY,T1186
D878,DIAGNOSED_BY,T1187
D878,DIAGNOSED_BY,T1188
D878,MANAGED_BY,TR1609
D878,MANAGED_BY,TR1610
D878,MANAGED_BY,TR1611
D878,MANAGED_BY,TR1612
D879,HAS_SYMPTOM,S2709
D879,HAS_SYMPTOM,S2710
D879,HAS_SYMPTOM,S2711
D879,HAS_SYMPTOM,S2712
D879,HAS_SYMPTOM,S356
D879,HAS_SYMPTOM,S2713
D879,HAS_SYMPTOM,S2714
D879,HAS_SYMPTOM,S495
D879,HAS_SYMPTOM,S042
D879,HAS_SYMPTOM,S488
D879,HAS_SYMPTOM,S2715
D879,HAS_SYMPTOM,S2716
D880,HAS_SYMPTOM,S513
D880,HAS_SYMPTOM,S514
D880,HAS_SYMPTOM,S638
D880,HAS_SYMPTOM,S1879
D880,HAS_SYMPTOM,S130
D880,HAS_SYMPTOM,S651
D880,HAS_SYMPTOM,S2717
D880,HAS_SYMPTOM,S2718
D880,HAS_SYMPTOM,S760
D881,HAS_SYMPTOM,S758
D881,HAS_SYMPTOM,S514
D881,HAS_SYMPTOM,S638
D881,HAS_SYMPTOM,S1879
D881,HAS_SYMPTOM,S130
D881,HAS_SYMPTOM,S651
D881,HAS_SYMPTOM,S2719
D881,HAS_SYMPTOM,S2720
D881,HAS_SYMPTOM,S2016
D881,HAS_SYMPTOM,S760
D882,HAS_SYMPTOM,S2721
D882,HAS_CAUSE,CA2076
RF710,INCREASES_RISK_OF,D882
RF711,INCREASES_RISK_OF,D882
D882,MANAGED_BY,TR1613
D883,HAS_CAUSE,CA2077
D883,HAS_CAUSE,CA2078
D883,HAS_CAUSE,CA2079
D883,HAS_CAUSE,CA1051
D883,HAS_CAUSE,CA2080
D883,HAS_CAUSE,CA2081
D883,HAS_CAUSE,CA2082
D883,HAS_CAUSE,CA101
D883,HAS_CAUSE,CA2083
D883,HAS_CAUSE,CA465
D883,HAS_CAUSE,CA175
D883,HAS_CAUSE,CA378
D884,HAS_CAUSE,CA2084
D885,HAS_SYMPTOM,S2722
D885,HAS_SYMPTOM,S2723
D885,HAS_SYMPTOM,S2724
D885,HAS_SYMPTOM,S2725
D885,HAS_SYMPTOM,S2726
D885,HAS_SYMPTOM,S2727
D885,HAS_SYMPTOM,S2728
D885,HAS_SYMPTOM,S2729
D885,HAS_CAUSE,CA2085
D885,HAS_CAUSE,CA2086
D885,HAS_CAUSE,CA2087
D885,HAS_CAUSE,CA2088
D885,HAS_CAUSE,CA2089
RF712,INCREASES_RISK_OF,D885
RF713,INCREASES_RISK_OF,D885
RF714,INCREASES_RISK_OF,D885
RF715,INCREASES_RISK_OF,D885
RF716,INCREASES_RISK_OF,D885
RF717,INCREASES_RISK_OF,D885
RF718,INCREASES_RISK_OF,D885
RF719,INCREASES_RISK_OF,D885
D885,MANAGED_BY,TR1614
D886,HAS_SYMPTOM,S2730
D886,HAS_SYMPTOM,S2731
D886,HAS_SYMPTOM,S079
D886,HAS_SYMPTOM,S2732
D886,HAS_SYMPTOM,S132
D886,HAS_SYMPTOM,S052
D886,HAS_SYMPTOM,S2733
D886,HAS_SYMPTOM,S046
D886,HAS_SYMPTOM,S1613
D886,HAS_SYMPTOM,S2734
D886,HAS_SYMPTOM,S1542
D886,HAS_SYMPTOM,S2735
D886,HAS_CAUSE,CA2090
D886,HAS_CAUSE,CA2091
D886,HAS_CAUSE,CA345
D886,HAS_CAUSE,CA2092
D886,MANAGED_BY,TR1615
D886,DIAGNOSED_BY,T1189
D886,DIAGNOSED_BY,T1190
D886,DIAGNOSED_BY,T1191
D886,MANAGED_BY,TR1616
D887,HAS_SYMPTOM,S127
D887,HAS_SYMPTOM,S2736
D887,HAS_SYMPTOM,S2737
D887,HAS_SYMPTOM,S616
D887,HAS_SYMPTOM,S2738
D887,HAS_SYMPTOM,S095
D887,HAS_SYMPTOM,S2739
D887,HAS_CAUSE,CA2093
D888,HAS_CAUSE,CA2094
D888,HAS_CAUSE,CA2095
D888,HAS_CAUSE,CA2096
D888,MANAGED_BY,TR1617
D889,AFFECTS,O002
D889,AFFECTS,O014
D889,HAS_SYMPTOM,S2740
D889,HAS_SYMPTOM,S663
D889,HAS_SYMPTOM,S2741
D889,HAS_CAUSE,CA2097
D889,HAS_CAUSE,CA2098
D889,HAS_CAUSE,CA2099
D889,HAS_CAUSE,CA2100
D889,MANAGED_BY,TR1618
D889,MANAGED_BY,TR1619
D889,DIAGNOSED_BY,T1192
D889,DIAGNOSED_BY,T836
D889,DIAGNOSED_BY,T1193
D889,DIAGNOSED_BY,T1194
D889,DIAGNOSED_BY,T1195
D889,DIAGNOSED_BY,T1196
D889,DIAGNOSED_BY,T1197
D889,DIAGNOSED_BY,T1198
D889,DIAGNOSED_BY,T1199
D889,DIAGNOSED_BY,T071
D889,DIAGNOSED_BY,T1200
D889,DIAGNOSED_BY,T1201
D890,AFFECTS,O009
D890,HAS_SYMPTOM,S127
D890,HAS_SYMPTOM,S1122
D890,HAS_SYMPTOM,S052
D890,HAS_SYMPTOM,S133
D890,HAS_SYMPTOM,S041
D890,HAS_SYMPTOM,S663
D890,HAS_SYMPTOM,S1127
D890,HAS_SYMPTOM,S093
D890,HAS_SYMPTOM,S201
D890,HAS_SYMPTOM,S440
D890,HAS_SYMPTOM,S2742
D890,HAS_SYMPTOM,S367
D890,HAS_CAUSE,CA2101
D890,HAS_CAUSE,CA1425
D890,HAS_CAUSE,CA128
D890,HAS_CAUSE,CA1427
D890,HAS_CAUSE,CA2102
D890,HAS_CAUSE,CA2103
D890,HAS_CAUSE,CA2104
D890,HAS_CAUSE,CA2105
D890,HAS_CAUSE,CA2106
D890,HAS_CAUSE,CA2107
D890,HAS_CAUSE,CA2108
D890,HAS_CAUSE,CA2109
D890,MANAGED_BY,TR1620
D890,MANAGED_BY,TR1621
D890,MANAGED_BY,TR1622
D890,DIAGNOSED_BY,T028
D890,DIAGNOSED_BY,T663
D890,CAN_CAUSE,C710
D891,AFFECTS,O002
D891,HAS_SYMPTOM,S2743
D891,HAS_SYMPTOM,S2744
D891,HAS_SYMPTOM,S2745
D891,HAS_SYMPTOM,S670
D891,HAS_SYMPTOM,S141
D891,HAS_SYMPTOM,S2575
D891,HAS_SYMPTOM,S095
D891,HAS_SYMPTOM,S2746
D891,HAS_SYMPTOM,S098
D891,HAS_SYMPTOM,S2747
D891,HAS_SYMPTOM,S2748
D891,HAS_CAUSE,CA2110
D891,HAS_CAUSE,CA2111
D891,HAS_CAUSE,CA2112
D891,MANAGED_BY,TR1623
D891,MANAGED_BY,TR1624
D891,MANAGED_BY,TR1625
D892,AFFECTS,O014
D892,HAS_SYMPTOM,S041
D892,HAS_SYMPTOM,S883
D892,HAS_SYMPTOM,S2749
D892,HAS_SYMPTOM,S093
D892,HAS_CAUSE,CA2113
D892,HAS_CAUSE,CA2114
D892,HAS_CAUSE,CA1427
D892,HAS_CAUSE,CA1038
D892,HAS_CAUSE,CA2115
D892,MANAGED_BY,TR1626
D892,MANAGED_BY,TR1627
D892,MANAGED_BY,TR1628
D892,DIAGNOSED_BY,T1202
D892,DIAGNOSED_BY,T1058
D892,DIAGNOSED_BY,T125
D892,DIAGNOSED_BY,T005
D892,CAN_CAUSE,C287
D892,CAN_CAUSE,C711
D892,CAN_CAUSE,C712
D892,CAN_CAUSE,C713
D892,CAN_CAUSE,C072
D892,CAN_CAUSE,C714
D892,MANAGED_BY,TR1629
D893,AFFECTS,O007
D893,HAS_SYMPTOM,S2750
D893,HAS_SYMPTOM,S045
D893,HAS_SYMPTOM,S041
D893,HAS_SYMPTOM,S766
D893,HAS_CAUSE,CA2116
D893,HAS_CAUSE,CA2117
D893,HAS_CAUSE,CA2118
D893,HAS_CAUSE,CA2119
D893,HAS_CAUSE,CA2120
D893,HAS_CAUSE,CA2121
D893,DIAGNOSED_BY,T155
D893,DIAGNOSED_BY,T1203
D893,DIAGNOSED_BY,T671
D893,DIAGNOSED_BY,T410
D893,DIAGNOSED_BY,T1204
D893,DIAGNOSED_BY,T005
D893,DIAGNOSED_BY,T225
D893,DIAGNOSED_BY,T051
D893,DIAGNOSED_BY,T1205
D893,DIAGNOSED_BY,T1206
D893,CAN_CAUSE,C715
D893,CAN_CAUSE,C716
D894,AFFECTS,O002
D894,HAS_SYMPTOM,S2751
D894,HAS_SYMPTOM,S2752
D894,HAS_SYMPTOM,S706
D894,HAS_SYMPTOM,S2753
D894,HAS_CAUSE,CA2122
D894,HAS_CAUSE,CA2123
D894,HAS_CAUSE,CA2124
D894,HAS_CAUSE,CA2125
D894,HAS_CAUSE,CA2126
D894,HAS_CAUSE,CA2127
D894,HAS_CAUSE,CA2128
D894,HAS_CAUSE,CA2129
D894,HAS_CAUSE,CA2106
D894,MANAGED_BY,TR1630
D894,MANAGED_BY,TR1631
D894,MANAGED_BY,TR1632
D895,HAS_SYMPTOM,S2754
D895,HAS_SYMPTOM,S2755
D895,HAS_SYMPTOM,S2756
D895,HAS_CAUSE,CA2130
D895,HAS_CAUSE,CA2131
D895,HAS_CAUSE,CA2132
D895,HAS_CAUSE,CA2133
D895,HAS_CAUSE,CA2134
D895,HAS_CAUSE,CA2135
D895,HAS_CAUSE,CA2136
D895,HAS_CAUSE,CA1435
D895,HAS_CAUSE,CA2137
D895,HAS_CAUSE,CA2138
D895,HAS_CAUSE,CA2139
D895,HAS_CAUSE,CA2140
D895,MANAGED_BY,TR1633
D895,DIAGNOSED_BY,T1207
D895,DIAGNOSED_BY,T1208
D895,DIAGNOSED_BY,T1209
D895,DIAGNOSED_BY,T1210
D895,DIAGNOSED_BY,T1211
D895,DIAGNOSED_BY,T1212
D895,DIAGNOSED_BY,T1213
D895,DIAGNOSED_BY,T1214
D895,DIAGNOSED_BY,T1215
D895,DIAGNOSED_BY,T1216
D895,CAN_CAUSE,C717
D895,CAN_CAUSE,C718
D895,MANAGED_BY,TR1634
D895,MANAGED_BY,TR1635
D896,HAS_SYMPTOM,S2757
D896,HAS_SYMPTOM,S2758
D896,HAS_SYMPTOM,S2681
D896,HAS_SYMPTOM,S2759
D896,HAS_SYMPTOM,S2760
D896,HAS_SYMPTOM,S2761
D896,HAS_SYMPTOM,S2762
D896,HAS_SYMPTOM,S2763
D896,HAS_SYMPTOM,S2764
D896,HAS_SYMPTOM,S2765
D896,HAS_SYMPTOM,S052
D896,HAS_SYMPTOM,S1498
D897,AFFECTS,O017
D897,HAS_SYMPTOM,S2766
D897,HAS_SYMPTOM,S2767
D897,HAS_SYMPTOM,S363
D897,HAS_CAUSE,CA2141
D897,HAS_CAUSE,CA2142
D897,HAS_CAUSE,CA2143
D897,HAS_CAUSE,CA2144
D897,HAS_CAUSE,CA2145
D897,HAS_CAUSE,CA2146
D897,HAS_CAUSE,CA2147
D897,HAS_CAUSE,CA2148
D897,HAS_CAUSE,CA2149
D897,MANAGED_BY,TR1636
D897,MANAGED_BY,TR1637
D897,MANAGED_BY,TR1638
D897,DIAGNOSED_BY,T1217
D897,DIAGNOSED_BY,T1218
D897,DIAGNOSED_BY,T1219
D897,DIAGNOSED_BY,T1220
D897,DIAGNOSED_BY,T1221
D897,CAN_CAUSE,C719
D897,CAN_CAUSE,C720
D897,MANAGED_BY,TR1639
D898,AFFECTS,O017
D898,HAS_SYMPTOM,S2768
D898,HAS_SYMPTOM,S2769
D898,HAS_SYMPTOM,S363
D898,HAS_SYMPTOM,S1655
D898,HAS_SYMPTOM,S2770
D898,HAS_SYMPTOM,S2771
D898,HAS_SYMPTOM,S2772
D898,HAS_SYMPTOM,S2773
D898,HAS_SYMPTOM,S2774
D898,HAS_CAUSE,CA509
D898,HAS_CAUSE,CA2150
D898,HAS_CAUSE,CA2151
D898,MANAGED_BY,TR1640
D898,MANAGED_BY,TR1641
D898,MANAGED_BY,TR1642
D898,MANAGED_BY,TR1643
D898,MANAGED_BY,TR1644
D899,AFFECTS,O013
D899,HAS_CAUSE,CA2152
D899,HAS_CAUSE,CA2153
D899,HAS_CAUSE,CA2154
D899,HAS_CAUSE,CA392
D899,HAS_CAUSE,CA2155
D899,HAS_CAUSE,CA2156
D899,HAS_CAUSE,CA2157
D900,HAS_SYMPTOM,S2775
D900,HAS_CAUSE,CA2158
D900,HAS_CAUSE,CA2159
RF720,INCREASES_RISK_OF,D900
RF721,INCREASES_RISK_OF,D900
D901,AFFECTS,O004
D901,HAS_SYMPTOM,S2776
D901,HAS_SYMPTOM,S2777
D901,HAS_SYMPTOM,S2778
D901,HAS_SYMPTOM,S2779
D901,HAS_SYMPTOM,S2780
D901,HAS_SYMPTOM,S2781
D901,HAS_SYMPTOM,S2782
D901,HAS_CAUSE,CA2160
D901,HAS_CAUSE,CA2161
D901,HAS_CAUSE,CA2162
D901,HAS_CAUSE,CA2163
D901,HAS_CAUSE,CA2164
D901,HAS_CAUSE,CA2165
RF722,INCREASES_RISK_OF,D901
RF723,INCREASES_RISK_OF,D901
RF724,INCREASES_RISK_OF,D901
RF725,INCREASES_RISK_OF,D901
RF726,INCREASES_RISK_OF,D901
D901,MANAGED_BY,TR1645
D901,MANAGED_BY,TR1646
D901,MANAGED_BY,TR1647
D901,DIAGNOSED_BY,T1222
D901,MANAGED_BY,TR1648
D901,MANAGED_BY,TR1649
D901,MANAGED_BY,TR1650
D901,MANAGED_BY,TR1651
D901,MANAGED_BY,TR1652
D901,MANAGED_BY,TR1653
D901,MANAGED_BY,TR1654
D901,MANAGED_BY,TR1655
D902,AFFECTS,O019
D902,HAS_SYMPTOM,S2783
D902,HAS_CAUSE,CA2166
D902,MANAGED_BY,TR1543
D902,MANAGED_BY,TR1656
D902,MANAGED_BY,TR1545
D902,MANAGED_BY,TR1657
D902,MANAGED_BY,TR1658
D902,MANAGED_BY,TR1659
D902,MANAGED_BY,TR583
D902,MANAGED_BY,TR1660
D902,MANAGED_BY,TR1661
D902,MANAGED_BY,TR1662
D902,MANAGED_BY,TR1663
D902,MANAGED_BY,TR1664
D903,AFFECTS,O004
D904,HAS_SYMPTOM,S2784
D904,HAS_CAUSE,CA2167
D904,HAS_CAUSE,CA128
D904,HAS_CAUSE,CA2168
D904,HAS_CAUSE,CA222
D904,HAS_CAUSE,CA008
D904,HAS_CAUSE,CA2169
D904,HAS_CAUSE,CA2170
D904,MANAGED_BY,TR1665
D904,DIAGNOSED_BY,T1223
D904,DIAGNOSED_BY,T1224
D904,DIAGNOSED_BY,T1225
D904,CAN_CAUSE,C721
D904,CAN_CAUSE,C722
D904,MANAGED_BY,TR1666
D904,MANAGED_BY,TR1667
D905,AFFECTS,O005
D905,HAS_SYMPTOM,S133
D905,HAS_CAUSE,CA805
D905,HAS_CAUSE,CA2171
D905,HAS_CAUSE,CA2172
D905,MANAGED_BY,TR1668
D905,MANAGED_BY,TR1669
D905,MANAGED_BY,TR1670
D905,MANAGED_BY,TR1671
D905,MANAGED_BY,TR1672
D905,MANAGED_BY,TR1673
D905,MANAGED_BY,TR194
D905,MANAGED_BY,TR1674
D905,MANAGED_BY,TR1675
D905,MANAGED_BY,TR1676
D905,MANAGED_BY,TR1677
D905,MANAGED_BY,TR1678
D905,DIAGNOSED_BY,T1226
D905,DIAGNOSED_BY,T1227
D905,DIAGNOSED_BY,T005
D905,DIAGNOSED_BY,T1228
D905,DIAGNOSED_BY,T226
D905,DIAGNOSED_BY,T1229
D905,CAN_CAUSE,C225
D905,CAN_CAUSE,C723
D905,CAN_CAUSE,C268
D905,CAN_CAUSE,C196
D905,MANAGED_BY,TR1679
D906,HAS_CAUSE,CA2173
D906,MANAGED_BY,TR1680
D907,HAS_SYMPTOM,S2785
D907,HAS_CAUSE,CA2174
RF727,INCREASES_RISK_OF,D907
D908,AFFECTS,O016
D908,HAS_SYMPTOM,S2786
D908,HAS_CAUSE,CA2175
D908,MANAGED_BY,TR1681
D908,CAN_CAUSE,C724
D908,CAN_CAUSE,C725
D908,CAN_CAUSE,C726
D908,CAN_CAUSE,C727
D908,CAN_CAUSE,C728
D908,MANAGED_BY,TR150
D909,HAS_SYMPTOM,S101
D909,HAS_CAUSE,CA2176
RF728,INCREASES_RISK_OF,D909
RF729,INCREASES_RISK_OF,D909
RF083,INCREASES_RISK_OF,D909
RF730,INCREASES_RISK_OF,D909
RF731,INCREASES_RISK_OF,D909
D909,DIAGNOSED_BY,T1230
D909,MANAGED_BY,TR1682
D910,AFFECTS,O001
D910,HAS_CAUSE,CA222
D910,HAS_CAUSE,CA2177
D911,HAS_SYMPTOM,S2787
D911,HAS_SYMPTOM,S1062
D911,HAS_SYMPTOM,S1419
D911,HAS_SYMPTOM,S2788
D911,HAS_SYMPTOM,S2789
D911,HAS_SYMPTOM,S2790
D911,HAS_SYMPTOM,S2791
D911,HAS_SYMPTOM,S2792
D911,HAS_SYMPTOM,S2793
D911,HAS_SYMPTOM,S2794
D911,HAS_SYMPTOM,S2795
D911,HAS_SYMPTOM,S2796
D911,HAS_CAUSE,CA2178
D911,HAS_CAUSE,CA2179
D911,HAS_CAUSE,CA2180
D911,HAS_CAUSE,CA2181
D911,HAS_CAUSE,CA320
RF732,INCREASES_RISK_OF,D911
D912,HAS_SYMPTOM,S2797
D912,HAS_CAUSE,CA2182
RF733,INCREASES_RISK_OF,D912
D913,HAS_SYMPTOM,S2798
D913,HAS_SYMPTOM,S2799
D913,HAS_SYMPTOM,S2800
D913,HAS_CAUSE,CA2183
D913,HAS_CAUSE,CA2184
RF734,INCREASES_RISK_OF,D913
D913,MANAGED_BY,TR1683
D913,MANAGED_BY,TR1684
D913,MANAGED_BY,TR1685
D913,MANAGED_BY,TR1686
D913,MANAGED_BY,TR1687
D913,MANAGED_BY,TR1688
D913,DIAGNOSED_BY,T1231
D913,DIAGNOSED_BY,T1232
D913,DIAGNOSED_BY,T207
D913,DIAGNOSED_BY,T1233
D913,DIAGNOSED_BY,T1234
D914,HAS_SYMPTOM,S2801
D914,HAS_SYMPTOM,S2802
D915,HAS_SYMPTOM,S2803
D915,HAS_CAUSE,CA2185
D915,MANAGED_BY,TR1689
D915,MANAGED_BY,TR1690
D916,HAS_SYMPTOM,S2804
D916,HAS_CAUSE,CA2186
D916,MANAGED_BY,TR1691
D916,MANAGED_BY,TR1692
D916,MANAGED_BY,TR1693
D917,HAS_CAUSE,CA378
D917,HAS_CAUSE,CA2187
D917,HAS_CAUSE,CA2188
RF735,INCREASES_RISK_OF,D917
RF736,INCREASES_RISK_OF,D917
D918,AFFECTS,O016
D918,HAS_SYMPTOM,S2805
D918,HAS_SYMPTOM,S018
D918,HAS_SYMPTOM,S2806
D918,HAS_SYMPTOM,S1115
D918,HAS_SYMPTOM,S2807
D918,HAS_CAUSE,CA2189
D918,HAS_CAUSE,CA2190
D918,HAS_CAUSE,CA2191
D918,HAS_CAUSE,CA2192
D918,MANAGED_BY,TR1694
D918,MANAGED_BY,TR1695
D918,MANAGED_BY,TR557
D918,DIAGNOSED_BY,T1235
D919,HAS_SYMPTOM,S2808
D919,HAS_SYMPTOM,S2809
D919,HAS_SYMPTOM,S2810
D919,HAS_CAUSE,CA2193
D919,HAS_CAUSE,CA2194
RF737,INCREASES_RISK_OF,D919
RF738,INCREASES_RISK_OF,D919
D919,MANAGED_BY,TR1696
D919,MANAGED_BY,TR1697
D919,MANAGED_BY,TR231
D919,MANAGED_BY,TR1698
D919,MANAGED_BY,TR1699
D919,MANAGED_BY,TR1700
D919,MANAGED_BY,TR1701
D919,MANAGED_BY,TR1702
D919,MANAGED_BY,TR1703
D919,MANAGED_BY,TR1704
D919,MANAGED_BY,TR1705
D919,MANAGED_BY,TR1706
D920,AFFECTS,O012
D921,AFFECTS,O012
D921,HAS_SYMPTOM,S046
D921,HAS_SYMPTOM,S2811
D921,HAS_SYMPTOM,S2812
D921,HAS_SYMPTOM,S2813
D921,HAS_SYMPTOM,S259
D921,HAS_CAUSE,CA2195
D921,HAS_CAUSE,CA2196
D921,HAS_CAUSE,CA2197
D921,MANAGED_BY,TR1707
D921,MANAGED_BY,TR1708
D921,DIAGNOSED_BY,T1236
D921,CAN_CAUSE,C729
D921,CAN_CAUSE,C293
D921,CAN_CAUSE,C730
D922,AFFECTS,O012
D922,HAS_CAUSE,CA2198
D922,HAS_CAUSE,CA2199
D922,HAS_CAUSE,CA2200
D922,HAS_CAUSE,CA2201
D923,AFFECTS,O012
D923,HAS_SYMPTOM,S2814
D923,HAS_SYMPTOM,S2815
D923,HAS_SYMPTOM,S146
D923,HAS_SYMPTOM,S042
D923,HAS_SYMPTOM,S2816
D923,HAS_SYMPTOM,S2817
D923,HAS_SYMPTOM,S1062
D923,HAS_SYMPTOM,S2818
D923,HAS_SYMPTOM,S041
D923,HAS_CAUSE,CA2202
D923,HAS_CAUSE,CA2203
D923,MANAGED_BY,TR1709
D924,AFFECTS,O012
D924,HAS_SYMPTOM,S2819
D924,HAS_SYMPTOM,S2820
D924,HAS_CAUSE,CA2204
D924,HAS_CAUSE,CA2205
D925,AFFECTS,O012
D925,HAS_SYMPTOM,S2815
D925,HAS_SYMPTOM,S2821
D925,HAS_SYMPTOM,S487
D925,HAS_SYMPTOM,S094
D925,HAS_SYMPTOM,S130
D925,HAS_SYMPTOM,S052
D925,HAS_SYMPTOM,S2822
D925,HAS_SYMPTOM,S2823
D925,HAS_SYMPTOM,S093
D925,HAS_CAUSE,CA2206
D925,HAS_CAUSE,CA2207
D925,HAS_CAUSE,CA2208
D925,HAS_CAUSE,CA2209
D925,HAS_CAUSE,CA2210
D925,MANAGED_BY,TR1710
D925,MANAGED_BY,TR1711
D925,MANAGED_BY,TR1712
D925,DIAGNOSED_BY,T1237
D925,DIAGNOSED_BY,T1238
D925,CAN_CAUSE,C731
D925,MANAGED_BY,TR1713
D925,MANAGED_BY,TR1714
D926,AFFECTS,O012
D926,HAS_CAUSE,CA2211
D926,HAS_CAUSE,CA2212
D926,HAS_CAUSE,CA2213
D927,AFFECTS,O012
D928,AFFECTS,O012
D928,HAS_SYMPTOM,S2824
D928,HAS_SYMPTOM,S2825
D928,HAS_SYMPTOM,S2826
D928,MANAGED_BY,TR1715
D928,MANAGED_BY,TR1716
D928,MANAGED_BY,TR1717
D928,MANAGED_BY,TR1718
D928,MANAGED_BY,TR1719
D928,MANAGED_BY,TR1720
D928,MANAGED_BY,TR1721
D929,AFFECTS,O001
D929,HAS_SYMPTOM,S1176
D929,HAS_SYMPTOM,S347
D929,HAS_SYMPTOM,S2827
D929,HAS_SYMPTOM,S042
RF739,INCREASES_RISK_OF,D929
RF740,INCREASES_RISK_OF,D929
RF741,INCREASES_RISK_OF,D929
D929,MANAGED_BY,TR1722
D929,MANAGED_BY,TR1723
D929,MANAGED_BY,TR1724
D929,DIAGNOSED_BY,T1239
D929,DIAGNOSED_BY,T1240
D929,DIAGNOSED_BY,T115
D929,DIAGNOSED_BY,T005
D929,DIAGNOSED_BY,T1241
D929,DIAGNOSED_BY,T359
D929,MANAGED_BY,TR1725
D931,AFFECTS,O012
D931,HAS_CAUSE,CA2214
D932,AFFECTS,O012
D932,HAS_SYMPTOM,S2828
D932,HAS_CAUSE,CA2215
D932,HAS_CAUSE,CA2216
D933,HAS_SYMPTOM,S2829
D933,HAS_SYMPTOM,S2830
D933,HAS_CAUSE,CA2217
D933,HAS_CAUSE,CA2218
RF742,INCREASES_RISK_OF,D933
RF073,INCREASES_RISK_OF,D933
RF743,INCREASES_RISK_OF,D933
RF744,INCREASES_RISK_OF,D933
RF745,INCREASES_RISK_OF,D933
RF746,INCREASES_RISK_OF,D933
RF747,INCREASES_RISK_OF,D933
RF748,INCREASES_RISK_OF,D933
D933,MANAGED_BY,TR1726
D933,MANAGED_BY,TR1727
D933,MANAGED_BY,TR1728
D934,HAS_SYMPTOM,S2831
D934,HAS_SYMPTOM,S331
D934,HAS_SYMPTOM,S1202
D934,HAS_SYMPTOM,S2091
D934,HAS_SYMPTOM,S056
D934,HAS_SYMPTOM,S133
D934,HAS_SYMPTOM,S093
D934,HAS_SYMPTOM,S440
D934,HAS_SYMPTOM,S2832
D934,HAS_SYMPTOM,S130
D934,HAS_SYMPTOM,S2833
D934,HAS_SYMPTOM,S2834
D934,HAS_CAUSE,CA2219
D934,HAS_CAUSE,CA2220
D934,HAS_CAUSE,CA2221
D934,HAS_CAUSE,CA2222
D934,HAS_CAUSE,CA2223
D934,HAS_CAUSE,CA2224
D934,HAS_CAUSE,CA2225
D934,HAS_CAUSE,CA184
D934,HAS_CAUSE,CA185
D934,HAS_CAUSE,CA186
D934,HAS_CAUSE,CA210
D934,HAS_CAUSE,CA2226
D934,MANAGED_BY,TR1729
D934,MANAGED_BY,TR1730
D934,MANAGED_BY,TR1731
D934,MANAGED_BY,TR295
D934,MANAGED_BY,TR1732
D934,MANAGED_BY,TR1733
D934,MANAGED_BY,TR1734
D934,MANAGED_BY,TR1735
D934,MANAGED_BY,TR1736
D934,MANAGED_BY,TR1737
D934,MANAGED_BY,TR059
D934,MANAGED_BY,TR1738
D934,MANAGED_BY,TR1739
D934,MANAGED_BY,TR1740
D934,MANAGED_BY,TR1741
D934,MANAGED_BY,TR1742
D935,HAS_SYMPTOM,S2835
D935,HAS_SYMPTOM,S133
D935,HAS_SYMPTOM,S077
D935,HAS_SYMPTOM,S2836
RF749,INCREASES_RISK_OF,D935
RF750,INCREASES_RISK_OF,D935
D935,MANAGED_BY,TR1743
D935,DIAGNOSED_BY,T005
D935,DIAGNOSED_BY,T051
D935,DIAGNOSED_BY,T054
D935,DIAGNOSED_BY,T1242
D935,DIAGNOSED_BY,T1243
D935,CAN_CAUSE,C732
D935,MANAGED_BY,TR150
D935,MANAGED_BY,TR1744
D936,HAS_CAUSE,CA2227
D936,HAS_CAUSE,CA818
D936,HAS_CAUSE,CA365
D936,HAS_CAUSE,CA2228
D936,HAS_CAUSE,CA131
D936,HAS_CAUSE,CA2229
D936,HAS_CAUSE,CA2230
D936,HAS_CAUSE,CA1790
D936,HAS_CAUSE,CA2231
D936,HAS_CAUSE,CA2232
D936,HAS_CAUSE,CA2233
D936,HAS_CAUSE,CA2234
D936,MANAGED_BY,TR1745
D936,DIAGNOSED_BY,T1244
D936,DIAGNOSED_BY,T1245
D936,DIAGNOSED_BY,T1246
D936,MANAGED_BY,TR1746
D936,MANAGED_BY,TR1747
D936,MANAGED_BY,TR1748
D937,HAS_SYMPTOM,S2837
D937,HAS_SYMPTOM,S890
D937,HAS_SYMPTOM,S331
D937,HAS_CAUSE,CA2235
D937,MANAGED_BY,TR1749
D937,DIAGNOSED_BY,T1247
D937,DIAGNOSED_BY,T1248
D937,DIAGNOSED_BY,T1249
D937,CAN_CAUSE,C733
D937,CAN_CAUSE,C734
D937,MANAGED_BY,TR1750
D938,HAS_SYMPTOM,S095
D938,HAS_SYMPTOM,S2838
D938,HAS_SYMPTOM,S1101
D938,HAS_SYMPTOM,S2839
D938,HAS_SYMPTOM,S2840
D938,HAS_SYMPTOM,S201
D938,HAS_SYMPTOM,S1169
D938,HAS_SYMPTOM,S2841
D938,HAS_CAUSE,CA2236
D938,HAS_CAUSE,CA2237
D938,HAS_CAUSE,CA2238
D938,HAS_CAUSE,CA2239
D938,HAS_CAUSE,CA2240
D938,HAS_CAUSE,CA2241
D938,HAS_CAUSE,CA026
D938,HAS_CAUSE,CA2242
D938,HAS_CAUSE,CA943
D938,MANAGED_BY,TR1751
D938,MANAGED_BY,TR1752
D938,DIAGNOSED_BY,T1250
D938,DIAGNOSED_BY,T289
D938,DIAGNOSED_BY,T1251
D938,DIAGNOSED_BY,T1252
D938,DIAGNOSED_BY,T071
D938,DIAGNOSED_BY,T145
D938,DIAGNOSED_BY,T1253
D938,CAN_CAUSE,C735
D938,CAN_CAUSE,C736
D938,CAN_CAUSE,C737
D939,HAS_SYMPTOM,S2842
D939,HAS_SYMPTOM,S2843
D939,HAS_CAUSE,CA2243
D939,MANAGED_BY,TR1753
D939,MANAGED_BY,TR1754
D940,AFFECTS,O004
D940,HAS_SYMPTOM,S2844
D940,HAS_SYMPTOM,S2845
D940,HAS_SYMPTOM,S2846
D940,HAS_SYMPTOM,S2847
D940,HAS_SYMPTOM,S2848
D940,HAS_SYMPTOM,S2849
D940,HAS_SYMPTOM,S2850
D940,HAS_SYMPTOM,S2851
D940,HAS_SYMPTOM,S2852
D940,HAS_SYMPTOM,S2853
D940,DIAGNOSED_BY,T1254
D940,DIAGNOSED_BY,T178
D940,DIAGNOSED_BY,T1255
D940,DIAGNOSED_BY,T1256
D940,CAN_CAUSE,C738
D940,MANAGED_BY,TR1755
D941,AFFECTS,O003
D941,HAS_SYMPTOM,S2854
D941,HAS_SYMPTOM,S262
D941,HAS_SYMPTOM,S2368
D941,HAS_SYMPTOM,S2855
D941,HAS_SYMPTOM,S2856
D941,HAS_SYMPTOM,S2857
D941,HAS_SYMPTOM,S2858
D941,HAS_SYMPTOM,S2859
D941,HAS_SYMPTOM,S2860
D941,HAS_SYMPTOM,S133
D941,HAS_SYMPTOM,S254
D941,HAS_SYMPTOM,S663
D941,HAS_CAUSE,CA2244
D941,HAS_CAUSE,CA2245
D941,HAS_CAUSE,CA2246
D941,HAS_CAUSE,CA2247
D941,HAS_CAUSE,CA2248
D941,MANAGED_BY,TR1756
D941,MANAGED_BY,TR1757
D941,DIAGNOSED_BY,T1257
D941,DIAGNOSED_BY,T1258
D941,DIAGNOSED_BY,T1259
D941,DIAGNOSED_BY,T1260
D941,CAN_CAUSE,C739
D942,AFFECTS,O001
D942,HAS_SYMPTOM,S2861
D942,HAS_SYMPTOM,S2862
D942,HAS_SYMPTOM,S1079
D942,HAS_CAUSE,CA2249
D942,HAS_CAUSE,CA2250
D942,HAS_CAUSE,CA2251
D942,DIAGNOSED_BY,T1261
D943,AFFECTS,O003
D943,HAS_CAUSE,CA2252
D943,HAS_CAUSE,CA2253
D943,HAS_CAUSE,CA256
D943,HAS_CAUSE,CA2254
D943,HAS_CAUSE,CA2255
D943,HAS_CAUSE,CA2256
D943,HAS_CAUSE,CA2257
D943,HAS_CAUSE,CA2258
D943,MANAGED_BY,TR583
D943,MANAGED_BY,TR1758
D943,MANAGED_BY,TR1759
D943,MANAGED_BY,TR099
D943,MANAGED_BY,TR1760
D943,DIAGNOSED_BY,T1262
D943,DIAGNOSED_BY,T1263
D943,MANAGED_BY,TR1761
D943,MANAGED_BY,TR1262
D944,HAS_SYMPTOM,S2863
D944,HAS_SYMPTOM,S2864
D944,HAS_SYMPTOM,S2865
D944,HAS_CAUSE,CA465
RF751,INCREASES_RISK_OF,D944
RF752,INCREASES_RISK_OF,D944
RF753,INCREASES_RISK_OF,D944
D944,MANAGED_BY,TR1762
D944,CAN_CAUSE,C740
D944,CAN_CAUSE,C741
D944,CAN_CAUSE,C742
D944,CAN_CAUSE,C743
D944,MANAGED_BY,TR1763
D945,HAS_SYMPTOM,S2866
D946,HAS_SYMPTOM,S2867
D946,HAS_SYMPTOM,S2868
D946,HAS_SYMPTOM,S2869
D946,HAS_SYMPTOM,S2870
D946,HAS_CAUSE,CA2259
RF754,INCREASES_RISK_OF,D946
RF755,INCREASES_RISK_OF,D946
RF756,INCREASES_RISK_OF,D946
RF757,INCREASES_RISK_OF,D946
D946,MANAGED_BY,TR1764
D947,AFFECTS,O004
D947,HAS_SYMPTOM,S2871
D947,HAS_SYMPTOM,S2872
D947,HAS_CAUSE,CA2260
D947,HAS_CAUSE,CA2261
D947,HAS_CAUSE,CA705
D947,HAS_CAUSE,CA2262
D947,HAS_CAUSE,CA2263
D947,MANAGED_BY,TR1765
D947,DIAGNOSED_BY,T052
D947,DIAGNOSED_BY,T1264
D947,DIAGNOSED_BY,T1265
D947,CAN_CAUSE,C744
D947,CAN_CAUSE,C745
D947,CAN_CAUSE,C746
D947,CAN_CAUSE,C747
D947,CAN_CAUSE,C748
D947,CAN_CAUSE,C749
D947,CAN_CAUSE,C750
D947,MANAGED_BY,TR1766
D947,MANAGED_BY,TR1767
D948,HAS_SYMPTOM,S473
D948,HAS_SYMPTOM,S663
D948,HAS_SYMPTOM,S2091
D948,HAS_SYMPTOM,S393
D948,HAS_SYMPTOM,S2873
D948,HAS_CAUSE,CA2264
D948,HAS_CAUSE,CA2265
D948,HAS_CAUSE,CA2266
D948,DIAGNOSED_BY,T1266
D948,DIAGNOSED_BY,T1267
D948,DIAGNOSED_BY,T1268
D948,DIAGNOSED_BY,T1269
D948,DIAGNOSED_BY,T1270
D948,CAN_CAUSE,C751
D948,CAN_CAUSE,C752
D948,CAN_CAUSE,C453
D948,CAN_CAUSE,C753
D948,CAN_CAUSE,C182
D948,CAN_CAUSE,C754
D948,CAN_CAUSE,C755
D948,MANAGED_BY,TR1768
D948,MANAGED_BY,TR1769
D949,HAS_SYMPTOM,S2874
D949,HAS_SYMPTOM,S663
D949,HAS_SYMPTOM,S2875
D949,HAS_SYMPTOM,S2876
D949,HAS_SYMPTOM,S2877
D949,HAS_SYMPTOM,S1202
D949,HAS_SYMPTOM,S393
D949,HAS_SYMPTOM,S130
D949,HAS_SYMPTOM,S052
D949,HAS_SYMPTOM,S093
D949,HAS_SYMPTOM,S440
D949,HAS_SYMPTOM,S2878
D949,HAS_CAUSE,CA2267
D949,HAS_CAUSE,CA2268
D949,HAS_CAUSE,CA365
D949,HAS_CAUSE,CA2269
D949,HAS_CAUSE,CA2270
D949,HAS_CAUSE,CA2271
D949,HAS_CAUSE,CA2272
D949,HAS_CAUSE,CA2273
D949,HAS_CAUSE,CA2274
D949,HAS_CAUSE,CA2275
D949,HAS_CAUSE,CA304
RF758,INCREASES_RISK_OF,D949
RF759,INCREASES_RISK_OF,D949
D949,MANAGED_BY,TR230
D949,MANAGED_BY,TR231
D949,MANAGED_BY,TR232
D949,MANAGED_BY,TR233
D949,MANAGED_BY,TR234
D949,MANAGED_BY,TR235
D949,MANAGED_BY,TR236
D949,MANAGED_BY,TR237
D949,MANAGED_BY,TR238
D949,MANAGED_BY,TR239
D949,MANAGED_BY,TR240
D949,MANAGED_BY,TR241
D950,HAS_SYMPTOM,S2879
D950,HAS_SYMPTOM,S2880
D950,HAS_CAUSE,CA2276
D950,MANAGED_BY,TR1770
D950,MANAGED_BY,TR1771
D950,DIAGNOSED_BY,T603
D950,DIAGNOSED_BY,T051
D950,DIAGNOSED_BY,T1271
D950,DIAGNOSED_BY,T500
D950,DIAGNOSED_BY,T1008
D950,CAN_CAUSE,C756
D950,CAN_CAUSE,C250
D950,CAN_CAUSE,C757
D950,CAN_CAUSE,C041
D950,CAN_CAUSE,C758
D950,CAN_CAUSE,C011
D950,CAN_CAUSE,C759
D950,CAN_CAUSE,C760
D950,MANAGED_BY,TR1772
D950,MANAGED_BY,TR1773
D951,HAS_CAUSE,CA2277
D951,HAS_CAUSE,CA2278
D951,HAS_CAUSE,CA2279
D951,HAS_CAUSE,CA2280
D952,AFFECTS,O005
D953,HAS_SYMPTOM,S2881
D953,HAS_SYMPTOM,S2882
D953,HAS_SYMPTOM,S2883
D953,HAS_SYMPTOM,S497
D953,HAS_SYMPTOM,S2884
D953,HAS_SYMPTOM,S2885
D953,HAS_SYMPTOM,S2886
D953,HAS_SYMPTOM,S583
D953,HAS_SYMPTOM,S2887
D953,HAS_CAUSE,CA2281
D953,HAS_CAUSE,CA2282
D953,HAS_CAUSE,CA2283
D953,HAS_CAUSE,CA2284
D953,HAS_CAUSE,CA2285
D956,AFFECTS,O012
D956,HAS_SYMPTOM,S1530
D956,HAS_SYMPTOM,S2888
D956,HAS_SYMPTOM,S1178
D956,HAS_SYMPTOM,S1533
D956,HAS_SYMPTOM,S1532
D956,HAS_SYMPTOM,S052
D956,HAS_SYMPTOM,S201
D956,HAS_SYMPTOM,S2889
D956,HAS_SYMPTOM,S2890
D957,AFFECTS,O001
D957,HAS_CAUSE,CA2286
D957,HAS_CAUSE,CA498
D957,HAS_CAUSE,CA2287
D957,HAS_CAUSE,CA1322
RF760,INCREASES_RISK_OF,D957
RF761,INCREASES_RISK_OF,D957
RF762,INCREASES_RISK_OF,D957
RF763,INCREASES_RISK_OF,D957
RF764,INCREASES_RISK_OF,D957
RF765,INCREASES_RISK_OF,D957
RF766,INCREASES_RISK_OF,D957
RF767,INCREASES_RISK_OF,D957
D957,MANAGED_BY,TR1774
D957,MANAGED_BY,TR1775
D957,MANAGED_BY,TR161
D957,MANAGED_BY,TR740
D957,MANAGED_BY,TR1776
D958,HAS_SYMPTOM,S2891
D958,HAS_SYMPTOM,S2892
D958,HAS_SYMPTOM,S2893
D958,HAS_SYMPTOM,S2894
D958,HAS_CAUSE,CA2288
D958,HAS_CAUSE,CA2289
D958,HAS_CAUSE,CA2290
D958,HAS_CAUSE,CA2291
D958,HAS_CAUSE,CA2292
D958,HAS_CAUSE,CA2293
D958,HAS_CAUSE,CA2294
D958,DIAGNOSED_BY,T1272
D958,DIAGNOSED_BY,T051
D958,DIAGNOSED_BY,T1273
D958,DIAGNOSED_BY,T021
D958,DIAGNOSED_BY,T905
D958,DIAGNOSED_BY,T125
D958,CAN_CAUSE,C761
D958,CAN_CAUSE,C762
D958,MANAGED_BY,TR1777
RF768,INCREASES_RISK_OF,D959
RF769,INCREASES_RISK_OF,D959
RF770,INCREASES_RISK_OF,D959
RF771,INCREASES_RISK_OF,D959
D962,HAS_SYMPTOM,S2895
D962,HAS_CAUSE,CA2295
D962,MANAGED_BY,TR1778
D963,HAS_SYMPTOM,S2896
D963,HAS_SYMPTOM,S663
D963,HAS_SYMPTOM,S2897
D963,HAS_SYMPTOM,S2898
D963,HAS_SYMPTOM,S2899
D963,HAS_CAUSE,CA2296
D963,HAS_CAUSE,CA2297
D963,HAS_CAUSE,CA884
D963,HAS_CAUSE,CA968
D963,MANAGED_BY,TR1779
D963,MANAGED_BY,TR1780
D963,DIAGNOSED_BY,T1274
D963,DIAGNOSED_BY,T207
D963,DIAGNOSED_BY,T1275
D964,AFFECTS,O007
D964,HAS_SYMPTOM,S2900
D964,HAS_SYMPTOM,S2901
D964,HAS_SYMPTOM,S473
D964,HAS_SYMPTOM,S2902
D964,HAS_CAUSE,CA687
D964,HAS_CAUSE,CA2298
D964,HAS_CAUSE,CA2299
D964,HAS_CAUSE,CA2300
D964,HAS_CAUSE,CA2301
D964,MANAGED_BY,TR1781
D964,MANAGED_BY,TR1782
D964,DIAGNOSED_BY,T005
D964,DIAGNOSED_BY,T1276
D964,DIAGNOSED_BY,T225
D964,DIAGNOSED_BY,T1160
D964,DIAGNOSED_BY,T1277
D964,CAN_CAUSE,C763
D964,CAN_CAUSE,C764
D965,AFFECTS,O006
D965,HAS_SYMPTOM,S2903
D965,HAS_SYMPTOM,S2904
D965,HAS_SYMPTOM,S2905
D965,HAS_CAUSE,CA2302
D965,HAS_CAUSE,CA2303
D965,HAS_CAUSE,CA2304
D965,HAS_CAUSE,CA2305
D965,HAS_CAUSE,CA2306
D965,HAS_CAUSE,CA2307
D965,HAS_CAUSE,CA2308
D965,HAS_CAUSE,CA2309
D965,HAS_CAUSE,CA1790
D965,HAS_CAUSE,CA2310
D965,HAS_CAUSE,CA2311
D965,HAS_CAUSE,CA193
RF216,INCREASES_RISK_OF,D965
D965,MANAGED_BY,TR1783
D965,MANAGED_BY,TR1784
D965,MANAGED_BY,TR1785
D965,MANAGED_BY,TR1786
D965,MANAGED_BY,TR1787
D965,MANAGED_BY,TR1788
D965,DIAGNOSED_BY,T616
D965,DIAGNOSED_BY,T005
D965,DIAGNOSED_BY,T191
D965,CAN_CAUSE,C765
D965,CAN_CAUSE,C766
D965,CAN_CAUSE,C767
D965,CAN_CAUSE,C768
D965,MANAGED_BY,TR1789
D965,MANAGED_BY,TR1790
D965,MANAGED_BY,TR1791
D965,MANAGED_BY,TR1792
D965,MANAGED_BY,TR1793
D966,HAS_SYMPTOM,S2906
D966,HAS_SYMPTOM,S2907
D966,HAS_SYMPTOM,S093
D966,HAS_SYMPTOM,S2908
D966,HAS_SYMPTOM,S2909
D966,HAS_SYMPTOM,S2910
D966,HAS_SYMPTOM,S2911
D966,DIAGNOSED_BY,T125
D966,DIAGNOSED_BY,T560
D966,DIAGNOSED_BY,T013
D966,DIAGNOSED_BY,T1278
D966,DIAGNOSED_BY,T1279
D966,DIAGNOSED_BY,T1280
D966,CAN_CAUSE,C769
D966,CAN_CAUSE,C770
D967,AFFECTS,O008
D967,HAS_SYMPTOM,S393
D967,HAS_SYMPTOM,S130
D967,HAS_SYMPTOM,S093
D967,HAS_SYMPTOM,S2912
D967,HAS_SYMPTOM,S2913
D967,HAS_SYMPTOM,S2914
D967,HAS_SYMPTOM,S2915
D967,HAS_SYMPTOM,S2647
D967,HAS_SYMPTOM,S2916
D967,HAS_SYMPTOM,S141
D967,HAS_SYMPTOM,S2917
D967,HAS_SYMPTOM,S2918
D967,HAS_CAUSE,CA2312
D967,HAS_CAUSE,CA2313
D967,HAS_CAUSE,CA2314
RF772,INCREASES_RISK_OF,D967
RF773,INCREASES_RISK_OF,D967
RF774,INCREASES_RISK_OF,D967
RF775,INCREASES_RISK_OF,D967
RF776,INCREASES_RISK_OF,D967
RF777,INCREASES_RISK_OF,D967
RF076,INCREASES_RISK_OF,D967
RF077,INCREASES_RISK_OF,D967
RF778,INCREASES_RISK_OF,D967
RF779,INCREASES_RISK_OF,D967
RF545,INCREASES_RISK_OF,D967
RF639,INCREASES_RISK_OF,D967
D967,MANAGED_BY,TR1794
D967,MANAGED_BY,TR1795
D967,MANAGED_BY,TR1730
D967,MANAGED_BY,TR1796
D967,MANAGED_BY,TR1797
D967,MANAGED_BY,TR1798
D967,MANAGED_BY,TR1799
D967,MANAGED_BY,TR1800
D968,HAS_CAUSE,CA2315
D968,HAS_CAUSE,CA2316
D968,HAS_CAUSE,CA2317
D968,HAS_CAUSE,CA2318
D968,HAS_CAUSE,CA2319
D968,HAS_CAUSE,CA2320
D968,MANAGED_BY,TR1801
D968,DIAGNOSED_BY,T1281
D968,DIAGNOSED_BY,T313
D968,DIAGNOSED_BY,T1282
D968,DIAGNOSED_BY,T1283
D968,DIAGNOSED_BY,T1284
D968,DIAGNOSED_BY,T005
D968,DIAGNOSED_BY,T316
D968,DIAGNOSED_BY,T317
D968,CAN_CAUSE,C250
D968,CAN_CAUSE,C013
D968,CAN_CAUSE,C086
D968,CAN_CAUSE,C169
D968,CAN_CAUSE,C771
D968,CAN_CAUSE,C772
D968,CAN_CAUSE,C773
D968,MANAGED_BY,TR1802
D968,MANAGED_BY,TR1803
D969,HAS_SYMPTOM,S2919
D969,HAS_SYMPTOM,S190
D969,HAS_CAUSE,CA2321
D969,HAS_CAUSE,CA2322
D969,HAS_CAUSE,CA2323
D969,HAS_CAUSE,CA2324
D969,HAS_CAUSE,CA2325
D969,DIAGNOSED_BY,T1285
D969,DIAGNOSED_BY,T1286
D969,DIAGNOSED_BY,T1287
D969,MANAGED_BY,TR713
D969,MANAGED_BY,TR059
D969,MANAGED_BY,TR1804
D969,MANAGED_BY,TR1805
D969,MANAGED_BY,TR1806
D969,MANAGED_BY,TR1807
D970,HAS_SYMPTOM,S133
D970,HAS_SYMPTOM,S056
D970,HAS_SYMPTOM,S1202
D970,HAS_SYMPTOM,S2091
D970,HAS_SYMPTOM,S2920
D970,HAS_SYMPTOM,S093
D970,HAS_SYMPTOM,S2921
D970,HAS_SYMPTOM,S2922
D970,HAS_SYMPTOM,S2923
D970,HAS_CAUSE,CA2326
D970,HAS_CAUSE,CA2321
D970,HAS_CAUSE,CA2323
D970,HAS_CAUSE,CA2327
D970,HAS_CAUSE,CA2328
D970,MANAGED_BY,TR1808
D970,MANAGED_BY,TR1809
D970,MANAGED_BY,TR1810
D970,MANAGED_BY,TR1811
D970,DIAGNOSED_BY,T1288
D970,DIAGNOSED_BY,T1289
D970,DIAGNOSED_BY,T1290
D970,CAN_CAUSE,C774
D970,CAN_CAUSE,C775
D970,CAN_CAUSE,C776
D970,CAN_CAUSE,C777
D970,CAN_CAUSE,C778
D970,MANAGED_BY,TR341
D970,MANAGED_BY,TR713
D970,MANAGED_BY,TR059
D970,MANAGED_BY,TR1812
D970,MANAGED_BY,TR1813
D970,MANAGED_BY,TR1814
D971,AFFECTS,O015
D972,AFFECTS,O003
D973,AFFECTS,O003
D973,HAS_SYMPTOM,S2924
D973,HAS_CAUSE,CA2329
D973,HAS_CAUSE,CA2330
D973,HAS_CAUSE,CA2331
D973,HAS_CAUSE,CA187
D973,HAS_CAUSE,CA189
D973,HAS_CAUSE,CA2332
D973,HAS_CAUSE,CA2333
D973,HAS_CAUSE,CA512
RF780,INCREASES_RISK_OF,D973
D973,MANAGED_BY,TR583
D973,DIAGNOSED_BY,T1291
D973,DIAGNOSED_BY,T1292
D973,DIAGNOSED_BY,T1293
D973,DIAGNOSED_BY,T1294
D973,DIAGNOSED_BY,T1295
D973,DIAGNOSED_BY,T1296
D973,CAN_CAUSE,C779
D973,CAN_CAUSE,C780
D973,MANAGED_BY,TR1815
D973,MANAGED_BY,TR1816
D973,MANAGED_BY,TR1817
D973,MANAGED_BY,TR1818
D973,MANAGED_BY,TR1819
D974,AFFECTS,O003
D974,HAS_SYMPTOM,S2925
D974,HAS_SYMPTOM,S052
D974,HAS_SYMPTOM,S128
D974,HAS_SYMPTOM,S2926
D974,HAS_SYMPTOM,S2927
D974,HAS_CAUSE,CA2334
D974,HAS_CAUSE,CA2335
D974,HAS_CAUSE,CA2336
D974,HAS_CAUSE,CA2337
D974,HAS_CAUSE,CA2338
D974,HAS_CAUSE,CA2339
RF781,INCREASES_RISK_OF,D974
RF782,INCREASES_RISK_OF,D974
D974,MANAGED_BY,TR1820
D974,MANAGED_BY,TR1821
D974,MANAGED_BY,TR1822
D974,DIAGNOSED_BY,T1297
D974,DIAGNOSED_BY,T1298
D974,CAN_CAUSE,C781
D975,AFFECTS,O003
D975,HAS_SYMPTOM,S2529
D975,HAS_SYMPTOM,S2928
D975,HAS_SYMPTOM,S2929
D975,HAS_SYMPTOM,S2930
D975,HAS_SYMPTOM,S2931
D975,HAS_CAUSE,CA2340
D975,HAS_CAUSE,CA2341
D975,HAS_CAUSE,CA2342
D975,MANAGED_BY,TR1823
D975,MANAGED_BY,TR1824
D975,DIAGNOSED_BY,T1299
D975,CAN_CAUSE,C058
D975,CAN_CAUSE,C782
D975,CAN_CAUSE,C256
D975,CAN_CAUSE,C177
D975,MANAGED_BY,TR1825
D975,MANAGED_BY,TR1826
D976,HAS_SYMPTOM,S1783
D976,HAS_SYMPTOM,S292
D976,HAS_SYMPTOM,S2932
D979,AFFECTS,O004
D979,AFFECTS,O012
D979,HAS_SYMPTOM,S2933
D979,HAS_SYMPTOM,S2934
D979,HAS_SYMPTOM,S2935
D979,HAS_SYMPTOM,S2936
D979,DIAGNOSED_BY,T005
D979,DIAGNOSED_BY,T1300
D980,AFFECTS,O018
D980,HAS_SYMPTOM,S292
D980,HAS_CAUSE,CA2343
RF783,INCREASES_RISK_OF,D980
D980,MANAGED_BY,TR1827
D980,MANAGED_BY,TR1828
D980,MANAGED_BY,TR1829
D981,AFFECTS,O001
D981,HAS_SYMPTOM,S2937
RF784,INCREASES_RISK_OF,D981
D982,AFFECTS,O009
D982,HAS_SYMPTOM,S2938
D982,HAS_SYMPTOM,S2939
D982,HAS_SYMPTOM,S2940
D982,HAS_SYMPTOM,S2941
D982,HAS_CAUSE,CA330
D982,HAS_CAUSE,CA2344
D982,HAS_CAUSE,CA2345
D982,HAS_CAUSE,CA2346
D982,HAS_CAUSE,CA2347
RF785,INCREASES_RISK_OF,D982
RF786,INCREASES_RISK_OF,D982
RF787,INCREASES_RISK_OF,D982
D982,MANAGED_BY,TR254
D982,MANAGED_BY,TR1830
D983,AFFECTS,O020
D983,HAS_SYMPTOM,S2942
D983,HAS_SYMPTOM,S2943
D983,HAS_SYMPTOM,S2944
D983,HAS_SYMPTOM,S2945
D983,HAS_SYMPTOM,S2946
D983,HAS_CAUSE,CA2348
D983,DIAGNOSED_BY,T1301
D983,DIAGNOSED_BY,T1302
D983,DIAGNOSED_BY,T553
D983,DIAGNOSED_BY,T1303
D983,DIAGNOSED_BY,T555
D983,DIAGNOSED_BY,T1304
D983,CAN_CAUSE,C783
D983,CAN_CAUSE,C784
D983,CAN_CAUSE,C157
D983,CAN_CAUSE,C785
D983,CAN_CAUSE,C786
D984,AFFECTS,O017
D984,AFFECTS,O014
D984,HAS_SYMPTOM,S2947
D984,HAS_SYMPTOM,S2948
D984,HAS_SYMPTOM,S2949
D984,HAS_CAUSE,CA2349
D984,HAS_CAUSE,CA2350
D984,HAS_CAUSE,CA2351
D984,HAS_CAUSE,CA2352
D984,HAS_CAUSE,CA309
D984,HAS_CAUSE,CA2353
D984,HAS_CAUSE,CA2354
D984,HAS_CAUSE,CA378
D984,HAS_CAUSE,CA2355
D984,HAS_CAUSE,CA2356
D984,HAS_CAUSE,CA2357
RF788,INCREASES_RISK_OF,D984
RF789,INCREASES_RISK_OF,D984
RF790,INCREASES_RISK_OF,D984
RF791,INCREASES_RISK_OF,D984
RF792,INCREASES_RISK_OF,D984
D985,AFFECTS,O016
D985,HAS_SYMPTOM,S127
D985,HAS_SYMPTOM,S2950
D985,HAS_SYMPTOM,S093
D985,HAS_SYMPTOM,S2951
D985,HAS_CAUSE,CA2358
D985,HAS_CAUSE,CA2359
D985,HAS_CAUSE,CA2360
D985,HAS_CAUSE,CA2361
D985,HAS_CAUSE,CA1212
D985,HAS_CAUSE,CA2362
D985,HAS_CAUSE,CA760
D985,HAS_CAUSE,CA2363
D985,HAS_CAUSE,CA2364
D985,HAS_CAUSE,CA761
D985,HAS_CAUSE,CA762
D985,HAS_CAUSE,CA2365
D985,MANAGED_BY,TR1831
D985,MANAGED_BY,TR1832
D985,DIAGNOSED_BY,T1305
D985,DIAGNOSED_BY,T480
D985,DIAGNOSED_BY,T1306
D985,CAN_CAUSE,C725
D985,CAN_CAUSE,C787
D985,CAN_CAUSE,C788
D985,MANAGED_BY,TR1833
D985,MANAGED_BY,TR1834
D986,AFFECTS,O002
D986,HAS_SYMPTOM,S2952
D986,HAS_SYMPTOM,S2953
D986,HAS_SYMPTOM,S2954
D986,HAS_SYMPTOM,S2955
D986,HAS_SYMPTOM,S130
D986,HAS_SYMPTOM,S127
D986,HAS_SYMPTOM,S2956
D986,HAS_SYMPTOM,S2957
D986,HAS_CAUSE,CA2366
D986,HAS_CAUSE,CA2367
D986,HAS_CAUSE,CA2368
RF793,INCREASES_RISK_OF,D986
RF794,INCREASES_RISK_OF,D986
RF795,INCREASES_RISK_OF,D986
RF796,INCREASES_RISK_OF,D986
D986,MANAGED_BY,TR306
D986,MANAGED_BY,TR1835
D986,MANAGED_BY,TR1836
D986,DIAGNOSED_BY,T132
D986,DIAGNOSED_BY,T1307
D986,DIAGNOSED_BY,T1308
D987,AFFECTS,O002
D987,HAS_SYMPTOM,S160
D987,HAS_SYMPTOM,S2091
D987,HAS_SYMPTOM,S2958
D987,HAS_CAUSE,CA2369
D987,HAS_CAUSE,CA2370
D987,DIAGNOSED_BY,T1309
D987,DIAGNOSED_BY,T1310
D987,CAN_CAUSE,C789
D987,MANAGED_BY,TR1837
RF797,INCREASES_RISK_OF,D988
D989,HAS_CAUSE,CA001
D989,HAS_CAUSE,CA465
D989,HAS_CAUSE,CA2371
D989,HAS_CAUSE,CA1670
D989,HAS_CAUSE,CA2372
D989,HAS_CAUSE,CA2373
D989,HAS_CAUSE,CA1667
D989,HAS_CAUSE,CA2374
D989,HAS_CAUSE,CA2375
D990,HAS_SYMPTOM,S2959
D990,HAS_SYMPTOM,S2960
D990,HAS_SYMPTOM,S2961
D990,HAS_SYMPTOM,S2962
D990,HAS_CAUSE,CA2376
D990,HAS_CAUSE,CA2377
D990,HAS_CAUSE,CA2378
RF798,INCREASES_RISK_OF,D990
D991,HAS_SYMPTOM,S2963
D991,HAS_SYMPTOM,S2964
D991,HAS_SYMPTOM,S2965
D991,HAS_SYMPTOM,S2966
D991,HAS_SYMPTOM,S2967
D991,HAS_SYMPTOM,S2968
D991,HAS_SYMPTOM,S2969
D991,HAS_SYMPTOM,S2970
D991,HAS_SYMPTOM,S2971
D991,HAS_SYMPTOM,S2972
D991,HAS_SYMPTOM,S2973
D991,MANAGED_BY,TR1838
D991,MANAGED_BY,TR1839
D991,MANAGED_BY,TR1840
D991,MANAGED_BY,TR1841
D991,DIAGNOSED_BY,T049
D991,DIAGNOSED_BY,T178
D991,DIAGNOSED_BY,T1311
D991,DIAGNOSED_BY,T1312
D991,DIAGNOSED_BY,T1313
D991,DIAGNOSED_BY,T1314
D991,DIAGNOSED_BY,T1315
D991,DIAGNOSED_BY,T1316
D991,CAN_CAUSE,C126
D991,CAN_CAUSE,C790
D991,CAN_CAUSE,C791
D991,CAN_CAUSE,C792
D991,CAN_CAUSE,C793
D991,CAN_CAUSE,C794
D991,CAN_CAUSE,C795
D991,CAN_CAUSE,C796
D991,CAN_CAUSE,C011
D991,CAN_CAUSE,C797
D991,CAN_CAUSE,C798
D991,MANAGED_BY,TR1842
D991,MANAGED_BY,TR1843
D992,AFFECTS,O020
D992,HAS_SYMPTOM,S2974
D992,HAS_SYMPTOM,S2975
D992,HAS_SYMPTOM,S2976
D992,HAS_SYMPTOM,S041
D992,HAS_SYMPTOM,S2977
D992,HAS_SYMPTOM,S2978
D992,HAS_SYMPTOM,S2979
D992,HAS_SYMPTOM,S2980
D992,HAS_SYMPTOM,S2981
D992,HAS_CAUSE,CA2379
D992,HAS_CAUSE,CA1374
D992,HAS_CAUSE,CA2380
D992,HAS_CAUSE,CA2381
D992,HAS_CAUSE,CA2382
D992,HAS_CAUSE,CA2383
D992,HAS_CAUSE,CA2384
D992,HAS_CAUSE,CA2385
D992,HAS_CAUSE,CA2386
D992,HAS_CAUSE,CA2387
RF799,INCREASES_RISK_OF,D992
RF800,INCREASES_RISK_OF,D992
RF801,INCREASES_RISK_OF,D992
D992,MANAGED_BY,TR1844
D992,MANAGED_BY,TR1845
D992,DIAGNOSED_BY,T1317
D992,DIAGNOSED_BY,T1318
D992,CAN_CAUSE,C799
D992,CAN_CAUSE,C800
D992,MANAGED_BY,TR1846
D993,HAS_SYMPTOM,S1286
D993,HAS_CAUSE,CA2388
D993,HAS_CAUSE,CA2389
D993,HAS_CAUSE,CA2390
D993,DIAGNOSED_BY,T1319
D993,DIAGNOSED_BY,T394
D993,DIAGNOSED_BY,T1320
D993,DIAGNOSED_BY,T1321
D993,DIAGNOSED_BY,T990
D993,DIAGNOSED_BY,T1322
D993,CAN_CAUSE,C801
D993,CAN_CAUSE,C181
D993,CAN_CAUSE,C802
D993,CAN_CAUSE,C803
D993,CAN_CAUSE,C804
D993,CAN_CAUSE,C805
D993,MANAGED_BY,TR1847
D993,MANAGED_BY,TR1848
D993,MANAGED_BY,TR1849
D994,HAS_SYMPTOM,S2982
D994,HAS_SYMPTOM,S046
D994,HAS_SYMPTOM,S2983
D994,HAS_SYMPTOM,S2984
D994,HAS_SYMPTOM,S243
D994,MANAGED_BY,TR1850
D994,MANAGED_BY,TR1851
D994,MANAGED_BY,TR1852
D994,DIAGNOSED_BY,T1323
D994,DIAGNOSED_BY,T1324
D994,DIAGNOSED_BY,T1325
D994,DIAGNOSED_BY,T1326
D994,DIAGNOSED_BY,T1327
D994,DIAGNOSED_BY,T1328
D994,CAN_CAUSE,C806
D994,CAN_CAUSE,C807
D994,MANAGED_BY,TR1853
D994,MANAGED_BY,TR1854
D996,AFFECTS,O012
D996,HAS_SYMPTOM,S2985
D996,HAS_SYMPTOM,S2986
D996,HAS_SYMPTOM,S2987
D996,HAS_SYMPTOM,S324
RF802,INCREASES_RISK_OF,D996
RF803,INCREASES_RISK_OF,D996
RF804,INCREASES_RISK_OF,D996
RF805,INCREASES_RISK_OF,D996
RF806,INCREASES_RISK_OF,D996
RF807,INCREASES_RISK_OF,D996
RF808,INCREASES_RISK_OF,D996
RF809,INCREASES_RISK_OF,D996
D996,DIAGNOSED_BY,T1329
D996,CAN_CAUSE,C808
D996,CAN_CAUSE,C809
D996,MANAGED_BY,TR1855
D997,AFFECTS,O006
D997,HAS_SYMPTOM,S2988
D997,HAS_CAUSE,CA2391
D997,HAS_CAUSE,CA2392
D997,HAS_CAUSE,CA205
RF810,INCREASES_RISK_OF,D997
RF811,INCREASES_RISK_OF,D997
RF812,INCREASES_RISK_OF,D997
RF813,INCREASES_RISK_OF,D997
RF814,INCREASES_RISK_OF,D997
D997,MANAGED_BY,TR1856
D997,MANAGED_BY,TR1857
D997,MANAGED_BY,TR1858
D997,MANAGED_BY,TR1859
D997,DIAGNOSED_BY,T1134
D997,DIAGNOSED_BY,T1330
D997,DIAGNOSED_BY,T1331
D997,DIAGNOSED_BY,T049
D997,DIAGNOSED_BY,T251
D997,DIAGNOSED_BY,T1332
D997,DIAGNOSED_BY,T005
D997,DIAGNOSED_BY,T028
D997,CAN_CAUSE,C810
D997,CAN_CAUSE,C811
D997,CAN_CAUSE,C812
D997,CAN_CAUSE,C813
D997,MANAGED_BY,TR1860
D998,AFFECTS,O006
D998,HAS_SYMPTOM,S2989
D998,HAS_CAUSE,CA1439
D998,HAS_CAUSE,CA2393
D998,HAS_CAUSE,CA2394
D998,HAS_CAUSE,CA2395
D998,HAS_CAUSE,CA2396
D998,MANAGED_BY,TR1861
D998,MANAGED_BY,TR1862
D998,DIAGNOSED_BY,T1134
D998,DIAGNOSED_BY,T096
D998,DIAGNOSED_BY,T1333
D998,DIAGNOSED_BY,T251
D998,DIAGNOSED_BY,T1334
D998,DIAGNOSED_BY,T1335
D998,DIAGNOSED_BY,T005
D998,DIAGNOSED_BY,T028
D998,DIAGNOSED_BY,T1336
D998,CAN_CAUSE,C814
D998,CAN_CAUSE,C815
D998,CAN_CAUSE,C156
D998,CAN_CAUSE,C816
D998,CAN_CAUSE,C813
D999,HAS_SYMPTOM,S2990
D999,HAS_SYMPTOM,S574
D999,HAS_SYMPTOM,S363
D999,HAS_SYMPTOM,S2991
D999,HAS_CAUSE,CA2397
D999,HAS_CAUSE,CA1272
D999,HAS_CAUSE,CA001
D999,HAS_CAUSE,CA1317
D999,HAS_CAUSE,CA2398
D999,HAS_CAUSE,CA1568
D999,DIAGNOSED_BY,T1337
D999,CAN_CAUSE,C215
D999,CAN_CAUSE,C817
D999,CAN_CAUSE,C818
D1000,HAS_SYMPTOM,S2992
D1000,DIAGNOSED_BY,T1338
D1000,DIAGNOSED_BY,T1339
D1000,DIAGNOSED_BY,T1340
D1000,DIAGNOSED_BY,T005
D1000,DIAGNOSED_BY,T1341
D1000,DIAGNOSED_BY,T1342
D1000,DIAGNOSED_BY,T1343
D1000,DIAGNOSED_BY,T1344
D1000,DIAGNOSED_BY,T1345
D1000,CAN_CAUSE,C819
D1000,CAN_CAUSE,C820
D1000,CAN_CAUSE,C821
D1001,HAS_SYMPTOM,S2993
D1001,HAS_SYMPTOM,S2994
D1004,HAS_CAUSE,CA2399
D1004,MANAGED_BY,TR1863
D1004,DIAGNOSED_BY,T1346
D1006,HAS_SYMPTOM,S2995
D1006,HAS_CAUSE,CA2400
D1006,HAS_CAUSE,CA2401
D1006,HAS_CAUSE,CA483
D1006,HAS_CAUSE,CA2402
RF815,INCREASES_RISK_OF,D1006
RF816,INCREASES_RISK_OF,D1006
D1006,MANAGED_BY,TR1864
D1007,HAS_SYMPTOM,S2996
D1007,HAS_SYMPTOM,S2997
D1007,HAS_SYMPTOM,S2998
D1007,HAS_SYMPTOM,S2999
D1007,HAS_CAUSE,CA2403
D1007,HAS_CAUSE,CA2404
D1007,HAS_CAUSE,CA2405
D1007,HAS_CAUSE,CA2406
D1007,HAS_CAUSE,CA2407
D1007,HAS_CAUSE,CA2408
D1007,HAS_CAUSE,CA2409
D1007,HAS_CAUSE,CA2410
D1007,HAS_CAUSE,CA2411
D1007,MANAGED_BY,TR1865
D1007,MANAGED_BY,TR1866
D1007,MANAGED_BY,TR1867
D1007,MANAGED_BY,TR1868
D1007,MANAGED_BY,TR1869
D1007,MANAGED_BY,TR1870
D1007,MANAGED_BY,TR1871
D1007,DIAGNOSED_BY,T1126
D1007,DIAGNOSED_BY,T1347
D1007,DIAGNOSED_BY,T1348
D1007,DIAGNOSED_BY,T1349
D1007,DIAGNOSED_BY,T1350
D1007,CAN_CAUSE,C822
D1007,CAN_CAUSE,C823
D1008,HAS_SYMPTOM,S928
D1008,HAS_SYMPTOM,S205
D1008,HAS_SYMPTOM,S1510
D1008,HAS_SYMPTOM,S526
D1008,HAS_CAUSE,CA2412
D1008,HAS_CAUSE,CA2413
D1008,MANAGED_BY,TR1872
D1008,MANAGED_BY,TR1873
D1008,MANAGED_BY,TR1874
D1008,MANAGED_BY,TR1875
D1008,MANAGED_BY,TR1876
D1008,MANAGED_BY,TR1877
D1008,MANAGED_BY,TR1878
D1008,MANAGED_BY,TR1879
D1008,DIAGNOSED_BY,T1351
D1008,DIAGNOSED_BY,T1352
D1008,DIAGNOSED_BY,T1353
D1008,DIAGNOSED_BY,T1354
D1008,CAN_CAUSE,C206
D1008,CAN_CAUSE,C824
D1009,HAS_SYMPTOM,S473
D1009,HAS_CAUSE,CA2414
D1009,HAS_CAUSE,CA2415
D1009,HAS_CAUSE,CA2416
D1009,MANAGED_BY,TR1880
D1009,CAN_CAUSE,C825
D1009,CAN_CAUSE,C826
D1010,HAS_SYMPTOM,S3000
D1010,HAS_SYMPTOM,S3001
D1010,HAS_SYMPTOM,S3002
D1010,HAS_SYMPTOM,S3003
D1010,HAS_SYMPTOM,S3004
D1010,HAS_CAUSE,CA2417
D1010,MANAGED_BY,TR1844
D1010,MANAGED_BY,TR1881
D1010,MANAGED_BY,TR1882
D1010,DIAGNOSED_BY,T1355
D1010,DIAGNOSED_BY,T1356
D1010,MANAGED_BY,TR1883
D1011,HAS_SYMPTOM,S3005
D1011,HAS_SYMPTOM,S3006
D1011,HAS_SYMPTOM,S3007
D1011,HAS_SYMPTOM,S574
D1011,HAS_SYMPTOM,S1694
D1011,HAS_SYMPTOM,S124
D1011,HAS_SYMPTOM,S3008
D1011,HAS_CAUSE,CA2418
D1011,HAS_CAUSE,CA2419
D1011,HAS_CAUSE,CA2420
D1011,HAS_CAUSE,CA2421
D1011,HAS_CAUSE,CA2113
D1011,HAS_CAUSE,CA2422
D1011,HAS_CAUSE,CA2423
D1011,HAS_CAUSE,CA044
D1011,HAS_CAUSE,CA2424
D1011,HAS_CAUSE,CA2425
D1011,MANAGED_BY,TR1884
D1011,MANAGED_BY,TR1885
D1011,MANAGED_BY,TR1886
D1011,MANAGED_BY,TR1887
D1011,MANAGED_BY,TR1888
D1011,MANAGED_BY,TR1889
D1011,MANAGED_BY,TR1890
D1011,MANAGED_BY,TR1891
D1011,DIAGNOSED_BY,T1357
D1011,DIAGNOSED_BY,T1358
D1011,CAN_CAUSE,C827
D1011,CAN_CAUSE,C828
D1011,CAN_CAUSE,C829
D1012,HAS_SYMPTOM,S041
D1012,HAS_SYMPTOM,S3009
D1012,HAS_SYMPTOM,S3010
D1012,HAS_SYMPTOM,S3011
D1012,HAS_CAUSE,CA2426
D1012,HAS_CAUSE,CA2128
D1012,HAS_CAUSE,CA2427
D1012,HAS_CAUSE,CA2428
D1012,HAS_CAUSE,CA2429
D1012,HAS_CAUSE,CA2430
D1012,MANAGED_BY,TR1892
D1012,MANAGED_BY,TR1893
D1012,DIAGNOSED_BY,T1359
D1012,DIAGNOSED_BY,T1360
D1012,DIAGNOSED_BY,T005
D1012,DIAGNOSED_BY,T1361
D1012,DIAGNOSED_BY,T1362
D1013,HAS_SYMPTOM,S3012
D1013,MANAGED_BY,TR1894
D1014,HAS_SYMPTOM,S3013
D1014,HAS_SYMPTOM,S3014
D1014,HAS_CAUSE,CA2431
D1014,MANAGED_BY,TR1895
D1014,MANAGED_BY,TR1896
D1014,MANAGED_BY,TR1897
D1014,DIAGNOSED_BY,T1363
D1014,DIAGNOSED_BY,T1364
D1014,MANAGED_BY,TR1898
D1014,MANAGED_BY,TR1899
D1014,MANAGED_BY,TR1900
D1014,MANAGED_BY,TR1901
D1014,MANAGED_BY,TR1902
D1015,HAS_SYMPTOM,S3015
D1015,HAS_SYMPTOM,S810
D1015,HAS_SYMPTOM,S3016
D1015,HAS_SYMPTOM,S3017
D1015,HAS_SYMPTOM,S771
D1015,HAS_SYMPTOM,S3018
D1015,HAS_SYMPTOM,S3019
D1015,HAS_CAUSE,CA2432
D1015,HAS_CAUSE,CA2433
D1015,HAS_CAUSE,CA2434
D1015,MANAGED_BY,TR1903
D1015,MANAGED_BY,TR1904
D1015,MANAGED_BY,TR1905
D1015,MANAGED_BY,TR1906
D1015,MANAGED_BY,TR1907
D1015,DIAGNOSED_BY,T1365
D1015,DIAGNOSED_BY,T1366
D1015,MANAGED_BY,TR1908
D1016,MANAGED_BY,TR1909
D1016,MANAGED_BY,TR1910
D1017,HAS_SYMPTOM,S3020
D1017,HAS_SYMPTOM,S3021
D1017,HAS_SYMPTOM,S3022
D1017,HAS_SYMPTOM,S3023
D1017,HAS_SYMPTOM,S3024
D1017,HAS_CAUSE,CA2435
D1017,HAS_CAUSE,CA2436
D1017,MANAGED_BY,TR1911
D1017,MANAGED_BY,TR1912
D1017,MANAGED_BY,TR1913
D1017,DIAGNOSED_BY,T1367
D1017,DIAGNOSED_BY,T1368
D1017,CAN_CAUSE,C830
D1017,CAN_CAUSE,C831
D1017,CAN_CAUSE,C832
D1018,HAS_SYMPTOM,S3025
D1018,HAS_CAUSE,CA2437
RF817,INCREASES_RISK_OF,D1018
D1018,DIAGNOSED_BY,T1369
D1018,DIAGNOSED_BY,T1370
D1018,CAN_CAUSE,C117
D1018,CAN_CAUSE,C833
D1018,MANAGED_BY,TR1914
D1019,HAS_SYMPTOM,S416
D1019,HAS_SYMPTOM,S045
D1019,HAS_SYMPTOM,S324
D1019,HAS_CAUSE,CA2438
D1019,HAS_CAUSE,CA2439
D1019,HAS_CAUSE,CA2440
D1019,HAS_CAUSE,CA2441
D1019,HAS_CAUSE,CA2442
D1019,MANAGED_BY,TR1915
D1019,DIAGNOSED_BY,T1371
D1019,DIAGNOSED_BY,T1372
D1019,DIAGNOSED_BY,T347
D1019,DIAGNOSED_BY,T197
D1019,DIAGNOSED_BY,T1373
D1019,DIAGNOSED_BY,T1374
D1019,DIAGNOSED_BY,T1375
D1019,DIAGNOSED_BY,T1376
D1019,CAN_CAUSE,C834
D1019,CAN_CAUSE,C835
D1019,MANAGED_BY,TR1916
D1020,HAS_SYMPTOM,S2025
D1020,HAS_SYMPTOM,S3026
D1020,MANAGED_BY,TR1917
D1020,DIAGNOSED_BY,T1377
D1020,DIAGNOSED_BY,T005
D1020,DIAGNOSED_BY,T1378
D1020,DIAGNOSED_BY,T1379
D1020,CAN_CAUSE,C836
D1020,MANAGED_BY,TR1918
D1020,MANAGED_BY,TR1919
D1020,MANAGED_BY,TR1920
D1021,HAS_SYMPTOM,S416
D1021,HAS_SYMPTOM,S1533
D1021,HAS_SYMPTOM,S1205
D1021,HAS_SYMPTOM,S3027
D1021,HAS_CAUSE,CA2443
D1021,HAS_CAUSE,CA2444
D1021,MANAGED_BY,TR1921
D1021,MANAGED_BY,TR1922
D1021,DIAGNOSED_BY,T1380
D1021,DIAGNOSED_BY,T1381
D1021,CAN_CAUSE,C837
D1021,CAN_CAUSE,C838
D1021,CAN_CAUSE,C839
D1021,CAN_CAUSE,C840
D1022,AFFECTS,O001
D1022,HAS_SYMPTOM,S3028
D1022,HAS_SYMPTOM,S3029
D1022,HAS_SYMPTOM,S3030
D1022,HAS_SYMPTOM,S3031
D1022,HAS_CAUSE,CA304
D1022,HAS_CAUSE,CA2445
D1022,HAS_CAUSE,CA2446
D1022,HAS_CAUSE,CA2447
D1022,HAS_CAUSE,CA1790
D1022,HAS_CAUSE,CA2448
RF818,INCREASES_RISK_OF,D1022
RF819,INCREASES_RISK_OF,D1022
D1022,MANAGED_BY,TR1085
D1022,MANAGED_BY,TR1923
D1022,MANAGED_BY,TR192
D1022,MANAGED_BY,TR1924
D1025,HAS_SYMPTOM,S3032
D1025,HAS_SYMPTOM,S3033
D1025,HAS_SYMPTOM,S3034
D1025,HAS_CAUSE,CA285
D1025,HAS_CAUSE,CA2449
D1025,HAS_CAUSE,CA610
D1025,HAS_CAUSE,CA2450
D1025,HAS_CAUSE,CA187
D1025,HAS_CAUSE,CA2451
RF820,INCREASES_RISK_OF,D1025
D1025,MANAGED_BY,TR1925
D1025,MANAGED_BY,TR1926
D1025,MANAGED_BY,TR1927
D1025,DIAGNOSED_BY,T1382
D1025,CAN_CAUSE,C841
D1025,CAN_CAUSE,C842
D1026,AFFECTS,O002
D1026,HAS_SYMPTOM,S3035
D1026,HAS_SYMPTOM,S3036
D1026,HAS_SYMPTOM,S3037
D1026,HAS_SYMPTOM,S3038
D1026,HAS_CAUSE,CA2452
D1026,MANAGED_BY,TR1928
D1026,DIAGNOSED_BY,T004
D1026,DIAGNOSED_BY,T1383
D1026,DIAGNOSED_BY,T1384
D1026,DIAGNOSED_BY,T1385
D1026,CAN_CAUSE,C843
D1026,CAN_CAUSE,C844
D1027,HAS_SYMPTOM,S2754
D1027,HAS_SYMPTOM,S3039
D1027,HAS_SYMPTOM,S3040
D1027,HAS_SYMPTOM,S3041
D1027,HAS_SYMPTOM,S3042
D1027,HAS_SYMPTOM,S3043
D1027,HAS_SYMPTOM,S3044
D1027,HAS_CAUSE,CA2453
D1027,HAS_CAUSE,CA2454
RF821,INCREASES_RISK_OF,D1027
RF822,INCREASES_RISK_OF,D1027
D1027,MANAGED_BY,TR1929
D1027,MANAGED_BY,TR1930
D1027,MANAGED_BY,TR1931
D1027,MANAGED_BY,TR1932
D1027,MANAGED_BY,TR1933
D1027,MANAGED_BY,TR1934
D1027,MANAGED_BY,TR1935
D1027,DIAGNOSED_BY,T1386
D1027,DIAGNOSED_BY,T1387
D1027,DIAGNOSED_BY,T1388
D1027,DIAGNOSED_BY,T1215
D1027,DIAGNOSED_BY,T1216
D1027,CAN_CAUSE,C845
D1027,CAN_CAUSE,C846
D1027,CAN_CAUSE,C847
D1028,HAS_SYMPTOM,S3045
D1028,HAS_SYMPTOM,S3046
D1028,HAS_SYMPTOM,S439
D1028,HAS_SYMPTOM,S3047
D1029,HAS_SYMPTOM,S3048
D1029,HAS_SYMPTOM,S1156
D1029,HAS_SYMPTOM,S1158
D1029,HAS_SYMPTOM,S3049
D1029,HAS_SYMPTOM,S141
D1029,HAS_SYMPTOM,S042
D1029,HAS_SYMPTOM,S890
D1030,HAS_SYMPTOM,S3050
D1030,HAS_SYMPTOM,S3051
D1030,HAS_SYMPTOM,S3052
D1030,HAS_SYMPTOM,S046
D1030,HAS_SYMPTOM,S663
D1030,HAS_SYMPTOM,S583
D1030,HAS_SYMPTOM,S3053
D1030,HAS_SYMPTOM,S393
D1030,HAS_SYMPTOM,S3054
D1030,HAS_SYMPTOM,S3055
D1030,HAS_SYMPTOM,S3056
D1030,HAS_SYMPTOM,S1286
D1031,HAS_SYMPTOM,S3057
D1031,HAS_SYMPTOM,S312
D1031,HAS_SYMPTOM,S095
D1031,HAS_SYMPTOM,S3058
D1031,HAS_SYMPTOM,S3059
D1032,HAS_SYMPTOM,S294
D1032,HAS_SYMPTOM,S079
D1032,HAS_SYMPTOM,S3060
D1032,HAS_SYMPTOM,S3061
D1032,HAS_SYMPTOM,S3062
D1032,HAS_SYMPTOM,S048
D1032,HAS_SYMPTOM,S3063
D1032,HAS_SYMPTOM,S3064
D1032,HAS_SYMPTOM,S1101
D1032,HAS_SYMPTOM,S046
D1032,HAS_SYMPTOM,S3065
D1032,HAS_SYMPTOM,S3066
D1033,HAS_SYMPTOM,S077
D1033,HAS_SYMPTOM,S246
D1033,HAS_SYMPTOM,S1485
D1033,HAS_SYMPTOM,S2485
D1033,HAS_SYMPTOM,S1185
D1033,HAS_SYMPTOM,S3067
D1033,HAS_SYMPTOM,S126
D1033,HAS_SYMPTOM,S127
D1033,HAS_SYMPTOM,S052
D1033,HAS_SYMPTOM,S3068
D1033,HAS_SYMPTOM,S2525
D1033,HAS_SYMPTOM,S1669
D1034,HAS_CAUSE,CA2455
D1034,HAS_CAUSE,CA2456
D1034,HAS_CAUSE,CA2457
D1034,HAS_CAUSE,CA2458
D1034,HAS_CAUSE,CA2459
D1034,HAS_CAUSE,CA2460
RF823,INCREASES_RISK_OF,D1034
RF824,INCREASES_RISK_OF,D1034
RF825,INCREASES_RISK_OF,D1034
RF260,INCREASES_RISK_OF,D1034
RF826,INCREASES_RISK_OF,D1034
RF827,INCREASES_RISK_OF,D1034
D1034,MANAGED_BY,TR1936
D1034,MANAGED_BY,TR1937
D1034,MANAGED_BY,TR1938
D1034,MANAGED_BY,TR1939
D1034,DIAGNOSED_BY,T580
D1034,DIAGNOSED_BY,T005
D1034,DIAGNOSED_BY,T051
D1034,DIAGNOSED_BY,T225
D1034,DIAGNOSED_BY,T1389
D1034,DIAGNOSED_BY,T1390
D1035,HAS_CAUSE,CA2461
D1035,HAS_CAUSE,CA026
D1035,HAS_CAUSE,CA2462
D1035,HAS_CAUSE,CA2463
D1035,HAS_CAUSE,CA378
D1035,HAS_CAUSE,CA2464
D1036,HAS_SYMPTOM,S3069
D1036,HAS_SYMPTOM,S3070
D1036,HAS_SYMPTOM,S3071
D1036,HAS_SYMPTOM,S3072
D1036,HAS_CAUSE,CA2465
D1036,HAS_CAUSE,CA2466
D1036,HAS_CAUSE,CA2467
D1036,HAS_CAUSE,CA001
D1036,HAS_CAUSE,CA1938
D1036,HAS_CAUSE,CA2468
D1036,HAS_CAUSE,CA2469
D1036,HAS_CAUSE,CA2470
D1036,HAS_CAUSE,CA1425
D1036,HAS_CAUSE,CA2471
D1036,HAS_CAUSE,CA2472
D1036,HAS_CAUSE,CA2473
D1036,MANAGED_BY,TR1940
D1036,MANAGED_BY,TR1941
D1036,MANAGED_BY,TR1942
D1036,DIAGNOSED_BY,T1391
D1036,DIAGNOSED_BY,T1392
D1036,DIAGNOSED_BY,T1393
D1036,DIAGNOSED_BY,T836
D1036,DIAGNOSED_BY,T1394
D1036,DIAGNOSED_BY,T1395
D1036,DIAGNOSED_BY,T028
D1036,DIAGNOSED_BY,T1396
D1036,DIAGNOSED_BY,T094
D1036,DIAGNOSED_BY,T1397
D1037,AFFECTS,O002
D1039,AFFECTS,O014
D1040,HAS_SYMPTOM,S3073
D1040,HAS_SYMPTOM,S3074
D1040,HAS_SYMPTOM,S3075
D1040,HAS_SYMPTOM,S3076
D1040,HAS_SYMPTOM,S3077
D1040,HAS_SYMPTOM,S3078
D1040,HAS_SYMPTOM,S3079
D1040,HAS_SYMPTOM,S3080
D1040,HAS_SYMPTOM,S3081
D1040,HAS_SYMPTOM,S3082
D1040,HAS_CAUSE,CA2474
D1040,HAS_CAUSE,CA2475
D1040,HAS_CAUSE,CA2476
D1040,HAS_CAUSE,CA1051
D1040,HAS_CAUSE,CA2477
RF828,INCREASES_RISK_OF,D1040
RF829,INCREASES_RISK_OF,D1040
RF830,INCREASES_RISK_OF,D1040
D1041,AFFECTS,O007
D1041,HAS_SYMPTOM,S3083
D1041,HAS_CAUSE,CA2478
D1041,HAS_CAUSE,CA2479
D1041,HAS_CAUSE,CA2480
D1041,HAS_CAUSE,CA2481
D1041,HAS_CAUSE,CA2482
D1041,HAS_CAUSE,CA2483
RF831,INCREASES_RISK_OF,D1041
RF832,INCREASES_RISK_OF,D1041
RF833,INCREASES_RISK_OF,D1041
RF834,INCREASES_RISK_OF,D1041
RF835,INCREASES_RISK_OF,D1041
RF836,INCREASES_RISK_OF,D1041
D1042,HAS_SYMPTOM,S2358
D1042,HAS_SYMPTOM,S3084
D1042,HAS_SYMPTOM,S3085
D1042,HAS_SYMPTOM,S262
D1042,HAS_SYMPTOM,S2368
D1042,HAS_SYMPTOM,S2369
D1042,HAS_SYMPTOM,S2370
D1042,HAS_SYMPTOM,S3086
D1042,HAS_SYMPTOM,S3087
D1042,HAS_SYMPTOM,S3088
D1042,HAS_SYMPTOM,S3089
D1042,HAS_SYMPTOM,S133
D1042,HAS_CAUSE,CA001
D1042,MANAGED_BY,TR1943
D1042,DIAGNOSED_BY,T1398
D1042,DIAGNOSED_BY,T1399
D1042,DIAGNOSED_BY,T1400
D1042,DIAGNOSED_BY,T1401
D1042,CAN_CAUSE,C848
D1042,CAN_CAUSE,C849
D1042,CAN_CAUSE,C850
D1042,CAN_CAUSE,C851
D1042,CAN_CAUSE,C852
D1042,CAN_CAUSE,C853
D1042,MANAGED_BY,TR1371
D1042,MANAGED_BY,TR1372
D1044,AFFECTS,O017
D1045,AFFECTS,O017
D1045,HAS_CAUSE,CA2484
D1045,HAS_CAUSE,CA2485
D1045,HAS_CAUSE,CA2486
D1046,AFFECTS,O017
D1046,HAS_SYMPTOM,S3090
D1046,HAS_SYMPTOM,S261
D1046,HAS_SYMPTOM,S1783
D1046,HAS_SYMPTOM,S573
D1046,HAS_SYMPTOM,S574
D1046,HAS_SYMPTOM,S663
D1046,HAS_SYMPTOM,S2223
D1046,HAS_SYMPTOM,S3091
D1046,HAS_SYMPTOM,S3092
D1046,HAS_SYMPTOM,S3093
D1046,HAS_SYMPTOM,S2770
D1046,HAS_SYMPTOM,S363
D1046,HAS_CAUSE,CA2487
D1046,MANAGED_BY,TR1944
D1046,MANAGED_BY,TR1945
D1047,AFFECTS,O017
D1047,HAS_SYMPTOM,S3094
D1047,HAS_CAUSE,CA2488
D1047,HAS_CAUSE,CA2489
D1047,HAS_CAUSE,CA2490
D1047,HAS_CAUSE,CA2491
D1047,HAS_CAUSE,CA381
D1047,HAS_CAUSE,CA2492
D1047,HAS_CAUSE,CA2493
RF837,INCREASES_RISK_OF,D1047
D1048,AFFECTS,O017
D1049,AFFECTS,O017
D1049,AFFECTS,O005
D1050,HAS_CAUSE,CA1031
D1050,HAS_CAUSE,CA2494
D1050,HAS_CAUSE,CA2495
D1050,HAS_CAUSE,CA2496
D1051,AFFECTS,O017
D1051,HAS_CAUSE,CA2497
D1051,HAS_CAUSE,CA2498
D1051,HAS_CAUSE,CA2499
D1051,HAS_CAUSE,CA2500
D1051,HAS_CAUSE,CA2501
D1051,HAS_CAUSE,CA2502
D1051,HAS_CAUSE,CA2503
D1052,AFFECTS,O017
D1052,HAS_SYMPTOM,S3095
D1052,HAS_SYMPTOM,S363
D1052,HAS_SYMPTOM,S2991
D1052,HAS_SYMPTOM,S3096
D1052,HAS_CAUSE,CA2504
D1052,MANAGED_BY,TR1946
D1052,DIAGNOSED_BY,T242
D1052,MANAGED_BY,TR1947
D1053,AFFECTS,O017
D1053,HAS_SYMPTOM,S3097
D1053,HAS_CAUSE,CA2505
D1053,HAS_CAUSE,CA001
D1053,HAS_CAUSE,CA2506
D1053,HAS_CAUSE,CA189
D1053,HAS_CAUSE,CA2507
D1053,HAS_CAUSE,CA2508
D1053,MANAGED_BY,TR1948
D1053,MANAGED_BY,TR1949
D1053,MANAGED_BY,TR1950
D1053,MANAGED_BY,TR1951
D1053,DIAGNOSED_BY,T1402
D1053,DIAGNOSED_BY,T836
D1053,DIAGNOSED_BY,T1403
D1053,DIAGNOSED_BY,T1404
D1054,AFFECTS,O017
D1055,AFFECTS,O017
D1055,HAS_SYMPTOM,S3098
D1055,HAS_CAUSE,CA2509
D1055,HAS_CAUSE,CA2510
D1055,HAS_CAUSE,CA2511
D1055,HAS_CAUSE,CA2512
D1055,HAS_CAUSE,CA2513
D1055,HAS_CAUSE,CA2514
D1055,MANAGED_BY,TR1952
D1055,MANAGED_BY,TR1953
D1056,AFFECTS,O017
D1056,HAS_CAUSE,CA2515
D1056,HAS_CAUSE,CA378
D1056,HAS_CAUSE,CA559
D1056,HAS_CAUSE,CA2516
D1056,HAS_CAUSE,CA2517
D1056,HAS_CAUSE,CA560
D1056,HAS_CAUSE,CA607
D1056,HAS_CAUSE,CA2518
D1056,HAS_CAUSE,CA2519
D1056,HAS_CAUSE,CA2520
D1057,AFFECTS,O017
D1057,HAS_SYMPTOM,S3099
D1057,HAS_SYMPTOM,S3100
D1057,HAS_SYMPTOM,S3101
D1057,HAS_SYMPTOM,S663
D1057,HAS_SYMPTOM,S3102
D1057,HAS_SYMPTOM,S3103
D1057,HAS_SYMPTOM,S3104
D1057,HAS_SYMPTOM,S3105
D1057,HAS_CAUSE,CA2521
D1057,HAS_CAUSE,CA2522
D1057,HAS_CAUSE,CA2523
D1057,HAS_CAUSE,CA2524
D1058,HAS_SYMPTOM,S127
D1058,HAS_SYMPTOM,S2483
D1058,HAS_SYMPTOM,S3106
D1058,HAS_SYMPTOM,S130
D1059,AFFECTS,O004
D1060,AFFECTS,O006
D1060,HAS_SYMPTOM,S3107
D1060,HAS_SYMPTOM,S3108
D1060,HAS_CAUSE,CA2525
D1060,MANAGED_BY,TR1321
D1060,DIAGNOSED_BY,T776
D1060,DIAGNOSED_BY,T1405
D1060,CAN_CAUSE,C215
D1060,CAN_CAUSE,C854
D1061,HAS_CAUSE,CA2526
D1061,HAS_CAUSE,CA2527
D1061,HAS_CAUSE,CA2528
D1061,HAS_CAUSE,CA378
D1061,HAS_CAUSE,CA2529
D1061,HAS_CAUSE,CA2530
D1061,HAS_CAUSE,CA2531
D1062,HAS_CAUSE,CA2532
D1062,HAS_CAUSE,CA246
D1062,HAS_CAUSE,CA2533
D1062,HAS_CAUSE,CA2534
D1062,HAS_CAUSE,CA2535
D1062,HAS_CAUSE,CA2536
D1062,HAS_CAUSE,CA2537
D1062,HAS_CAUSE,CA2538
D1062,HAS_CAUSE,CA2539
D1063,AFFECTS,O005
D1063,HAS_SYMPTOM,S3109
D1063,HAS_SYMPTOM,S3110
D1063,HAS_SYMPTOM,S3111
D1063,HAS_SYMPTOM,S3112
D1063,HAS_CAUSE,CA2540
D1063,MANAGED_BY,TR1954
D1063,DIAGNOSED_BY,T1406
D1063,DIAGNOSED_BY,T1407
D1063,CAN_CAUSE,C855
D1063,MANAGED_BY,TR1955
D1063,MANAGED_BY,TR1956
D1064,HAS_SYMPTOM,S3113
D1064,HAS_SYMPTOM,S3114
D1064,HAS_SYMPTOM,S3115
D1064,HAS_SYMPTOM,S573
D1064,HAS_SYMPTOM,S3116
D1064,HAS_SYMPTOM,S3117
D1064,HAS_CAUSE,CA2541
D1064,HAS_CAUSE,CA2542
D1064,HAS_CAUSE,CA2543
D1064,HAS_CAUSE,CA2544
D1064,HAS_CAUSE,CA1118
D1064,HAS_CAUSE,CA2545
D1064,MANAGED_BY,TR1957
D1064,MANAGED_BY,TR1958
D1064,MANAGED_BY,TR1959
D1064,MANAGED_BY,TR1960
D1064,MANAGED_BY,TR1961
D1064,DIAGNOSED_BY,T1408
D1064,DIAGNOSED_BY,T1409
D1064,DIAGNOSED_BY,T1410
D1064,DIAGNOSED_BY,T1411
D1064,DIAGNOSED_BY,T1412
D1064,DIAGNOSED_BY,T1413
D1064,DIAGNOSED_BY,T395
D1064,DIAGNOSED_BY,T1414
D1064,CAN_CAUSE,C856
D1064,CAN_CAUSE,C857
D1064,CAN_CAUSE,C287
D1064,CAN_CAUSE,C858
D1064,CAN_CAUSE,C859
D1064,CAN_CAUSE,C860
D1065,AFFECTS,O005
D1065,HAS_SYMPTOM,S015
D1065,HAS_SYMPTOM,S3118
D1065,HAS_SYMPTOM,S3119
D1065,HAS_SYMPTOM,S3120
D1065,HAS_SYMPTOM,S3121
D1065,HAS_CAUSE,CA2546
D1065,HAS_CAUSE,CA2547
D1065,MANAGED_BY,TR1962
D1065,DIAGNOSED_BY,T1226
D1065,DIAGNOSED_BY,T836
D1065,DIAGNOSED_BY,T1415
D1065,DIAGNOSED_BY,T1416
D1065,DIAGNOSED_BY,T1417
D1065,DIAGNOSED_BY,T1418
D1065,DIAGNOSED_BY,T005
D1065,DIAGNOSED_BY,T1228
D1065,DIAGNOSED_BY,T226
RF838,INCREASES_RISK_OF,D1066
RF839,INCREASES_RISK_OF,D1066
RF840,INCREASES_RISK_OF,D1066
D1067,AFFECTS,O015
D1067,HAS_SYMPTOM,S3122
D1067,HAS_SYMPTOM,S3123
D1067,HAS_CAUSE,CA2548
D1067,HAS_CAUSE,CA2549
D1067,HAS_CAUSE,CA2550
D1067,HAS_CAUSE,CA2551
D1067,MANAGED_BY,TR1963
D1067,DIAGNOSED_BY,T1419
D1067,DIAGNOSED_BY,T1420
D1067,DIAGNOSED_BY,T1421
D1067,CAN_CAUSE,C861
D1067,CAN_CAUSE,C862
D1067,CAN_CAUSE,C058
D1067,CAN_CAUSE,C863
D1068,HAS_SYMPTOM,S3124
D1068,HAS_SYMPTOM,S3125
D1068,HAS_SYMPTOM,S221
D1068,HAS_SYMPTOM,S1217
D1068,HAS_SYMPTOM,S3126
D1068,HAS_SYMPTOM,S3127
D1068,HAS_SYMPTOM,S1220
D1068,HAS_CAUSE,CA2552
D1068,MANAGED_BY,TR1964
D1068,DIAGNOSED_BY,T1422
D1068,DIAGNOSED_BY,T902
D1068,DIAGNOSED_BY,T072
D1068,MANAGED_BY,TR1965
D1068,MANAGED_BY,TR1966
D1069,HAS_CAUSE,CA2553
RF841,INCREASES_RISK_OF,D1069
RF842,INCREASES_RISK_OF,D1069
RF843,INCREASES_RISK_OF,D1069
D1070,HAS_SYMPTOM,S3128
D1070,HAS_CAUSE,CA2554
D1070,MANAGED_BY,TR1967
D1070,DIAGNOSED_BY,T1423
D1070,DIAGNOSED_BY,T1424
D1070,DIAGNOSED_BY,T1425
D1070,DIAGNOSED_BY,T1426
D1070,CAN_CAUSE,C466
D1070,MANAGED_BY,TR1968
D1071,HAS_SYMPTOM,S3129
D1071,HAS_SYMPTOM,S3130
D1071,HAS_SYMPTOM,S3131
D1071,HAS_SYMPTOM,S3132
D1071,HAS_SYMPTOM,S3133
D1071,HAS_CAUSE,CA2555
D1071,HAS_CAUSE,CA465
D1071,HAS_CAUSE,CA2556
D1071,HAS_CAUSE,CA2557
D1071,HAS_CAUSE,CA2558
D1071,HAS_CAUSE,CA2559
D1071,HAS_CAUSE,CA2560
D1071,MANAGED_BY,TR1969
D1071,MANAGED_BY,TR1970
D1071,MANAGED_BY,TR1971
D1071,DIAGNOSED_BY,T1427
D1071,DIAGNOSED_BY,T049
D1071,DIAGNOSED_BY,T1428
D1071,DIAGNOSED_BY,T1429
D1071,DIAGNOSED_BY,T005
D1071,DIAGNOSED_BY,T1430
D1071,DIAGNOSED_BY,T125
D1071,CAN_CAUSE,C864
D1071,CAN_CAUSE,C865
D1071,MANAGED_BY,TR1972
D1072,HAS_CAUSE,CA057
D1072,HAS_CAUSE,CA2561
D1072,HAS_CAUSE,CA2562
D1072,HAS_CAUSE,CA2563
D1073,HAS_SYMPTOM,S3134
RF844,INCREASES_RISK_OF,D1073
RF845,INCREASES_RISK_OF,D1073
RF846,INCREASES_RISK_OF,D1073
D1073,MANAGED_BY,TR1973
D1073,MANAGED_BY,TR1974
D1073,MANAGED_BY,TR233
D1074,AFFECTS,O002
D1074,HAS_SYMPTOM,S3135
D1074,HAS_SYMPTOM,S3136
D1074,DIAGNOSED_BY,T1431
D1074,DIAGNOSED_BY,T1432
D1074,DIAGNOSED_BY,T1433
D1074,DIAGNOSED_BY,T1434
D1074,DIAGNOSED_BY,T1435
D1074,CAN_CAUSE,C866
D1074,CAN_CAUSE,C041
D1074,CAN_CAUSE,C016
D1074,MANAGED_BY,TR1975
D1075,HAS_SYMPTOM,S3137
D1075,HAS_SYMPTOM,S3138
D1075,HAS_SYMPTOM,S400
D1075,HAS_SYMPTOM,S3139
D1075,HAS_SYMPTOM,S095
D1075,HAS_SYMPTOM,S3140
D1075,HAS_CAUSE,CA1214
D1075,HAS_CAUSE,CA1790
D1075,HAS_CAUSE,CA2564
D1075,HAS_CAUSE,CA2565
D1075,MANAGED_BY,TR1976
D1075,MANAGED_BY,TR1977
D1075,MANAGED_BY,TR1978
D1075,MANAGED_BY,TR1979
D1075,MANAGED_BY,TR1980
D1075,MANAGED_BY,TR1981
D1075,MANAGED_BY,TR1982
D1075,MANAGED_BY,TR1983
D1075,DIAGNOSED_BY,T1436
D1075,DIAGNOSED_BY,T1437
D1075,DIAGNOSED_BY,T1438
D1075,DIAGNOSED_BY,T1439
D1075,MANAGED_BY,TR1984
D1075,MANAGED_BY,TR1985
D1075,MANAGED_BY,TR839
D1075,MANAGED_BY,TR1986
D1075,MANAGED_BY,TR1987
D1075,MANAGED_BY,TR1988
D1076,AFFECTS,O002
D1076,MANAGED_BY,TR1989
D1076,MANAGED_BY,TR1990
D1076,DIAGNOSED_BY,T1440
D1076,DIAGNOSED_BY,T1441
D1076,DIAGNOSED_BY,T236
D1076,DIAGNOSED_BY,T1442
D1076,CAN_CAUSE,C041
D1076,CAN_CAUSE,C867
D1076,CAN_CAUSE,C868
D1076,CAN_CAUSE,C869
D1076,MANAGED_BY,TR1991
D1077,AFFECTS,O002
D1077,HAS_CAUSE,CA2566
D1077,HAS_CAUSE,CA2567
D1077,HAS_CAUSE,CA2568
RF847,INCREASES_RISK_OF,D1077
RF545,INCREASES_RISK_OF,D1077
RF848,INCREASES_RISK_OF,D1077
RF849,INCREASES_RISK_OF,D1077
RF850,INCREASES_RISK_OF,D1077
RF851,INCREASES_RISK_OF,D1077
D1077,DIAGNOSED_BY,T1443
D1077,DIAGNOSED_BY,T1444
D1077,DIAGNOSED_BY,T1445
D1077,CAN_CAUSE,C870
D1077,CAN_CAUSE,C867
D1078,AFFECTS,O002
D1078,HAS_CAUSE,CA2569
D1078,MANAGED_BY,TR1992
D1078,MANAGED_BY,TR1993
D1078,CAN_CAUSE,C442
D1078,CAN_CAUSE,C871
D1079,HAS_SYMPTOM,S3141
D1079,HAS_SYMPTOM,S186
D1079,HAS_SYMPTOM,S3142
D1079,HAS_SYMPTOM,S2214
D1079,HAS_SYMPTOM,S3143
D1079,HAS_SYMPTOM,S3144
D1079,HAS_SYMPTOM,S3145
D1079,HAS_SYMPTOM,S3146
D1079,MANAGED_BY,TR1994
D1079,MANAGED_BY,TR1995
D1080,HAS_SYMPTOM,S041
D1080,HAS_SYMPTOM,S127
D1080,HAS_SYMPTOM,S3147
D1080,HAS_SYMPTOM,S3148
D1080,HAS_SYMPTOM,S3149
D1080,HAS_SYMPTOM,S2091
D1080,HAS_SYMPTOM,S3150
D1080,HAS_SYMPTOM,S3151
D1080,HAS_CAUSE,CA2570
D1080,HAS_CAUSE,CA2571
D1080,HAS_CAUSE,CA365
D1080,HAS_CAUSE,CA2572
D1080,HAS_CAUSE,CA2573
D1080,HAS_CAUSE,CA2574
RF852,INCREASES_RISK_OF,D1080
RF853,INCREASES_RISK_OF,D1080
RF378,INCREASES_RISK_OF,D1080
RF264,INCREASES_RISK_OF,D1080
RF854,INCREASES_RISK_OF,D1080
RF855,INCREASES_RISK_OF,D1080
RF856,INCREASES_RISK_OF,D1080
RF857,INCREASES_RISK_OF,D1080
D1080,MANAGED_BY,TR1996
D1080,DIAGNOSED_BY,T1446
D1080,DIAGNOSED_BY,T450
D1080,DIAGNOSED_BY,T1447
D1080,DIAGNOSED_BY,T1448
D1080,DIAGNOSED_BY,T836
D1080,DIAGNOSED_BY,T1449
D1081,AFFECTS,O002
D1081,HAS_SYMPTOM,S3152
D1081,HAS_SYMPTOM,S3153
D1081,HAS_SYMPTOM,S3154
D1081,HAS_SYMPTOM,S3155
D1081,HAS_SYMPTOM,S3156
D1081,HAS_SYMPTOM,S3157
D1081,HAS_SYMPTOM,S3158
D1081,HAS_SYMPTOM,S3159
D1081,HAS_SYMPTOM,S2850
D1081,HAS_SYMPTOM,S2173
D1081,HAS_SYMPTOM,S2218
D1081,HAS_CAUSE,CA2575
D1081,HAS_CAUSE,CA2576
D1081,HAS_CAUSE,CA2577
D1081,MANAGED_BY,TR1997
D1081,MANAGED_BY,TR1998
D1081,MANAGED_BY,TR1999
D1081,DIAGNOSED_BY,T004
D1081,DIAGNOSED_BY,T1450
D1081,DIAGNOSED_BY,T1451
D1081,DIAGNOSED_BY,T1452
D1081,DIAGNOSED_BY,T1453
D1081,CAN_CAUSE,C872
D1081,CAN_CAUSE,C873
D1081,CAN_CAUSE,C874
D1082,HAS_SYMPTOM,S3160
D1082,HAS_SYMPTOM,S129
D1082,HAS_SYMPTOM,S3161
D1082,HAS_SYMPTOM,S3162
D1082,HAS_SYMPTOM,S970
D1082,HAS_CAUSE,CA2578
D1082,HAS_CAUSE,CA001
D1082,HAS_CAUSE,CA2579
D1082,HAS_CAUSE,CA378
D1082,HAS_CAUSE,CA2580
D1082,HAS_CAUSE,CA2581
D1082,HAS_CAUSE,CA2582
D1082,HAS_CAUSE,CA2583
D1082,HAS_CAUSE,CA2584
D1082,MANAGED_BY,TR2000
D1082,MANAGED_BY,TR2001
D1082,DIAGNOSED_BY,T1454
D1082,DIAGNOSED_BY,T1455
D1082,DIAGNOSED_BY,T1456
D1082,DIAGNOSED_BY,T1457
D1082,DIAGNOSED_BY,T1458
D1082,DIAGNOSED_BY,T1459
D1082,DIAGNOSED_BY,T1460
D1082,DIAGNOSED_BY,T1461
D1082,DIAGNOSED_BY,T1462
D1082,DIAGNOSED_BY,T1463
D1082,DIAGNOSED_BY,T1464
D1082,DIAGNOSED_BY,T1465
D1083,HAS_SYMPTOM,S3163
D1083,HAS_SYMPTOM,S3164
D1083,HAS_SYMPTOM,S3165
D1083,DIAGNOSED_BY,T1466
D1083,DIAGNOSED_BY,T1467
D1083,DIAGNOSED_BY,T929
D1083,DIAGNOSED_BY,T932
D1083,DIAGNOSED_BY,T1468
D1083,DIAGNOSED_BY,T1469
D1083,CAN_CAUSE,C875
D1084,HAS_CAUSE,CA2585
D1084,HAS_CAUSE,CA2586
D1084,HAS_CAUSE,CA2587
D1084,HAS_CAUSE,CA2588
D1084,HAS_CAUSE,CA2589
D1084,HAS_CAUSE,CA2590
D1084,HAS_CAUSE,CA2591
D1084,HAS_CAUSE,CA391
D1084,HAS_CAUSE,CA2592
D1084,HAS_CAUSE,CA2593
D1084,HAS_CAUSE,CA1099
D1084,HAS_CAUSE,CA498
D1085,AFFECTS,O009
D1085,HAS_CAUSE,CA2594
RF858,INCREASES_RISK_OF,D1085
RF859,INCREASES_RISK_OF,D1085
D1085,MANAGED_BY,TR2002
D1085,MANAGED_BY,TR253
D1085,MANAGED_BY,TR254
D1086,HAS_SYMPTOM,S3166
D1086,HAS_SYMPTOM,S3167
D1086,HAS_SYMPTOM,S3168
D1086,MANAGED_BY,TR2003
D1086,MANAGED_BY,TR2004
D1086,MANAGED_BY,TR2005
D1086,DIAGNOSED_BY,T1470
D1086,DIAGNOSED_BY,T1471
D1086,DIAGNOSED_BY,T1472
D1086,MANAGED_BY,TR2006
D1087,HAS_SYMPTOM,S3169
D1087,HAS_SYMPTOM,S3170
D1087,HAS_SYMPTOM,S3171
D1087,HAS_CAUSE,CA2595
D1087,HAS_CAUSE,CA2596
D1087,MANAGED_BY,TR2007
D1087,MANAGED_BY,TR2008
D1087,MANAGED_BY,TR2009
D1087,MANAGED_BY,TR2010
D1087,MANAGED_BY,TR2011
D1087,CAN_CAUSE,C876
D1087,CAN_CAUSE,C877
D1089,AFFECTS,O016
D1090,HAS_SYMPTOM,S3172
D1090,HAS_SYMPTOM,S3173
D1090,HAS_SYMPTOM,S093
D1090,HAS_SYMPTOM,S1205
D1090,HAS_SYMPTOM,S3174
D1090,HAS_SYMPTOM,S3175
D1090,HAS_SYMPTOM,S3176
D1090,HAS_SYMPTOM,S3177
D1090,HAS_CAUSE,CA307
D1090,DIAGNOSED_BY,T1473
D1090,DIAGNOSED_BY,T1474
D1090,DIAGNOSED_BY,T1475
D1090,CAN_CAUSE,C878
D1090,CAN_CAUSE,C879
D1090,CAN_CAUSE,C880
D1090,MANAGED_BY,TR2012
D1090,MANAGED_BY,TR2013
D1090,MANAGED_BY,TR2014
D1092,HAS_SYMPTOM,S3178
D1092,HAS_SYMPTOM,S3179
D1092,HAS_CAUSE,CA2597
D1092,HAS_CAUSE,CA2598
D1092,HAS_CAUSE,CA2599
RF860,INCREASES_RISK_OF,D1092
RF861,INCREASES_RISK_OF,D1092
RF862,INCREASES_RISK_OF,D1092
RF174,INCREASES_RISK_OF,D1092
RF863,INCREASES_RISK_OF,D1092
RF864,INCREASES_RISK_OF,D1092
RF865,INCREASES_RISK_OF,D1092
RF866,INCREASES_RISK_OF,D1092
RF867,INCREASES_RISK_OF,D1092
RF868,INCREASES_RISK_OF,D1092
RF869,INCREASES_RISK_OF,D1092
D1092,MANAGED_BY,TR1864
D1093,AFFECTS,O013
D1093,HAS_CAUSE,CA2600
D1093,MANAGED_BY,TR2015
D1093,MANAGED_BY,TR755
D1093,MANAGED_BY,TR756
D1093,MANAGED_BY,TR757
D1093,MANAGED_BY,TR059
D1093,DIAGNOSED_BY,T1476
D1093,DIAGNOSED_BY,T1477
D1093,MANAGED_BY,TR2016
D1094,HAS_CAUSE,CA2601
D1094,HAS_CAUSE,CA381
D1094,HAS_CAUSE,CA1253
D1094,HAS_CAUSE,CA175
D1094,HAS_CAUSE,CA512
D1094,HAS_CAUSE,CA2602
RF870,INCREASES_RISK_OF,D1094
RF871,INCREASES_RISK_OF,D1094
RF872,INCREASES_RISK_OF,D1094
RF873,INCREASES_RISK_OF,D1094
RF874,INCREASES_RISK_OF,D1094
RF875,INCREASES_RISK_OF,D1094
RF876,INCREASES_RISK_OF,D1094
D1095,HAS_SYMPTOM,S127
D1095,HAS_SYMPTOM,S3180
D1095,HAS_SYMPTOM,S393
D1095,HAS_SYMPTOM,S130
D1095,HAS_SYMPTOM,S3181
D1095,HAS_CAUSE,CA2603
D1095,HAS_CAUSE,CA2604
D1095,HAS_CAUSE,CA2605
D1095,HAS_CAUSE,CA187
D1095,HAS_CAUSE,CA2606
D1095,HAS_CAUSE,CA2607
D1095,DIAGNOSED_BY,T1478
D1095,MANAGED_BY,TR2017
D1095,MANAGED_BY,TR2018
D1096,AFFECTS,O005
D1097,HAS_SYMPTOM,S2603
D1097,HAS_SYMPTOM,S2604
D1097,HAS_SYMPTOM,S1068
D1097,HAS_SYMPTOM,S052
D1097,HAS_SYMPTOM,S2605
D1097,HAS_SYMPTOM,S1169
D1097,HAS_SYMPTOM,S2606
D1097,HAS_SYMPTOM,S2556
D1097,HAS_SYMPTOM,S2607
D1097,HAS_SYMPTOM,S3182
D1097,HAS_SYMPTOM,S132
D1097,HAS_SYMPTOM,S3183
D1098,HAS_SYMPTOM,S3184
D1098,HAS_SYMPTOM,S3185
D1098,HAS_SYMPTOM,S3186
D1098,HAS_CAUSE,CA2608
D1098,HAS_CAUSE,CA2609
D1098,HAS_CAUSE,CA2610
D1098,HAS_CAUSE,CA2611
D1098,HAS_CAUSE,CA2261
D1098,HAS_CAUSE,CA2612
D1098,DIAGNOSED_BY,T1479
D1098,DIAGNOSED_BY,T1480
D1098,DIAGNOSED_BY,T1481
D1098,DIAGNOSED_BY,T1482
D1098,DIAGNOSED_BY,T1483
D1098,DIAGNOSED_BY,T1484
D1098,MANAGED_BY,TR2019
D1100,HAS_CAUSE,CA2613
D1100,HAS_CAUSE,CA2614
D1100,HAS_CAUSE,CA2615
RF877,INCREASES_RISK_OF,D1100
RF878,INCREASES_RISK_OF,D1100
RF879,INCREASES_RISK_OF,D1100
RF880,INCREASES_RISK_OF,D1100
D1101,HAS_SYMPTOM,S3187
D1101,HAS_SYMPTOM,S663
D1101,HAS_SYMPTOM,S2091
D1101,HAS_SYMPTOM,S093
D1101,HAS_SYMPTOM,S096
D1101,HAS_SYMPTOM,S181
D1101,HAS_SYMPTOM,S3188
D1101,HAS_CAUSE,CA2616
D1101,HAS_CAUSE,CA2617
D1101,HAS_CAUSE,CA2618
D1102,HAS_CAUSE,CA391
D1102,HAS_CAUSE,CA2619
D1102,HAS_CAUSE,CA2620
D1103,HAS_SYMPTOM,S3189
D1103,HAS_SYMPTOM,S3190
D1103,HAS_SYMPTOM,S3191
D1103,HAS_CAUSE,CA2621
D1104,AFFECTS,O018
D1104,HAS_SYMPTOM,S3192
D1104,HAS_SYMPTOM,S3193
D1104,HAS_CAUSE,CA2622
D1104,MANAGED_BY,TR2020
D1104,MANAGED_BY,TR2021
D1104,DIAGNOSED_BY,T1485
D1105,AFFECTS,O005
D1105,HAS_SYMPTOM,S3194
D1105,HAS_SYMPTOM,S3195
D1106,AFFECTS,O005
D1106,HAS_SYMPTOM,S3196
D1106,HAS_SYMPTOM,S3197
D1106,HAS_SYMPTOM,S3198
D1106,HAS_CAUSE,CA2623
D1106,HAS_CAUSE,CA2624
D1106,HAS_CAUSE,CA2625
RF358,INCREASES_RISK_OF,D1106
RF881,INCREASES_RISK_OF,D1106
D1106,MANAGED_BY,TR499
D1106,MANAGED_BY,TR2022
D1106,MANAGED_BY,TR754
D1106,MANAGED_BY,TR755
D1106,MANAGED_BY,TR756
D1106,MANAGED_BY,TR757
D1106,MANAGED_BY,TR059
D1106,MANAGED_BY,TR2023
D1106,MANAGED_BY,TR2024
D1106,MANAGED_BY,TR2025
D1106,MANAGED_BY,TR2026
D1106,MANAGED_BY,TR2027
D1106,DIAGNOSED_BY,T1486
D1106,DIAGNOSED_BY,T1487
D1106,DIAGNOSED_BY,T1488
D1106,DIAGNOSED_BY,T1489
D1106,MANAGED_BY,TR150
D1107,HAS_SYMPTOM,S041
D1107,HAS_SYMPTOM,S663
D1107,HAS_SYMPTOM,S934
D1107,HAS_CAUSE,CA2626
D1107,MANAGED_BY,TR2028
D1107,DIAGNOSED_BY,T1490
D1107,DIAGNOSED_BY,T1491
D1109,HAS_CAUSE,CA2627
D1109,HAS_CAUSE,CA2628
D1109,HAS_CAUSE,CA2629
D1109,HAS_CAUSE,CA2630
D1109,HAS_CAUSE,CA2631
D1109,HAS_CAUSE,CA945
D1109,HAS_CAUSE,CA2632
D1109,HAS_CAUSE,CA1257
D1110,HAS_SYMPTOM,S3199
D1110,HAS_SYMPTOM,S3200
D1110,HAS_SYMPTOM,S3201
D1110,HAS_SYMPTOM,S3202
D1110,HAS_SYMPTOM,S1709
D1111,HAS_SYMPTOM,S3203
D1111,HAS_CAUSE,CA2633
D1111,HAS_CAUSE,CA2634
D1111,HAS_CAUSE,CA2635
D1111,HAS_CAUSE,CA2636
D1111,HAS_CAUSE,CA2637
D1111,HAS_CAUSE,CA2638
D1111,HAS_CAUSE,CA2639
D1111,HAS_CAUSE,CA2640
D1111,HAS_CAUSE,CA2641
D1111,HAS_CAUSE,CA2642
D1111,HAS_CAUSE,CA2643
D1111,MANAGED_BY,TR2029
D1111,MANAGED_BY,TR2030
D1111,MANAGED_BY,TR2031
D1112,AFFECTS,O019
D1112,HAS_SYMPTOM,S3204
D1112,HAS_SYMPTOM,S3205
D1112,HAS_CAUSE,CA2644
D1114,HAS_CAUSE,CA2645
D1114,HAS_CAUSE,CA2646
D1114,HAS_CAUSE,CA2333
D1114,HAS_CAUSE,CA2647
D1114,HAS_CAUSE,CA2648
D1114,HAS_CAUSE,CA330
D1114,HAS_CAUSE,CA2649
D1114,HAS_CAUSE,CA2650
D1115,HAS_CAUSE,CA2651
D1115,HAS_CAUSE,CA001
D1115,HAS_CAUSE,CA125
D1115,MANAGED_BY,TR2032
D1115,MANAGED_BY,TR2033
D1115,DIAGNOSED_BY,T005
D1115,DIAGNOSED_BY,T1492
D1115,DIAGNOSED_BY,T1493
D1115,DIAGNOSED_BY,T1494
D1115,CAN_CAUSE,C881
D1115,CAN_CAUSE,C882
D1115,CAN_CAUSE,C287
D1115,CAN_CAUSE,C883
D1115,CAN_CAUSE,C884
D1115,CAN_CAUSE,C885
D1115,MANAGED_BY,TR2034
D1115,MANAGED_BY,TR2035
D1116,HAS_CAUSE,CA2652
D1116,HAS_CAUSE,CA2653
RF882,INCREASES_RISK_OF,D1116
RF883,INCREASES_RISK_OF,D1116
RF358,INCREASES_RISK_OF,D1116
RF884,INCREASES_RISK_OF,D1116
RF872,INCREASES_RISK_OF,D1116
D1117,AFFECTS,O019
RF885,INCREASES_RISK_OF,D1117
D1117,MANAGED_BY,TR2036
D1117,MANAGED_BY,TR2037
D1118,HAS_SYMPTOM,S3206
D1118,HAS_SYMPTOM,S141
D1118,HAS_SYMPTOM,S3207
D1118,HAS_SYMPTOM,S3208
D1118,HAS_SYMPTOM,S2090
D1118,HAS_SYMPTOM,S331
D1118,HAS_CAUSE,CA2654
D1118,HAS_CAUSE,CA2655
D1118,HAS_CAUSE,CA2656
D1118,HAS_CAUSE,CA2657
D1118,HAS_CAUSE,CA2658
D1118,HAS_CAUSE,CA2659
D1118,MANAGED_BY,TR2038
D1118,MANAGED_BY,TR2039
D1118,MANAGED_BY,TR2040
D1118,MANAGED_BY,TR2041
D1118,CAN_CAUSE,C502
D1118,CAN_CAUSE,C886
D1118,CAN_CAUSE,C117
D1118,CAN_CAUSE,C887
D1118,CAN_CAUSE,C182
D1118,CAN_CAUSE,C888
D1118,MANAGED_BY,TR2042
D1118,MANAGED_BY,TR2043
D1118,MANAGED_BY,TR2044
D1118,MANAGED_BY,TR2045
D1118,MANAGED_BY,TR2046
D1118,MANAGED_BY,TR2047
D1118,MANAGED_BY,TR2048
D1118,MANAGED_BY,TR2049
D1118,MANAGED_BY,TR2050
D1118,MANAGED_BY,TR2051
D1119,HAS_CAUSE,CA2660
D1119,HAS_CAUSE,CA2661
D1119,HAS_CAUSE,CA2662
D1119,HAS_CAUSE,CA2663
D1119,HAS_CAUSE,CA2664
D1119,HAS_CAUSE,CA2665
D1119,HAS_CAUSE,CA610
D1119,HAS_CAUSE,CA2666
D1119,HAS_CAUSE,CA1099
D1119,HAS_CAUSE,CA2667
D1119,MANAGED_BY,TR2052
D1120,HAS_SYMPTOM,S127
D1120,HAS_SYMPTOM,S3209
D1120,HAS_SYMPTOM,S1498
D1120,HAS_SYMPTOM,S3210
D1120,HAS_SYMPTOM,S3211
D1120,HAS_SYMPTOM,S3212
D1120,HAS_SYMPTOM,S3213
D1120,HAS_SYMPTOM,S294
D1120,HAS_SYMPTOM,S3214
D1121,AFFECTS,O006
D1121,HAS_CAUSE,CA2668
D1121,HAS_CAUSE,CA1484
D1121,HAS_CAUSE,CA2669
D1122,AFFECTS,O008
D1122,HAS_SYMPTOM,S3215
D1122,HAS_SYMPTOM,S3216
D1122,HAS_CAUSE,CA2670
D1122,HAS_CAUSE,CA222
D1122,HAS_CAUSE,CA2671
D1122,HAS_CAUSE,CA2672
D1122,HAS_CAUSE,CA187
D1122,HAS_CAUSE,CA057
D1122,MANAGED_BY,TR2053
D1122,MANAGED_BY,TR2054
D1122,MANAGED_BY,TR2055
D1122,MANAGED_BY,TR2056
D1122,MANAGED_BY,TR2057
D1122,MANAGED_BY,TR2058
D1122,DIAGNOSED_BY,T166
D1122,DIAGNOSED_BY,T1495
D1122,DIAGNOSED_BY,T1496
D1122,DIAGNOSED_BY,T1497
D1122,CAN_CAUSE,C889
D1122,CAN_CAUSE,C146
D1122,CAN_CAUSE,C287
D1122,CAN_CAUSE,C419
D1122,CAN_CAUSE,C890
D1122,MANAGED_BY,TR2059
D1123,AFFECTS,O008
D1123,HAS_SYMPTOM,S1393
D1123,HAS_SYMPTOM,S3217
D1123,HAS_SYMPTOM,S3218
D1123,HAS_SYMPTOM,S3219
D1123,HAS_CAUSE,CA2673
D1123,HAS_CAUSE,CA2674
D1123,HAS_CAUSE,CA376
D1123,HAS_CAUSE,CA422
D1123,HAS_CAUSE,CA2675
RF886,INCREASES_RISK_OF,D1123
RF887,INCREASES_RISK_OF,D1123
RF888,INCREASES_RISK_OF,D1123
RF889,INCREASES_RISK_OF,D1123
D1124,AFFECTS,O006
D1124,AFFECTS,O005
D1124,HAS_SYMPTOM,S3220
D1124,HAS_SYMPTOM,S3221
D1124,HAS_SYMPTOM,S3222
D1124,HAS_SYMPTOM,S393
D1124,HAS_SYMPTOM,S098
D1124,HAS_SYMPTOM,S3223
D1124,HAS_SYMPTOM,S3224
D1124,HAS_SYMPTOM,S3225
D1124,HAS_SYMPTOM,S3226
D1124,HAS_SYMPTOM,S3227
D1124,HAS_CAUSE,CA222
D1124,HAS_CAUSE,CA2676
D1124,MANAGED_BY,TR2060
D1124,MANAGED_BY,TR016
D1124,MANAGED_BY,TR017
D1124,MANAGED_BY,TR018
D1124,DIAGNOSED_BY,T028
D1124,DIAGNOSED_BY,T029
D1125,HAS_SYMPTOM,S3228
D1125,HAS_SYMPTOM,S3229
D1125,HAS_SYMPTOM,S3230
D1125,HAS_CAUSE,CA2677
D1125,MANAGED_BY,TR2061
D1125,MANAGED_BY,TR2062
D1125,MANAGED_BY,TR2063
D1125,MANAGED_BY,TR2064
D1126,AFFECTS,O002
D1126,HAS_SYMPTOM,S133
D1126,HAS_SYMPTOM,S056
D1126,HAS_SYMPTOM,S663
D1126,HAS_SYMPTOM,S238
D1126,HAS_SYMPTOM,S3231
D1126,HAS_CAUSE,CA2678
D1126,HAS_CAUSE,CA2679
D1126,HAS_CAUSE,CA2680
D1126,HAS_CAUSE,CA2681
D1126,HAS_CAUSE,CA2682
D1126,MANAGED_BY,TR2065
D1126,DIAGNOSED_BY,T1498
D1126,DIAGNOSED_BY,T1499
D1126,CAN_CAUSE,C891
D1126,CAN_CAUSE,C058
D1126,CAN_CAUSE,C892
D1127,HAS_SYMPTOM,S3232
D1127,HAS_SYMPTOM,S3233
D1127,HAS_CAUSE,CA2683
D1127,HAS_CAUSE,CA2684
D1127,HAS_CAUSE,CA2685
D1127,HAS_CAUSE,CA2686
D1127,HAS_CAUSE,CA2687
D1128,HAS_SYMPTOM,S3234
D1128,HAS_SYMPTOM,S3235
D1128,HAS_SYMPTOM,S3236
D1128,HAS_SYMPTOM,S3237
D1128,HAS_SYMPTOM,S3238
D1128,HAS_SYMPTOM,S3239
D1128,HAS_SYMPTOM,S3240
D1128,HAS_CAUSE,CA943
RF890,INCREASES_RISK_OF,D1128
RF891,INCREASES_RISK_OF,D1128
D1128,MANAGED_BY,TR2066
D1128,CAN_CAUSE,C893
D1128,MANAGED_BY,TR2067
D1128,MANAGED_BY,TR2068
D1128,MANAGED_BY,TR2069
D1128,MANAGED_BY,TR2070
D1128,MANAGED_BY,TR2071
D1128,MANAGED_BY,TR2072
D1128,MANAGED_BY,TR2073
D1128,MANAGED_BY,TR2074
D1128,MANAGED_BY,TR2075
D1128,MANAGED_BY,TR2076
D1129,HAS_CAUSE,CA2688
D1130,HAS_CAUSE,CA2689
D1130,HAS_CAUSE,CA001
D1130,HAS_CAUSE,CA2690
D1130,HAS_CAUSE,CA2691
D1130,HAS_CAUSE,CA2692
D1130,HAS_CAUSE,CA2693
D1130,HAS_CAUSE,CA2694
D1131,HAS_CAUSE,CA2695
D1132,HAS_SYMPTOM,S3241
D1132,HAS_SYMPTOM,S3242
D1132,HAS_SYMPTOM,S3243
D1132,HAS_SYMPTOM,S3244
D1132,HAS_SYMPTOM,S3245
D1132,HAS_SYMPTOM,S3246
D1132,HAS_SYMPTOM,S3247
RF892,INCREASES_RISK_OF,D1132
RF893,INCREASES_RISK_OF,D1132
RF894,INCREASES_RISK_OF,D1132
RF895,INCREASES_RISK_OF,D1132
RF896,INCREASES_RISK_OF,D1132
RF897,INCREASES_RISK_OF,D1132
RF898,INCREASES_RISK_OF,D1132
RF899,INCREASES_RISK_OF,D1132
RF900,INCREASES_RISK_OF,D1132
D1132,MANAGED_BY,TR2077
D1132,MANAGED_BY,TR2078
D1132,MANAGED_BY,TR2079
D1132,MANAGED_BY,TR2080
D1132,MANAGED_BY,TR2081
D1132,MANAGED_BY,TR2082
D1132,MANAGED_BY,TR2083
D1132,DIAGNOSED_BY,T1500
D1132,DIAGNOSED_BY,T1501
D1132,CAN_CAUSE,C894
D1132,CAN_CAUSE,C895
D1132,MANAGED_BY,TR1543
D1132,MANAGED_BY,TR2084
D1132,MANAGED_BY,TR1545
D1132,MANAGED_BY,TR2085
D1132,MANAGED_BY,TR2086
D1132,MANAGED_BY,TR2087
D1132,MANAGED_BY,TR2088
D1132,MANAGED_BY,TR2089
D1132,MANAGED_BY,TR2090
D1132,MANAGED_BY,TR2091
D1132,MANAGED_BY,TR2092
D1132,MANAGED_BY,TR2093
D1133,HAS_SYMPTOM,S127
D1133,HAS_SYMPTOM,S3248
D1133,HAS_SYMPTOM,S663
D1133,HAS_SYMPTOM,S201
D1133,HAS_SYMPTOM,S3249
D1133,HAS_CAUSE,CA759
D1133,HAS_CAUSE,CA2696
D1133,HAS_CAUSE,CA760
D1133,HAS_CAUSE,CA2697
D1133,HAS_CAUSE,CA2698
D1133,HAS_CAUSE,CA761
D1133,HAS_CAUSE,CA762
D1133,HAS_CAUSE,CA765
D1133,HAS_CAUSE,CA2699
D1133,HAS_CAUSE,CA2700
D1133,HAS_CAUSE,CA210
D1133,MANAGED_BY,TR1695
D1133,MANAGED_BY,TR557
D1133,DIAGNOSED_BY,T1502
D1133,CAN_CAUSE,C026
D1133,CAN_CAUSE,C896
D1133,CAN_CAUSE,C897
D1133,CAN_CAUSE,C898
D1133,CAN_CAUSE,C899
D1133,MANAGED_BY,TR2094
D1134,HAS_SYMPTOM,S3250
D1134,HAS_SYMPTOM,S3251
RF901,INCREASES_RISK_OF,D1134
D1134,MANAGED_BY,TR2095
D1134,MANAGED_BY,TR2096
D1134,MANAGED_BY,TR2097
D1135,HAS_SYMPTOM,S3252
D1135,HAS_SYMPTOM,S3253
D1135,HAS_SYMPTOM,S3254
D1135,HAS_SYMPTOM,S3255
D1135,HAS_SYMPTOM,S3256
D1135,HAS_SYMPTOM,S3257
D1135,MANAGED_BY,TR976
D1135,MANAGED_BY,TR2098
D1135,DIAGNOSED_BY,T1503
D1135,DIAGNOSED_BY,T1504
D1135,DIAGNOSED_BY,T1505
D1135,DIAGNOSED_BY,T1506
D1135,DIAGNOSED_BY,T1507
D1135,DIAGNOSED_BY,T132
D1136,HAS_CAUSE,CA2701
D1136,HAS_CAUSE,CA2702
D1136,HAS_CAUSE,CA2703
D1136,HAS_CAUSE,CA2704
D1137,AFFECTS,O017
D1137,HAS_CAUSE,CA2705
D1137,HAS_CAUSE,CA2706
D1137,HAS_CAUSE,CA2707
D1137,HAS_CAUSE,CA2708
D1137,HAS_CAUSE,CA2709
D1137,HAS_CAUSE,CA2710
D1139,AFFECTS,O004
D1140,AFFECTS,O012
D1140,HAS_SYMPTOM,S3258
D1140,HAS_SYMPTOM,S3259
D1140,HAS_SYMPTOM,S3260
D1140,HAS_SYMPTOM,S3261
D1140,HAS_SYMPTOM,S3262
D1140,MANAGED_BY,TR2099
D1140,MANAGED_BY,TR2100
D1140,MANAGED_BY,TR1835
D1141,HAS_SYMPTOM,S3263
D1141,HAS_SYMPTOM,S3264
D1141,HAS_SYMPTOM,S079
D1141,HAS_CAUSE,CA2711
D1141,HAS_CAUSE,CA2712
D1141,HAS_CAUSE,CA2713
D1141,MANAGED_BY,TR2101
D1141,MANAGED_BY,TR2100
D1141,MANAGED_BY,TR1835
D1141,MANAGED_BY,TR1017
D1141,MANAGED_BY,TR2102
D1142,HAS_SYMPTOM,S127
D1142,HAS_SYMPTOM,S3265
D1142,HAS_SYMPTOM,S079
D1142,HAS_SYMPTOM,S3266
D1142,HAS_SYMPTOM,S3267
D1142,HAS_SYMPTOM,S3268
D1142,HAS_CAUSE,CA2714
D1142,HAS_CAUSE,CA2715
D1142,HAS_CAUSE,CA2716
D1142,MANAGED_BY,TR2103
D1142,MANAGED_BY,TR2100
D1142,MANAGED_BY,TR1835
D1142,MANAGED_BY,TR1017
D1143,HAS_SYMPTOM,S1630
D1143,HAS_SYMPTOM,S132
D1143,HAS_SYMPTOM,S616
D1143,HAS_SYMPTOM,S3269
D1143,HAS_SYMPTOM,S3270
D1143,HAS_SYMPTOM,S094
D1143,HAS_SYMPTOM,S1513
D1143,HAS_SYMPTOM,S3271
D1143,HAS_SYMPTOM,S1169
D1143,HAS_SYMPTOM,S3272
D1144,AFFECTS,O005
D1144,HAS_SYMPTOM,S3273
D1144,HAS_SYMPTOM,S3274
D1144,HAS_SYMPTOM,S3275
D1144,HAS_SYMPTOM,S3276
D1144,HAS_SYMPTOM,S3277
D1144,HAS_CAUSE,CA2717
D1144,MANAGED_BY,TR2104
D1144,MANAGED_BY,TR2105
D1144,DIAGNOSED_BY,T005
D1144,DIAGNOSED_BY,T1508
D1144,CAN_CAUSE,C900
D1145,HAS_SYMPTOM,S3278
D1145,HAS_SYMPTOM,S3279
D1145,HAS_SYMPTOM,S3280
D1145,HAS_SYMPTOM,S3281
D1145,HAS_SYMPTOM,S3282
D1145,HAS_SYMPTOM,S3283
D1145,HAS_SYMPTOM,S3284
D1145,HAS_SYMPTOM,S3285
D1145,HAS_SYMPTOM,S3286
D1145,HAS_SYMPTOM,S3287
D1145,HAS_CAUSE,CA001
D1145,HAS_CAUSE,CA2718
D1145,HAS_CAUSE,CA2719
D1145,HAS_CAUSE,CA2720
D1145,HAS_CAUSE,CA2721
D1145,MANAGED_BY,TR984
D1145,MANAGED_BY,TR2106
D1145,DIAGNOSED_BY,T1509
D1145,DIAGNOSED_BY,T1510
D1145,CAN_CAUSE,C901
D1145,CAN_CAUSE,C902
D1145,CAN_CAUSE,C086
D1145,CAN_CAUSE,C232
D1145,CAN_CAUSE,C903
D1146,HAS_CAUSE,CA390
D1146,HAS_CAUSE,CA558
D1146,HAS_CAUSE,CA2722
D1146,HAS_CAUSE,CA2723
D1146,HAS_CAUSE,CA008
D1146,HAS_CAUSE,CA2724
D1146,HAS_CAUSE,CA2725
D1146,HAS_CAUSE,CA2726
D1147,HAS_SYMPTOM,S3288
D1147,HAS_SYMPTOM,S3289
D1147,HAS_SYMPTOM,S3290
D1147,HAS_SYMPTOM,S3291
D1147,HAS_SYMPTOM,S3292
D1147,HAS_SYMPTOM,S3293
D1147,HAS_SYMPTOM,S3294
D1147,HAS_SYMPTOM,S970
D1147,HAS_CAUSE,CA2727
D1147,HAS_CAUSE,CA2728
D1147,HAS_CAUSE,CA2729
D1147,MANAGED_BY,TR2107
D1147,MANAGED_BY,TR2108
D1147,MANAGED_BY,TR2109
D1147,MANAGED_BY,TR2110
D1147,DIAGNOSED_BY,T1511
D1147,DIAGNOSED_BY,T1512
D1147,DIAGNOSED_BY,T1513
D1147,DIAGNOSED_BY,T494
D1147,DIAGNOSED_BY,T005
D1147,DIAGNOSED_BY,T126
D1147,DIAGNOSED_BY,T028
D1147,DIAGNOSED_BY,T177
D1147,DIAGNOSED_BY,T051
D1147,DIAGNOSED_BY,T087
D1147,CAN_CAUSE,C209
D1147,CAN_CAUSE,C904
D1147,CAN_CAUSE,C905
D1147,MANAGED_BY,TR2111
D1147,MANAGED_BY,TR2112
D1148,HAS_CAUSE,CA2730
D1148,HAS_CAUSE,CA1110
D1148,HAS_CAUSE,CA2731
D1148,HAS_CAUSE,CA2732
D1148,HAS_CAUSE,CA2733
D1148,HAS_CAUSE,CA001
D1148,HAS_CAUSE,CA2734
D1148,HAS_CAUSE,CA2735
D1148,HAS_CAUSE,CA2374
D1148,HAS_CAUSE,CA2736
D1148,HAS_CAUSE,CA2737
D1149,AFFECTS,O006
D1149,HAS_SYMPTOM,S3295
D1149,HAS_CAUSE,CA2738
D1149,HAS_CAUSE,CA2739
D1150,AFFECTS,O006
D1150,HAS_SYMPTOM,S3296
D1150,HAS_SYMPTOM,S3297
D1150,HAS_SYMPTOM,S3298
D1150,HAS_SYMPTOM,S3299
D1150,HAS_SYMPTOM,S3300
D1150,HAS_SYMPTOM,S3301
D1150,HAS_SYMPTOM,S3302
D1150,HAS_SYMPTOM,S3303
D1150,HAS_SYMPTOM,S3304
D1150,HAS_SYMPTOM,S3305
D1150,HAS_SYMPTOM,S3306
D1150,HAS_SYMPTOM,S3307
D1150,HAS_CAUSE,CA2740
D1150,HAS_CAUSE,CA2741
D1150,HAS_CAUSE,CA2742
RF902,INCREASES_RISK_OF,D1150
D1150,MANAGED_BY,TR725
D1150,MANAGED_BY,TR604
D1150,MANAGED_BY,TR2113
D1150,MANAGED_BY,TR2114
D1150,MANAGED_BY,TR2115
D1150,MANAGED_BY,TR2116
D1150,MANAGED_BY,TR2117
D1150,MANAGED_BY,TR2118
D1150,MANAGED_BY,TR1453
D1150,MANAGED_BY,TR1442
D1150,MANAGED_BY,TR1443
D1150,MANAGED_BY,TR1445
D1150,DIAGNOSED_BY,T005
D1150,DIAGNOSED_BY,T191
D1150,DIAGNOSED_BY,T1514
D1150,MANAGED_BY,TR150
D1151,HAS_SYMPTOM,S3308
D1151,HAS_SYMPTOM,S3309
D1151,HAS_SYMPTOM,S3310
D1151,HAS_SYMPTOM,S3311
D1151,HAS_SYMPTOM,S3312
D1151,HAS_SYMPTOM,S525
D1151,HAS_SYMPTOM,S3313
D1151,HAS_SYMPTOM,S3314
D1151,HAS_SYMPTOM,S3315
D1151,HAS_SYMPTOM,S3316
D1151,HAS_SYMPTOM,S3317
D1151,HAS_CAUSE,CA2743
RF903,INCREASES_RISK_OF,D1151
RF904,INCREASES_RISK_OF,D1151
RF905,INCREASES_RISK_OF,D1151
D1151,MANAGED_BY,TR2119
D1151,MANAGED_BY,TR2120
D1151,MANAGED_BY,TR2121
D1152,HAS_SYMPTOM,S101
D1152,HAS_CAUSE,CA189
D1152,HAS_CAUSE,CA2744
D1152,HAS_CAUSE,CA2745
D1152,HAS_CAUSE,CA2746
D1152,HAS_CAUSE,CA2747
D1152,HAS_CAUSE,CA2748
D1152,HAS_CAUSE,CA2749
RF906,INCREASES_RISK_OF,D1152
D1152,MANAGED_BY,TR2122
D1152,MANAGED_BY,TR2123
D1152,MANAGED_BY,TR2124
D1152,MANAGED_BY,TR2125
D1153,HAS_SYMPTOM,S3318
D1153,HAS_CAUSE,CA2750
D1153,HAS_CAUSE,CA2751
RF907,INCREASES_RISK_OF,D1153
RF908,INCREASES_RISK_OF,D1153
RF909,INCREASES_RISK_OF,D1153
RF910,INCREASES_RISK_OF,D1153
D1153,MANAGED_BY,TR2126
D1153,MANAGED_BY,TR2127
D1153,MANAGED_BY,TR2128
D1153,DIAGNOSED_BY,T1515
D1153,DIAGNOSED_BY,T732
D1154,HAS_SYMPTOM,S331
D1154,HAS_SYMPTOM,S1667
D1154,HAS_SYMPTOM,S126
D1154,HAS_SYMPTOM,S127
D1154,HAS_SYMPTOM,S219
D1154,HAS_SYMPTOM,S052
D1154,HAS_SYMPTOM,S393
D1154,HAS_SYMPTOM,S2530
D1154,HAS_SYMPTOM,S3319
D1154,HAS_SYMPTOM,S3320
D1154,HAS_SYMPTOM,S3321
D1154,HAS_SYMPTOM,S046
D1155,HAS_SYMPTOM,S3322
D1155,HAS_SYMPTOM,S468
D1155,HAS_CAUSE,CA2752
D1155,HAS_CAUSE,CA2753
RF911,INCREASES_RISK_OF,D1155
D1156,AFFECTS,O006
D1156,HAS_SYMPTOM,S3323
D1156,HAS_SYMPTOM,S3324
D1156,HAS_SYMPTOM,S142
D1156,HAS_SYMPTOM,S3325
D1156,HAS_SYMPTOM,S3326
D1156,HAS_SYMPTOM,S3327
D1156,HAS_SYMPTOM,S3328
D1156,HAS_CAUSE,CA2754
D1156,HAS_CAUSE,CA2755
RF912,INCREASES_RISK_OF,D1156
RF913,INCREASES_RISK_OF,D1156
RF914,INCREASES_RISK_OF,D1156
D1157,AFFECTS,O006
D1157,HAS_SYMPTOM,S3329
D1157,HAS_SYMPTOM,S3330
D1157,HAS_SYMPTOM,S292
D1157,HAS_SYMPTOM,S133
D1157,HAS_SYMPTOM,S3323
D1157,HAS_SYMPTOM,S3331
D1157,HAS_SYMPTOM,S3332
D1157,HAS_SYMPTOM,S3333
D1157,HAS_SYMPTOM,S142
D1157,HAS_SYMPTOM,S416
D1157,HAS_SYMPTOM,S3334
D1157,HAS_CAUSE,CA2756
D1157,HAS_CAUSE,CA2757
D1157,HAS_CAUSE,CA2758
D1157,HAS_CAUSE,CA2759
D1157,HAS_CAUSE,CA2760
D1157,MANAGED_BY,TR2129
D1157,MANAGED_BY,TR2130
D1157,MANAGED_BY,TR937
D1157,MANAGED_BY,TR2131
D1157,MANAGED_BY,TR2132
D1157,MANAGED_BY,TR2133
D1157,MANAGED_BY,TR2134
D1157,MANAGED_BY,TR2135
D1157,MANAGED_BY,TR2136
D1157,DIAGNOSED_BY,T1516
D1158,AFFECTS,O005
D1158,AFFECTS,O004
D1158,HAS_SYMPTOM,S041
D1158,HAS_SYMPTOM,S1202
D1158,HAS_SYMPTOM,S3335
D1158,HAS_SYMPTOM,S2749
D1158,HAS_SYMPTOM,S3336
D1158,HAS_CAUSE,CA2761
D1158,HAS_CAUSE,CA2762
D1158,HAS_CAUSE,CA2763
D1158,HAS_CAUSE,CA2764
D1158,HAS_CAUSE,CA2765
D1158,HAS_CAUSE,CA378
D1158,HAS_CAUSE,CA2766
D1158,DIAGNOSED_BY,T1517
D1158,DIAGNOSED_BY,T1518
D1158,DIAGNOSED_BY,T005
D1158,DIAGNOSED_BY,T1519
D1158,DIAGNOSED_BY,T1520
D1158,DIAGNOSED_BY,T1521
D1159,AFFECTS,O004
D1159,AFFECTS,O013
D1159,HAS_SYMPTOM,S3337
D1159,HAS_SYMPTOM,S3338
D1159,HAS_SYMPTOM,S3339
D1159,HAS_SYMPTOM,S3340
D1159,HAS_SYMPTOM,S3341
D1159,HAS_SYMPTOM,S3342
D1159,HAS_SYMPTOM,S3343
D1159,HAS_SYMPTOM,S3344
D1159,HAS_CAUSE,CA2767
D1159,HAS_CAUSE,CA2768
D1159,HAS_CAUSE,CA2769
D1159,HAS_CAUSE,CA2770
D1159,HAS_CAUSE,CA2771
D1159,HAS_CAUSE,CA2772
D1159,HAS_CAUSE,CA2773
D1159,HAS_CAUSE,CA2774
D1159,HAS_CAUSE,CA2775
D1159,HAS_CAUSE,CA2776
D1159,HAS_CAUSE,CA2777
D1159,MANAGED_BY,TR2137
D1160,HAS_SYMPTOM,S3345
D1160,HAS_SYMPTOM,S416
D1160,HAS_SYMPTOM,S3346
D1160,HAS_SYMPTOM,S3347
D1160,HAS_SYMPTOM,S3348
D1160,HAS_SYMPTOM,S3349
D1160,HAS_SYMPTOM,S498
D1160,HAS_SYMPTOM,S1512
D1160,HAS_SYMPTOM,S3350
D1160,HAS_SYMPTOM,S3351
D1160,HAS_SYMPTOM,S3352
D1160,HAS_SYMPTOM,S3353
D1161,HAS_SYMPTOM,S132
D1161,HAS_SYMPTOM,S3354
D1161,HAS_SYMPTOM,S3355
D1161,HAS_SYMPTOM,S3356
D1161,HAS_SYMPTOM,S441
D1161,HAS_SYMPTOM,S1709
D1161,HAS_SYMPTOM,S517
D1161,HAS_SYMPTOM,S219
D1161,HAS_SYMPTOM,S3357
D1161,HAS_SYMPTOM,S1783
D1161,HAS_SYMPTOM,S3358
D1161,HAS_SYMPTOM,S3359
D1162,HAS_CAUSE,CA2778
D1162,HAS_CAUSE,CA2779
D1162,HAS_CAUSE,CA651
D1162,HAS_CAUSE,CA2780
D1162,HAS_CAUSE,CA2781
D1162,HAS_CAUSE,CA2239
D1162,HAS_CAUSE,CA014
D1162,HAS_CAUSE,CA2782
D1162,HAS_CAUSE,CA2783
D1162,HAS_CAUSE,CA2784
D1162,HAS_CAUSE,CA2785
D1162,HAS_CAUSE,CA2786
D1163,HAS_CAUSE,CA345
D1163,HAS_CAUSE,CA2787
D1163,HAS_CAUSE,CA1547
D1163,HAS_CAUSE,CA2788
D1163,HAS_CAUSE,CA2789
D1163,HAS_CAUSE,CA2790
D1163,HAS_CAUSE,CA2791
D1163,HAS_CAUSE,CA2792
D1163,HAS_CAUSE,CA2793
RF915,INCREASES_RISK_OF,D1163
RF916,INCREASES_RISK_OF,D1163
RF917,INCREASES_RISK_OF,D1163
RF918,INCREASES_RISK_OF,D1163
RF919,INCREASES_RISK_OF,D1163
RF920,INCREASES_RISK_OF,D1163
D1164,HAS_SYMPTOM,S3360
D1164,HAS_SYMPTOM,S096
D1164,HAS_SYMPTOM,S3361
D1164,HAS_SYMPTOM,S836
D1164,HAS_SYMPTOM,S3362
D1164,MANAGED_BY,TR2138
D1164,MANAGED_BY,TR2139
D1164,MANAGED_BY,TR2140
D1164,DIAGNOSED_BY,T1522
D1164,DIAGNOSED_BY,T1523
D1164,DIAGNOSED_BY,T1524
D1164,DIAGNOSED_BY,T1525
D1164,DIAGNOSED_BY,T1526
D1164,CAN_CAUSE,C906
D1164,CAN_CAUSE,C907
D1164,CAN_CAUSE,C908
D1164,CAN_CAUSE,C909
D1164,CAN_CAUSE,C910
D1165,AFFECTS,O009
D1165,AFFECTS,O010
D1165,HAS_SYMPTOM,S127
RF921,INCREASES_RISK_OF,D1165
RF922,INCREASES_RISK_OF,D1165
D1166,AFFECTS,O009
D1166,AFFECTS,O010
D1166,HAS_SYMPTOM,S042
D1166,HAS_CAUSE,CA2794
D1166,HAS_CAUSE,CA184
D1166,HAS_CAUSE,CA185
D1166,HAS_CAUSE,CA186
D1166,HAS_CAUSE,CA2795
D1166,HAS_CAUSE,CA2796
D1166,HAS_CAUSE,CA2797
D1166,HAS_CAUSE,CA189
D1166,HAS_CAUSE,CA2798
RF923,INCREASES_RISK_OF,D1166
RF924,INCREASES_RISK_OF,D1166
RF925,INCREASES_RISK_OF,D1166
RF665,INCREASES_RISK_OF,D1166
RF072,INCREASES_RISK_OF,D1166
RF076,INCREASES_RISK_OF,D1166
RF077,INCREASES_RISK_OF,D1166
RF926,INCREASES_RISK_OF,D1166
RF927,INCREASES_RISK_OF,D1166
RF928,INCREASES_RISK_OF,D1166
RF929,INCREASES_RISK_OF,D1166
RF930,INCREASES_RISK_OF,D1166
D1166,MANAGED_BY,TR2141
D1166,MANAGED_BY,TR2142
D1166,MANAGED_BY,TR2143
D1166,DIAGNOSED_BY,T1527
D1166,DIAGNOSED_BY,T1528
D1166,DIAGNOSED_BY,T1529
D1166,DIAGNOSED_BY,T251
D1166,DIAGNOSED_BY,T1530
D1166,MANAGED_BY,TR1223
D1166,MANAGED_BY,TR2144
D1167,AFFECTS,O009
D1167,HAS_SYMPTOM,S3363
D1167,HAS_SYMPTOM,S3364
D1167,HAS_SYMPTOM,S3365
D1167,HAS_SYMPTOM,S3366
D1167,HAS_SYMPTOM,S3367
D1167,HAS_SYMPTOM,S3368
D1167,HAS_SYMPTOM,S3369
D1167,HAS_SYMPTOM,S3370
D1167,HAS_SYMPTOM,S130
D1167,HAS_SYMPTOM,S3371
D1167,HAS_CAUSE,CA2799
D1167,MANAGED_BY,TR2145
D1168,AFFECTS,O014
D1168,HAS_SYMPTOM,S3372
D1168,HAS_SYMPTOM,S3373
D1168,HAS_SYMPTOM,S3374
RF931,INCREASES_RISK_OF,D1168
D1169,AFFECTS,O006
D1169,HAS_SYMPTOM,S3375
D1169,HAS_SYMPTOM,S3376
D1169,HAS_SYMPTOM,S3377
D1169,HAS_SYMPTOM,S3378
RF932,INCREASES_RISK_OF,D1169
D1169,MANAGED_BY,TR2146
D1169,MANAGED_BY,TR2147
D1169,MANAGED_BY,TR2148
D1169,DIAGNOSED_BY,T005
D1169,DIAGNOSED_BY,T905
D1169,DIAGNOSED_BY,T051
D1169,DIAGNOSED_BY,T1531
D1169,DIAGNOSED_BY,T1532
D1169,DIAGNOSED_BY,T1533
D1169,DIAGNOSED_BY,T004
D1169,DIAGNOSED_BY,T1534
D1169,CAN_CAUSE,C911
D1170,AFFECTS,O009
D1170,HAS_SYMPTOM,S3379
D1170,HAS_SYMPTOM,S468
D1170,HAS_SYMPTOM,S3380
D1170,HAS_SYMPTOM,S3381
D1170,HAS_SYMPTOM,S227
D1170,HAS_SYMPTOM,S3382
D1170,HAS_CAUSE,CA2800
D1170,HAS_CAUSE,CA2801
D1170,HAS_CAUSE,CA2802
D1170,HAS_CAUSE,CA2803
D1170,MANAGED_BY,TR2149
D1170,DIAGNOSED_BY,T1535
D1170,DIAGNOSED_BY,T655
D1170,DIAGNOSED_BY,T005
D1170,DIAGNOSED_BY,T1532
D1170,DIAGNOSED_BY,T1536
D1170,CAN_CAUSE,C912
D1170,CAN_CAUSE,C913
D1171,HAS_SYMPTOM,S3383
D1171,HAS_SYMPTOM,S3384
D1171,HAS_SYMPTOM,S3385
D1171,HAS_SYMPTOM,S3386
D1171,HAS_SYMPTOM,S3387
D1171,HAS_SYMPTOM,S3388
D1171,HAS_SYMPTOM,S046
D1171,HAS_SYMPTOM,S3389
RF933,INCREASES_RISK_OF,D1171
D1171,MANAGED_BY,TR2150
D1171,MANAGED_BY,TR2151
D1171,MANAGED_BY,TR2152
D1171,MANAGED_BY,TR1844
D1171,DIAGNOSED_BY,T1537
D1171,DIAGNOSED_BY,T1538
D1171,DIAGNOSED_BY,T1539
D1171,DIAGNOSED_BY,T1540
D1171,DIAGNOSED_BY,T005
D1171,DIAGNOSED_BY,T057
D1171,CAN_CAUSE,C914
D1171,CAN_CAUSE,C915
D1171,MANAGED_BY,TR2153
D1171,MANAGED_BY,TR2154
D1171,MANAGED_BY,TR2155
D1171,MANAGED_BY,TR2156
D1171,MANAGED_BY,TR2157
D1171,MANAGED_BY,TR2158
D1171,MANAGED_BY,TR2159
D1172,HAS_SYMPTOM,S3390
D1172,HAS_SYMPTOM,S3391
D1172,HAS_SYMPTOM,S3392
D1172,HAS_SYMPTOM,S3393
D1172,HAS_SYMPTOM,S3394
D1172,HAS_SYMPTOM,S3395
D1172,HAS_SYMPTOM,S3396
D1172,HAS_CAUSE,CA2804
D1172,HAS_CAUSE,CA2805
RF934,INCREASES_RISK_OF,D1172
D1173,HAS_CAUSE,CA2806
D1173,HAS_CAUSE,CA2807
D1173,HAS_CAUSE,CA285
D1173,HAS_CAUSE,CA2808
D1173,HAS_CAUSE,CA2809
D1173,HAS_CAUSE,CA2810
D1173,HAS_CAUSE,CA2811
D1174,HAS_SYMPTOM,S3397
D1174,HAS_SYMPTOM,S1783
D1174,HAS_SYMPTOM,S126
D1174,HAS_SYMPTOM,S127
D1174,HAS_SYMPTOM,S648
D1174,HAS_SYMPTOM,S3398
D1174,HAS_SYMPTOM,S518
D1174,HAS_SYMPTOM,S616
D1174,HAS_SYMPTOM,S046
D1174,HAS_SYMPTOM,S3399
D1174,HAS_SYMPTOM,S3400
D1174,HAS_SYMPTOM,S3401
D1175,AFFECTS,O016
D1176,AFFECTS,O016
D1177,AFFECTS,O016
D1177,HAS_SYMPTOM,S3402
D1177,HAS_SYMPTOM,S3403
D1177,HAS_CAUSE,CA2812
D1177,HAS_CAUSE,CA2813
D1177,HAS_CAUSE,CA2814
RF935,INCREASES_RISK_OF,D1177
RF936,INCREASES_RISK_OF,D1177
RF937,INCREASES_RISK_OF,D1177
RF938,INCREASES_RISK_OF,D1177
D1177,MANAGED_BY,TR2160
D1177,MANAGED_BY,TR2161
D1177,MANAGED_BY,TR2162
D1177,DIAGNOSED_BY,T1541
D1177,DIAGNOSED_BY,T1542
D1177,DIAGNOSED_BY,T836
D1177,CAN_CAUSE,C916
D1177,MANAGED_BY,TR2163
D1177,MANAGED_BY,TR2164
D1178,AFFECTS,O016
D1178,HAS_SYMPTOM,S3404
D1178,HAS_SYMPTOM,S3405
D1178,HAS_SYMPTOM,S3406
D1178,HAS_SYMPTOM,S3407
D1178,HAS_SYMPTOM,S552
D1178,HAS_SYMPTOM,S331
D1178,HAS_CAUSE,CA008
D1178,HAS_CAUSE,CA2815
D1178,HAS_CAUSE,CA2816
D1178,HAS_CAUSE,CA2817
D1178,HAS_CAUSE,CA2818
D1178,HAS_CAUSE,CA2819
D1178,HAS_CAUSE,CA2820
D1178,HAS_CAUSE,CA801
D1178,HAS_CAUSE,CA2821
D1178,HAS_CAUSE,CA2822
D1178,HAS_CAUSE,CA2823
D1178,DIAGNOSED_BY,T1543
D1178,CAN_CAUSE,C917
D1178,CAN_CAUSE,C918
D1178,CAN_CAUSE,C919
D1178,MANAGED_BY,TR2165
D1178,MANAGED_BY,TR2166
D1179,AFFECTS,O016
D1179,HAS_SYMPTOM,S3408
D1179,HAS_SYMPTOM,S3409
D1179,HAS_SYMPTOM,S3410
D1179,HAS_SYMPTOM,S3411
D1179,HAS_SYMPTOM,S3412
D1179,HAS_SYMPTOM,S3413
D1179,HAS_SYMPTOM,S455
D1179,HAS_SYMPTOM,S474
D1179,HAS_SYMPTOM,S3414
D1179,MANAGED_BY,TR115
D1179,MANAGED_BY,TR2167
D1179,MANAGED_BY,TR2168
D1179,MANAGED_BY,TR2169
D1179,DIAGNOSED_BY,T1544
D1179,DIAGNOSED_BY,T005
D1179,DIAGNOSED_BY,T1545
D1179,CAN_CAUSE,C920
D1179,CAN_CAUSE,C921
D1179,CAN_CAUSE,C922
D1180,AFFECTS,O016
D1180,HAS_SYMPTOM,S651
D1180,HAS_SYMPTOM,S3415
D1180,HAS_SYMPTOM,S3416
D1180,HAS_SYMPTOM,S3417
D1180,HAS_SYMPTOM,S3418
D1180,HAS_CAUSE,CA2824
D1180,HAS_CAUSE,CA2825
D1180,HAS_CAUSE,CA551
D1180,HAS_CAUSE,CA378
D1180,HAS_CAUSE,CA2826
D1180,HAS_CAUSE,CA2827
D1180,HAS_CAUSE,CA2828
D1180,HAS_CAUSE,CA2829
D1180,HAS_CAUSE,CA2830
D1180,HAS_CAUSE,CA2831
D1180,MANAGED_BY,TR2170
D1180,MANAGED_BY,TR1705
D1180,MANAGED_BY,TR233
D1181,AFFECTS,O016
D1181,HAS_SYMPTOM,S3419
D1181,HAS_CAUSE,CA1054
D1181,HAS_CAUSE,CA2832
D1181,HAS_CAUSE,CA044
D1181,HAS_CAUSE,CA2833
D1181,MANAGED_BY,TR1844
D1181,MANAGED_BY,TR2171
D1181,MANAGED_BY,TR2172
D1181,MANAGED_BY,TR2173
D1181,DIAGNOSED_BY,T1546
D1181,DIAGNOSED_BY,T1547
D1181,DIAGNOSED_BY,T1548
D1181,DIAGNOSED_BY,T1549
D1181,DIAGNOSED_BY,T1550
D1181,DIAGNOSED_BY,T057
D1181,CAN_CAUSE,C923
D1181,CAN_CAUSE,C924
D1182,AFFECTS,O016
D1182,HAS_SYMPTOM,S3420
D1182,HAS_SYMPTOM,S041
D1182,HAS_SYMPTOM,S393
D1182,HAS_SYMPTOM,S130
D1182,HAS_SYMPTOM,S356
D1182,HAS_CAUSE,CA034
D1182,HAS_CAUSE,CA2834
D1182,HAS_CAUSE,CA044
D1182,HAS_CAUSE,CA2835
D1182,HAS_CAUSE,CA2333
D1182,HAS_CAUSE,CA2836
D1182,HAS_CAUSE,CA049
D1182,HAS_CAUSE,CA1054
D1182,HAS_CAUSE,CA2837
D1182,MANAGED_BY,TR2174
D1182,DIAGNOSED_BY,T005
D1182,CAN_CAUSE,C925
D1182,MANAGED_BY,TR2175
D1183,AFFECTS,O016
RF939,INCREASES_RISK_OF,D1183
RF940,INCREASES_RISK_OF,D1183
D1184,AFFECTS,O016
D1184,HAS_SYMPTOM,S3421
D1184,MANAGED_BY,TR2176
D1184,MANAGED_BY,TR2177
D1184,MANAGED_BY,TR2178
D1184,MANAGED_BY,TR2179
D1184,MANAGED_BY,TR2180
D1184,DIAGNOSED_BY,T058
D1184,CAN_CAUSE,C926
D1184,CAN_CAUSE,C927
D1184,CAN_CAUSE,C419
D1185,HAS_SYMPTOM,S3422
D1185,HAS_CAUSE,CA2838
D1185,HAS_CAUSE,CA2839
D1185,HAS_CAUSE,CA2840
D1185,HAS_CAUSE,CA2841
D1185,MANAGED_BY,TR2181
D1185,MANAGED_BY,TR2182
D1185,DIAGNOSED_BY,T1551
D1185,DIAGNOSED_BY,T1552
D1185,CAN_CAUSE,C928
D1185,CAN_CAUSE,C929
D1187,HAS_SYMPTOM,S3423
D1187,HAS_SYMPTOM,S3424
D1187,HAS_SYMPTOM,S3425
D1187,HAS_SYMPTOM,S3426
D1187,HAS_SYMPTOM,S133
D1187,HAS_SYMPTOM,S3427
D1187,HAS_SYMPTOM,S3428
D1187,HAS_SYMPTOM,S3429
D1187,HAS_SYMPTOM,S3430
D1187,HAS_CAUSE,CA378
D1187,HAS_CAUSE,CA2842
D1187,HAS_CAUSE,CA2843
D1187,HAS_CAUSE,CA365
D1187,HAS_CAUSE,CA1214
RF941,INCREASES_RISK_OF,D1187
RF942,INCREASES_RISK_OF,D1187
RF264,INCREASES_RISK_OF,D1187
RF943,INCREASES_RISK_OF,D1187
RF545,INCREASES_RISK_OF,D1187
RF944,INCREASES_RISK_OF,D1187
RF945,INCREASES_RISK_OF,D1187
D1187,MANAGED_BY,TR725
D1187,MANAGED_BY,TR2183
D1187,MANAGED_BY,TR295
D1187,DIAGNOSED_BY,T1553
D1187,DIAGNOSED_BY,T1554
D1187,DIAGNOSED_BY,T1555
D1187,DIAGNOSED_BY,T049
D1187,CAN_CAUSE,C004
D1187,CAN_CAUSE,C126
D1187,CAN_CAUSE,C930
D1187,CAN_CAUSE,C931
D1187,MANAGED_BY,TR1766
D1187,MANAGED_BY,TR2184
D1187,MANAGED_BY,TR2185
D1188,HAS_SYMPTOM,S3431
D1190,HAS_SYMPTOM,S3432
D1190,HAS_SYMPTOM,S3433
D1190,HAS_SYMPTOM,S3434
D1190,HAS_SYMPTOM,S3435
D1190,HAS_CAUSE,CA2844
D1190,MANAGED_BY,TR2186
D1190,DIAGNOSED_BY,T1556
D1190,DIAGNOSED_BY,T1557
D1190,DIAGNOSED_BY,T1558
D1190,DIAGNOSED_BY,T1559
D1190,CAN_CAUSE,C932
D1190,CAN_CAUSE,C933
D1190,CAN_CAUSE,C934
D1190,MANAGED_BY,TR2187
D1191,HAS_SYMPTOM,S133
D1191,HAS_SYMPTOM,S3436
D1191,HAS_SYMPTOM,S3437
D1191,HAS_SYMPTOM,S3438
D1191,HAS_SYMPTOM,S098
D1191,HAS_SYMPTOM,S3439
D1191,HAS_SYMPTOM,S096
D1191,HAS_CAUSE,CA2845
D1191,HAS_CAUSE,CA2846
D1191,HAS_CAUSE,CA2847
D1191,HAS_CAUSE,CA2848
D1191,DIAGNOSED_BY,T435
D1191,DIAGNOSED_BY,T1560
D1191,CAN_CAUSE,C935
D1191,MANAGED_BY,TR165
D1191,MANAGED_BY,TR364
D1191,MANAGED_BY,TR2188
D1192,HAS_SYMPTOM,S3440
D1192,HAS_SYMPTOM,S133
D1192,HAS_SYMPTOM,S096
D1192,HAS_SYMPTOM,S3441
D1192,HAS_SYMPTOM,S3442
D1192,HAS_SYMPTOM,S3443
D1192,HAS_SYMPTOM,S3444
D1192,HAS_SYMPTOM,S127
D1192,HAS_SYMPTOM,S098
D1192,HAS_SYMPTOM,S1177
D1192,HAS_CAUSE,CA2849
D1192,HAS_CAUSE,CA2850
D1192,HAS_CAUSE,CA2851
D1192,HAS_CAUSE,CA2852
D1192,MANAGED_BY,TR2189
D1192,MANAGED_BY,TR2190
D1192,CAN_CAUSE,C936
D1195,AFFECTS,O004
D1195,HAS_SYMPTOM,S309
D1195,HAS_SYMPTOM,S041
D1195,HAS_SYMPTOM,S3445
D1195,HAS_SYMPTOM,S3446
D1195,HAS_SYMPTOM,S3447
D1195,HAS_CAUSE,CA2853
D1195,HAS_CAUSE,CA2854
D1195,HAS_CAUSE,CA2855
D1195,MANAGED_BY,TR2191
D1195,DIAGNOSED_BY,T1561
D1195,DIAGNOSED_BY,T1562
D1195,DIAGNOSED_BY,T1563
D1195,DIAGNOSED_BY,T1564
D1195,DIAGNOSED_BY,T1565
D1195,CAN_CAUSE,C937
D1195,MANAGED_BY,TR2192
D1195,MANAGED_BY,TR2193
D1196,HAS_SYMPTOM,S127
D1196,HAS_SYMPTOM,S2382
D1196,HAS_SYMPTOM,S3448
D1196,HAS_SYMPTOM,S3449
D1196,HAS_SYMPTOM,S347
D1196,HAS_SYMPTOM,S3450
D1196,HAS_SYMPTOM,S3451
D1196,HAS_SYMPTOM,S3452
D1196,HAS_SYMPTOM,S312
D1196,HAS_SYMPTOM,S3453
D1196,HAS_SYMPTOM,S3454
D1196,HAS_CAUSE,CA2856
D1196,HAS_CAUSE,CA2857
D1196,MANAGED_BY,TR2194
D1196,MANAGED_BY,TR2195
D1197,HAS_CAUSE,CA2858
D1197,HAS_CAUSE,CA2859
D1197,HAS_CAUSE,CA2860
D1197,HAS_CAUSE,CA2861
D1198,HAS_CAUSE,CA2862
D1198,HAS_CAUSE,CA2863
D1198,HAS_CAUSE,CA2864
D1198,HAS_CAUSE,CA2865
D1199,AFFECTS,O004
D1199,HAS_CAUSE,CA2866
D1199,HAS_CAUSE,CA2867
D1199,HAS_CAUSE,CA2868
D1199,HAS_CAUSE,CA2869
D1199,HAS_CAUSE,CA2870
D1199,HAS_CAUSE,CA2871
D1199,HAS_CAUSE,CA2872
RF946,INCREASES_RISK_OF,D1199
RF947,INCREASES_RISK_OF,D1199
D1199,MANAGED_BY,TR583
D1199,MANAGED_BY,TR2196
D1199,DIAGNOSED_BY,T1566
D1199,DIAGNOSED_BY,T1567
D1199,DIAGNOSED_BY,T1568
D1199,DIAGNOSED_BY,T1569
D1199,DIAGNOSED_BY,T742
D1199,CAN_CAUSE,C938
D1199,MANAGED_BY,TR2197
D1200,HAS_CAUSE,CA2873
D1200,MANAGED_BY,TR2198
D1200,MANAGED_BY,TR1221
D1200,MANAGED_BY,TR1224
D1201,AFFECTS,O019
D1201,HAS_SYMPTOM,S3455
D1201,HAS_SYMPTOM,S3456
D1201,HAS_SYMPTOM,S3457
D1201,HAS_CAUSE,CA2874
RF948,INCREASES_RISK_OF,D1201
RF949,INCREASES_RISK_OF,D1201
RF950,INCREASES_RISK_OF,D1201
D1201,DIAGNOSED_BY,T1570
D1201,MANAGED_BY,TR2199
D1201,MANAGED_BY,TR2200
D1202,HAS_SYMPTOM,S101
D1202,HAS_SYMPTOM,S3458
RF951,INCREASES_RISK_OF,D1202
D1204,AFFECTS,O015
D1204,HAS_SYMPTOM,S1630
D1204,HAS_SYMPTOM,S133
D1204,HAS_SYMPTOM,S3459
D1204,HAS_SYMPTOM,S3460
D1204,HAS_SYMPTOM,S2626
D1204,HAS_CAUSE,CA2875
D1204,HAS_CAUSE,CA2876
D1204,HAS_CAUSE,CA943
D1204,HAS_CAUSE,CA2877
D1204,HAS_CAUSE,CA2878
D1204,HAS_CAUSE,CA2879
D1204,HAS_CAUSE,CA1214
D1204,HAS_CAUSE,CA737
D1204,HAS_CAUSE,CA2880
D1204,HAS_CAUSE,CA2881
D1204,HAS_CAUSE,CA2882
D1204,HAS_CAUSE,CA2883
RF076,INCREASES_RISK_OF,D1204
RF077,INCREASES_RISK_OF,D1204
RF654,INCREASES_RISK_OF,D1204
RF952,INCREASES_RISK_OF,D1204
D1204,MANAGED_BY,TR2201
D1205,HAS_SYMPTOM,S2696
D1205,MANAGED_BY,TR2202
D1206,HAS_SYMPTOM,S3461
D1206,HAS_SYMPTOM,S893
D1206,HAS_SYMPTOM,S3462
D1206,HAS_CAUSE,CA2308
D1206,HAS_CAUSE,CA2884
D1206,HAS_CAUSE,CA2885
D1206,HAS_CAUSE,CA2886
D1206,HAS_CAUSE,CA2887
D1206,HAS_CAUSE,CA2888
D1206,HAS_CAUSE,CA2889
D1206,MANAGED_BY,TR1085
D1206,DIAGNOSED_BY,T1571
D1206,DIAGNOSED_BY,T1572
D1206,CAN_CAUSE,C939
D1207,AFFECTS,O001
D1207,HAS_SYMPTOM,S3463
D1207,HAS_SYMPTOM,S3464
D1207,HAS_SYMPTOM,S3465
D1207,HAS_SYMPTOM,S041
D1207,HAS_SYMPTOM,S133
D1207,HAS_SYMPTOM,S3466
D1207,HAS_SYMPTOM,S3467
D1207,HAS_SYMPTOM,S3468
D1207,HAS_CAUSE,CA1812
D1207,HAS_CAUSE,CA2890
RF953,INCREASES_RISK_OF,D1207
D1207,DIAGNOSED_BY,T1573
D1207,DIAGNOSED_BY,T251
D1207,DIAGNOSED_BY,T1574
D1207,DIAGNOSED_BY,T207
D1207,DIAGNOSED_BY,T1575
D1207,MANAGED_BY,TR150
D1208,HAS_SYMPTOM,S3469
D1208,HAS_SYMPTOM,S2425
D1208,HAS_SYMPTOM,S3470
D1208,HAS_SYMPTOM,S526
D1208,HAS_SYMPTOM,S3471
D1208,HAS_SYMPTOM,S3472
D1208,HAS_CAUSE,CA2891
D1208,CAN_CAUSE,C940
D1209,HAS_SYMPTOM,S3473
D1209,HAS_SYMPTOM,S663
D1209,HAS_SYMPTOM,S093
D1209,HAS_SYMPTOM,S3474
D1209,HAS_CAUSE,CA2892
D1209,MANAGED_BY,TR1011
D1209,DIAGNOSED_BY,T1576
D1209,DIAGNOSED_BY,T1577
D1209,DIAGNOSED_BY,T1578
D1209,MANAGED_BY,TR2203
D1209,MANAGED_BY,TR2204
D1209,MANAGED_BY,TR2205
D1210,HAS_SYMPTOM,S2808
D1210,HAS_SYMPTOM,S3475
D1210,HAS_CAUSE,CA2893
D1210,HAS_CAUSE,CA2894
RF954,INCREASES_RISK_OF,D1210
D1210,MANAGED_BY,TR2204
D1210,MANAGED_BY,TR2206
D1211,HAS_SYMPTOM,S3476
D1211,HAS_SYMPTOM,S3477
D1211,HAS_SYMPTOM,S3478
D1211,HAS_SYMPTOM,S663
D1211,HAS_SYMPTOM,S087
D1211,HAS_SYMPTOM,S3479
D1211,HAS_SYMPTOM,S3480
D1211,HAS_SYMPTOM,S3481
D1211,HAS_SYMPTOM,S3482
D1211,HAS_SYMPTOM,S1286
D1211,HAS_SYMPTOM,S073
D1211,HAS_CAUSE,CA2895
D1211,MANAGED_BY,TR2207
D1211,MANAGED_BY,TR2208
D1211,DIAGNOSED_BY,T885
D1211,DIAGNOSED_BY,T1579
D1211,DIAGNOSED_BY,T1580
D1211,DIAGNOSED_BY,T945
D1211,DIAGNOSED_BY,T028
D1211,DIAGNOSED_BY,T1581
D1212,HAS_SYMPTOM,S3483
D1212,HAS_CAUSE,CA001
D1212,HAS_CAUSE,CA2896
D1212,HAS_CAUSE,CA2897
RF955,INCREASES_RISK_OF,D1212
D1212,MANAGED_BY,TR579
D1212,MANAGED_BY,TR2209
D1212,DIAGNOSED_BY,T1582
D1212,DIAGNOSED_BY,T1583
D1212,CAN_CAUSE,C941
D1212,MANAGED_BY,TR2210
D1213,AFFECTS,O019
D1213,HAS_CAUSE,CA2898
D1213,HAS_CAUSE,CA410
D1213,MANAGED_BY,TR2211
D1213,MANAGED_BY,TR2212
D1213,MANAGED_BY,TR2213
D1213,MANAGED_BY,TR2214
D1213,CAN_CAUSE,C942
D1213,CAN_CAUSE,C943
D1213,CAN_CAUSE,C944
D1213,CAN_CAUSE,C945
D1214,AFFECTS,O019
D1214,HAS_SYMPTOM,S3484
D1214,HAS_SYMPTOM,S041
D1214,HAS_SYMPTOM,S3485
D1214,CAN_CAUSE,C946
D1215,AFFECTS,O002
D1215,HAS_SYMPTOM,S3486
D1215,HAS_SYMPTOM,S647
D1215,HAS_SYMPTOM,S3487
D1215,HAS_SYMPTOM,S1217
D1215,HAS_SYMPTOM,S1218
D1215,HAS_SYMPTOM,S3488
D1215,HAS_CAUSE,CA2899
D1215,DIAGNOSED_BY,T1584
D1215,CAN_CAUSE,C947
D1215,CAN_CAUSE,C948
D1215,MANAGED_BY,TR2215
D1215,MANAGED_BY,TR2216
D1216,HAS_SYMPTOM,S3489
D1216,HAS_SYMPTOM,S3490
D1216,HAS_SYMPTOM,S3491
D1216,HAS_SYMPTOM,S3492
D1216,HAS_SYMPTOM,S3493
D1216,HAS_SYMPTOM,S3494
D1216,HAS_SYMPTOM,S3495
D1216,HAS_SYMPTOM,S3496
D1216,HAS_SYMPTOM,S3497
D1216,HAS_CAUSE,CA2900
D1216,HAS_CAUSE,CA252
RF956,INCREASES_RISK_OF,D1216
RF076,INCREASES_RISK_OF,D1216
RF077,INCREASES_RISK_OF,D1216
D1216,MANAGED_BY,TR2217
D1216,MANAGED_BY,TR059
D1217,HAS_SYMPTOM,S1977
D1217,HAS_SYMPTOM,S3498
D1217,HAS_SYMPTOM,S3499
D1217,HAS_SYMPTOM,S126
D1217,HAS_SYMPTOM,S128
D1217,HAS_SYMPTOM,S127
D1217,HAS_SYMPTOM,S052
D1217,HAS_SYMPTOM,S3500
D1217,HAS_SYMPTOM,S3501
D1217,HAS_SYMPTOM,S130
D1217,HAS_SYMPTOM,S131
D1217,HAS_SYMPTOM,S3502
RF957,INCREASES_RISK_OF,D1218
D1218,MANAGED_BY,TR2218
D1219,AFFECTS,O006
D1219,HAS_SYMPTOM,S141
D1219,HAS_SYMPTOM,S3503
D1219,HAS_SYMPTOM,S1315
D1219,HAS_SYMPTOM,S3504
D1219,HAS_SYMPTOM,S3505
D1219,HAS_CAUSE,CA2901
D1220,AFFECTS,O008
D1220,HAS_SYMPTOM,S3506
D1220,HAS_SYMPTOM,S3507
D1220,HAS_CAUSE,CA2902
D1220,HAS_CAUSE,CA2903
D1220,HAS_CAUSE,CA2904
D1220,HAS_CAUSE,CA2905
RF958,INCREASES_RISK_OF,D1220
RF959,INCREASES_RISK_OF,D1220
RF960,INCREASES_RISK_OF,D1220
RF961,INCREASES_RISK_OF,D1220
RF962,INCREASES_RISK_OF,D1220
RF963,INCREASES_RISK_OF,D1220
RF964,INCREASES_RISK_OF,D1220
RF965,INCREASES_RISK_OF,D1220
RF966,INCREASES_RISK_OF,D1220
RF967,INCREASES_RISK_OF,D1220
RF968,INCREASES_RISK_OF,D1220
RF969,INCREASES_RISK_OF,D1220
D1220,MANAGED_BY,TR2219
D1220,DIAGNOSED_BY,T1060
D1220,DIAGNOSED_BY,T1585
D1220,DIAGNOSED_BY,T1586
D1220,DIAGNOSED_BY,T1587
D1220,DIAGNOSED_BY,T066
D1220,DIAGNOSED_BY,T282
D1220,DIAGNOSED_BY,T005
D1220,DIAGNOSED_BY,T051
D1220,DIAGNOSED_BY,T1588
D1220,DIAGNOSED_BY,T1589
D1220,DIAGNOSED_BY,T1590
D1220,DIAGNOSED_BY,T1591
D1221,HAS_SYMPTOM,S3508
D1221,HAS_SYMPTOM,S3509
D1221,HAS_SYMPTOM,S3510
D1221,HAS_SYMPTOM,S2985
D1221,HAS_SYMPTOM,S292
D1221,HAS_SYMPTOM,S3511
D1221,MANAGED_BY,TR2220
D1221,DIAGNOSED_BY,T1592
D1221,DIAGNOSED_BY,T005
D1221,DIAGNOSED_BY,T022
D1221,DIAGNOSED_BY,T663
D1221,CAN_CAUSE,C949
D1221,CAN_CAUSE,C950
D1221,CAN_CAUSE,C293
D1221,CAN_CAUSE,C951
D1222,HAS_SYMPTOM,S3512
D1222,MANAGED_BY,TR2221
D1222,DIAGNOSED_BY,T005
D1222,DIAGNOSED_BY,T619
D1222,DIAGNOSED_BY,T663
D1222,CAN_CAUSE,C952
D1222,CAN_CAUSE,C953
D1222,CAN_CAUSE,C954
D1223,AFFECTS,O019
D1223,HAS_SYMPTOM,S3513
D1223,HAS_SYMPTOM,S3514
D1223,HAS_CAUSE,CA2906
D1223,HAS_CAUSE,CA1317
D1223,HAS_CAUSE,CA2907
D1223,HAS_CAUSE,CA2908
D1223,HAS_CAUSE,CA2909
D1223,HAS_CAUSE,CA2910
D1223,MANAGED_BY,TR2222
D1224,AFFECTS,O006
D1224,HAS_SYMPTOM,S3313
D1224,HAS_SYMPTOM,S3515
D1224,HAS_SYMPTOM,S3516
D1224,HAS_SYMPTOM,S3517
D1224,HAS_SYMPTOM,S3518
D1224,HAS_SYMPTOM,S3519
D1224,HAS_SYMPTOM,S3520
D1224,HAS_SYMPTOM,S2090
D1224,HAS_SYMPTOM,S3521
D1224,HAS_SYMPTOM,S3522
D1224,HAS_CAUSE,CA2911
D1224,HAS_CAUSE,CA2912
D1224,MANAGED_BY,TR2223
D1224,MANAGED_BY,TR2224
D1224,DIAGNOSED_BY,T1593
D1224,DIAGNOSED_BY,T005
D1224,DIAGNOSED_BY,T191
D1224,DIAGNOSED_BY,T177
D1224,DIAGNOSED_BY,T1594
D1224,DIAGNOSED_BY,T022
D1224,DIAGNOSED_BY,T1595
D1224,CAN_CAUSE,C955
D1224,CAN_CAUSE,C956
D1224,CAN_CAUSE,C957
D1225,HAS_SYMPTOM,S3523
D1225,HAS_SYMPTOM,S3524
D1225,HAS_CAUSE,CA2913
D1225,DIAGNOSED_BY,T005
D1225,DIAGNOSED_BY,T066
D1225,DIAGNOSED_BY,T1596
D1225,DIAGNOSED_BY,T049
D1226,HAS_SYMPTOM,S1122
D1226,HAS_SYMPTOM,S041
D1226,HAS_SYMPTOM,S127
D1226,HAS_SYMPTOM,S3525
D1226,HAS_SYMPTOM,S133
D1226,HAS_SYMPTOM,S187
D1226,HAS_SYMPTOM,S3526
D1226,HAS_CAUSE,CA2914
D1226,HAS_CAUSE,CA2915
D1226,HAS_CAUSE,CA2125
D1226,HAS_CAUSE,CA2092
D1226,HAS_CAUSE,CA2916
D1226,HAS_CAUSE,CA2917
D1226,HAS_CAUSE,CA210
D1226,HAS_CAUSE,CA2918
D1226,HAS_CAUSE,CA943
D1226,HAS_CAUSE,CA818
D1226,HAS_CAUSE,CA182
D1226,HAS_CAUSE,CA365
D1226,MANAGED_BY,TR2225
D1226,MANAGED_BY,TR2226
D1226,MANAGED_BY,TR2227
D1226,DIAGNOSED_BY,T1597
D1226,DIAGNOSED_BY,T1598
D1226,DIAGNOSED_BY,T1599
D1226,DIAGNOSED_BY,T836
D1226,DIAGNOSED_BY,T1600
D1226,DIAGNOSED_BY,T1601
D1226,DIAGNOSED_BY,T1602
D1226,CAN_CAUSE,C958
D1226,CAN_CAUSE,C959
D1226,MANAGED_BY,TR2228
D1227,HAS_CAUSE,CA2919
D1227,HAS_CAUSE,CA2920
D1227,HAS_CAUSE,CA2921
D1227,HAS_CAUSE,CA2922
D1227,HAS_CAUSE,CA2923
D1227,HAS_CAUSE,CA210
D1227,HAS_CAUSE,CA2924
D1227,HAS_CAUSE,CA2925
D1228,HAS_CAUSE,CA2926
RF970,INCREASES_RISK_OF,D1228
RF971,INCREASES_RISK_OF,D1228
RF882,INCREASES_RISK_OF,D1228
RF972,INCREASES_RISK_OF,D1228
D1228,MANAGED_BY,TR2229
D1228,MANAGED_BY,TR2230
D1229,AFFECTS,O005
D1229,HAS_SYMPTOM,S041
D1229,HAS_SYMPTOM,S3527
D1229,HAS_SYMPTOM,S3528
D1229,HAS_SYMPTOM,S3529
D1229,HAS_SYMPTOM,S3530
D1229,HAS_SYMPTOM,S3531
D1229,HAS_CAUSE,CA2927
D1229,MANAGED_BY,TR352
D1229,MANAGED_BY,TR353
D1229,DIAGNOSED_BY,T1603
D1229,DIAGNOSED_BY,T1604
D1229,DIAGNOSED_BY,T1605
D1229,DIAGNOSED_BY,T1606
D1229,DIAGNOSED_BY,T793
D1229,DIAGNOSED_BY,T1607
D1229,DIAGNOSED_BY,T1608
D1229,CAN_CAUSE,C206
D1229,CAN_CAUSE,C960
D1230,HAS_SYMPTOM,S3532
D1230,HAS_SYMPTOM,S331
D1230,HAS_SYMPTOM,S3533
D1230,HAS_SYMPTOM,S3534
D1230,HAS_SYMPTOM,S3535
D1230,HAS_SYMPTOM,S440
D1230,HAS_SYMPTOM,S3536
D1230,HAS_CAUSE,CA2928
D1230,MANAGED_BY,TR2231
D1230,MANAGED_BY,TR2232
D1230,DIAGNOSED_BY,T1609
D1230,CAN_CAUSE,C961
D1230,CAN_CAUSE,C962
D1230,MANAGED_BY,TR2233
D1230,MANAGED_BY,TR2234
D1230,MANAGED_BY,TR2235
D1230,MANAGED_BY,TR2236
D1231,AFFECTS,O005
D1231,HAS_CAUSE,CA2929
D1231,HAS_CAUSE,CA498
D1231,HAS_CAUSE,CA187
D1231,HAS_CAUSE,CA2930
D1231,HAS_CAUSE,CA2931
RF973,INCREASES_RISK_OF,D1231
RF974,INCREASES_RISK_OF,D1231
RF975,INCREASES_RISK_OF,D1231
RF976,INCREASES_RISK_OF,D1231
RF977,INCREASES_RISK_OF,D1231
RF882,INCREASES_RISK_OF,D1231
RF978,INCREASES_RISK_OF,D1231
RF979,INCREASES_RISK_OF,D1231
RF980,INCREASES_RISK_OF,D1231
D1231,MANAGED_BY,TR2237
D1231,DIAGNOSED_BY,T1610
D1231,DIAGNOSED_BY,T005
D1231,DIAGNOSED_BY,T1611
D1231,DIAGNOSED_BY,T1612
D1231,CAN_CAUSE,C963
D1231,MANAGED_BY,TR2238
D1231,MANAGED_BY,TR2239
D1232,HAS_SYMPTOM,S3537
D1232,HAS_SYMPTOM,S3538
D1232,HAS_SYMPTOM,S3539
D1232,HAS_SYMPTOM,S2281
D1232,HAS_SYMPTOM,S3540
D1232,HAS_SYMPTOM,S3541
D1232,HAS_SYMPTOM,S3542
D1232,HAS_SYMPTOM,S3543
D1232,HAS_SYMPTOM,S3544
D1232,HAS_SYMPTOM,S072
D1232,HAS_SYMPTOM,S131
D1232,HAS_SYMPTOM,S3545
D1232,HAS_CAUSE,CA2932
D1232,HAS_CAUSE,CA2933
D1232,DIAGNOSED_BY,T005
D1232,DIAGNOSED_BY,T024
D1232,DIAGNOSED_BY,T1613
D1232,DIAGNOSED_BY,T225
D1232,DIAGNOSED_BY,T251
D1232,DIAGNOSED_BY,T1614
D1232,DIAGNOSED_BY,T205
D1232,DIAGNOSED_BY,T1615
D1233,AFFECTS,O006
D1233,HAS_SYMPTOM,S473
D1233,HAS_SYMPTOM,S3546
D1233,HAS_SYMPTOM,S042
D1233,HAS_SYMPTOM,S3547
D1233,HAS_SYMPTOM,S3548
D1233,HAS_SYMPTOM,S3549
D1233,HAS_SYMPTOM,S3550
D1233,HAS_SYMPTOM,S2637
D1233,HAS_SYMPTOM,S3551
D1233,HAS_SYMPTOM,S077
D1233,HAS_SYMPTOM,S3552
D1233,HAS_CAUSE,CA2934
D1233,HAS_CAUSE,CA2935
D1233,HAS_CAUSE,CA2936
D1233,HAS_CAUSE,CA2937
D1233,HAS_CAUSE,CA2938
D1233,HAS_CAUSE,CA2939
D1233,HAS_CAUSE,CA091
D1233,MANAGED_BY,TR2240
D1233,MANAGED_BY,TR2241
D1233,DIAGNOSED_BY,T327
D1233,DIAGNOSED_BY,T005
D1233,DIAGNOSED_BY,T051
D1233,DIAGNOSED_BY,T191
D1233,DIAGNOSED_BY,T1616
D1233,CAN_CAUSE,C181
D1233,CAN_CAUSE,C182
D1234,HAS_SYMPTOM,S3553
D1234,HAS_SYMPTOM,S3554
D1234,HAS_SYMPTOM,S1627
D1234,HAS_SYMPTOM,S3555
D1234,HAS_SYMPTOM,S3556
D1234,HAS_SYMPTOM,S3557
D1234,HAS_SYMPTOM,S3558
D1234,HAS_CAUSE,CA2940
RF981,INCREASES_RISK_OF,D1234
RF982,INCREASES_RISK_OF,D1234
RF983,INCREASES_RISK_OF,D1234
D1234,MANAGED_BY,TR2242
D1234,DIAGNOSED_BY,T1617
D1234,DIAGNOSED_BY,T1618
D1235,HAS_SYMPTOM,S3559
D1235,HAS_SYMPTOM,S3560
D1235,HAS_SYMPTOM,S3561
D1235,HAS_SYMPTOM,S3562
D1235,HAS_SYMPTOM,S237
D1235,HAS_SYMPTOM,S3563
D1235,HAS_SYMPTOM,S3564
D1235,HAS_SYMPTOM,S635
D1235,HAS_SYMPTOM,S3565
D1235,HAS_SYMPTOM,S3566
D1235,HAS_SYMPTOM,S056
D1235,HAS_SYMPTOM,S127
RF984,INCREASES_RISK_OF,D1235
RF985,INCREASES_RISK_OF,D1235
D1235,MANAGED_BY,TR2243
D1235,MANAGED_BY,TR2244
D1235,MANAGED_BY,TR2245
D1235,MANAGED_BY,TR2246
D1235,DIAGNOSED_BY,T152
D1235,DIAGNOSED_BY,T1619
D1235,DIAGNOSED_BY,T1620
D1235,DIAGNOSED_BY,T1621
D1235,DIAGNOSED_BY,T1622
D1235,DIAGNOSED_BY,T1623
D1235,DIAGNOSED_BY,T1624
D1235,DIAGNOSED_BY,T1625
D1235,CAN_CAUSE,C964
D1235,CAN_CAUSE,C116
D1235,CAN_CAUSE,C598
D1235,CAN_CAUSE,C965
D1235,MANAGED_BY,TR150
D1236,HAS_SYMPTOM,S3567
D1236,HAS_SYMPTOM,S3568
D1236,HAS_SYMPTOM,S934
D1236,HAS_SYMPTOM,S2090
D1236,HAS_SYMPTOM,S487
D1237,HAS_SYMPTOM,S467
D1237,HAS_SYMPTOM,S1176
D1237,HAS_SYMPTOM,S3569
D1237,HAS_SYMPTOM,S3570
D1237,HAS_SYMPTOM,S046
D1237,HAS_SYMPTOM,S3571
D1237,HAS_SYMPTOM,S3572
D1237,HAS_SYMPTOM,S048
D1237,HAS_SYMPTOM,S3573
D1237,HAS_SYMPTOM,S2807
D1237,HAS_SYMPTOM,S1528
D1238,HAS_SYMPTOM,S133
D1238,HAS_SYMPTOM,S3574
D1238,HAS_SYMPTOM,S1692
D1238,HAS_SYMPTOM,S3575
D1238,HAS_SYMPTOM,S3576
D1238,HAS_SYMPTOM,S3577
D1238,HAS_SYMPTOM,S3578
D1238,HAS_SYMPTOM,S3579
D1238,HAS_SYMPTOM,S828
D1238,HAS_SYMPTOM,S3580
D1238,HAS_SYMPTOM,S1636
D1238,HAS_SYMPTOM,S045
RF986,INCREASES_RISK_OF,D1238
RF987,INCREASES_RISK_OF,D1238
RF988,INCREASES_RISK_OF,D1238
RF989,INCREASES_RISK_OF,D1238
D1238,MANAGED_BY,TR2247
D1238,MANAGED_BY,TR2248
D1238,MANAGED_BY,TR2249
D1238,MANAGED_BY,TR2250
D1238,DIAGNOSED_BY,T1626
D1238,DIAGNOSED_BY,T1627
D1239,HAS_SYMPTOM,S3581
D1239,HAS_SYMPTOM,S3582
D1239,HAS_SYMPTOM,S3583
D1239,HAS_CAUSE,CA2941
D1239,HAS_CAUSE,CA2942
D1239,MANAGED_BY,TR2251
D1239,CAN_CAUSE,C966
D1239,CAN_CAUSE,C323
D1239,MANAGED_BY,TR2252
D1239,MANAGED_BY,TR2253
D1240,HAS_CAUSE,CA289
D1240,HAS_CAUSE,CA2943
D1240,HAS_CAUSE,CA2944
D1241,AFFECTS,O012
D1241,HAS_SYMPTOM,S3584
D1241,HAS_CAUSE,CA2945
RF990,INCREASES_RISK_OF,D1241
D1241,MANAGED_BY,TR2254
D1241,MANAGED_BY,TR2255
D1241,MANAGED_BY,TR2256
D1241,MANAGED_BY,TR2257
D1241,MANAGED_BY,TR2258
D1241,MANAGED_BY,TR2259
D1241,MANAGED_BY,TR2260
D1241,MANAGED_BY,TR1136
D1241,MANAGED_BY,TR2261
D1241,MANAGED_BY,TR2262
D1243,HAS_SYMPTOM,S3585
D1243,HAS_SYMPTOM,S3586
D1243,HAS_CAUSE,CA2946
RF991,INCREASES_RISK_OF,D1243
RF992,INCREASES_RISK_OF,D1243
RF993,INCREASES_RISK_OF,D1243
RF994,INCREASES_RISK_OF,D1243
RF995,INCREASES_RISK_OF,D1243
D1243,MANAGED_BY,TR2263
D1243,MANAGED_BY,TR2093
D1243,MANAGED_BY,TR2264
D1243,MANAGED_BY,TR059
D1243,MANAGED_BY,TR2265
D1243,MANAGED_BY,TR2266
D1243,MANAGED_BY,TR2267
D1243,MANAGED_BY,TR2268
D1243,MANAGED_BY,TR2269
D1244,HAS_SYMPTOM,S3587
D1244,HAS_SYMPTOM,S3588
D1244,HAS_SYMPTOM,S605
D1244,HAS_SYMPTOM,S3589
D1244,HAS_CAUSE,CA2947
D1244,HAS_CAUSE,CA2948
D1244,HAS_CAUSE,CA234
D1244,HAS_CAUSE,CA2949
D1244,HAS_CAUSE,CA2950
D1244,HAS_CAUSE,CA2951
D1244,HAS_CAUSE,CA2952
D1244,HAS_CAUSE,CA2953
D1244,HAS_CAUSE,CA2954
D1244,HAS_CAUSE,CA2955
D1244,MANAGED_BY,TR2270
D1244,MANAGED_BY,TR2271
D1244,MANAGED_BY,TR2272
D1244,MANAGED_BY,TR1061
D1244,DIAGNOSED_BY,T1628
D1244,DIAGNOSED_BY,T005
D1244,DIAGNOSED_BY,T051
D1244,MANAGED_BY,TR2273
D1245,AFFECTS,O005
D1245,HAS_SYMPTOM,S3590
D1245,HAS_SYMPTOM,S3591
RF996,INCREASES_RISK_OF,D1245
D1246,HAS_SYMPTOM,S3592
D1246,HAS_SYMPTOM,S3593
D1246,HAS_CAUSE,CA2956
D1246,MANAGED_BY,TR2274
D1246,MANAGED_BY,TR2275
D1246,MANAGED_BY,TR2276
D1246,MANAGED_BY,TR2277
D1246,MANAGED_BY,TR2278
D1247,AFFECTS,O005
D1247,HAS_SYMPTOM,S3594
RF997,INCREASES_RISK_OF,D1247
RF998,INCREASES_RISK_OF,D1247
RF999,INCREASES_RISK_OF,D1247
D1248,HAS_SYMPTOM,S3595
D1248,HAS_SYMPTOM,S3596
D1248,HAS_SYMPTOM,S3597
D1248,HAS_SYMPTOM,S3598
D1248,HAS_SYMPTOM,S1498
D1248,HAS_SYMPTOM,S347
D1248,HAS_SYMPTOM,S3599
D1248,HAS_CAUSE,CA1156
D1248,HAS_CAUSE,CA2957
D1248,HAS_CAUSE,CA2958
D1248,HAS_CAUSE,CA677
D1248,HAS_CAUSE,CA2959
D1248,HAS_CAUSE,CA2960
D1248,HAS_CAUSE,CA2961
D1248,HAS_CAUSE,CA2077
D1248,HAS_CAUSE,CA2962
D1248,HAS_CAUSE,CA2963
D1248,HAS_CAUSE,CA378
D1248,HAS_CAUSE,CA309
RF057,INCREASES_RISK_OF,D1248
D1248,MANAGED_BY,TR2279
D1248,MANAGED_BY,TR2280
D1248,MANAGED_BY,TR2281
D1248,MANAGED_BY,TR2282
D1248,DIAGNOSED_BY,T1629
D1248,DIAGNOSED_BY,T1630
D1248,DIAGNOSED_BY,T1631
D1248,DIAGNOSED_BY,T1632
D1248,CAN_CAUSE,C967
D1248,CAN_CAUSE,C968
D1248,CAN_CAUSE,C969
D1248,CAN_CAUSE,C463
D1248,CAN_CAUSE,C970
D1248,CAN_CAUSE,C971
D1248,CAN_CAUSE,C972
D1249,HAS_CAUSE,CA2964
D1249,HAS_CAUSE,CA2965
D1249,HAS_CAUSE,CA884
D1249,HAS_CAUSE,CA252
D1249,HAS_CAUSE,CA2966
D1250,AFFECTS,O019
D1250,HAS_CAUSE,CA2967
D1250,HAS_CAUSE,CA392
D1250,HAS_CAUSE,CA2968
D1250,HAS_CAUSE,CA008
D1250,HAS_CAUSE,CA2969
D1250,HAS_CAUSE,CA2970
D1250,HAS_CAUSE,CA2971
D1250,HAS_CAUSE,CA2972
D1251,HAS_SYMPTOM,S367
D1251,HAS_SYMPTOM,S3600
D1251,HAS_SYMPTOM,S3601
D1251,HAS_CAUSE,CA2973
D1251,HAS_CAUSE,CA2974
D1251,HAS_CAUSE,CA2975
D1251,HAS_CAUSE,CA2976
D1251,MANAGED_BY,TR2283
D1251,MANAGED_BY,TR2284
D1251,MANAGED_BY,TR2285
D1251,MANAGED_BY,TR2286
D1251,MANAGED_BY,TR2287
D1251,DIAGNOSED_BY,T178
D1251,DIAGNOSED_BY,T1607
D1251,DIAGNOSED_BY,T1633
D1252,AFFECTS,O006
D1252,HAS_SYMPTOM,S3602
D1252,HAS_SYMPTOM,S3550
D1252,HAS_SYMPTOM,S2637
D1252,HAS_SYMPTOM,S3603
D1252,HAS_SYMPTOM,S077
D1252,HAS_SYMPTOM,S3552
D1252,HAS_CAUSE,CA2977
D1252,HAS_CAUSE,CA391
D1252,HAS_CAUSE,CA2978
D1252,HAS_CAUSE,CA2979
D1252,HAS_CAUSE,CA2980
D1252,HAS_CAUSE,CA2981
D1252,HAS_CAUSE,CA2982
D1252,HAS_CAUSE,CA008
D1252,HAS_CAUSE,CA2983
D1252,HAS_CAUSE,CA2984
D1252,HAS_CAUSE,CA091
D1252,MANAGED_BY,TR2288
D1252,MANAGED_BY,TR2289
D1252,MANAGED_BY,TR2290
D1252,DIAGNOSED_BY,T327
D1252,DIAGNOSED_BY,T005
D1252,DIAGNOSED_BY,T051
D1252,DIAGNOSED_BY,T191
D1252,DIAGNOSED_BY,T1616
D1252,CAN_CAUSE,C181
D1252,CAN_CAUSE,C004
D1252,MANAGED_BY,TR2291
D1253,HAS_SYMPTOM,S3604
D1253,HAS_SYMPTOM,S3605
D1253,HAS_SYMPTOM,S3606
D1253,HAS_SYMPTOM,S3607
D1253,HAS_CAUSE,CA2985
RF1000,INCREASES_RISK_OF,D1253
D1253,MANAGED_BY,TR697
D1253,MANAGED_BY,TR352
D1253,MANAGED_BY,TR353
D1253,MANAGED_BY,TR2292
D1254,HAS_SYMPTOM,S3608
D1254,HAS_SYMPTOM,S3602
D1254,HAS_SYMPTOM,S132
D1254,HAS_SYMPTOM,S3609
D1254,HAS_SYMPTOM,S3610
D1254,HAS_SYMPTOM,S186
D1254,HAS_SYMPTOM,S329
D1254,HAS_SYMPTOM,S098
D1254,HAS_SYMPTOM,S3611
D1256,AFFECTS,O013
D1256,HAS_SYMPTOM,S127
D1256,HAS_SYMPTOM,S3612
D1256,HAS_SYMPTOM,S3613
D1256,HAS_SYMPTOM,S770
D1256,HAS_SYMPTOM,S3614
D1256,HAS_SYMPTOM,S332
D1256,HAS_SYMPTOM,S3615
D1256,HAS_SYMPTOM,S440
D1256,HAS_SYMPTOM,S664
D1256,HAS_SYMPTOM,S330
D1256,HAS_SYMPTOM,S130
D1257,AFFECTS,O013
D1257,HAS_SYMPTOM,S3616
D1257,HAS_SYMPTOM,S3617
D1257,HAS_SYMPTOM,S3618
D1257,HAS_SYMPTOM,S3619
D1257,HAS_CAUSE,CA2986
D1257,HAS_CAUSE,CA092
D1257,HAS_CAUSE,CA2987
D1257,HAS_CAUSE,CA2988
D1257,HAS_CAUSE,CA2989
D1257,HAS_CAUSE,CA2990
D1257,HAS_CAUSE,CA2991
D1257,HAS_CAUSE,CA2992
RF1001,INCREASES_RISK_OF,D1257
RF1002,INCREASES_RISK_OF,D1257
RF1003,INCREASES_RISK_OF,D1257
RF1004,INCREASES_RISK_OF,D1257
RF1005,INCREASES_RISK_OF,D1257
D1257,MANAGED_BY,TR2293
D1257,MANAGED_BY,TR2294
D1258,AFFECTS,O013
D1258,HAS_SYMPTOM,S127
D1258,HAS_SYMPTOM,S2483
D1258,HAS_SYMPTOM,S3620
D1258,HAS_SYMPTOM,S770
D1258,HAS_SYMPTOM,S3621
D1258,HAS_SYMPTOM,S332
D1258,HAS_SYMPTOM,S2485
D1258,HAS_SYMPTOM,S440
D1258,HAS_SYMPTOM,S329
D1258,HAS_SYMPTOM,S3622
D1259,AFFECTS,O013
D1259,HAS_SYMPTOM,S758
D1259,HAS_SYMPTOM,S514
D1259,HAS_SYMPTOM,S518
D1259,HAS_SYMPTOM,S3623
D1259,HAS_SYMPTOM,S3624
D1259,HAS_SYMPTOM,S760
D1259,HAS_SYMPTOM,S126
D1259,HAS_SYMPTOM,S219
D1259,HAS_SYMPTOM,S3625
D1259,HAS_SYMPTOM,S3626
D1260,AFFECTS,O013
D1261,AFFECTS,O002
D1261,HAS_SYMPTOM,S133
D1261,HAS_SYMPTOM,S706
D1261,HAS_SYMPTOM,S3176
D1261,HAS_SYMPTOM,S056
D1261,HAS_SYMPTOM,S1901
D1261,HAS_CAUSE,CA2993
D1261,HAS_CAUSE,CA2994
D1261,HAS_CAUSE,CA2995
D1261,MANAGED_BY,TR2295
D1261,MANAGED_BY,TR2296
D1261,DIAGNOSED_BY,T1634
D1261,DIAGNOSED_BY,T1635
D1261,CAN_CAUSE,C973
D1261,CAN_CAUSE,C006
D1261,CAN_CAUSE,C974
D1261,MANAGED_BY,TR2297
D1262,HAS_CAUSE,CA2996
D1262,HAS_CAUSE,CA2997
D1263,HAS_SYMPTOM,S3627
D1263,HAS_CAUSE,CA2998
D1263,MANAGED_BY,TR2298
D1263,MANAGED_BY,TR2299
D1265,HAS_CAUSE,CA2999
D1265,MANAGED_BY,TR2300
D1265,MANAGED_BY,TR2301
D1266,HAS_SYMPTOM,S3628
RF1006,INCREASES_RISK_OF,D1266
RF1007,INCREASES_RISK_OF,D1266
D1267,AFFECTS,O004
D1267,HAS_SYMPTOM,S052
D1267,HAS_SYMPTOM,S284
D1267,HAS_SYMPTOM,S3629
D1268,HAS_CAUSE,CA3000
D1268,HAS_CAUSE,CA3001
D1268,HAS_CAUSE,CA3002
D1268,HAS_CAUSE,CA3003
D1268,HAS_CAUSE,CA3004
D1268,HAS_CAUSE,CA2465
D1268,HAS_CAUSE,CA3005
D1268,HAS_CAUSE,CA3006
D1269,AFFECTS,O019
D1269,MANAGED_BY,TR2302
D1269,MANAGED_BY,TR2303
D1269,MANAGED_BY,TR2304
D1269,MANAGED_BY,TR2305
D1269,MANAGED_BY,TR2306
D1270,HAS_SYMPTOM,S3630
D1270,HAS_SYMPTOM,S3631
D1270,HAS_SYMPTOM,S3632
D1270,HAS_CAUSE,CA2170
D1270,HAS_CAUSE,CA3007
D1270,HAS_CAUSE,CA3008
RF1008,INCREASES_RISK_OF,D1270
RF1009,INCREASES_RISK_OF,D1270
D1271,HAS_SYMPTOM,S3633
D1271,HAS_SYMPTOM,S3634
D1271,HAS_SYMPTOM,S042
D1271,HAS_SYMPTOM,S324
D1271,HAS_CAUSE,CA3009
D1271,HAS_CAUSE,CA3010
D1271,MANAGED_BY,TR2307
D1271,MANAGED_BY,TR2308
D1271,MANAGED_BY,TR2309
D1271,MANAGED_BY,TR2310
D1271,DIAGNOSED_BY,T1636
D1271,DIAGNOSED_BY,T1637
D1271,DIAGNOSED_BY,T005
D1271,DIAGNOSED_BY,T051
D1271,DIAGNOSED_BY,T225
D1271,CAN_CAUSE,C011
D1271,CAN_CAUSE,C975
D1271,CAN_CAUSE,C976
D1271,MANAGED_BY,TR352
D1271,MANAGED_BY,TR353
D1272,AFFECTS,O007
D1272,HAS_SYMPTOM,S3635
D1272,HAS_SYMPTOM,S497
D1272,HAS_CAUSE,CA3011
D1272,HAS_CAUSE,CA3012
D1272,HAS_CAUSE,CA3013
D1272,HAS_CAUSE,CA131
D1272,HAS_CAUSE,CA3014
D1272,HAS_CAUSE,CA365
D1272,HAS_CAUSE,CA3015
D1272,HAS_CAUSE,CA210
D1272,HAS_CAUSE,CA3016
D1272,HAS_CAUSE,CA3017
D1272,HAS_CAUSE,CA3018
D1272,HAS_CAUSE,CA1790
RF1010,INCREASES_RISK_OF,D1272
RF1011,INCREASES_RISK_OF,D1272
RF1012,INCREASES_RISK_OF,D1272
RF1013,INCREASES_RISK_OF,D1272
RF1014,INCREASES_RISK_OF,D1272
RF1015,INCREASES_RISK_OF,D1272
RF1016,INCREASES_RISK_OF,D1272
D1274,HAS_SYMPTOM,S052
D1274,HAS_SYMPTOM,S3434
D1274,HAS_SYMPTOM,S3636
D1274,HAS_CAUSE,CA3019
D1274,MANAGED_BY,TR2311
D1274,MANAGED_BY,TR2312
D1274,CAN_CAUSE,C977
D1274,CAN_CAUSE,C978
D1274,CAN_CAUSE,C697
D1274,CAN_CAUSE,C979
D1275,HAS_SYMPTOM,S3637
D1275,HAS_SYMPTOM,S3638
D1275,HAS_SYMPTOM,S3639
D1275,HAS_SYMPTOM,S128
D1275,HAS_SYMPTOM,S970
D1275,HAS_SYMPTOM,S3640
D1275,HAS_SYMPTOM,S3641
D1275,HAS_SYMPTOM,S3642
D1275,HAS_SYMPTOM,S616
D1275,HAS_SYMPTOM,S3643
D1275,HAS_SYMPTOM,S3644
D1275,HAS_SYMPTOM,S562
D1275,HAS_CAUSE,CA378
RF1017,INCREASES_RISK_OF,D1275
RF1018,INCREASES_RISK_OF,D1275
RF1019,INCREASES_RISK_OF,D1275
RF1020,INCREASES_RISK_OF,D1275
RF1021,INCREASES_RISK_OF,D1275
D1276,HAS_SYMPTOM,S3645
D1276,HAS_SYMPTOM,S3646
D1276,HAS_SYMPTOM,S367
D1276,HAS_SYMPTOM,S3647
D1276,HAS_SYMPTOM,S2791
D1276,HAS_SYMPTOM,S3648
D1276,HAS_SYMPTOM,S261
D1276,HAS_SYMPTOM,S3649
D1276,HAS_SYMPTOM,S3650
RF1022,INCREASES_RISK_OF,D1276
RF280,INCREASES_RISK_OF,D1276
D1276,MANAGED_BY,TR2313
D1278,HAS_SYMPTOM,S3651
D1278,MANAGED_BY,TR2314
D1278,MANAGED_BY,TR2315
D1278,MANAGED_BY,TR2316
D1280,HAS_SYMPTOM,S3652
D1280,HAS_SYMPTOM,S3653
D1280,HAS_CAUSE,CA3020
D1280,HAS_CAUSE,CA1118
D1280,HAS_CAUSE,CA3021
D1280,HAS_CAUSE,CA3022
D1281,HAS_CAUSE,CA3023
D1281,HAS_CAUSE,CA3024
D1281,HAS_CAUSE,CA3025
D1281,HAS_CAUSE,CA3026
D1281,HAS_CAUSE,CA3027
D1281,HAS_CAUSE,CA3028
D1281,HAS_CAUSE,CA3029
D1281,HAS_CAUSE,CA3030
RF1023,INCREASES_RISK_OF,D1281
D1281,CAN_CAUSE,C980
D1281,MANAGED_BY,TR2317
D1282,HAS_CAUSE,CA3031
D1282,HAS_CAUSE,CA3032
D1282,HAS_CAUSE,CA1903
D1282,HAS_CAUSE,CA558
D1282,HAS_CAUSE,CA3033
D1282,HAS_CAUSE,CA3034
D1282,HAS_CAUSE,CA3035
D1282,HAS_CAUSE,CA3036
D1282,HAS_CAUSE,CA3037
D1282,HAS_CAUSE,CA3038
D1282,HAS_CAUSE,CA3039
D1282,HAS_CAUSE,CA1156
D1283,HAS_SYMPTOM,S2696
D1283,HAS_CAUSE,CA3040
D1283,HAS_CAUSE,CA1156
D1283,HAS_CAUSE,CA3041
D1283,HAS_CAUSE,CA3042
D1283,HAS_CAUSE,CA3043
D1283,HAS_CAUSE,CA3044
D1283,HAS_CAUSE,CA093
D1283,HAS_CAUSE,CA3045
D1283,HAS_CAUSE,CA3046
D1283,HAS_CAUSE,CA3047
D1283,HAS_CAUSE,CA3048
D1283,HAS_CAUSE,CA3049
RF1024,INCREASES_RISK_OF,D1283
RF1025,INCREASES_RISK_OF,D1283
D1283,MANAGED_BY,TR2318
D1283,MANAGED_BY,TR2319
D1283,MANAGED_BY,TR2320
D1283,MANAGED_BY,TR2321
D1283,MANAGED_BY,TR2322
D1283,MANAGED_BY,TR2323
D1286,HAS_SYMPTOM,S3654
D1286,HAS_SYMPTOM,S3655
D1286,HAS_CAUSE,CA3050
D1286,HAS_CAUSE,CA3051
D1286,HAS_CAUSE,CA3052
D1286,HAS_CAUSE,CA3053
D1286,HAS_CAUSE,CA3054
D1286,HAS_CAUSE,CA378
D1286,HAS_CAUSE,CA3055
RF1026,INCREASES_RISK_OF,D1286
RF1027,INCREASES_RISK_OF,D1286
RF1028,INCREASES_RISK_OF,D1286
RF1029,INCREASES_RISK_OF,D1286
RF1030,INCREASES_RISK_OF,D1286
RF1031,INCREASES_RISK_OF,D1286
RF1032,INCREASES_RISK_OF,D1286
RF1033,INCREASES_RISK_OF,D1286
RF1034,INCREASES_RISK_OF,D1286
D1286,MANAGED_BY,TR2324
D1286,MANAGED_BY,TR233
D1286,MANAGED_BY,TR278
D1286,MANAGED_BY,TR2325
D1287,HAS_CAUSE,CA3056
D1287,HAS_CAUSE,CA3057
D1287,HAS_CAUSE,CA3058
D1287,HAS_CAUSE,CA3059
D1287,HAS_CAUSE,CA3060
D1287,HAS_CAUSE,CA3061
D1287,HAS_CAUSE,CA3062
D1287,HAS_CAUSE,CA111
D1287,MANAGED_BY,TR2326
D1287,MANAGED_BY,TR2327
D1287,DIAGNOSED_BY,T1638
D1287,DIAGNOSED_BY,T1639
D1287,DIAGNOSED_BY,T1640
D1287,MANAGED_BY,TR2328
D1287,MANAGED_BY,TR2329
D1287,MANAGED_BY,TR2330
D1288,AFFECTS,O001
D1288,AFFECTS,O002
D1289,AFFECTS,O001
D1289,HAS_SYMPTOM,S3656
D1289,HAS_CAUSE,CA3063
D1289,HAS_CAUSE,CA3064
RF1035,INCREASES_RISK_OF,D1289
RF1036,INCREASES_RISK_OF,D1289
RF1037,INCREASES_RISK_OF,D1289
RF682,INCREASES_RISK_OF,D1289
RF1038,INCREASES_RISK_OF,D1289
RF1039,INCREASES_RISK_OF,D1289
RF1040,INCREASES_RISK_OF,D1289
RF1041,INCREASES_RISK_OF,D1289
RF1042,INCREASES_RISK_OF,D1289
RF1043,INCREASES_RISK_OF,D1289
D1290,AFFECTS,O001
D1290,AFFECTS,O005
D1290,HAS_SYMPTOM,S3657
D1290,HAS_SYMPTOM,S3658
D1290,HAS_SYMPTOM,S3659
D1290,HAS_SYMPTOM,S928
D1290,HAS_SYMPTOM,S205
D1290,HAS_SYMPTOM,S3660
D1290,HAS_SYMPTOM,S3661
D1290,HAS_CAUSE,CA3065
D1290,MANAGED_BY,TR2331
D1290,MANAGED_BY,TR2332
D1290,MANAGED_BY,TR2333
D1291,AFFECTS,O001
D1291,HAS_SYMPTOM,S3662
D1291,MANAGED_BY,TR2334
D1291,MANAGED_BY,TR2335
D1291,CAN_CAUSE,C981
D1291,CAN_CAUSE,C982
D1292,AFFECTS,O001
D1293,AFFECTS,O001
D1294,AFFECTS,O001
D1294,HAS_SYMPTOM,S3663
D1294,HAS_CAUSE,CA3066
RF1044,INCREASES_RISK_OF,D1294
RF1045,INCREASES_RISK_OF,D1294
RF1046,INCREASES_RISK_OF,D1294
RF1047,INCREASES_RISK_OF,D1294
RF1048,INCREASES_RISK_OF,D1294
D1294,MANAGED_BY,TR2336
D1294,MANAGED_BY,TR233
D1294,MANAGED_BY,TR278
D1294,MANAGED_BY,TR2337
D1295,AFFECTS,O001
D1295,HAS_SYMPTOM,S3664
D1295,HAS_CAUSE,CA1660
D1295,HAS_CAUSE,CA1661
D1295,HAS_CAUSE,CA1662
D1295,HAS_CAUSE,CA1663
D1295,HAS_CAUSE,CA3067
D1295,HAS_CAUSE,CA3068
D1295,HAS_CAUSE,CA3069
D1295,HAS_CAUSE,CA3070
D1295,HAS_CAUSE,CA3071
D1295,HAS_CAUSE,CA1946
RF1049,INCREASES_RISK_OF,D1295
RF1050,INCREASES_RISK_OF,D1295
RF1051,INCREASES_RISK_OF,D1295
RF1052,INCREASES_RISK_OF,D1295
RF1053,INCREASES_RISK_OF,D1295
RF1054,INCREASES_RISK_OF,D1295
RF1055,INCREASES_RISK_OF,D1295
RF1056,INCREASES_RISK_OF,D1295
RF1057,INCREASES_RISK_OF,D1295
D1295,MANAGED_BY,TR2338
D1295,MANAGED_BY,TR2339
D1295,MANAGED_BY,TR2340
D1295,MANAGED_BY,TR2341
D1295,MANAGED_BY,TR2342
D1295,MANAGED_BY,TR2343
D1295,DIAGNOSED_BY,T1641
D1295,DIAGNOSED_BY,T1642
D1295,DIAGNOSED_BY,T1643
D1295,DIAGNOSED_BY,T1644
D1295,MANAGED_BY,TR1288
D1296,AFFECTS,O001
D1296,HAS_SYMPTOM,S3665
D1296,HAS_SYMPTOM,S093
D1296,HAS_SYMPTOM,S3666
D1296,HAS_SYMPTOM,S3667
D1296,HAS_SYMPTOM,S3668
D1296,HAS_CAUSE,CA3072
D1296,HAS_CAUSE,CA3073
D1296,HAS_CAUSE,CA3074
D1296,HAS_CAUSE,CA3075
D1296,HAS_CAUSE,CA3076
D1296,HAS_CAUSE,CA3077
D1296,HAS_CAUSE,CA3078
D1296,HAS_CAUSE,CA3079
D1296,MANAGED_BY,TR2344
D1296,MANAGED_BY,TR2345
D1296,DIAGNOSED_BY,T1641
D1296,DIAGNOSED_BY,T1642
D1296,DIAGNOSED_BY,T1645
D1296,DIAGNOSED_BY,T1646
D1296,DIAGNOSED_BY,T1647
D1297,AFFECTS,O001
D1297,HAS_SYMPTOM,S3669
D1297,HAS_SYMPTOM,S045
D1297,HAS_SYMPTOM,S3670
D1297,HAS_SYMPTOM,S046
D1297,HAS_SYMPTOM,S3671
D1297,HAS_SYMPTOM,S3672
D1297,HAS_SYMPTOM,S3673
D1297,HAS_CAUSE,CA2570
D1297,HAS_CAUSE,CA3080
D1297,HAS_CAUSE,CA008
RF1058,INCREASES_RISK_OF,D1297
RF1059,INCREASES_RISK_OF,D1297
RF197,INCREASES_RISK_OF,D1297
RF1060,INCREASES_RISK_OF,D1297
RF1061,INCREASES_RISK_OF,D1297
RF682,INCREASES_RISK_OF,D1297
RF1062,INCREASES_RISK_OF,D1297
RF1063,INCREASES_RISK_OF,D1297
D1298,AFFECTS,O001
D1299,AFFECTS,O001
D1299,HAS_SYMPTOM,S3674
D1299,HAS_SYMPTOM,S3675
D1299,HAS_SYMPTOM,S3676
D1299,HAS_SYMPTOM,S3677
D1299,HAS_SYMPTOM,S3678
D1299,HAS_CAUSE,CA3081
D1299,HAS_CAUSE,CA1903
D1299,HAS_CAUSE,CA2570
D1299,HAS_CAUSE,CA3082
D1299,HAS_CAUSE,CA3083
RF1004,INCREASES_RISK_OF,D1299
RF1064,INCREASES_RISK_OF,D1299
RF1065,INCREASES_RISK_OF,D1299
D1300,AFFECTS,O001
D1301,AFFECTS,O001
D1301,HAS_CAUSE,CA3084
RF1066,INCREASES_RISK_OF,D1301
RF1067,INCREASES_RISK_OF,D1301
RF1068,INCREASES_RISK_OF,D1301
D1302,AFFECTS,O001
D1303,HAS_CAUSE,CA2817
D1303,HAS_CAUSE,CA2818
D1303,HAS_CAUSE,CA3085
D1303,HAS_CAUSE,CA2820
D1303,HAS_CAUSE,CA801
D1303,HAS_CAUSE,CA3086
RF1069,INCREASES_RISK_OF,D1303
RF1070,INCREASES_RISK_OF,D1303
RF1071,INCREASES_RISK_OF,D1303
D1304,HAS_SYMPTOM,S965
D1304,HAS_SYMPTOM,S087
D1304,HAS_SYMPTOM,S3679
D1304,HAS_SYMPTOM,S1122
D1304,HAS_SYMPTOM,S3680
D1304,HAS_SYMPTOM,S141
D1304,HAS_SYMPTOM,S042
D1304,HAS_SYMPTOM,S3681
D1304,HAS_SYMPTOM,S3682
D1304,HAS_SYMPTOM,S3683
D1304,HAS_SYMPTOM,S3684
D1304,HAS_CAUSE,CA3087
D1304,HAS_CAUSE,CA1964
D1304,HAS_CAUSE,CA3088
D1304,HAS_CAUSE,CA3089
D1304,MANAGED_BY,TR2346
D1304,MANAGED_BY,TR2347
D1305,HAS_SYMPTOM,S3685
D1305,HAS_SYMPTOM,S3686
D1305,HAS_SYMPTOM,S3687
RF1072,INCREASES_RISK_OF,D1305
RF1073,INCREASES_RISK_OF,D1305
RF1074,INCREASES_RISK_OF,D1305
RF1075,INCREASES_RISK_OF,D1305
RF1076,INCREASES_RISK_OF,D1305
RF1077,INCREASES_RISK_OF,D1305
RF1078,INCREASES_RISK_OF,D1305
D1305,MANAGED_BY,TR2348
D1305,MANAGED_BY,TR2349
D1305,MANAGED_BY,TR2350
D1306,HAS_SYMPTOM,S3688
D1306,HAS_SYMPTOM,S3689
D1306,HAS_CAUSE,CA3090
D1306,HAS_CAUSE,CA3091
RF1079,INCREASES_RISK_OF,D1306
RF1080,INCREASES_RISK_OF,D1306
RF1081,INCREASES_RISK_OF,D1306
RF1082,INCREASES_RISK_OF,D1306
D1306,MANAGED_BY,TR2351
D1306,MANAGED_BY,TR2352
D1306,MANAGED_BY,TR2353
D1306,MANAGED_BY,TR2354
D1306,MANAGED_BY,TR2355
D1306,MANAGED_BY,TR2356
D1307,HAS_SYMPTOM,S3602
D1307,HAS_SYMPTOM,S664
D1307,HAS_SYMPTOM,S096
D1307,HAS_SYMPTOM,S2650
D1307,HAS_SYMPTOM,S3690
D1307,HAS_SYMPTOM,S3691
D1307,HAS_CAUSE,CA3092
D1307,HAS_CAUSE,CA3093
D1307,HAS_CAUSE,CA3094
RF1083,INCREASES_RISK_OF,D1307
RF1084,INCREASES_RISK_OF,D1307
RF1085,INCREASES_RISK_OF,D1307
RF1086,INCREASES_RISK_OF,D1307
RF1087,INCREASES_RISK_OF,D1307
RF1088,INCREASES_RISK_OF,D1307
RF1089,INCREASES_RISK_OF,D1307
RF1090,INCREASES_RISK_OF,D1307
RF1091,INCREASES_RISK_OF,D1307
D1307,MANAGED_BY,TR2357
D1307,MANAGED_BY,TR2358
D1307,MANAGED_BY,TR2359
D1308,AFFECTS,O002
D1308,AFFECTS,O003
D1308,HAS_SYMPTOM,S3692
RF1092,INCREASES_RISK_OF,D1308
RF1093,INCREASES_RISK_OF,D1308
RF1094,INCREASES_RISK_OF,D1308
RF1095,INCREASES_RISK_OF,D1308
D1311,HAS_SYMPTOM,S3693
D1311,HAS_CAUSE,CA1031
D1311,HAS_CAUSE,CA3095
RF1096,INCREASES_RISK_OF,D1311
RF1097,INCREASES_RISK_OF,D1311
D1311,MANAGED_BY,TR2360
D1311,MANAGED_BY,TR2361
D1312,HAS_SYMPTOM,S3694
D1312,HAS_SYMPTOM,S3695
D1312,HAS_SYMPTOM,S3696
D1312,HAS_SYMPTOM,S093
D1312,HAS_SYMPTOM,S3697
D1312,HAS_SYMPTOM,S3698
D1312,HAS_CAUSE,CA152
D1312,MANAGED_BY,TR2362
D1312,MANAGED_BY,TR2363
D1312,MANAGED_BY,TR2364
D1312,MANAGED_BY,TR2365
D1312,MANAGED_BY,TR2366
D1312,MANAGED_BY,TR2367
D1312,MANAGED_BY,TR2368
D1312,DIAGNOSED_BY,T1648
D1312,DIAGNOSED_BY,T1649
D1312,DIAGNOSED_BY,T1650
D1312,DIAGNOSED_BY,T1651
D1312,DIAGNOSED_BY,T1652
D1312,DIAGNOSED_BY,T1653
D1312,CAN_CAUSE,C983
D1312,CAN_CAUSE,C984
D1312,CAN_CAUSE,C985
D1312,CAN_CAUSE,C986
D1313,HAS_SYMPTOM,S3699
D1313,HAS_SYMPTOM,S3700
D1313,HAS_SYMPTOM,S663
D1313,HAS_SYMPTOM,S3701
D1313,HAS_SYMPTOM,S3702
D1313,HAS_SYMPTOM,S3703
D1313,HAS_CAUSE,CA3096
D1313,HAS_CAUSE,CA3097
D1313,HAS_CAUSE,CA3098
D1313,HAS_CAUSE,CA3099
D1313,HAS_CAUSE,CA3100
D1313,HAS_CAUSE,CA2333
D1313,HAS_CAUSE,CA556
D1313,HAS_CAUSE,CA3101
D1313,HAS_CAUSE,CA3102
D1313,MANAGED_BY,TR2369
D1313,MANAGED_BY,TR2370
D1313,MANAGED_BY,TR2371
D1313,MANAGED_BY,TR2372
D1313,DIAGNOSED_BY,T1524
D1313,DIAGNOSED_BY,T1585
D1313,DIAGNOSED_BY,T1654
D1313,DIAGNOSED_BY,T1655
D1313,CAN_CAUSE,C987
D1314,AFFECTS,O002
D1314,HAS_SYMPTOM,S3704
D1314,HAS_SYMPTOM,S046
D1314,HAS_SYMPTOM,S393
D1314,HAS_SYMPTOM,S3705
D1314,HAS_SYMPTOM,S3706
D1314,HAS_SYMPTOM,S664
D1314,HAS_SYMPTOM,S3707
D1314,HAS_SYMPTOM,S3681
D1314,HAS_SYMPTOM,S3708
D1314,HAS_SYMPTOM,S3709
D1314,HAS_CAUSE,CA3103
D1314,HAS_CAUSE,CA3104
RF1098,INCREASES_RISK_OF,D1314
RF1099,INCREASES_RISK_OF,D1314
D1314,MANAGED_BY,TR2373
D1315,AFFECTS,O002
D1315,HAS_SYMPTOM,S3710
D1315,HAS_SYMPTOM,S3711
D1315,HAS_SYMPTOM,S171
D1315,HAS_SYMPTOM,S3712
D1315,HAS_SYMPTOM,S3713
D1315,HAS_SYMPTOM,S3714
D1315,HAS_CAUSE,CA3105
RF1100,INCREASES_RISK_OF,D1315
RF1101,INCREASES_RISK_OF,D1315
D1315,MANAGED_BY,TR2374
D1315,DIAGNOSED_BY,T028
D1315,CAN_CAUSE,C988
D1315,CAN_CAUSE,C989
D1315,CAN_CAUSE,C990
D1315,CAN_CAUSE,C991
D1315,CAN_CAUSE,C992
D1315,MANAGED_BY,TR2375
D1316,HAS_SYMPTOM,S3715
D1316,HAS_SYMPTOM,S3716
D1316,HAS_SYMPTOM,S3717
RF1102,INCREASES_RISK_OF,D1316
D1316,MANAGED_BY,TR2376
D1316,MANAGED_BY,TR2377
D1317,HAS_SYMPTOM,S127
D1317,HAS_SYMPTOM,S3718
D1317,HAS_SYMPTOM,S3719
D1317,HAS_SYMPTOM,S3720
D1317,HAS_SYMPTOM,S131
D1317,HAS_CAUSE,CA1812
RF1103,INCREASES_RISK_OF,D1317
RF083,INCREASES_RISK_OF,D1317
D1317,MANAGED_BY,TR2378
D1317,MANAGED_BY,TR2379
D1317,MANAGED_BY,TR2380
D1317,MANAGED_BY,TR2381
D1317,MANAGED_BY,TR2382
D1317,DIAGNOSED_BY,T1656
D1317,DIAGNOSED_BY,T1657
D1317,DIAGNOSED_BY,T1658
D1317,DIAGNOSED_BY,T1659
D1317,DIAGNOSED_BY,T1660
D1317,DIAGNOSED_BY,T1661
D1317,DIAGNOSED_BY,T1662
D1317,DIAGNOSED_BY,T1663
D1317,DIAGNOSED_BY,T251
D1317,CAN_CAUSE,C993
D1317,CAN_CAUSE,C289
D1317,CAN_CAUSE,C994
D1317,CAN_CAUSE,C995
D1317,CAN_CAUSE,C582
D1317,CAN_CAUSE,C796
D1317,CAN_CAUSE,C996
D1317,CAN_CAUSE,C997
D1317,CAN_CAUSE,C998
D1318,AFFECTS,O008
D1319,HAS_SYMPTOM,S3721
D1319,HAS_SYMPTOM,S3722
D1319,HAS_CAUSE,CA3106
D1319,HAS_CAUSE,CA943
D1319,HAS_CAUSE,CA3107
D1319,MANAGED_BY,TR1321
D1319,DIAGNOSED_BY,T247
D1319,DIAGNOSED_BY,T1664
D1319,DIAGNOSED_BY,T1665
D1319,CAN_CAUSE,C126
D1319,CAN_CAUSE,C999
D1319,CAN_CAUSE,C074
D1320,AFFECTS,O002
D1321,AFFECTS,O002
D1321,HAS_SYMPTOM,S3723
D1321,HAS_SYMPTOM,S018
D1321,HAS_SYMPTOM,S3724
D1321,HAS_SYMPTOM,S3725
D1321,HAS_CAUSE,CA3108
D1321,HAS_CAUSE,CA3109
D1321,HAS_CAUSE,CA222
D1321,MANAGED_BY,TR2383
D1321,MANAGED_BY,TR2384
D1321,DIAGNOSED_BY,T836
D1321,DIAGNOSED_BY,T1666
D1321,DIAGNOSED_BY,T1198
D1321,DIAGNOSED_BY,T1667
D1321,DIAGNOSED_BY,T1668
D1321,DIAGNOSED_BY,T071
D1321,DIAGNOSED_BY,T1200
D1321,DIAGNOSED_BY,T1669
D1321,DIAGNOSED_BY,T1201
D1321,DIAGNOSED_BY,T1670
D1321,DIAGNOSED_BY,T1671
D1322,AFFECTS,O002
D1322,HAS_CAUSE,CA3110
D1322,HAS_CAUSE,CA3111
D1322,HAS_CAUSE,CA3112
D1322,HAS_CAUSE,CA3113
D1322,HAS_CAUSE,CA3114
D1322,HAS_CAUSE,CA3115
D1322,HAS_CAUSE,CA3116
D1322,HAS_CAUSE,CA2427
D1322,HAS_CAUSE,CA3117
D1323,AFFECTS,O002
D1323,HAS_CAUSE,CA3118
D1323,HAS_CAUSE,CA3119
D1323,HAS_CAUSE,CA3120
D1323,HAS_CAUSE,CA3121
D1323,HAS_CAUSE,CA3122
D1323,HAS_CAUSE,CA3123
D1323,HAS_CAUSE,CA3124
D1324,AFFECTS,O002
D1324,HAS_SYMPTOM,S3726
D1324,HAS_CAUSE,CA3125
D1324,HAS_CAUSE,CA3126
D1324,MANAGED_BY,TR2385
D1324,DIAGNOSED_BY,T1672
D1324,DIAGNOSED_BY,T1673
D1324,DIAGNOSED_BY,T1674
D1324,DIAGNOSED_BY,T1675
D1324,DIAGNOSED_BY,T1676
D1324,MANAGED_BY,TR2386
D1325,AFFECTS,O002
D1325,HAS_SYMPTOM,S189
D1325,HAS_SYMPTOM,S3727
D1325,HAS_SYMPTOM,S3728
D1325,HAS_SYMPTOM,S041
D1325,HAS_SYMPTOM,S1664
D1325,HAS_SYMPTOM,S1518
D1325,HAS_CAUSE,CA3127
D1325,HAS_CAUSE,CA3128
D1325,HAS_CAUSE,CA3129
D1325,HAS_CAUSE,CA3130
D1325,HAS_CAUSE,CA3131
D1325,HAS_CAUSE,CA3132
D1325,DIAGNOSED_BY,T1677
D1325,DIAGNOSED_BY,T1678
D1325,DIAGNOSED_BY,T1679
D1325,DIAGNOSED_BY,T1680
D1325,DIAGNOSED_BY,T069
D1325,DIAGNOSED_BY,T1681
D1325,DIAGNOSED_BY,T123
D1325,DIAGNOSED_BY,T1682
D1325,DIAGNOSED_BY,T125
D1325,DIAGNOSED_BY,T1683
D1325,CAN_CAUSE,C030
D1325,CAN_CAUSE,C126
D1325,CAN_CAUSE,C1000
D1325,CAN_CAUSE,C198
D1325,MANAGED_BY,TR2387
D1325,MANAGED_BY,TR2388
D1326,HAS_SYMPTOM,S3729
D1326,HAS_SYMPTOM,S3730
D1326,HAS_SYMPTOM,S3217
D1326,HAS_SYMPTOM,S3731
D1326,HAS_SYMPTOM,S3732
D1326,HAS_SYMPTOM,S3506
D1326,HAS_SYMPTOM,S3733
D1326,HAS_SYMPTOM,S3734
RF1104,INCREASES_RISK_OF,D1326
D1326,MANAGED_BY,TR2389
D1326,MANAGED_BY,TR2390
D1327,AFFECTS,O002
D1327,HAS_SYMPTOM,S096
D1327,HAS_SYMPTOM,S041
D1327,HAS_SYMPTOM,S094
D1327,HAS_SYMPTOM,S3735
D1327,HAS_SYMPTOM,S056
D1327,HAS_SYMPTOM,S3736
D1327,HAS_SYMPTOM,S2637
D1327,HAS_SYMPTOM,S3737
D1327,HAS_SYMPTOM,S2485
D1327,HAS_SYMPTOM,S238
D1327,HAS_SYMPTOM,S3738
D1327,HAS_SYMPTOM,S3739
D1327,HAS_CAUSE,CA3133
D1327,HAS_CAUSE,CA3134
D1327,HAS_CAUSE,CA3135
D1327,HAS_CAUSE,CA3136
D1327,HAS_CAUSE,CA3137
D1327,MANAGED_BY,TR2391
D1327,MANAGED_BY,TR2392
D1327,MANAGED_BY,TR2393
D1327,DIAGNOSED_BY,T1684
D1327,DIAGNOSED_BY,T1685
D1327,DIAGNOSED_BY,T1686
D1327,DIAGNOSED_BY,T1687
D1327,DIAGNOSED_BY,T1688
D1327,DIAGNOSED_BY,T1689
D1327,DIAGNOSED_BY,T1690
D1327,DIAGNOSED_BY,T1691
D1327,DIAGNOSED_BY,T1692
D1327,DIAGNOSED_BY,T089
D1327,DIAGNOSED_BY,T1693
D1327,CAN_CAUSE,C735
D1327,CAN_CAUSE,C712
D1327,CAN_CAUSE,C011
D1327,CAN_CAUSE,C1001
D1327,CAN_CAUSE,C1002
D1327,MANAGED_BY,TR2394
D1327,MANAGED_BY,TR2395
D1328,HAS_SYMPTOM,S3740
D1328,HAS_SYMPTOM,S3741
D1328,HAS_SYMPTOM,S261
D1328,HAS_SYMPTOM,S3742
D1328,HAS_SYMPTOM,S229
D1328,HAS_SYMPTOM,S3743
D1328,HAS_SYMPTOM,S3744
D1328,HAS_CAUSE,CA3138
D1328,HAS_CAUSE,CA3139
D1328,MANAGED_BY,TR2396
D1328,MANAGED_BY,TR2397
D1328,MANAGED_BY,TR2398
D1328,MANAGED_BY,TR2399
D1328,MANAGED_BY,TR2400
D1328,MANAGED_BY,TR2401
D1328,MANAGED_BY,TR2402
D1328,DIAGNOSED_BY,T069
D1328,DIAGNOSED_BY,T1694
D1328,DIAGNOSED_BY,T1695
D1328,CAN_CAUSE,C1003
D1328,CAN_CAUSE,C1004
D1329,AFFECTS,O016
D1330,AFFECTS,O016
D1330,HAS_SYMPTOM,S3745
D1330,HAS_SYMPTOM,S1201
D1330,HAS_SYMPTOM,S3746
D1330,HAS_SYMPTOM,S3747
D1330,HAS_SYMPTOM,S3748
D1330,HAS_CAUSE,CA014
D1330,HAS_CAUSE,CA3140
D1330,HAS_CAUSE,CA3141
RF1105,INCREASES_RISK_OF,D1330
D1330,MANAGED_BY,TR2403
D1330,MANAGED_BY,TR2404
D1330,MANAGED_BY,TR2405
D1330,MANAGED_BY,TR2406
D1330,DIAGNOSED_BY,T1696
D1330,DIAGNOSED_BY,T1697
D1330,DIAGNOSED_BY,T056
D1330,DIAGNOSED_BY,T089
D1330,CAN_CAUSE,C1005
D1330,MANAGED_BY,TR2407
D1330,MANAGED_BY,TR2408
D1330,MANAGED_BY,TR2409
D1330,MANAGED_BY,TR2410
D1330,MANAGED_BY,TR2411
D1330,MANAGED_BY,TR2412
D1330,MANAGED_BY,TR2413
D1330,MANAGED_BY,TR2414
D1331,AFFECTS,O007
D1331,AFFECTS,O002
D1331,HAS_SYMPTOM,S3749
D1331,HAS_SYMPTOM,S045
D1331,HAS_SYMPTOM,S3750
D1331,HAS_SYMPTOM,S187
D1331,HAS_SYMPTOM,S1182
D1331,HAS_SYMPTOM,S1176
D1331,HAS_CAUSE,CA3142
D1331,HAS_CAUSE,CA3143
D1331,HAS_CAUSE,CA1568
D1331,MANAGED_BY,TR2415
D1331,MANAGED_BY,TR2416
D1331,MANAGED_BY,TR2417
D1331,MANAGED_BY,TR2418
D1331,DIAGNOSED_BY,T051
D1331,DIAGNOSED_BY,T005
D1331,CAN_CAUSE,C1006
D1331,MANAGED_BY,TR2419
D1332,HAS_CAUSE,CA3144
D1332,HAS_CAUSE,CA3145
RF1106,INCREASES_RISK_OF,D1332
RF1107,INCREASES_RISK_OF,D1332
RF1108,INCREASES_RISK_OF,D1332
D1333,AFFECTS,O009
D1333,AFFECTS,O006
D1333,HAS_CAUSE,CA3146
D1333,HAS_CAUSE,CA3147
D1333,HAS_CAUSE,CA3148
RF1109,INCREASES_RISK_OF,D1333
RF1110,INCREASES_RISK_OF,D1333
RF1111,INCREASES_RISK_OF,D1333
D1334,AFFECTS,O009
D1334,AFFECTS,O002
D1334,HAS_SYMPTOM,S3751
D1334,HAS_CAUSE,CA3149
D1334,HAS_CAUSE,CA3150
D1335,AFFECTS,O009
D1335,AFFECTS,O002
D1335,HAS_SYMPTOM,S093
D1335,HAS_SYMPTOM,S1126
D1335,HAS_SYMPTOM,S3752
D1335,HAS_SYMPTOM,S1127
D1335,HAS_CAUSE,CA3077
D1335,HAS_CAUSE,CA096
D1335,HAS_CAUSE,CA1099
D1335,HAS_CAUSE,CA3151
D1335,HAS_CAUSE,CA3152
D1335,HAS_CAUSE,CA3153
D1335,HAS_CAUSE,CA1892
D1335,HAS_CAUSE,CA3154
D1335,MANAGED_BY,TR2420
D1335,DIAGNOSED_BY,T1698
D1335,DIAGNOSED_BY,T1699
D1335,DIAGNOSED_BY,T1700
D1335,CAN_CAUSE,C1007
D1335,MANAGED_BY,TR2421
D1336,AFFECTS,O001
D1336,AFFECTS,O009
D1336,HAS_SYMPTOM,S3753
D1336,HAS_SYMPTOM,S3754
D1336,HAS_SYMPTOM,S651
D1336,HAS_SYMPTOM,S3755
D1336,HAS_CAUSE,CA3155
D1336,HAS_CAUSE,CA3156
D1336,HAS_CAUSE,CA222
D1336,HAS_CAUSE,CA3157
D1336,HAS_CAUSE,CA1040
D1336,HAS_CAUSE,CA008
D1336,HAS_CAUSE,CA3158
D1336,HAS_CAUSE,CA3159
D1336,MANAGED_BY,TR2422
D1336,DIAGNOSED_BY,T005
D1336,DIAGNOSED_BY,T028
D1336,DIAGNOSED_BY,T111
D1336,DIAGNOSED_BY,T021
D1336,DIAGNOSED_BY,T1701
D1336,DIAGNOSED_BY,T205
D1336,DIAGNOSED_BY,T251
D1336,DIAGNOSED_BY,T1702
D1337,AFFECTS,O009
D1337,HAS_SYMPTOM,S093
D1337,HAS_SYMPTOM,S133
D1337,HAS_SYMPTOM,S3756
D1337,HAS_SYMPTOM,S042
D1337,HAS_SYMPTOM,S3757
D1337,HAS_SYMPTOM,S3758
D1337,HAS_SYMPTOM,S3759
D1337,HAS_CAUSE,CA556
D1337,HAS_CAUSE,CA3160
D1337,HAS_CAUSE,CA3161
D1337,HAS_CAUSE,CA3162
D1337,HAS_CAUSE,CA3163
RF1112,INCREASES_RISK_OF,D1337
RF1113,INCREASES_RISK_OF,D1337
RF1114,INCREASES_RISK_OF,D1337
RF380,INCREASES_RISK_OF,D1337
RF1115,INCREASES_RISK_OF,D1337
RF545,INCREASES_RISK_OF,D1337
RF639,INCREASES_RISK_OF,D1337
RF640,INCREASES_RISK_OF,D1337
RF825,INCREASES_RISK_OF,D1337
RF260,INCREASES_RISK_OF,D1337
D1337,MANAGED_BY,TR2423
D1337,DIAGNOSED_BY,T1703
D1337,DIAGNOSED_BY,T1704
D1337,DIAGNOSED_BY,T1705
D1337,DIAGNOSED_BY,T1706
D1337,DIAGNOSED_BY,T1707
D1337,DIAGNOSED_BY,T1708
D1337,DIAGNOSED_BY,T1709
D1337,DIAGNOSED_BY,T1710
D1337,DIAGNOSED_BY,T1711
D1337,DIAGNOSED_BY,T1712
D1337,DIAGNOSED_BY,T1713
D1337,DIAGNOSED_BY,T1714
D1337,MANAGED_BY,TR2424
D1337,MANAGED_BY,TR2425
D1337,MANAGED_BY,TR2426
D1337,MANAGED_BY,TR2427
D1337,MANAGED_BY,TR059
D1337,MANAGED_BY,TR2428
D1337,MANAGED_BY,TR2429
D1338,AFFECTS,O009
D1338,HAS_SYMPTOM,S3760
D1338,HAS_SYMPTOM,S3761
D1338,HAS_SYMPTOM,S133
D1338,HAS_SYMPTOM,S3762
D1338,HAS_SYMPTOM,S3763
D1338,HAS_SYMPTOM,S201
D1338,HAS_SYMPTOM,S3764
D1338,HAS_SYMPTOM,S3765
D1338,HAS_SYMPTOM,S3766
D1338,HAS_SYMPTOM,S3767
D1338,HAS_SYMPTOM,S3768
D1338,HAS_CAUSE,CA3164
D1338,HAS_CAUSE,CA3165
D1338,HAS_CAUSE,CA3166
D1338,HAS_CAUSE,CA3167
D1338,MANAGED_BY,TR1081
D1338,MANAGED_BY,TR103
D1338,MANAGED_BY,TR2430
D1338,MANAGED_BY,TR2431
D1338,MANAGED_BY,TR2432
D1338,DIAGNOSED_BY,T1715
D1338,DIAGNOSED_BY,T1716
D1338,DIAGNOSED_BY,T1717
D1338,DIAGNOSED_BY,T1718
D1338,DIAGNOSED_BY,T251
D1338,DIAGNOSED_BY,T1719
D1338,DIAGNOSED_BY,T205
D1338,DIAGNOSED_BY,T210
D1338,DIAGNOSED_BY,T1720
D1338,DIAGNOSED_BY,T1721
D1338,DIAGNOSED_BY,T1722
D1338,DIAGNOSED_BY,T1723
D1338,CAN_CAUSE,C389
D1338,CAN_CAUSE,C993
D1338,CAN_CAUSE,C994
D1338,CAN_CAUSE,C1008
D1338,MANAGED_BY,TR2433
D1338,MANAGED_BY,TR2434
D1338,MANAGED_BY,TR2435
D1338,MANAGED_BY,TR2436
D1339,AFFECTS,O009
D1339,HAS_SYMPTOM,S127
D1339,HAS_SYMPTOM,S3769
D1339,HAS_SYMPTOM,S133
D1339,HAS_SYMPTOM,S1127
D1339,HAS_SYMPTOM,S1202
D1339,HAS_SYMPTOM,S093
D1339,HAS_SYMPTOM,S393
D1339,HAS_SYMPTOM,S130
D1339,HAS_CAUSE,CA3168
D1339,HAS_CAUSE,CA3169
D1339,HAS_CAUSE,CA234
D1339,HAS_CAUSE,CA210
D1339,HAS_CAUSE,CA3170
D1339,MANAGED_BY,TR2437
D1339,MANAGED_BY,TR2438
D1339,MANAGED_BY,TR2439
D1339,MANAGED_BY,TR2440
D1339,DIAGNOSED_BY,T1724
D1339,DIAGNOSED_BY,T1725
D1339,CAN_CAUSE,C1009
D1339,CAN_CAUSE,C1010
D1339,MANAGED_BY,TR2441
D1339,MANAGED_BY,TR2442
D1339,MANAGED_BY,TR2443
D1339,MANAGED_BY,TR2444
D1339,MANAGED_BY,TR1081
D1339,MANAGED_BY,TR2445
D1340,AFFECTS,O009
D1340,HAS_CAUSE,CA3171
D1340,HAS_CAUSE,CA3172
RF1116,INCREASES_RISK_OF,D1340
RF1117,INCREASES_RISK_OF,D1340
RF1118,INCREASES_RISK_OF,D1340
D1340,MANAGED_BY,TR2446
D1340,MANAGED_BY,TR233
D1340,MANAGED_BY,TR278
D1340,MANAGED_BY,TR1543
D1340,MANAGED_BY,TR2447
D1340,MANAGED_BY,TR1545
D1340,MANAGED_BY,TR2448
D1340,MANAGED_BY,TR2449
D1340,MANAGED_BY,TR2450
D1340,MANAGED_BY,TR2451
D1340,MANAGED_BY,TR2452
D1340,MANAGED_BY,TR2453
D1341,AFFECTS,O009
D1341,AFFECTS,O006
D1341,HAS_SYMPTOM,S3770
D1341,HAS_SYMPTOM,S3771
D1341,HAS_SYMPTOM,S3772
D1341,HAS_SYMPTOM,S3773
D1341,HAS_CAUSE,CA3173
D1341,DIAGNOSED_BY,T1726
D1341,DIAGNOSED_BY,T1727
D1341,DIAGNOSED_BY,T1728
D1341,DIAGNOSED_BY,T191
D1341,CAN_CAUSE,C1011
D1341,CAN_CAUSE,C1012
D1341,MANAGED_BY,TR2454
D1341,MANAGED_BY,TR2455
D1342,AFFECTS,O007
D1342,AFFECTS,O009
D1342,HAS_SYMPTOM,S3774
D1342,HAS_SYMPTOM,S3775
D1342,HAS_SYMPTOM,S3776
D1342,HAS_SYMPTOM,S3777
D1342,HAS_CAUSE,CA3174
D1343,AFFECTS,O009
D1343,AFFECTS,O008
D1343,HAS_SYMPTOM,S3778
D1343,HAS_SYMPTOM,S3779
D1343,HAS_SYMPTOM,S3780
D1343,HAS_SYMPTOM,S042
D1343,HAS_SYMPTOM,S3781
D1343,HAS_SYMPTOM,S3782
D1343,HAS_CAUSE,CA222
D1343,HAS_CAUSE,CA3175
D1343,MANAGED_BY,TR2456
D1343,DIAGNOSED_BY,T611
D1343,DIAGNOSED_BY,T1729
D1343,DIAGNOSED_BY,T1730
D1343,DIAGNOSED_BY,T1731
D1343,DIAGNOSED_BY,T1732
D1343,DIAGNOSED_BY,T1733
D1343,DIAGNOSED_BY,T1734
D1343,DIAGNOSED_BY,T1735
D1343,DIAGNOSED_BY,T1736
D1343,DIAGNOSED_BY,T1737
D1343,DIAGNOSED_BY,T1738
D1343,CAN_CAUSE,C154
D1343,CAN_CAUSE,C1013
D1343,CAN_CAUSE,C146
D1343,CAN_CAUSE,C1014
D1343,CAN_CAUSE,C1015
D1343,CAN_CAUSE,C1016
D1344,HAS_CAUSE,CA3176
D1344,HAS_CAUSE,CA3177
D1344,HAS_CAUSE,CA3178
D1344,HAS_CAUSE,CA3179
D1345,HAS_SYMPTOM,S3783
D1345,HAS_SYMPTOM,S3784
D1345,HAS_SYMPTOM,S3785
D1345,HAS_SYMPTOM,S3786
D1345,HAS_CAUSE,CA3180
D1345,DIAGNOSED_BY,T1739
D1345,CAN_CAUSE,C1017
D1345,MANAGED_BY,TR2457
D1345,MANAGED_BY,TR2458
D1346,AFFECTS,O002
D1346,HAS_CAUSE,CA3181
D1346,HAS_CAUSE,CA1812
D1346,HAS_CAUSE,CA3182
D1346,HAS_CAUSE,CA305
D1346,HAS_CAUSE,CA2571
D1346,HAS_CAUSE,CA365
D1346,CAN_CAUSE,C1018
D1346,CAN_CAUSE,C1019
D1346,CAN_CAUSE,C1020
D1347,HAS_SYMPTOM,S095
D1347,HAS_SYMPTOM,S2203
D1347,HAS_SYMPTOM,S096
D1347,HAS_SYMPTOM,S3787
D1347,HAS_SYMPTOM,S3788
D1347,HAS_SYMPTOM,S130
D1347,HAS_CAUSE,CA3183
D1347,MANAGED_BY,TR2459
D1347,DIAGNOSED_BY,T1740
D1347,DIAGNOSED_BY,T1741
D1347,DIAGNOSED_BY,T1742
D1347,DIAGNOSED_BY,T049
D1347,DIAGNOSED_BY,T323
D1347,DIAGNOSED_BY,T251
D1347,DIAGNOSED_BY,T205
D1347,DIAGNOSED_BY,T460
D1347,DIAGNOSED_BY,T125
D1347,CAN_CAUSE,C1021
D1347,CAN_CAUSE,C154
D1347,CAN_CAUSE,C757
D1347,CAN_CAUSE,C1022
D1347,CAN_CAUSE,C289
D1347,CAN_CAUSE,C1023
D1347,CAN_CAUSE,C013
D1348,HAS_SYMPTOM,S3789
D1348,HAS_SYMPTOM,S3790
D1348,HAS_SYMPTOM,S3791
D1348,HAS_SYMPTOM,S697
D1348,HAS_SYMPTOM,S3792
D1348,HAS_CAUSE,CA3184
RF1119,INCREASES_RISK_OF,D1348
D1348,MANAGED_BY,TR2460
D1348,DIAGNOSED_BY,T1743
D1348,DIAGNOSED_BY,T132
D1348,DIAGNOSED_BY,T1744
D1348,DIAGNOSED_BY,T1745
D1348,DIAGNOSED_BY,T1746
D1348,DIAGNOSED_BY,T1747
D1348,DIAGNOSED_BY,T1748
D1348,CAN_CAUSE,C134
D1348,CAN_CAUSE,C1024
D1348,CAN_CAUSE,C1025
D1348,MANAGED_BY,TR2461
D1349,AFFECTS,O002
D1349,HAS_CAUSE,CA3185
D1349,HAS_CAUSE,CA1790
D1349,HAS_CAUSE,CA131
D1349,MANAGED_BY,TR2462
D1349,MANAGED_BY,TR2463
D1349,DIAGNOSED_BY,T1749
D1349,DIAGNOSED_BY,T1750
D1349,DIAGNOSED_BY,T1751
D1349,CAN_CAUSE,C1026
D1350,AFFECTS,O002
D1350,HAS_SYMPTOM,S133
D1350,HAS_SYMPTOM,S096
D1350,HAS_SYMPTOM,S3793
D1350,HAS_CAUSE,CA1812
D1350,HAS_CAUSE,CA3186
D1350,DIAGNOSED_BY,T1752
D1350,DIAGNOSED_BY,T1597
D1350,DIAGNOSED_BY,T1753
D1350,DIAGNOSED_BY,T836
D1350,DIAGNOSED_BY,T1754
D1350,DIAGNOSED_BY,T040
D1350,DIAGNOSED_BY,T1755
D1350,DIAGNOSED_BY,T1756
D1350,DIAGNOSED_BY,T1602
D1350,CAN_CAUSE,C1027
D1350,MANAGED_BY,TR247
D1350,MANAGED_BY,TR2464
D1351,HAS_SYMPTOM,S1512
D1351,HAS_SYMPTOM,S3794
D1351,HAS_SYMPTOM,S3795
D1351,HAS_SYMPTOM,S3796
D1351,HAS_SYMPTOM,S583
D1351,HAS_SYMPTOM,S3657
D1351,HAS_SYMPTOM,S3797
D1351,HAS_SYMPTOM,S663
D1351,HAS_SYMPTOM,S096
D1351,HAS_SYMPTOM,S3798
D1351,HAS_CAUSE,CA3187
D1351,HAS_CAUSE,CA3188
D1351,HAS_CAUSE,CA3189
D1351,HAS_CAUSE,CA3190
D1351,HAS_CAUSE,CA3191
D1351,HAS_CAUSE,CA3192
D1351,MANAGED_BY,TR2465
D1351,MANAGED_BY,TR2466
D1351,DIAGNOSED_BY,T1757
D1351,DIAGNOSED_BY,T1758
D1351,DIAGNOSED_BY,T1759
D1351,DIAGNOSED_BY,T1760
D1351,DIAGNOSED_BY,T1761
D1351,DIAGNOSED_BY,T1762
D1351,DIAGNOSED_BY,T096
D1351,DIAGNOSED_BY,T1763
D1351,DIAGNOSED_BY,T1764
D1351,DIAGNOSED_BY,T049
D1351,DIAGNOSED_BY,T205
D1351,DIAGNOSED_BY,T005
D1351,CAN_CAUSE,C263
D1351,CAN_CAUSE,C1028
D1351,CAN_CAUSE,C013
D1351,CAN_CAUSE,C1029
D1351,CAN_CAUSE,C1030
D1351,MANAGED_BY,TR2467
D1352,HAS_SYMPTOM,S284
D1352,HAS_SYMPTOM,S3799
D1352,HAS_SYMPTOM,S3800
D1352,HAS_CAUSE,CA3193
D1352,HAS_CAUSE,CA3194
D1352,HAS_CAUSE,CA235
D1352,HAS_CAUSE,CA3195
D1352,HAS_CAUSE,CA3196
D1352,HAS_CAUSE,CA110
D1352,HAS_CAUSE,CA410
D1352,HAS_CAUSE,CA3197
D1352,HAS_CAUSE,CA3198
D1352,DIAGNOSED_BY,T1765
D1352,DIAGNOSED_BY,T1766
D1352,CAN_CAUSE,C808
D1352,CAN_CAUSE,C1031
D1352,CAN_CAUSE,C1032
D1352,MANAGED_BY,TR103
D1353,HAS_SYMPTOM,S1754
D1353,HAS_SYMPTOM,S3801
D1353,HAS_SYMPTOM,S3802
D1353,HAS_SYMPTOM,S3803
D1353,HAS_CAUSE,CA3199
D1353,HAS_CAUSE,CA3200
D1353,HAS_CAUSE,CA3201
D1353,HAS_CAUSE,CA3202
D1353,HAS_CAUSE,CA410
D1353,HAS_CAUSE,CA3203
RF1120,INCREASES_RISK_OF,D1353
RF1121,INCREASES_RISK_OF,D1353
D1353,MANAGED_BY,TR2468
D1353,MANAGED_BY,TR2469
D1353,MANAGED_BY,TR2470
D1353,MANAGED_BY,TR2471
D1353,DIAGNOSED_BY,T1767
D1353,CAN_CAUSE,C1033
D1353,CAN_CAUSE,C1034
D1353,CAN_CAUSE,C1035
D1353,CAN_CAUSE,C1036
D1354,HAS_SYMPTOM,S3804
D1354,HAS_SYMPTOM,S3805
D1354,HAS_SYMPTOM,S1488
D1354,HAS_SYMPTOM,S3806
D1354,HAS_SYMPTOM,S3807
D1354,HAS_SYMPTOM,S128
D1354,HAS_SYMPTOM,S089
D1354,HAS_SYMPTOM,S3808
D1354,HAS_SYMPTOM,S3809
D1355,HAS_SYMPTOM,S041
D1355,HAS_SYMPTOM,S663
D1355,HAS_SYMPTOM,S093
D1355,HAS_SYMPTOM,S3810
D1355,HAS_SYMPTOM,S3811
D1355,HAS_CAUSE,CA3204
D1355,MANAGED_BY,TR2472
D1355,CAN_CAUSE,C1037
D1355,MANAGED_BY,TR2473
D1356,AFFECTS,O019
D1356,HAS_SYMPTOM,S3812
D1356,HAS_SYMPTOM,S3813
D1356,HAS_SYMPTOM,S3814
D1356,HAS_SYMPTOM,S3815
D1356,HAS_SYMPTOM,S041
D1356,HAS_SYMPTOM,S3816
D1356,HAS_SYMPTOM,S3817
D1356,HAS_SYMPTOM,S083
D1356,HAS_SYMPTOM,S3818
D1356,HAS_SYMPTOM,S3515
D1356,HAS_SYMPTOM,S3819
D1356,HAS_SYMPTOM,S3820
D1356,HAS_CAUSE,CA3205
D1356,MANAGED_BY,TR2474
D1356,MANAGED_BY,TR2475
D1356,MANAGED_BY,TR2476
D1356,DIAGNOSED_BY,T1768
D1356,DIAGNOSED_BY,T836
D1356,DIAGNOSED_BY,T1769
D1356,DIAGNOSED_BY,T1770
D1356,DIAGNOSED_BY,T1771
D1356,CAN_CAUSE,C1038
D1356,CAN_CAUSE,C1039
D1356,CAN_CAUSE,C1040
D1356,CAN_CAUSE,C1041
D1356,MANAGED_BY,TR2477
D1356,MANAGED_BY,TR2478
D1357,AFFECTS,O019
D1357,HAS_SYMPTOM,S416
D1357,HAS_SYMPTOM,S1498
D1357,HAS_SYMPTOM,S096
D1357,HAS_SYMPTOM,S3821
D1357,HAS_SYMPTOM,S3822
D1357,HAS_SYMPTOM,S3823
D1357,HAS_CAUSE,CA3206
D1357,HAS_CAUSE,CA3207
D1357,DIAGNOSED_BY,T1772
D1357,MANAGED_BY,TR2479
D1357,MANAGED_BY,TR2480
D1358,HAS_CAUSE,CA3208
D1358,HAS_CAUSE,CA3209
D1358,HAS_CAUSE,CA3210
D1358,HAS_CAUSE,CA3211
D1358,HAS_CAUSE,CA3212
D1358,HAS_CAUSE,CA001
D1358,HAS_CAUSE,CA3213
D1359,HAS_SYMPTOM,S3824
D1359,HAS_SYMPTOM,S3825
D1359,HAS_CAUSE,CA3214
RF1122,INCREASES_RISK_OF,D1359
D1359,MANAGED_BY,TR2481
D1359,MANAGED_BY,TR2482
D1359,MANAGED_BY,TR2483
D1359,MANAGED_BY,TR2484
D1359,MANAGED_BY,TR2485
D1359,MANAGED_BY,TR2486
D1359,DIAGNOSED_BY,T005
D1359,DIAGNOSED_BY,T1773
D1359,DIAGNOSED_BY,T1774
D1359,MANAGED_BY,TR2487
D1360,HAS_SYMPTOM,S3826
D1360,HAS_CAUSE,CA3215
D1360,HAS_CAUSE,CA3216
D1360,HAS_CAUSE,CA3217
D1360,HAS_CAUSE,CA3218
RF1123,INCREASES_RISK_OF,D1360
D1361,HAS_SYMPTOM,S3827
D1361,HAS_SYMPTOM,S3828
D1361,HAS_SYMPTOM,S3829
D1361,HAS_SYMPTOM,S3830
D1361,HAS_SYMPTOM,S3831
D1361,HAS_SYMPTOM,S3832
D1361,HAS_SYMPTOM,S3833
D1361,HAS_SYMPTOM,S3834
D1361,HAS_CAUSE,CA3219
D1361,HAS_CAUSE,CA3220
D1362,HAS_SYMPTOM,S3835
D1362,HAS_SYMPTOM,S3836
D1362,HAS_SYMPTOM,S3837
D1362,MANAGED_BY,TR2488
D1362,MANAGED_BY,TR2489
D1362,DIAGNOSED_BY,T005
D1362,DIAGNOSED_BY,T762
D1362,DIAGNOSED_BY,T087
D1362,DIAGNOSED_BY,T267
D1362,DIAGNOSED_BY,T1149
D1362,DIAGNOSED_BY,T1775
D1362,DIAGNOSED_BY,T1776
D1362,CAN_CAUSE,C1042
D1362,CAN_CAUSE,C1043
D1363,AFFECTS,O002
D1363,HAS_CAUSE,CA189
D1363,HAS_CAUSE,CA498
D1363,HAS_CAUSE,CA054
D1363,HAS_CAUSE,CA3221
D1363,HAS_CAUSE,CA3222
D1363,HAS_CAUSE,CA3223
D1363,HAS_CAUSE,CA3224
D1363,HAS_CAUSE,CA3225
D1363,HAS_CAUSE,CA3226
D1363,MANAGED_BY,TR2490
D1363,MANAGED_BY,TR2491
D1363,MANAGED_BY,TR2492
D1363,MANAGED_BY,TR2493
D1363,MANAGED_BY,TR2494
D1363,MANAGED_BY,TR2495
D1363,MANAGED_BY,TR2496
D1363,MANAGED_BY,TR2497
D1363,DIAGNOSED_BY,T1777
D1363,DIAGNOSED_BY,T1778
D1363,DIAGNOSED_BY,T1779
D1363,DIAGNOSED_BY,T1780
D1363,DIAGNOSED_BY,T323
D1363,DIAGNOSED_BY,T1781
D1364,AFFECTS,O001
D1364,HAS_SYMPTOM,S3838
D1364,HAS_CAUSE,CA3227
D1364,HAS_CAUSE,CA3228
D1364,HAS_CAUSE,CA3229
D1364,HAS_CAUSE,CA3230
D1364,HAS_CAUSE,CA498
D1364,HAS_CAUSE,CA2287
D1364,HAS_CAUSE,CA2744
RF1124,INCREASES_RISK_OF,D1364
RF1125,INCREASES_RISK_OF,D1364
D1365,AFFECTS,O001
D1365,HAS_CAUSE,CA3231
D1365,HAS_CAUSE,CA3232
D1365,HAS_CAUSE,CA3233
D1365,HAS_CAUSE,CA3234
D1365,HAS_CAUSE,CA3235
D1365,HAS_CAUSE,CA3236
D1365,HAS_CAUSE,CA3237
D1365,HAS_CAUSE,CA3238
D1365,HAS_CAUSE,CA2139
D1365,HAS_CAUSE,CA3239
D1366,AFFECTS,O001
D1366,AFFECTS,O017
D1366,HAS_SYMPTOM,S3839
D1366,HAS_SYMPTOM,S663
D1366,HAS_SYMPTOM,S3840
D1366,HAS_CAUSE,CA3240
D1366,HAS_CAUSE,CA3241
D1366,MANAGED_BY,TR2498
D1367,AFFECTS,O001
D1367,HAS_SYMPTOM,S3841
D1367,HAS_SYMPTOM,S201
D1367,HAS_SYMPTOM,S132
D1367,HAS_SYMPTOM,S3226
D1367,HAS_SYMPTOM,S229
D1367,HAS_CAUSE,CA3242
D1367,HAS_CAUSE,CA3243
D1367,HAS_CAUSE,CA3244
D1367,HAS_CAUSE,CA3245
D1367,HAS_CAUSE,CA3246
D1367,HAS_CAUSE,CA3247
D1367,HAS_CAUSE,CA3248
D1367,HAS_CAUSE,CA3249
D1367,HAS_CAUSE,CA3250
D1367,HAS_CAUSE,CA3251
D1367,HAS_CAUSE,CA3252
D1367,HAS_CAUSE,CA3253
D1367,DIAGNOSED_BY,T1782
D1368,AFFECTS,O001
D1368,HAS_SYMPTOM,S663
D1368,HAS_SYMPTOM,S095
D1368,HAS_SYMPTOM,S130
D1368,HAS_SYMPTOM,S045
D1368,HAS_CAUSE,CA3254
D1368,HAS_CAUSE,CA3255
D1368,HAS_CAUSE,CA498
RF928,INCREASES_RISK_OF,D1368
RF1126,INCREASES_RISK_OF,D1368
RF1127,INCREASES_RISK_OF,D1368
RF1128,INCREASES_RISK_OF,D1368
RF1129,INCREASES_RISK_OF,D1368
RF1130,INCREASES_RISK_OF,D1368
RF076,INCREASES_RISK_OF,D1368
RF077,INCREASES_RISK_OF,D1368
RF1131,INCREASES_RISK_OF,D1368
RF1132,INCREASES_RISK_OF,D1368
RF1133,INCREASES_RISK_OF,D1368
RF930,INCREASES_RISK_OF,D1368
D1369,AFFECTS,O001
D1369,HAS_CAUSE,CA2744
D1369,HAS_CAUSE,CA3256
D1369,HAS_CAUSE,CA3257
D1369,HAS_CAUSE,CA3258
D1369,MANAGED_BY,TR2499
D1369,MANAGED_BY,TR2500
D1369,MANAGED_BY,TR2501
D1369,MANAGED_BY,TR2502
D1369,MANAGED_BY,TR2503
D1369,DIAGNOSED_BY,T1783
D1369,DIAGNOSED_BY,T1784
D1369,DIAGNOSED_BY,T1785
D1369,DIAGNOSED_BY,T1786
D1369,DIAGNOSED_BY,T1787
D1369,DIAGNOSED_BY,T1788
D1369,DIAGNOSED_BY,T1789
D1369,DIAGNOSED_BY,T1790
D1369,CAN_CAUSE,C1044
D1369,CAN_CAUSE,C134
D1369,CAN_CAUSE,C1045
D1370,HAS_CAUSE,CA3259
RF1134,INCREASES_RISK_OF,D1370
RF1135,INCREASES_RISK_OF,D1370
D1370,MANAGED_BY,TR1221
D1370,MANAGED_BY,TR2504
D1370,MANAGED_BY,TR2505
D1370,MANAGED_BY,TR2506
D1370,MANAGED_BY,TR2507
D1371,HAS_CAUSE,CA189
D1371,HAS_CAUSE,CA498
D1371,HAS_CAUSE,CA330
D1371,HAS_CAUSE,CA1252
D1371,HAS_CAUSE,CA3260
D1371,HAS_CAUSE,CA3261
D1371,HAS_CAUSE,CA3262
D1371,MANAGED_BY,TR2508
D1371,DIAGNOSED_BY,T1791
D1371,DIAGNOSED_BY,T1792
D1371,DIAGNOSED_BY,T1793
D1371,DIAGNOSED_BY,T1794
D1371,DIAGNOSED_BY,T323
D1371,DIAGNOSED_BY,T1781
D1371,DIAGNOSED_BY,T251
D1371,DIAGNOSED_BY,T1795
D1371,DIAGNOSED_BY,T1796
D1371,DIAGNOSED_BY,T1797
D1371,DIAGNOSED_BY,T1798
D1371,DIAGNOSED_BY,T1799
D1372,HAS_SYMPTOM,S045
D1372,HAS_SYMPTOM,S3842
D1372,HAS_SYMPTOM,S3843
D1372,HAS_SYMPTOM,S3844
D1372,HAS_CAUSE,CA3263
D1372,HAS_CAUSE,CA3264
D1372,HAS_CAUSE,CA111
D1372,MANAGED_BY,TR2509
D1372,MANAGED_BY,TR2510
D1372,MANAGED_BY,TR2511
D1372,MANAGED_BY,TR2512
D1372,DIAGNOSED_BY,T1800
D1372,DIAGNOSED_BY,T1801
D1372,DIAGNOSED_BY,T1802
D1372,DIAGNOSED_BY,T1803
D1372,CAN_CAUSE,C1046
D1372,CAN_CAUSE,C008
D1373,AFFECTS,O005
D1374,AFFECTS,O005
D1374,HAS_SYMPTOM,S3845
D1374,HAS_SYMPTOM,S3846
D1374,HAS_SYMPTOM,S3847
D1374,HAS_SYMPTOM,S3848
D1374,HAS_SYMPTOM,S3849
D1374,HAS_CAUSE,CA3265
D1375,AFFECTS,O005
D1375,HAS_CAUSE,CA3266
D1375,HAS_CAUSE,CA3267
D1375,HAS_CAUSE,CA3268
D1375,HAS_CAUSE,CA3269
D1375,HAS_CAUSE,CA3270
RF1136,INCREASES_RISK_OF,D1375
RF1137,INCREASES_RISK_OF,D1375
RF1138,INCREASES_RISK_OF,D1375
D1376,AFFECTS,O005
D1377,AFFECTS,O005
D1378,AFFECTS,O005
D1379,HAS_SYMPTOM,S3850
D1379,HAS_SYMPTOM,S3851
D1379,HAS_CAUSE,CA3271
D1379,HAS_CAUSE,CA3272
D1379,HAS_CAUSE,CA3273
RF1139,INCREASES_RISK_OF,D1379
RF1140,INCREASES_RISK_OF,D1379
D1379,MANAGED_BY,TR2513
D1379,MANAGED_BY,TR2514
D1380,HAS_SYMPTOM,S3852
D1380,HAS_SYMPTOM,S3853
D1380,HAS_SYMPTOM,S3854
D1380,HAS_SYMPTOM,S3855
D1380,HAS_SYMPTOM,S605
D1380,HAS_SYMPTOM,S836
D1380,HAS_SYMPTOM,S130
D1380,HAS_SYMPTOM,S3856
D1380,HAS_SYMPTOM,S3857
D1380,HAS_SYMPTOM,S3858
D1380,HAS_SYMPTOM,S455
D1380,HAS_SYMPTOM,S3461
D1380,HAS_CAUSE,CA465
D1380,MANAGED_BY,TR2515
D1380,DIAGNOSED_BY,T005
D1380,DIAGNOSED_BY,T024
D1380,DIAGNOSED_BY,T1804
D1380,CAN_CAUSE,C1047
D1380,CAN_CAUSE,C1048
D1380,CAN_CAUSE,C1049
RF378,INCREASES_RISK_OF,D1381
RF264,INCREASES_RISK_OF,D1381
RF379,INCREASES_RISK_OF,D1381
RF259,INCREASES_RISK_OF,D1381
RF087,INCREASES_RISK_OF,D1381
D1382,HAS_SYMPTOM,S127
D1382,HAS_SYMPTOM,S354
D1382,HAS_SYMPTOM,S3476
D1382,HAS_SYMPTOM,S046
D1382,HAS_SYMPTOM,S3859
D1382,HAS_SYMPTOM,S3860
D1382,HAS_SYMPTOM,S096
D1382,HAS_SYMPTOM,S075
D1382,HAS_SYMPTOM,S041
D1382,HAS_SYMPTOM,S968
D1382,HAS_SYMPTOM,S663
D1382,HAS_SYMPTOM,S1127
D1382,HAS_CAUSE,CA3274
D1382,HAS_CAUSE,CA3275
D1382,MANAGED_BY,TR2516
D1382,MANAGED_BY,TR2517
D1382,MANAGED_BY,TR2518
D1382,MANAGED_BY,TR149
D1382,MANAGED_BY,TR2519
D1382,MANAGED_BY,TR2520
D1382,MANAGED_BY,TR2521
D1382,MANAGED_BY,TR2522
D1382,MANAGED_BY,TR499
D1382,MANAGED_BY,TR2523
D1382,MANAGED_BY,TR2524
D1382,DIAGNOSED_BY,T1805
D1382,DIAGNOSED_BY,T1806
D1382,DIAGNOSED_BY,T1807
D1382,DIAGNOSED_BY,T394
D1382,DIAGNOSED_BY,T1808
D1382,DIAGNOSED_BY,T1809
D1382,DIAGNOSED_BY,T1810
D1382,DIAGNOSED_BY,T1811
D1382,DIAGNOSED_BY,T1812
D1382,DIAGNOSED_BY,T126
D1382,DIAGNOSED_BY,T1813
D1382,DIAGNOSED_BY,T1814
D1382,CAN_CAUSE,C1050
D1382,CAN_CAUSE,C1051
D1382,CAN_CAUSE,C1052
D1382,CAN_CAUSE,C1053
D1382,CAN_CAUSE,C1054
D1382,MANAGED_BY,TR2525
D1382,MANAGED_BY,TR2526
D1383,HAS_SYMPTOM,S473
D1383,HAS_SYMPTOM,S3861
D1383,HAS_SYMPTOM,S3862
D1383,HAS_SYMPTOM,S3863
D1383,HAS_CAUSE,CA3276
D1383,HAS_CAUSE,CA3277
D1383,HAS_CAUSE,CA3278
D1383,HAS_CAUSE,CA184
D1383,HAS_CAUSE,CA3279
D1383,HAS_CAUSE,CA3280
D1383,HAS_CAUSE,CA3281
D1383,MANAGED_BY,TR2527
D1383,MANAGED_BY,TR2528
D1383,DIAGNOSED_BY,T1815
D1383,DIAGNOSED_BY,T1816
D1383,DIAGNOSED_BY,T225
D1383,DIAGNOSED_BY,T1817
D1383,DIAGNOSED_BY,T1818
D1383,CAN_CAUSE,C1055
D1383,CAN_CAUSE,C159
D1383,CAN_CAUSE,C1056
D1383,MANAGED_BY,TR2529
D1384,AFFECTS,O007
D1384,HAS_SYMPTOM,S3864
D1384,HAS_SYMPTOM,S3865
D1384,HAS_CAUSE,CA210
D1384,HAS_CAUSE,CA3282
D1384,HAS_CAUSE,CA3283
D1384,HAS_CAUSE,CA3284
D1384,HAS_CAUSE,CA3285
D1384,HAS_CAUSE,CA305
D1384,HAS_CAUSE,CA1790
D1384,HAS_CAUSE,CA131
D1384,HAS_CAUSE,CA3286
D1384,HAS_CAUSE,CA3287
D1384,HAS_CAUSE,CA3288
D1384,MANAGED_BY,TR2530
D1384,DIAGNOSED_BY,T1819
D1384,DIAGNOSED_BY,T1820
D1384,DIAGNOSED_BY,T1821
D1384,DIAGNOSED_BY,T005
D1384,DIAGNOSED_BY,T1822
D1384,CAN_CAUSE,C1057
D1384,MANAGED_BY,TR2531
D1384,MANAGED_BY,TR2532
D1385,HAS_SYMPTOM,S3866
D1385,HAS_SYMPTOM,S3867
D1385,HAS_SYMPTOM,S3868
D1385,HAS_SYMPTOM,S3869
D1385,HAS_SYMPTOM,S3870
D1385,DIAGNOSED_BY,T1823
D1386,AFFECTS,O014
D1386,HAS_SYMPTOM,S2696
D1386,HAS_SYMPTOM,S3871
D1386,HAS_SYMPTOM,S3872
D1386,HAS_CAUSE,CA3289
RF1141,INCREASES_RISK_OF,D1386
RF1142,INCREASES_RISK_OF,D1386
RF1143,INCREASES_RISK_OF,D1386
D1386,MANAGED_BY,TR2533
D1386,MANAGED_BY,TR2534
D1386,MANAGED_BY,TR2535
D1386,MANAGED_BY,TR2536
D1386,MANAGED_BY,TR2537
D1386,MANAGED_BY,TR2538
D1386,MANAGED_BY,TR2539
D1386,MANAGED_BY,TR697
D1386,MANAGED_BY,TR352
D1386,MANAGED_BY,TR353
D1386,MANAGED_BY,TR2540
D1386,MANAGED_BY,TR2541
D1387,AFFECTS,O003
D1387,AFFECTS,O014
D1387,HAS_SYMPTOM,S3873
D1387,HAS_SYMPTOM,S2693
D1387,HAS_SYMPTOM,S3874
D1387,HAS_SYMPTOM,S3875
D1387,HAS_SYMPTOM,S3876
D1387,HAS_SYMPTOM,S3877
D1387,HAS_SYMPTOM,S3878
D1387,HAS_SYMPTOM,S3879
D1387,HAS_SYMPTOM,S052
D1387,HAS_SYMPTOM,S3880
D1387,HAS_SYMPTOM,S3881
D1387,HAS_CAUSE,CA3290
D1387,HAS_CAUSE,CA3291
D1387,HAS_CAUSE,CA3292
D1387,HAS_CAUSE,CA3293
D1387,MANAGED_BY,TR2542
D1387,MANAGED_BY,TR2543
D1387,DIAGNOSED_BY,T1824
D1387,DIAGNOSED_BY,T1825
D1387,DIAGNOSED_BY,T1826
D1387,DIAGNOSED_BY,T1827
D1387,DIAGNOSED_BY,T1828
D1387,DIAGNOSED_BY,T1829
D1387,DIAGNOSED_BY,T1830
D1387,DIAGNOSED_BY,T1831
D1387,DIAGNOSED_BY,T1832
D1387,DIAGNOSED_BY,T1833
D1387,DIAGNOSED_BY,T1834
D1387,DIAGNOSED_BY,T1835
D1387,MANAGED_BY,TR2544
D1387,MANAGED_BY,TR2545
D1387,MANAGED_BY,TR2546
D1388,HAS_SYMPTOM,S3882
D1388,HAS_SYMPTOM,S3883
D1388,HAS_SYMPTOM,S3884
D1388,HAS_CAUSE,CA3294
D1388,HAS_CAUSE,CA345
D1388,HAS_CAUSE,CA343
D1388,HAS_CAUSE,CA3295
D1388,HAS_CAUSE,CA3296
D1388,HAS_CAUSE,CA3297
D1388,HAS_CAUSE,CA3298
D1388,HAS_CAUSE,CA3299
D1388,HAS_CAUSE,CA3300
D1388,HAS_CAUSE,CA3301
D1388,HAS_CAUSE,CA3302
D1388,HAS_CAUSE,CA3303
D1388,DIAGNOSED_BY,T1836
D1388,DIAGNOSED_BY,T1837
D1388,DIAGNOSED_BY,T1838
D1388,CAN_CAUSE,C1058
D1388,CAN_CAUSE,C1059
D1388,MANAGED_BY,TR2547
D1388,MANAGED_BY,TR2548
D1389,AFFECTS,O004
D1389,HAS_SYMPTOM,S540
D1389,HAS_SYMPTOM,S3885
D1389,HAS_SYMPTOM,S1289
D1389,HAS_SYMPTOM,S3886
D1389,HAS_SYMPTOM,S3887
D1389,HAS_SYMPTOM,S3888
D1389,HAS_SYMPTOM,S3889
D1389,HAS_SYMPTOM,S3890
D1389,HAS_SYMPTOM,S3891
D1389,HAS_SYMPTOM,S2678
D1389,HAS_SYMPTOM,S3892
D1389,HAS_SYMPTOM,S3893
RF1144,INCREASES_RISK_OF,D1389
RF1145,INCREASES_RISK_OF,D1389
D1389,MANAGED_BY,TR2549
D1389,MANAGED_BY,TR1046
D1390,HAS_SYMPTOM,S3894
D1390,HAS_SYMPTOM,S3895
D1390,HAS_SYMPTOM,S3896
D1390,HAS_CAUSE,CA3304
RF1146,INCREASES_RISK_OF,D1390
RF1147,INCREASES_RISK_OF,D1390
D1390,MANAGED_BY,TR2550
D1390,MANAGED_BY,TR2551
D1391,HAS_CAUSE,CA3305
D1391,HAS_CAUSE,CA3306
D1391,HAS_CAUSE,CA3307
D1391,HAS_CAUSE,CA3308
D1391,HAS_CAUSE,CA3309
D1391,HAS_CAUSE,CA3310
D1392,AFFECTS,O014
D1392,HAS_SYMPTOM,S241
D1392,HAS_SYMPTOM,S133
D1392,HAS_SYMPTOM,S3897
D1392,HAS_SYMPTOM,S367
D1392,HAS_SYMPTOM,S3898
D1392,HAS_SYMPTOM,S131
D1392,HAS_CAUSE,CA3311
RF1148,INCREASES_RISK_OF,D1392
RF1149,INCREASES_RISK_OF,D1392
RF1150,INCREASES_RISK_OF,D1392
RF1151,INCREASES_RISK_OF,D1392
RF1152,INCREASES_RISK_OF,D1392
RF1153,INCREASES_RISK_OF,D1392
D1392,MANAGED_BY,TR092
D1392,MANAGED_BY,TR2552
D1392,MANAGED_BY,TR094
D1392,MANAGED_BY,TR095
D1392,DIAGNOSED_BY,T1839
D1392,DIAGNOSED_BY,T005
D1392,DIAGNOSED_BY,T655
D1392,DIAGNOSED_BY,T004
D1392,DIAGNOSED_BY,T500
D1392,CAN_CAUSE,C287
D1393,AFFECTS,O014
D1393,HAS_SYMPTOM,S3899
D1393,HAS_SYMPTOM,S1952
D1393,HAS_SYMPTOM,S3900
D1393,HAS_CAUSE,CA1189
D1393,HAS_CAUSE,CA3311
D1393,HAS_CAUSE,CA3312
RF1154,INCREASES_RISK_OF,D1393
RF1155,INCREASES_RISK_OF,D1393
RF1156,INCREASES_RISK_OF,D1393
D1394,AFFECTS,O014
D1394,HAS_SYMPTOM,S3901
D1394,HAS_SYMPTOM,S2919
D1394,HAS_SYMPTOM,S241
D1394,HAS_SYMPTOM,S3902
D1394,HAS_SYMPTOM,S093
D1394,HAS_CAUSE,CA3313
D1394,HAS_CAUSE,CA3314
D1394,HAS_CAUSE,CA3315
D1394,HAS_CAUSE,CA3316
D1394,HAS_CAUSE,CA3317
D1394,HAS_CAUSE,CA309
D1394,HAS_CAUSE,CA3318
D1394,MANAGED_BY,TR2553
D1394,MANAGED_BY,TR2554
D1394,MANAGED_BY,TR2555
D1394,MANAGED_BY,TR2556
D1394,DIAGNOSED_BY,T394
D1394,DIAGNOSED_BY,T1840
D1394,DIAGNOSED_BY,T005
D1394,DIAGNOSED_BY,T225
D1394,DIAGNOSED_BY,T1841
D1394,DIAGNOSED_BY,T1842
D1394,DIAGNOSED_BY,T004
D1394,CAN_CAUSE,C1060
D1395,HAS_SYMPTOM,S3903
D1395,HAS_SYMPTOM,S3904
D1395,HAS_SYMPTOM,S3905
D1395,HAS_SYMPTOM,S3906
D1395,HAS_SYMPTOM,S3907
D1395,HAS_SYMPTOM,S3908
D1395,HAS_CAUSE,CA3319
D1395,MANAGED_BY,TR2557
D1395,MANAGED_BY,TR2558
D1395,MANAGED_BY,TR2559
D1395,DIAGNOSED_BY,T1843
D1395,DIAGNOSED_BY,T1844
D1395,DIAGNOSED_BY,T049
D1395,DIAGNOSED_BY,T1845
D1395,DIAGNOSED_BY,T005
D1395,DIAGNOSED_BY,T905
D1395,DIAGNOSED_BY,T1846
D1395,DIAGNOSED_BY,T912
D1395,CAN_CAUSE,C1061
D1396,HAS_SYMPTOM,S3909
D1396,HAS_SYMPTOM,S3910
D1396,HAS_SYMPTOM,S3911
D1396,HAS_CAUSE,CA3320
D1396,HAS_CAUSE,CA3321
D1396,HAS_CAUSE,CA1591
D1396,HAS_CAUSE,CA3322
D1396,HAS_CAUSE,CA611
RF1157,INCREASES_RISK_OF,D1396
D1396,MANAGED_BY,TR2560
D1396,MANAGED_BY,TR2561
D1396,MANAGED_BY,TR2562
D1396,MANAGED_BY,TR2563
D1396,MANAGED_BY,TR2564
D1397,AFFECTS,O015
D1398,HAS_SYMPTOM,S3912
D1398,HAS_SYMPTOM,S3913
D1398,HAS_SYMPTOM,S3914
D1398,HAS_SYMPTOM,S3915
D1398,HAS_SYMPTOM,S3916
D1398,HAS_SYMPTOM,S3917
D1398,HAS_SYMPTOM,S3918
D1398,HAS_SYMPTOM,S3919
D1398,HAS_SYMPTOM,S455
D1398,HAS_SYMPTOM,S3920
D1398,HAS_SYMPTOM,S3921
D1398,HAS_SYMPTOM,S3922
D1398,HAS_CAUSE,CA3323
RF1158,INCREASES_RISK_OF,D1398
D1398,MANAGED_BY,TR2565
D1398,MANAGED_BY,TR1865
D1398,MANAGED_BY,TR2566
D1398,MANAGED_BY,TR2567
D1398,DIAGNOSED_BY,T1847
D1398,DIAGNOSED_BY,T1848
D1398,DIAGNOSED_BY,T1849
D1398,DIAGNOSED_BY,T1850
D1398,DIAGNOSED_BY,T567
D1398,DIAGNOSED_BY,T1851
D1398,CAN_CAUSE,C1062
D1398,CAN_CAUSE,C898
D1398,CAN_CAUSE,C1063
D1398,CAN_CAUSE,C212
D1398,MANAGED_BY,TR2568
D1398,MANAGED_BY,TR2569
D1399,AFFECTS,O007
D1399,HAS_SYMPTOM,S3923
D1399,HAS_SYMPTOM,S3924
D1399,HAS_SYMPTOM,S042
D1399,HAS_SYMPTOM,S3925
D1399,HAS_SYMPTOM,S3926
D1399,HAS_SYMPTOM,S187
D1399,HAS_SYMPTOM,S3927
D1399,HAS_CAUSE,CA3324
D1399,HAS_CAUSE,CA110
D1399,HAS_CAUSE,CA3325
D1399,HAS_CAUSE,CA3326
D1399,DIAGNOSED_BY,T1852
D1399,DIAGNOSED_BY,T1853
D1399,DIAGNOSED_BY,T005
D1399,DIAGNOSED_BY,T1854
D1399,DIAGNOSED_BY,T1855
D1399,DIAGNOSED_BY,T1856
D1399,DIAGNOSED_BY,T1857
D1399,DIAGNOSED_BY,T1858
D1399,DIAGNOSED_BY,T1859
D1400,HAS_SYMPTOM,S3928
D1400,HAS_SYMPTOM,S3929
D1400,HAS_SYMPTOM,S3930
D1400,HAS_SYMPTOM,S3931
D1400,HAS_SYMPTOM,S3932
D1400,HAS_CAUSE,CA3327
D1400,HAS_CAUSE,CA3328
D1400,HAS_CAUSE,CA3329
D1400,HAS_CAUSE,CA2744
D1400,HAS_CAUSE,CA3330
RF1159,INCREASES_RISK_OF,D1400
D1401,HAS_SYMPTOM,S3933
D1401,HAS_SYMPTOM,S3934
D1401,HAS_SYMPTOM,S3935
D1401,HAS_CAUSE,CA3331
D1401,MANAGED_BY,TR2570
D1401,DIAGNOSED_BY,T1860
D1401,CAN_CAUSE,C808
D1401,CAN_CAUSE,C1064
D1401,MANAGED_BY,TR2571
D1401,MANAGED_BY,TR2572
D1402,HAS_SYMPTOM,S1176
D1402,HAS_SYMPTOM,S3936
D1402,HAS_SYMPTOM,S3937
D1402,HAS_SYMPTOM,S1588
D1402,HAS_SYMPTOM,S141
D1402,HAS_SYMPTOM,S096
D1402,HAS_SYMPTOM,S1513
D1402,HAS_SYMPTOM,S393
D1402,HAS_SYMPTOM,S3938
D1402,HAS_SYMPTOM,S3939
D1403,MANAGED_BY,TR2573
D1403,MANAGED_BY,TR2574
D1404,MANAGED_BY,TR2575
D1404,MANAGED_BY,TR2576
D1404,MANAGED_BY,TR2577
D1408,HAS_CAUSE,CA3332
D1408,HAS_CAUSE,CA3333
D1408,HAS_CAUSE,CA378
D1408,HAS_CAUSE,CA3334
D1409,HAS_SYMPTOM,S2023
D1409,HAS_CAUSE,CA3335
RF1160,INCREASES_RISK_OF,D1409
RF1161,INCREASES_RISK_OF,D1409
RF1162,INCREASES_RISK_OF,D1409
RF736,INCREASES_RISK_OF,D1409
D1409,MANAGED_BY,TR2578
D1409,MANAGED_BY,TR2579
D1409,MANAGED_BY,TR2580
D1410,HAS_SYMPTOM,S3940
D1410,HAS_SYMPTOM,S3941
D1410,HAS_SYMPTOM,S3942
D1410,HAS_SYMPTOM,S3943
D1410,HAS_SYMPTOM,S3944
D1410,HAS_SYMPTOM,S3945
D1410,HAS_CAUSE,CA3336
D1410,HAS_CAUSE,CA3337
D1410,HAS_CAUSE,CA2901
RF1163,INCREASES_RISK_OF,D1410
RF1164,INCREASES_RISK_OF,D1410
D1411,AFFECTS,O004
D1411,HAS_SYMPTOM,S3946
D1411,HAS_SYMPTOM,S3947
D1411,HAS_CAUSE,CA3338
D1411,MANAGED_BY,TR2581
D1411,MANAGED_BY,TR2582
D1411,DIAGNOSED_BY,T1861
D1411,DIAGNOSED_BY,T1862
D1411,DIAGNOSED_BY,T005
D1411,DIAGNOSED_BY,T051
D1411,DIAGNOSED_BY,T028
D1411,DIAGNOSED_BY,T1863
D1411,DIAGNOSED_BY,T1864
D1411,CAN_CAUSE,C1065
D1411,CAN_CAUSE,C1066
D1411,CAN_CAUSE,C143
D1411,CAN_CAUSE,C1067
D1411,CAN_CAUSE,C1068
D1412,AFFECTS,O007
D1412,HAS_SYMPTOM,S3948
D1412,HAS_SYMPTOM,S3949
D1412,HAS_SYMPTOM,S3950
D1412,HAS_SYMPTOM,S079
D1412,MANAGED_BY,TR2583
D1412,DIAGNOSED_BY,T394
D1412,DIAGNOSED_BY,T051
D1412,DIAGNOSED_BY,T1865
D1412,DIAGNOSED_BY,T1866
D1412,DIAGNOSED_BY,T1867
D1412,MANAGED_BY,TR2584
D1412,MANAGED_BY,TR2585
D1413,HAS_SYMPTOM,S2005
D1413,HAS_SYMPTOM,S3951
D1413,HAS_SYMPTOM,S3952
D1413,HAS_CAUSE,CA3339
D1413,HAS_CAUSE,CA3340
D1413,HAS_CAUSE,CA3341
D1413,HAS_CAUSE,CA3342
D1413,HAS_CAUSE,CA3343
D1413,HAS_CAUSE,CA3344
D1413,HAS_CAUSE,CA3345
D1413,HAS_CAUSE,CA3346
D1413,HAS_CAUSE,CA3347
D1413,HAS_CAUSE,CA3348
D1413,HAS_CAUSE,CA3349
D1413,HAS_CAUSE,CA3350
RF1165,INCREASES_RISK_OF,D1413
RF1166,INCREASES_RISK_OF,D1413
D1413,MANAGED_BY,TR2586
D1413,DIAGNOSED_BY,T1868
D1413,CAN_CAUSE,C1069
D1413,CAN_CAUSE,C287
D1413,CAN_CAUSE,C1070
D1413,CAN_CAUSE,C1071
D1413,CAN_CAUSE,C1072
D1414,AFFECTS,O017
D1415,AFFECTS,O006
D1415,HAS_SYMPTOM,S3953
D1415,HAS_SYMPTOM,S3954
D1415,HAS_SYMPTOM,S1798
D1415,HAS_SYMPTOM,S540
D1415,HAS_SYMPTOM,S3955
D1415,HAS_SYMPTOM,S1289
D1415,HAS_SYMPTOM,S3956
D1415,HAS_SYMPTOM,S2678
D1415,HAS_SYMPTOM,S3957
D1415,HAS_SYMPTOM,S3958
D1415,HAS_SYMPTOM,S3959
D1415,HAS_SYMPTOM,S3960
D1415,MANAGED_BY,TR2587
D1415,MANAGED_BY,TR2588
D1415,DIAGNOSED_BY,T1869
D1415,DIAGNOSED_BY,T1870
D1415,CAN_CAUSE,C1073
D1415,CAN_CAUSE,C1074
D1415,CAN_CAUSE,C1075
D1415,MANAGED_BY,TR2589
D1415,MANAGED_BY,TR2590
D1415,MANAGED_BY,TR2591
D1416,HAS_SYMPTOM,S3961
D1416,HAS_SYMPTOM,S2051
D1416,HAS_SYMPTOM,S132
D1416,HAS_SYMPTOM,S046
D1416,HAS_SYMPTOM,S3962
D1416,HAS_SYMPTOM,S3963
D1416,HAS_SYMPTOM,S2557
D1416,HAS_SYMPTOM,S201
D1416,HAS_SYMPTOM,S3964
D1416,HAS_SYMPTOM,S089
D1416,HAS_SYMPTOM,S056
D1416,HAS_SYMPTOM,S3806
D1417,HAS_SYMPTOM,S393
D1417,HAS_SYMPTOM,S3965
D1417,HAS_SYMPTOM,S130
D1417,HAS_SYMPTOM,S3966
D1417,HAS_SYMPTOM,S3806
D1417,HAS_SYMPTOM,S3967
D1417,HAS_SYMPTOM,S3968
D1417,HAS_SYMPTOM,S294
D1418,HAS_SYMPTOM,S3969
D1418,HAS_SYMPTOM,S1498
D1418,HAS_SYMPTOM,S3970
D1418,HAS_SYMPTOM,S127
D1418,HAS_SYMPTOM,S651
D1418,HAS_SYMPTOM,S045
D1418,HAS_SYMPTOM,S3971
D1418,HAS_SYMPTOM,S3972
D1418,HAS_SYMPTOM,S436
D1418,HAS_SYMPTOM,S3973
D1418,HAS_SYMPTOM,S046
D1418,HAS_SYMPTOM,S041
D1419,HAS_SYMPTOM,S3974
D1419,HAS_SYMPTOM,S3975
D1419,HAS_SYMPTOM,S3976
D1419,HAS_SYMPTOM,S3977
D1420,HAS_SYMPTOM,S3978
D1420,HAS_SYMPTOM,S3979
D1420,HAS_SYMPTOM,S326
D1420,HAS_SYMPTOM,S094
D1420,HAS_SYMPTOM,S128
D1420,HAS_SYMPTOM,S046
D1420,HAS_SYMPTOM,S133
D1420,HAS_SYMPTOM,S1518
D1420,HAS_SYMPTOM,S367
D1420,HAS_SYMPTOM,S3980
D1420,HAS_SYMPTOM,S048
D1420,HAS_SYMPTOM,S2557
D1421,AFFECTS,O008
D1421,HAS_SYMPTOM,S3981
D1421,HAS_CAUSE,CA3351
RF1167,INCREASES_RISK_OF,D1421
RF1168,INCREASES_RISK_OF,D1421
D1422,AFFECTS,O008
D1422,HAS_SYMPTOM,S1664
D1422,HAS_SYMPTOM,S3982
D1422,HAS_SYMPTOM,S042
D1422,HAS_SYMPTOM,S3983
D1422,HAS_SYMPTOM,S3984
D1422,HAS_SYMPTOM,S3985
D1422,HAS_SYMPTOM,S3986
D1422,HAS_CAUSE,CA3352
D1422,HAS_CAUSE,CA3353
D1422,HAS_CAUSE,CA3354
D1422,HAS_CAUSE,CA3355
D1422,HAS_CAUSE,CA3356
D1422,HAS_CAUSE,CA3357
D1422,MANAGED_BY,TR2592
D1422,MANAGED_BY,TR197
D1422,MANAGED_BY,TR2593
D1422,MANAGED_BY,TR2594
D1422,DIAGNOSED_BY,T1871
D1422,DIAGNOSED_BY,T005
D1422,DIAGNOSED_BY,T1872
D1422,DIAGNOSED_BY,T1873
D1422,DIAGNOSED_BY,T1874
D1422,CAN_CAUSE,C1076
D1422,CAN_CAUSE,C1077
D1422,MANAGED_BY,TR2595
D1423,HAS_SYMPTOM,S3987
D1423,HAS_SYMPTOM,S697
D1423,HAS_SYMPTOM,S3988
D1423,HAS_SYMPTOM,S1134
D1423,HAS_SYMPTOM,S3989
D1423,HAS_CAUSE,CA3358
D1423,HAS_CAUSE,CA3359
D1423,HAS_CAUSE,CA3360
D1423,HAS_CAUSE,CA3361
D1423,HAS_CAUSE,CA3362
D1423,HAS_CAUSE,CA3363
D1423,MANAGED_BY,TR2596
D1423,MANAGED_BY,TR2597
D1423,DIAGNOSED_BY,T1875
D1423,DIAGNOSED_BY,T1876
D1423,CAN_CAUSE,C1078
D1423,CAN_CAUSE,C1079
D1423,MANAGED_BY,TR2598
D1423,MANAGED_BY,TR2599
D1423,MANAGED_BY,TR2600
D1424,HAS_SYMPTOM,S484
D1424,HAS_SYMPTOM,S3990
D1424,HAS_SYMPTOM,S3006
D1424,HAS_SYMPTOM,S341
D1424,HAS_SYMPTOM,S496
D1424,HAS_SYMPTOM,S187
D1424,HAS_SYMPTOM,S048
D1424,HAS_SYMPTOM,S3991
D1424,HAS_SYMPTOM,S3992
D1424,HAS_SYMPTOM,S2650
D1424,HAS_SYMPTOM,S616
D1424,HAS_SYMPTOM,S3993
D1425,HAS_CAUSE,CA3364
D1425,HAS_CAUSE,CA3365
D1425,HAS_CAUSE,CA3366
D1427,AFFECTS,O002
D1427,HAS_SYMPTOM,S3994
D1427,HAS_SYMPTOM,S245
D1427,HAS_CAUSE,CA3367
D1427,HAS_CAUSE,CA3368
D1427,MANAGED_BY,TR2601
D1427,DIAGNOSED_BY,T1877
D1427,DIAGNOSED_BY,T838
D1427,DIAGNOSED_BY,T1878
D1427,DIAGNOSED_BY,T1879
D1427,DIAGNOSED_BY,T1880
D1427,DIAGNOSED_BY,T1881
D1427,CAN_CAUSE,C1080
D1427,CAN_CAUSE,C1081
D1427,CAN_CAUSE,C1082
D1427,CAN_CAUSE,C725
D1427,CAN_CAUSE,C032
D1427,CAN_CAUSE,C011
D1427,CAN_CAUSE,C584
D1427,CAN_CAUSE,C323
D1427,CAN_CAUSE,C1083
D1427,CAN_CAUSE,C1084
D1427,CAN_CAUSE,C1085
D1427,CAN_CAUSE,C1086
D1428,AFFECTS,O004
D1428,HAS_CAUSE,CA001
D1429,HAS_SYMPTOM,S3995
D1429,HAS_SYMPTOM,S3996
D1429,HAS_SYMPTOM,S474
D1429,HAS_SYMPTOM,S3997
D1429,HAS_SYMPTOM,S128
D1429,HAS_SYMPTOM,S3998
D1429,HAS_CAUSE,CA3369
D1429,MANAGED_BY,TR2602
D1429,MANAGED_BY,TR2603
D1429,MANAGED_BY,TR2604
D1429,MANAGED_BY,TR2605
D1429,MANAGED_BY,TR2606
D1429,MANAGED_BY,TR2607
D1429,MANAGED_BY,TR194
D1429,DIAGNOSED_BY,T1882
D1429,DIAGNOSED_BY,T1523
D1429,DIAGNOSED_BY,T1883
D1430,AFFECTS,O002
D1430,HAS_SYMPTOM,S3999
D1430,HAS_CAUSE,CA3370
RF1169,INCREASES_RISK_OF,D1430
RF1170,INCREASES_RISK_OF,D1430
D1431,HAS_SYMPTOM,S4000
D1431,HAS_CAUSE,CA3371
D1432,AFFECTS,O015
D1432,HAS_SYMPTOM,S3460
D1432,HAS_SYMPTOM,S4001
D1432,HAS_SYMPTOM,S4002
D1432,HAS_SYMPTOM,S4003
D1432,HAS_SYMPTOM,S4004
D1432,HAS_SYMPTOM,S4005
D1432,HAS_SYMPTOM,S4006
D1432,HAS_SYMPTOM,S4007
D1432,HAS_SYMPTOM,S3080
D1432,HAS_CAUSE,CA3372
D1432,HAS_CAUSE,CA3373
D1432,HAS_CAUSE,CA3374
RF1171,INCREASES_RISK_OF,D1432
RF1172,INCREASES_RISK_OF,D1432
RF1173,INCREASES_RISK_OF,D1432
RF1174,INCREASES_RISK_OF,D1432
RF1175,INCREASES_RISK_OF,D1432
RF1176,INCREASES_RISK_OF,D1432
RF1177,INCREASES_RISK_OF,D1432
RF1178,INCREASES_RISK_OF,D1432
D1432,MANAGED_BY,TR1614
D1433,HAS_SYMPTOM,S1627
D1433,HAS_CAUSE,CA2730
D1433,HAS_CAUSE,CA3375
D1433,HAS_CAUSE,CA391
D1433,HAS_CAUSE,CA3376
D1433,HAS_CAUSE,CA3377
D1433,HAS_CAUSE,CA3378
D1433,HAS_CAUSE,CA115
D1433,HAS_CAUSE,CA642
D1433,HAS_CAUSE,CA3379
D1433,HAS_CAUSE,CA378
D1433,HAS_CAUSE,CA801
D1433,HAS_CAUSE,CA3380
RF1179,INCREASES_RISK_OF,D1433
RF1180,INCREASES_RISK_OF,D1433
RF1181,INCREASES_RISK_OF,D1433
D1433,MANAGED_BY,TR2608
D1433,MANAGED_BY,TR2609
D1433,MANAGED_BY,TR2610
D1433,MANAGED_BY,TR2611
D1433,DIAGNOSED_BY,T1884
D1433,DIAGNOSED_BY,T1885
D1433,DIAGNOSED_BY,T1886
D1433,DIAGNOSED_BY,T1887
D1433,DIAGNOSED_BY,T1888
D1433,DIAGNOSED_BY,T1372
D1433,DIAGNOSED_BY,T1889
D1434,HAS_SYMPTOM,S4008
D1434,HAS_SYMPTOM,S4009
D1434,HAS_SYMPTOM,S4010
D1434,HAS_SYMPTOM,S4011
D1434,HAS_SYMPTOM,S4012
D1434,HAS_CAUSE,CA001
D1434,HAS_CAUSE,CA3381
D1434,HAS_CAUSE,CA3382
D1434,HAS_CAUSE,CA3383
D1434,HAS_CAUSE,CA3384
D1434,HAS_CAUSE,CA3385
D1434,MANAGED_BY,TR1844
D1434,DIAGNOSED_BY,T1890
D1434,DIAGNOSED_BY,T1891
D1434,DIAGNOSED_BY,T1892
D1434,DIAGNOSED_BY,T1893
D1434,DIAGNOSED_BY,T1894
D1434,DIAGNOSED_BY,T1895
D1434,DIAGNOSED_BY,T1896
D1434,DIAGNOSED_BY,T225
D1434,DIAGNOSED_BY,T1897
D1434,DIAGNOSED_BY,T1898
D1434,DIAGNOSED_BY,T005
D1434,DIAGNOSED_BY,T905
D1434,CAN_CAUSE,C1087
D1434,CAN_CAUSE,C256
D1434,MANAGED_BY,TR2612
D1434,MANAGED_BY,TR2613
D1434,MANAGED_BY,TR2614
D1434,MANAGED_BY,TR2615
D1435,AFFECTS,O002
D1435,HAS_SYMPTOM,S4013
D1435,HAS_SYMPTOM,S4014
D1435,HAS_SYMPTOM,S4015
D1435,HAS_SYMPTOM,S4016
D1435,HAS_SYMPTOM,S1401
D1435,HAS_CAUSE,CA3386
D1435,DIAGNOSED_BY,T134
D1435,DIAGNOSED_BY,T1899
D1435,DIAGNOSED_BY,T1900
D1435,CAN_CAUSE,C1088
D1435,CAN_CAUSE,C1089
D1435,MANAGED_BY,TR2616
D1435,MANAGED_BY,TR2617
D1435,MANAGED_BY,TR2618
D1436,AFFECTS,O005
D1437,AFFECTS,O002
D1437,HAS_SYMPTOM,S4017
D1437,HAS_SYMPTOM,S4018
D1437,HAS_SYMPTOM,S4019
D1437,HAS_SYMPTOM,S4020
D1437,HAS_SYMPTOM,S4021
D1437,HAS_SYMPTOM,S041
D1437,HAS_SYMPTOM,S4022
RF1182,INCREASES_RISK_OF,D1438
RF1183,INCREASES_RISK_OF,D1438
D1438,MANAGED_BY,TR2619
D1438,MANAGED_BY,TR1865
D1438,MANAGED_BY,TR2620
D1438,MANAGED_BY,TR2621
D1438,MANAGED_BY,TR2622
D1438,MANAGED_BY,TR2623
D1438,MANAGED_BY,TR2624
D1438,MANAGED_BY,TR2625
D1438,MANAGED_BY,TR2626
D1438,MANAGED_BY,TR2627
D1438,MANAGED_BY,TR2628
D1438,DIAGNOSED_BY,T1901
D1438,DIAGNOSED_BY,T1902
D1438,DIAGNOSED_BY,T1903
D1438,DIAGNOSED_BY,T1456
D1438,DIAGNOSED_BY,T816
D1438,DIAGNOSED_BY,T1904
D1438,DIAGNOSED_BY,T1905
D1438,DIAGNOSED_BY,T1906
D1438,DIAGNOSED_BY,T1907
D1438,DIAGNOSED_BY,T1908
D1438,DIAGNOSED_BY,T1909
D1438,CAN_CAUSE,C1090
D1438,CAN_CAUSE,C1091
D1438,CAN_CAUSE,C584
D1438,CAN_CAUSE,C1092
D1439,AFFECTS,O007
D1439,HAS_SYMPTOM,S4023
D1439,HAS_SYMPTOM,S4024
D1439,HAS_SYMPTOM,S093
D1439,HAS_SYMPTOM,S1205
D1439,HAS_CAUSE,CA3387
D1439,HAS_CAUSE,CA3388
D1439,MANAGED_BY,TR2629
D1439,MANAGED_BY,TR2630
D1439,DIAGNOSED_BY,T1910
D1439,DIAGNOSED_BY,T1911
D1439,DIAGNOSED_BY,T1912
D1439,DIAGNOSED_BY,T394
D1439,DIAGNOSED_BY,T225
D1439,DIAGNOSED_BY,T1913
D1439,DIAGNOSED_BY,T132
D1439,DIAGNOSED_BY,T1914
D1439,DIAGNOSED_BY,T1915
D1439,DIAGNOSED_BY,T1916
D1439,MANAGED_BY,TR2631
D1440,HAS_SYMPTOM,S4025
D1440,HAS_SYMPTOM,S4026
D1440,HAS_SYMPTOM,S4027
D1440,HAS_SYMPTOM,S4028
D1440,HAS_CAUSE,CA3389
D1440,HAS_CAUSE,CA3390
D1440,HAS_CAUSE,CA3145
D1440,MANAGED_BY,TR2632
D1440,DIAGNOSED_BY,T1917
D1440,DIAGNOSED_BY,T1918
D1440,DIAGNOSED_BY,T1919
D1440,DIAGNOSED_BY,T1920
D1440,DIAGNOSED_BY,T1921
D1440,DIAGNOSED_BY,T1922
D1440,DIAGNOSED_BY,T1923
D1440,DIAGNOSED_BY,T1924
D1440,DIAGNOSED_BY,T1925
D1440,DIAGNOSED_BY,T1926
D1440,DIAGNOSED_BY,T1927
D1440,CAN_CAUSE,C1093
D1440,CAN_CAUSE,C1094
D1440,MANAGED_BY,TR2633
D1441,AFFECTS,O017
D1441,AFFECTS,O014
D1441,HAS_SYMPTOM,S3425
D1441,HAS_SYMPTOM,S4029
D1441,HAS_SYMPTOM,S4030
D1441,HAS_SYMPTOM,S4031
D1441,HAS_CAUSE,CA3391
D1441,HAS_CAUSE,CA3392
D1441,HAS_CAUSE,CA2298
D1441,HAS_CAUSE,CA3393
D1442,AFFECTS,O001
D1442,HAS_CAUSE,CA3394
D1442,HAS_CAUSE,CA3395
D1442,MANAGED_BY,TR2634
D1442,MANAGED_BY,TR2635
D1443,AFFECTS,O015
D1443,HAS_SYMPTOM,S4032
D1443,HAS_SYMPTOM,S4033
D1443,HAS_SYMPTOM,S4034
D1443,HAS_SYMPTOM,S4035
D1443,HAS_SYMPTOM,S4036
D1443,HAS_SYMPTOM,S4037
D1443,HAS_SYMPTOM,S4038
D1443,HAS_SYMPTOM,S474
D1443,HAS_SYMPTOM,S4039
D1443,HAS_CAUSE,CA378
D1443,HAS_CAUSE,CA3396
RF1184,INCREASES_RISK_OF,D1443
D1444,AFFECTS,O001
D1444,AFFECTS,O005
D1444,HAS_SYMPTOM,S045
D1444,HAS_SYMPTOM,S046
D1444,HAS_SYMPTOM,S4040
D1444,HAS_SYMPTOM,S133
D1444,HAS_SYMPTOM,S4041
D1444,HAS_CAUSE,CA3397
D1444,HAS_CAUSE,CA3398
RF845,INCREASES_RISK_OF,D1444
D1444,MANAGED_BY,TR2636
D1444,MANAGED_BY,TR2637
D1444,MANAGED_BY,TR2638
D1444,DIAGNOSED_BY,T1928
D1444,DIAGNOSED_BY,T005
D1444,DIAGNOSED_BY,T051
D1444,DIAGNOSED_BY,T1929
D1444,DIAGNOSED_BY,T359
D1444,DIAGNOSED_BY,T050
D1444,MANAGED_BY,TR2639
D1445,HAS_CAUSE,CA3399
D1445,HAS_CAUSE,CA3400
D1445,HAS_CAUSE,CA3401
D1445,HAS_CAUSE,CA008
D1445,HAS_CAUSE,CA3402
D1445,HAS_CAUSE,CA3403
D1446,HAS_SYMPTOM,S4042
D1446,HAS_SYMPTOM,S4043
D1446,HAS_SYMPTOM,S4044
D1446,HAS_SYMPTOM,S223
D1446,HAS_SYMPTOM,S046
D1446,HAS_SYMPTOM,S4045
D1446,HAS_SYMPTOM,S663
D1446,HAS_SYMPTOM,S096
D1446,HAS_SYMPTOM,S4046
D1446,HAS_SYMPTOM,S042
D1446,HAS_SYMPTOM,S3226
D1446,HAS_CAUSE,CA3404
D1446,HAS_CAUSE,CA3405
D1446,HAS_CAUSE,CA3406
D1446,HAS_CAUSE,CA3407
D1446,HAS_CAUSE,CA3408
D1446,HAS_CAUSE,CA3409
D1446,HAS_CAUSE,CA3410
D1446,HAS_CAUSE,CA3411
D1446,HAS_CAUSE,CA3412
D1446,DIAGNOSED_BY,T005
D1446,DIAGNOSED_BY,T905
D1446,DIAGNOSED_BY,T1930
D1446,DIAGNOSED_BY,T1931
D1446,DIAGNOSED_BY,T251
D1446,DIAGNOSED_BY,T1932
D1446,DIAGNOSED_BY,T1933
D1446,CAN_CAUSE,C1095
D1446,CAN_CAUSE,C1096
D1446,CAN_CAUSE,C389
D1446,CAN_CAUSE,C1097
D1446,MANAGED_BY,TR2640
D1446,MANAGED_BY,TR2641
D1446,MANAGED_BY,TR2642
D1447,HAS_SYMPTOM,S128
D1447,HAS_SYMPTOM,S4047
D1447,HAS_SYMPTOM,S4048
D1447,HAS_SYMPTOM,S968
D1447,HAS_SYMPTOM,S096
D1447,HAS_SYMPTOM,S970
D1447,HAS_SYMPTOM,S4049
D1447,HAS_SYMPTOM,S4050
D1447,HAS_CAUSE,CA3413
D1447,HAS_CAUSE,CA3414
D1447,HAS_CAUSE,CA3415
D1447,HAS_CAUSE,CA3416
D1447,HAS_CAUSE,CA3417
D1447,MANAGED_BY,TR2643
D1447,MANAGED_BY,TR2644
D1447,DIAGNOSED_BY,T584
D1447,DIAGNOSED_BY,T1934
D1447,DIAGNOSED_BY,T1935
D1447,DIAGNOSED_BY,T1936
D1447,DIAGNOSED_BY,T1937
D1447,DIAGNOSED_BY,T005
D1447,DIAGNOSED_BY,T905
D1447,CAN_CAUSE,C725
D1447,CAN_CAUSE,C1098
D1447,CAN_CAUSE,C157
D1447,CAN_CAUSE,C584
D1447,MANAGED_BY,TR2645
D1447,MANAGED_BY,TR2646
D1447,MANAGED_BY,TR2647
D1448,HAS_SYMPTOM,S4051
D1448,HAS_SYMPTOM,S574
D1448,HAS_SYMPTOM,S363
D1448,HAS_SYMPTOM,S4052
D1448,HAS_CAUSE,CA3418
D1448,HAS_CAUSE,CA3419
D1448,HAS_CAUSE,CA3420
D1448,HAS_CAUSE,CA3421
D1448,HAS_CAUSE,CA3422
D1448,MANAGED_BY,TR2648
D1448,MANAGED_BY,TR2649
D1448,DIAGNOSED_BY,T1938
D1448,DIAGNOSED_BY,T1939
D1448,CAN_CAUSE,C1099
D1448,CAN_CAUSE,C1100
D1448,CAN_CAUSE,C1101
D1448,MANAGED_BY,TR2650
D1448,MANAGED_BY,TR2651
D1449,HAS_SYMPTOM,S4053
D1449,HAS_SYMPTOM,S1100
D1449,HAS_SYMPTOM,S098
D1449,HAS_SYMPTOM,S141
D1449,HAS_SYMPTOM,S4054
D1449,HAS_SYMPTOM,S834
D1449,HAS_SYMPTOM,S133
D1449,HAS_SYMPTOM,S4055
D1449,HAS_SYMPTOM,S3104
D1449,HAS_SYMPTOM,S182
D1449,HAS_SYMPTOM,S4056
D1449,HAS_SYMPTOM,S1728
D1449,MANAGED_BY,TR1543
D1449,MANAGED_BY,TR2652
D1449,MANAGED_BY,TR1545
D1449,MANAGED_BY,TR2653
D1449,MANAGED_BY,TR1531
D1449,MANAGED_BY,TR059
D1449,MANAGED_BY,TR2654
D1449,MANAGED_BY,TR1547
D1449,MANAGED_BY,TR1548
D1449,MANAGED_BY,TR1549
D1449,MANAGED_BY,TR2655
D1449,MANAGED_BY,TR2656
D1450,HAS_CAUSE,CA001
D1450,HAS_CAUSE,CA3423
D1450,HAS_CAUSE,CA3424
RF1185,INCREASES_RISK_OF,D1450
RF1186,INCREASES_RISK_OF,D1450
D1450,MANAGED_BY,TR2657
D1450,DIAGNOSED_BY,T1940
D1450,CAN_CAUSE,C1102
D1450,CAN_CAUSE,C1069
D1450,CAN_CAUSE,C1103
D1450,CAN_CAUSE,C1104
D1451,HAS_SYMPTOM,S4057
D1451,HAS_SYMPTOM,S4058
D1451,HAS_SYMPTOM,S3781
D1451,HAS_SYMPTOM,S3434
D1451,HAS_SYMPTOM,S753
D1451,HAS_CAUSE,CA3425
D1451,HAS_CAUSE,CA3426
D1451,HAS_CAUSE,CA3427
D1451,HAS_CAUSE,CA3428
D1451,HAS_CAUSE,CA3429
D1451,HAS_CAUSE,CA001
D1451,HAS_CAUSE,CA3430
D1451,HAS_CAUSE,CA3431
D1451,MANAGED_BY,TR2658
D1451,MANAGED_BY,TR2659
D1451,MANAGED_BY,TR2660
D1451,DIAGNOSED_BY,T1941
D1451,DIAGNOSED_BY,T1942
D1451,DIAGNOSED_BY,T1943
D1451,DIAGNOSED_BY,T1944
D1451,CAN_CAUSE,C1105
D1451,CAN_CAUSE,C1106
D1451,CAN_CAUSE,C1107
D1452,AFFECTS,O002
D1452,HAS_SYMPTOM,S4059
D1452,HAS_SYMPTOM,S526
D1452,HAS_SYMPTOM,S4060
D1452,HAS_SYMPTOM,S1401
D1452,HAS_SYMPTOM,S4061
D1452,HAS_SYMPTOM,S4062
D1452,HAS_CAUSE,CA3432
D1452,MANAGED_BY,TR2661
D1452,DIAGNOSED_BY,T134
D1452,DIAGNOSED_BY,T1899
D1452,DIAGNOSED_BY,T1900
D1452,CAN_CAUSE,C1108
D1452,CAN_CAUSE,C1109
D1452,MANAGED_BY,TR2662
D1453,HAS_SYMPTOM,S4063
D1453,HAS_SYMPTOM,S4064
D1453,HAS_SYMPTOM,S583
D1453,HAS_SYMPTOM,S4065
D1453,HAS_CAUSE,CA3433
D1453,MANAGED_BY,TR2663
D1453,DIAGNOSED_BY,T005
D1453,DIAGNOSED_BY,T028
D1453,DIAGNOSED_BY,T1945
D1453,DIAGNOSED_BY,T1946
D1453,DIAGNOSED_BY,T1947
D1453,DIAGNOSED_BY,T049
D1453,CAN_CAUSE,C1110
D1453,CAN_CAUSE,C1111
D1453,CAN_CAUSE,C1112
D1454,AFFECTS,O002
D1454,HAS_SYMPTOM,S4066
D1454,HAS_SYMPTOM,S4067
D1454,HAS_SYMPTOM,S4068
RF1187,INCREASES_RISK_OF,D1454
RF1188,INCREASES_RISK_OF,D1454
RF1189,INCREASES_RISK_OF,D1454
RF1190,INCREASES_RISK_OF,D1454
D1454,MANAGED_BY,TR2664
D1455,HAS_SYMPTOM,S4069
D1455,HAS_SYMPTOM,S562
D1455,HAS_SYMPTOM,S4070
D1455,HAS_SYMPTOM,S2637
D1455,HAS_SYMPTOM,S4071
D1455,HAS_SYMPTOM,S4072
D1455,HAS_SYMPTOM,S4073
D1455,HAS_SYMPTOM,S583
D1455,HAS_SYMPTOM,S4074
RF1191,INCREASES_RISK_OF,D1455
RF1192,INCREASES_RISK_OF,D1455
D1455,DIAGNOSED_BY,T132
D1455,DIAGNOSED_BY,T1902
D1455,DIAGNOSED_BY,T1456
D1455,DIAGNOSED_BY,T1948
D1455,CAN_CAUSE,C1113
D1455,CAN_CAUSE,C1114
D1455,MANAGED_BY,TR2665
D1456,AFFECTS,O002
D1456,HAS_SYMPTOM,S354
D1456,HAS_SYMPTOM,S132
D1456,HAS_SYMPTOM,S970
D1456,HAS_SYMPTOM,S583
D1456,HAS_CAUSE,CA3434
D1456,HAS_CAUSE,CA3435
D1456,HAS_CAUSE,CA3436
D1456,HAS_CAUSE,CA3437
D1456,HAS_CAUSE,CA3438
D1456,HAS_CAUSE,CA3005
D1456,DIAGNOSED_BY,T1949
D1456,DIAGNOSED_BY,T1950
D1457,HAS_SYMPTOM,S127
D1457,HAS_SYMPTOM,S309
D1457,HAS_SYMPTOM,S4075
D1457,HAS_SYMPTOM,S2896
D1457,HAS_SYMPTOM,S663
D1457,HAS_SYMPTOM,S753
D1457,HAS_SYMPTOM,S4076
D1457,HAS_SYMPTOM,S4077
D1457,HAS_SYMPTOM,S4078
D1457,HAS_SYMPTOM,S4079
D1457,HAS_SYMPTOM,S4080
D1457,HAS_SYMPTOM,S4081
D1457,HAS_CAUSE,CA3439
D1457,HAS_CAUSE,CA3440
D1457,HAS_CAUSE,CA3441
D1457,HAS_CAUSE,CA093
D1457,HAS_CAUSE,CA3442
D1457,HAS_CAUSE,CA3443
RF061,INCREASES_RISK_OF,D1457
RF062,INCREASES_RISK_OF,D1457
RF063,INCREASES_RISK_OF,D1457
D1457,MANAGED_BY,TR2666
D1457,MANAGED_BY,TR2667
D1457,MANAGED_BY,TR2668
D1457,DIAGNOSED_BY,T005
D1457,DIAGNOSED_BY,T133
D1457,DIAGNOSED_BY,T1000
D1457,DIAGNOSED_BY,T1951
D1457,DIAGNOSED_BY,T044
D1457,DIAGNOSED_BY,T1952
D1457,CAN_CAUSE,C1115
D1457,CAN_CAUSE,C1116
D1457,MANAGED_BY,TR1321
D1457,MANAGED_BY,TR2669
D1457,MANAGED_BY,TR2670
D1457,MANAGED_BY,TR2671
D1458,AFFECTS,O001
D1458,HAS_SYMPTOM,S2389
D1458,HAS_SYMPTOM,S4082
D1458,HAS_SYMPTOM,S4083
D1458,HAS_SYMPTOM,S4084
D1458,HAS_SYMPTOM,S4085
D1458,HAS_SYMPTOM,S077
D1458,HAS_CAUSE,CA3444
D1458,HAS_CAUSE,CA1185
D1458,HAS_CAUSE,CA3445
D1458,HAS_CAUSE,CA3446
D1458,HAS_CAUSE,CA3447
D1458,HAS_CAUSE,CA3448
D1458,MANAGED_BY,TR2672
D1458,MANAGED_BY,TR2673
D1458,MANAGED_BY,TR2674
D1458,MANAGED_BY,TR2675
D1458,MANAGED_BY,TR2676
D1458,MANAGED_BY,TR735
D1458,MANAGED_BY,TR2677
D1458,MANAGED_BY,TR2678
D1458,DIAGNOSED_BY,T431
D1458,DIAGNOSED_BY,T426
D1458,DIAGNOSED_BY,T005
D1458,DIAGNOSED_BY,T051
D1458,CAN_CAUSE,C1117
D1458,CAN_CAUSE,C1118
D1458,CAN_CAUSE,C1119
D1458,CAN_CAUSE,C1120
D1458,CAN_CAUSE,C1121
D1458,MANAGED_BY,TR2679
D1459,HAS_CAUSE,CA3449
D1459,HAS_CAUSE,CA3450
D1459,HAS_CAUSE,CA3451
D1459,MANAGED_BY,TR2680
D1459,MANAGED_BY,TR2681
D1461,HAS_SYMPTOM,S4086
D1461,HAS_SYMPTOM,S4087
D1461,HAS_SYMPTOM,S4088
D1461,HAS_SYMPTOM,S128
D1461,HAS_SYMPTOM,S4089
D1461,HAS_SYMPTOM,S4090
D1461,HAS_SYMPTOM,S4091
D1461,HAS_SYMPTOM,S056
D1461,HAS_SYMPTOM,S076
D1461,HAS_SYMPTOM,S4092
D1461,HAS_CAUSE,CA3452
D1461,HAS_CAUSE,CA3453
D1461,HAS_CAUSE,CA3454
D1461,HAS_CAUSE,CA3455
D1461,HAS_CAUSE,CA3456
D1461,MANAGED_BY,TR2682
D1461,MANAGED_BY,TR2683
D1461,DIAGNOSED_BY,T1953
D1461,DIAGNOSED_BY,T005
D1461,DIAGNOSED_BY,T207
D1461,DIAGNOSED_BY,T133
D1461,DIAGNOSED_BY,T1954
D1461,CAN_CAUSE,C1122
D1461,CAN_CAUSE,C1123
D1461,CAN_CAUSE,C1124
D1461,CAN_CAUSE,C1125
D1461,CAN_CAUSE,C1126
D1461,CAN_CAUSE,C1127
D1461,CAN_CAUSE,C1128
D1461,CAN_CAUSE,C058
D1461,CAN_CAUSE,C1129
D1461,CAN_CAUSE,C1130
D1461,CAN_CAUSE,C1131
D1461,CAN_CAUSE,C1085
D1461,MANAGED_BY,TR2684
D1461,MANAGED_BY,TR2685
D1462,HAS_SYMPTOM,S4093
D1462,MANAGED_BY,TR2686
D1462,MANAGED_BY,TR2687
D1462,DIAGNOSED_BY,T956
D1462,CAN_CAUSE,C154
D1462,CAN_CAUSE,C181
D1462,CAN_CAUSE,C1132
D1464,HAS_SYMPTOM,S4094
D1464,HAS_CAUSE,CA3457
D1464,HAS_CAUSE,CA3458
D1464,HAS_CAUSE,CA3459
RF1193,INCREASES_RISK_OF,D1464
RF1194,INCREASES_RISK_OF,D1464
RF1195,INCREASES_RISK_OF,D1464
D1464,MANAGED_BY,TR2688
D1464,MANAGED_BY,TR2689
D1464,MANAGED_BY,TR1545
D1464,MANAGED_BY,TR2690
D1464,MANAGED_BY,TR2691
D1464,MANAGED_BY,TR2692
D1464,MANAGED_BY,TR2693
D1464,MANAGED_BY,TR2694
D1464,MANAGED_BY,TR2695
D1464,MANAGED_BY,TR2696
D1464,MANAGED_BY,TR2697
D1464,MANAGED_BY,TR2698
D1465,AFFECTS,O015
D1465,HAS_SYMPTOM,S4095
D1465,HAS_SYMPTOM,S4096
D1465,HAS_SYMPTOM,S4097
D1465,HAS_SYMPTOM,S891
D1465,HAS_SYMPTOM,S4098
D1465,HAS_SYMPTOM,S4099
D1465,HAS_SYMPTOM,S4100
D1465,HAS_SYMPTOM,S3681
D1465,HAS_SYMPTOM,S3781
D1465,HAS_SYMPTOM,S4101
D1465,HAS_SYMPTOM,S4102
D1465,HAS_SYMPTOM,S4103
D1465,HAS_CAUSE,CA3460
D1465,HAS_CAUSE,CA3461
D1465,HAS_CAUSE,CA3462
D1465,HAS_CAUSE,CA3463
D1465,HAS_CAUSE,CA3464
D1465,HAS_CAUSE,CA001
D1465,MANAGED_BY,TR2699
D1465,MANAGED_BY,TR2700
D1465,MANAGED_BY,TR2701
D1465,DIAGNOSED_BY,T1955
D1465,DIAGNOSED_BY,T1956
D1465,DIAGNOSED_BY,T1957
D1465,DIAGNOSED_BY,T1958
D1465,DIAGNOSED_BY,T1959
D1465,DIAGNOSED_BY,T1960
D1465,DIAGNOSED_BY,T1961
D1465,DIAGNOSED_BY,T1392
D1465,DIAGNOSED_BY,T1459
D1465,DIAGNOSED_BY,T885
D1465,CAN_CAUSE,C1133
D1465,CAN_CAUSE,C1134
D1465,CAN_CAUSE,C1135
D1465,CAN_CAUSE,C1136
D1465,CAN_CAUSE,C1137
D1465,CAN_CAUSE,C1138
D1465,CAN_CAUSE,C1139
D1465,CAN_CAUSE,C1140
D1465,CAN_CAUSE,C1141
D1465,CAN_CAUSE,C134
D1466,AFFECTS,O015
D1466,HAS_SYMPTOM,S4104
D1466,HAS_SYMPTOM,S4105
D1466,HAS_CAUSE,CA3465
D1467,AFFECTS,O005
D1467,HAS_CAUSE,CA3466
D1467,HAS_CAUSE,CA3078
D1467,HAS_CAUSE,CA3467
D1467,HAS_CAUSE,CA3468
D1467,HAS_CAUSE,CA222
D1467,HAS_CAUSE,CA465
D1467,HAS_CAUSE,CA3469
D1467,HAS_CAUSE,CA001
D1467,HAS_CAUSE,CA3470
D1467,HAS_CAUSE,CA378
D1467,HAS_CAUSE,CA3471
D1467,HAS_CAUSE,CA3472
D1468,HAS_SYMPTOM,S4106
D1468,HAS_SYMPTOM,S4107
D1468,HAS_SYMPTOM,S132
D1468,HAS_SYMPTOM,S4108
D1468,HAS_SYMPTOM,S4109
D1468,HAS_SYMPTOM,S4110
D1468,HAS_SYMPTOM,S4111
D1468,HAS_SYMPTOM,S4112
D1468,HAS_SYMPTOM,S4113
D1468,HAS_CAUSE,CA3473
D1468,HAS_CAUSE,CA3474
D1468,HAS_CAUSE,CA045
D1468,HAS_CAUSE,CA3298
D1468,HAS_CAUSE,CA3475
D1468,MANAGED_BY,TR2702
D1468,MANAGED_BY,TR2703
D1468,MANAGED_BY,TR2704
D1468,MANAGED_BY,TR2705
D1468,MANAGED_BY,TR2706
D1468,DIAGNOSED_BY,T347
D1468,DIAGNOSED_BY,T1962
D1468,DIAGNOSED_BY,T1963
D1468,DIAGNOSED_BY,T394
D1468,DIAGNOSED_BY,T1964
D1468,DIAGNOSED_BY,T1965
D1468,DIAGNOSED_BY,T1966
D1468,CAN_CAUSE,C1142
D1468,CAN_CAUSE,C1143
D1468,CAN_CAUSE,C041
D1468,CAN_CAUSE,C1144
D1468,CAN_CAUSE,C013
D1469,AFFECTS,O003
D1471,HAS_SYMPTOM,S4114
D1471,HAS_SYMPTOM,S4115
D1471,HAS_SYMPTOM,S4116
D1471,HAS_SYMPTOM,S4117
D1471,HAS_SYMPTOM,S4118
D1471,HAS_SYMPTOM,S098
D1471,HAS_SYMPTOM,S4119
D1471,HAS_SYMPTOM,S3796
D1471,HAS_SYMPTOM,S4120
D1472,HAS_SYMPTOM,S4121
D1472,HAS_SYMPTOM,S4122
D1472,HAS_CAUSE,CA3476
D1472,MANAGED_BY,TR2707
D1472,CAN_CAUSE,C1145
D1473,HAS_SYMPTOM,S4123
D1473,HAS_CAUSE,CA3477
D1473,HAS_CAUSE,CA376
D1473,HAS_CAUSE,CA422
D1473,HAS_CAUSE,CA3478
D1473,HAS_CAUSE,CA3479
D1473,HAS_CAUSE,CA3341
D1473,HAS_CAUSE,CA3480
D1473,HAS_CAUSE,CA3481
D1473,HAS_CAUSE,CA3482
D1473,HAS_CAUSE,CA3483
D1473,HAS_CAUSE,CA3484
D1473,HAS_CAUSE,CA3485
RF1196,INCREASES_RISK_OF,D1473
D1473,MANAGED_BY,TR2708
D1473,MANAGED_BY,TR2709
D1473,MANAGED_BY,TR2710
D1473,DIAGNOSED_BY,T1967
D1473,DIAGNOSED_BY,T1968
D1473,DIAGNOSED_BY,T1969
D1473,DIAGNOSED_BY,T1970
D1473,DIAGNOSED_BY,T1971
D1473,DIAGNOSED_BY,T1972
D1473,DIAGNOSED_BY,T1973
D1474,AFFECTS,O001
D1474,HAS_SYMPTOM,S4124
D1474,HAS_SYMPTOM,S4125
D1474,HAS_SYMPTOM,S4126
D1474,HAS_SYMPTOM,S4127
D1474,HAS_SYMPTOM,S4128
D1474,HAS_CAUSE,CA2101
D1474,HAS_CAUSE,CA3486
D1474,HAS_CAUSE,CA2472
D1474,HAS_CAUSE,CA3487
D1474,HAS_CAUSE,CA3488
D1474,HAS_CAUSE,CA3489
D1474,HAS_CAUSE,CA3490
D1474,HAS_CAUSE,CA3491
D1474,HAS_CAUSE,CA3112
D1474,HAS_CAUSE,CA3492
D1474,HAS_CAUSE,CA3493
D1474,HAS_CAUSE,CA2092
D1474,MANAGED_BY,TR2711
D1474,MANAGED_BY,TR2712
D1474,MANAGED_BY,TR2713
D1474,MANAGED_BY,TR2714
D1474,MANAGED_BY,TR2715
D1474,MANAGED_BY,TR2716
D1474,MANAGED_BY,TR2717
D1474,MANAGED_BY,TR2718
D1474,DIAGNOSED_BY,T005
D1474,DIAGNOSED_BY,T191
D1474,DIAGNOSED_BY,T1974
D1474,DIAGNOSED_BY,T1975
D1474,DIAGNOSED_BY,T1976
D1474,DIAGNOSED_BY,T1977
D1474,DIAGNOSED_BY,T1978
D1474,CAN_CAUSE,C1146
D1475,AFFECTS,O007
D1475,HAS_SYMPTOM,S4129
D1475,HAS_SYMPTOM,S4130
D1475,HAS_CAUSE,CA3494
D1475,MANAGED_BY,TR2719
D1475,MANAGED_BY,TR2720
D1475,DIAGNOSED_BY,T410
D1475,DIAGNOSED_BY,T005
D1475,DIAGNOSED_BY,T1979
D1475,DIAGNOSED_BY,T051
D1475,DIAGNOSED_BY,T052
D1475,DIAGNOSED_BY,T1980
D1475,DIAGNOSED_BY,T1981
D1475,DIAGNOSED_BY,T1982
D1475,DIAGNOSED_BY,T1983
D1475,CAN_CAUSE,C1147
D1475,CAN_CAUSE,C1148
D1475,CAN_CAUSE,C1149
D1475,CAN_CAUSE,C196
D1475,CAN_CAUSE,C1150
D1476,AFFECTS,O008
D1476,HAS_SYMPTOM,S4131
D1476,HAS_SYMPTOM,S4132
D1476,HAS_SYMPTOM,S4133
D1476,HAS_SYMPTOM,S4134
D1476,HAS_CAUSE,CA3495
D1476,HAS_CAUSE,CA3496
D1476,HAS_CAUSE,CA3497
D1476,MANAGED_BY,TR1671
D1476,MANAGED_BY,TR2721
D1476,DIAGNOSED_BY,T1984
D1476,DIAGNOSED_BY,T1985
D1476,DIAGNOSED_BY,T1986
D1476,DIAGNOSED_BY,T125
D1477,AFFECTS,O008
D1477,HAS_CAUSE,CA3498
D1477,HAS_CAUSE,CA3499
D1477,HAS_CAUSE,CA3500
D1477,HAS_CAUSE,CA3501
D1477,HAS_CAUSE,CA3502
D1477,HAS_CAUSE,CA304
D1477,HAS_CAUSE,CA3503
D1477,HAS_CAUSE,CA3504
D1477,HAS_CAUSE,CA3505
D1477,HAS_CAUSE,CA3506
RF1197,INCREASES_RISK_OF,D1477
RF464,INCREASES_RISK_OF,D1477
RF076,INCREASES_RISK_OF,D1477
RF1198,INCREASES_RISK_OF,D1477
RF1199,INCREASES_RISK_OF,D1477
RF1200,INCREASES_RISK_OF,D1477
RF1201,INCREASES_RISK_OF,D1477
RF1202,INCREASES_RISK_OF,D1477
D1477,MANAGED_BY,TR2722
D1478,AFFECTS,O002
D1478,HAS_SYMPTOM,S4135
D1478,HAS_CAUSE,CA3507
D1478,DIAGNOSED_BY,T1987
D1478,CAN_CAUSE,C1151
D1480,HAS_SYMPTOM,S4136
D1480,HAS_SYMPTOM,S4137
D1480,HAS_SYMPTOM,S4138
D1480,HAS_SYMPTOM,S4139
D1480,HAS_SYMPTOM,S4140
D1480,HAS_SYMPTOM,S4141
D1480,HAS_SYMPTOM,S4142
D1480,HAS_CAUSE,CA3508
D1480,HAS_CAUSE,CA3509
D1480,HAS_CAUSE,CA3510
RF1203,INCREASES_RISK_OF,D1480
RF1204,INCREASES_RISK_OF,D1480
RF1205,INCREASES_RISK_OF,D1480
RF1206,INCREASES_RISK_OF,D1480
RF1207,INCREASES_RISK_OF,D1480
D1480,MANAGED_BY,TR2723
D1480,MANAGED_BY,TR2724
D1480,CAN_CAUSE,C1152
D1480,CAN_CAUSE,C1153
D1480,MANAGED_BY,TR2725
D1480,MANAGED_BY,TR2726
D1482,HAS_SYMPTOM,S493
D1482,HAS_SYMPTOM,S4143
D1482,HAS_SYMPTOM,S4144
D1482,HAS_SYMPTOM,S485
D1482,HAS_SYMPTOM,S486
D1482,HAS_SYMPTOM,S3006
D1482,HAS_SYMPTOM,S341
D1482,HAS_SYMPTOM,S1488
D1482,HAS_SYMPTOM,S497
D1482,HAS_SYMPTOM,S4145
D1482,HAS_SYMPTOM,S356
D1482,HAS_SYMPTOM,S4146
D1483,AFFECTS,O014
D1484,AFFECTS,O002
D1484,AFFECTS,O014
D1484,HAS_SYMPTOM,S4147
D1484,HAS_CAUSE,CA3511
D1484,HAS_CAUSE,CA3512
D1484,HAS_CAUSE,CA3513
D1484,HAS_CAUSE,CA3514
RF1208,INCREASES_RISK_OF,D1484
D1485,AFFECTS,O002
D1485,AFFECTS,O014
D1485,HAS_SYMPTOM,S4148
D1485,HAS_CAUSE,CA3515
D1485,HAS_CAUSE,CA3516
D1485,HAS_CAUSE,CA101
D1485,HAS_CAUSE,CA3517
D1485,MANAGED_BY,TR2727
D1485,MANAGED_BY,TR2728
D1485,MANAGED_BY,TR2729
D1485,MANAGED_BY,TR2730
D1485,MANAGED_BY,TR2731
D1486,AFFECTS,O014
D1486,HAS_SYMPTOM,S4149
D1486,HAS_SYMPTOM,S4150
D1486,HAS_SYMPTOM,S4151
D1486,HAS_SYMPTOM,S4152
D1486,HAS_SYMPTOM,S4153
D1486,HAS_SYMPTOM,S4154
D1486,HAS_CAUSE,CA3518
D1486,HAS_CAUSE,CA3519
D1486,HAS_CAUSE,CA3520
D1486,HAS_CAUSE,CA3521
D1486,HAS_CAUSE,CA3522
D1486,HAS_CAUSE,CA3523
D1486,HAS_CAUSE,CA3524
D1486,HAS_CAUSE,CA3525
D1486,HAS_CAUSE,CA3526
D1486,HAS_CAUSE,CA3527
D1486,HAS_CAUSE,CA3528
D1486,HAS_CAUSE,CA3529
D1486,MANAGED_BY,TR2732
D1486,MANAGED_BY,TR2733
D1486,MANAGED_BY,TR2734
D1486,DIAGNOSED_BY,T1988
D1486,DIAGNOSED_BY,T836
D1486,DIAGNOSED_BY,T1989
D1486,DIAGNOSED_BY,T1990
D1486,DIAGNOSED_BY,T1991
D1486,DIAGNOSED_BY,T1992
D1486,CAN_CAUSE,C1154
D1486,CAN_CAUSE,C463
D1486,MANAGED_BY,TR2735
D1486,MANAGED_BY,TR2736
D1487,AFFECTS,O019
D1487,HAS_SYMPTOM,S4155
D1487,HAS_CAUSE,CA3530
D1487,HAS_CAUSE,CA3531
D1487,MANAGED_BY,TR2737
D1488,HAS_SYMPTOM,S4156
D1488,HAS_SYMPTOM,S4157
D1488,HAS_SYMPTOM,S4158
D1488,HAS_SYMPTOM,S4159
D1488,HAS_SYMPTOM,S4160
D1488,HAS_CAUSE,CA2336
D1488,MANAGED_BY,TR2738
D1490,HAS_CAUSE,CA3532
RF1209,INCREASES_RISK_OF,D1490
RF1210,INCREASES_RISK_OF,D1490
RF1211,INCREASES_RISK_OF,D1490
RF1212,INCREASES_RISK_OF,D1490
RF1213,INCREASES_RISK_OF,D1490
RF1214,INCREASES_RISK_OF,D1490
RF1215,INCREASES_RISK_OF,D1490
D1490,DIAGNOSED_BY,T1993
D1490,MANAGED_BY,TR2739
D1490,MANAGED_BY,TR2740
D1490,MANAGED_BY,TR2741
D1491,AFFECTS,O001
D1493,AFFECTS,O003
D1493,HAS_SYMPTOM,S101
D1493,MANAGED_BY,TR2742
D1493,MANAGED_BY,TR2743
D1493,MANAGED_BY,TR2744
D1493,MANAGED_BY,TR2745
D1494,HAS_SYMPTOM,S1042
D1494,HAS_SYMPTOM,S4161
D1494,HAS_SYMPTOM,S583
D1494,HAS_SYMPTOM,S4162
D1494,HAS_SYMPTOM,S4163
D1494,HAS_CAUSE,CA3533
D1494,HAS_CAUSE,CA3534
D1494,MANAGED_BY,TR2746
D1494,DIAGNOSED_BY,T178
D1494,DIAGNOSED_BY,T028
D1494,DIAGNOSED_BY,T616
D1494,MANAGED_BY,TR2747
D1494,MANAGED_BY,TR2748
D1495,HAS_SYMPTOM,S4164
D1495,HAS_SYMPTOM,S4165
D1495,HAS_SYMPTOM,S141
D1495,HAS_SYMPTOM,S2641
D1495,HAS_SYMPTOM,S4166
D1495,HAS_SYMPTOM,S095
D1495,HAS_SYMPTOM,S4167
D1495,HAS_SYMPTOM,S130
D1495,HAS_CAUSE,CA3535
D1495,HAS_CAUSE,CA093
D1495,HAS_CAUSE,CA3536
D1495,HAS_CAUSE,CA3537
D1495,HAS_CAUSE,CA3538
D1495,MANAGED_BY,TR2749
D1495,MANAGED_BY,TR2750
D1495,MANAGED_BY,TR2751
D1495,MANAGED_BY,TR2752
D1495,DIAGNOSED_BY,T207
D1495,MANAGED_BY,TR2753
D1495,MANAGED_BY,TR2754
D1495,MANAGED_BY,TR2755
D1495,MANAGED_BY,TR2756
D1495,MANAGED_BY,TR2757
D1495,MANAGED_BY,TR2758
D1496,HAS_CAUSE,CA3399
D1496,HAS_CAUSE,CA3539
D1496,HAS_CAUSE,CA3540
D1496,HAS_CAUSE,CA3541
D1496,HAS_CAUSE,CA142
D1496,HAS_CAUSE,CA3542
D1496,HAS_CAUSE,CA3543
D1496,HAS_CAUSE,CA3544
D1496,HAS_CAUSE,CA3545
D1496,HAS_CAUSE,CA3546
D1496,HAS_CAUSE,CA3547
RF1216,INCREASES_RISK_OF,D1496
RF1217,INCREASES_RISK_OF,D1496
RF1218,INCREASES_RISK_OF,D1496
RF1219,INCREASES_RISK_OF,D1496
RF1220,INCREASES_RISK_OF,D1496
D1497,HAS_SYMPTOM,S1537
D1497,HAS_SYMPTOM,S4168
D1497,HAS_SYMPTOM,S4169
D1497,HAS_SYMPTOM,S4170
D1497,HAS_SYMPTOM,S2556
D1497,HAS_SYMPTOM,S2607
D1497,HAS_SYMPTOM,S4171
D1497,HAS_SYMPTOM,S052
D1497,HAS_SYMPTOM,S4172
D1497,HAS_SYMPTOM,S1169
D1497,HAS_SYMPTOM,S4173
D1497,HAS_SYMPTOM,S4174
D1498,AFFECTS,O007
D1498,HAS_SYMPTOM,S4175
D1498,HAS_CAUSE,CA3548
D1498,HAS_CAUSE,CA3549
D1498,HAS_CAUSE,CA3550
D1498,HAS_CAUSE,CA3551
D1498,HAS_CAUSE,CA3552
D1498,HAS_CAUSE,CA3553
D1498,HAS_CAUSE,CA3554
D1498,HAS_CAUSE,CA3555
D1498,HAS_CAUSE,CA3556
D1498,HAS_CAUSE,CA184
D1498,MANAGED_BY,TR2759
D1498,MANAGED_BY,TR2760
D1498,MANAGED_BY,TR2761
D1498,DIAGNOSED_BY,T005
D1498,DIAGNOSED_BY,T225
D1498,DIAGNOSED_BY,T051
D1498,CAN_CAUSE,C1155
D1498,CAN_CAUSE,C1156
D1498,MANAGED_BY,TR2762
D1498,MANAGED_BY,TR2763
D1498,MANAGED_BY,TR2692
D1498,MANAGED_BY,TR2764
D1499,HAS_SYMPTOM,S4176
D1499,HAS_SYMPTOM,S128
D1499,HAS_SYMPTOM,S4177
D1499,HAS_SYMPTOM,S4178
D1499,HAS_SYMPTOM,S4179
D1499,HAS_SYMPTOM,S4180
D1499,HAS_SYMPTOM,S4181
D1499,HAS_SYMPTOM,S4182
D1499,HAS_SYMPTOM,S078
D1499,HAS_SYMPTOM,S4183
D1499,HAS_CAUSE,CA3557
D1499,MANAGED_BY,TR2765
D1499,MANAGED_BY,TR2766
D1499,MANAGED_BY,TR2767
D1499,DIAGNOSED_BY,T1994
D1499,CAN_CAUSE,C1157
D1499,MANAGED_BY,TR2768
D1500,AFFECTS,O004
D1500,HAS_SYMPTOM,S4184
D1500,HAS_SYMPTOM,S4185
D1500,HAS_SYMPTOM,S4186
D1500,HAS_SYMPTOM,S4187
D1500,HAS_CAUSE,CA057
D1500,HAS_CAUSE,CA3558
D1500,MANAGED_BY,TR2769
D1500,MANAGED_BY,TR2770
D1500,DIAGNOSED_BY,T247
D1500,DIAGNOSED_BY,T836
D1500,DIAGNOSED_BY,T1754
D1500,DIAGNOSED_BY,T1602
D1500,CAN_CAUSE,C1158
D1500,CAN_CAUSE,C526
D1500,CAN_CAUSE,C1159
D1500,MANAGED_BY,TR2771
D1500,MANAGED_BY,TR2772
D1501,AFFECTS,O015
D1501,HAS_SYMPTOM,S4188
D1501,HAS_SYMPTOM,S4189
D1501,HAS_SYMPTOM,S4190
D1501,HAS_SYMPTOM,S4191
D1501,MANAGED_BY,TR2773
D1501,MANAGED_BY,TR2774
D1501,MANAGED_BY,TR2775
D1502,HAS_CAUSE,CA3559
D1502,HAS_CAUSE,CA2739
D1503,HAS_SYMPTOM,S4192
D1503,HAS_SYMPTOM,S4193
D1503,HAS_CAUSE,CA3560
D1503,HAS_CAUSE,CA3561
RF1221,INCREASES_RISK_OF,D1503
RF1222,INCREASES_RISK_OF,D1503
RF1223,INCREASES_RISK_OF,D1503
RF1224,INCREASES_RISK_OF,D1505
D1506,HAS_SYMPTOM,S416
D1506,HAS_SYMPTOM,S4194
D1506,HAS_SYMPTOM,S473
D1506,HAS_SYMPTOM,S4195
D1506,HAS_CAUSE,CA3562
D1506,HAS_CAUSE,CA3563
D1506,HAS_CAUSE,CA3564
D1506,HAS_CAUSE,CA3565
D1506,HAS_CAUSE,CA3566
D1506,HAS_CAUSE,CA3567
D1506,MANAGED_BY,TR2475
D1506,MANAGED_BY,TR2476
D1506,DIAGNOSED_BY,T1995
D1506,DIAGNOSED_BY,T1996
D1506,DIAGNOSED_BY,T1997
D1506,DIAGNOSED_BY,T1998
D1506,CAN_CAUSE,C1160
D1506,CAN_CAUSE,C825
D1506,MANAGED_BY,TR2776
D1506,MANAGED_BY,TR2777
D1507,HAS_SYMPTOM,S2823
D1507,HAS_SYMPTOM,S4196
D1507,HAS_SYMPTOM,S4197
D1507,HAS_SYMPTOM,S4198
D1507,HAS_CAUSE,CA3568
D1507,DIAGNOSED_BY,T1999
D1508,AFFECTS,O016
D1508,HAS_CAUSE,CA3569
RF1225,INCREASES_RISK_OF,D1508
RF1226,INCREASES_RISK_OF,D1508
RF1227,INCREASES_RISK_OF,D1508
D1509,AFFECTS,O018
D1509,HAS_SYMPTOM,S4199
D1509,HAS_SYMPTOM,S4200
D1509,HAS_SYMPTOM,S4201
D1509,HAS_SYMPTOM,S4202
D1509,HAS_SYMPTOM,S4203
D1509,HAS_SYMPTOM,S4204
D1509,HAS_SYMPTOM,S4205
RF1228,INCREASES_RISK_OF,D1509
D1510,HAS_SYMPTOM,S3604
D1510,HAS_SYMPTOM,S3605
D1510,HAS_SYMPTOM,S3606
D1510,HAS_SYMPTOM,S3607
D1510,HAS_CAUSE,CA3570
D1510,HAS_CAUSE,CA866
RF1229,INCREASES_RISK_OF,D1510
D1510,MANAGED_BY,TR2778
D1510,MANAGED_BY,TR1705
D1510,MANAGED_BY,TR233
D1510,MANAGED_BY,TR2779
D1510,MANAGED_BY,TR2780
D1510,MANAGED_BY,TR2781
D1512,AFFECTS,O012
D1513,HAS_SYMPTOM,S4206
D1513,HAS_SYMPTOM,S4207
D1513,HAS_CAUSE,CA3571
D1513,HAS_CAUSE,CA3572
RF1230,INCREASES_RISK_OF,D1513
D1513,MANAGED_BY,TR2782
D1513,MANAGED_BY,TR2783
D1513,MANAGED_BY,TR2784
D1513,MANAGED_BY,TR2785
D1513,MANAGED_BY,TR2786
D1514,AFFECTS,O013
D1514,HAS_SYMPTOM,S4208
D1514,MANAGED_BY,TR2787
D1514,MANAGED_BY,TR2788
D1514,MANAGED_BY,TR2789
D1514,MANAGED_BY,TR2790
D1514,MANAGED_BY,TR2791
D1514,MANAGED_BY,TR2792
D1514,DIAGNOSED_BY,T2000
D1514,CAN_CAUSE,C1161
D1514,CAN_CAUSE,C1162
D1515,HAS_SYMPTOM,S393
D1515,HAS_SYMPTOM,S4209
D1515,HAS_CAUSE,CA3573
D1515,HAS_CAUSE,CA3574
D1515,HAS_CAUSE,CA3575
RF1231,INCREASES_RISK_OF,D1515
RF1232,INCREASES_RISK_OF,D1515
D1515,MANAGED_BY,TR2793
D1515,MANAGED_BY,TR2794
D1515,MANAGED_BY,TR2795
D1517,HAS_SYMPTOM,S4210
D1517,HAS_SYMPTOM,S4211
D1517,HAS_SYMPTOM,S4212
D1517,HAS_SYMPTOM,S4213
D1517,HAS_CAUSE,CA3576
D1518,AFFECTS,O008
D1518,HAS_SYMPTOM,S3858
D1518,HAS_SYMPTOM,S4214
D1518,HAS_SYMPTOM,S2807
D1518,HAS_CAUSE,CA3577
D1518,HAS_CAUSE,CA3578
D1518,HAS_CAUSE,CA3579
D1518,HAS_CAUSE,CA3580
D1518,HAS_CAUSE,CA3581
D1518,HAS_CAUSE,CA3582
D1518,HAS_CAUSE,CA3583
D1518,HAS_CAUSE,CA3584
D1518,HAS_CAUSE,CA189
D1518,HAS_CAUSE,CA3585
D1518,HAS_CAUSE,CA3586
D1518,HAS_CAUSE,CA3587
D1518,MANAGED_BY,TR2796
D1518,MANAGED_BY,TR2797
D1518,MANAGED_BY,TR2798
D1518,MANAGED_BY,TR2799
D1518,MANAGED_BY,TR2800
D1518,DIAGNOSED_BY,T005
D1518,DIAGNOSED_BY,T066
D1518,DIAGNOSED_BY,T111
D1518,DIAGNOSED_BY,T210
D1518,DIAGNOSED_BY,T2001
D1518,DIAGNOSED_BY,T2002
D1518,DIAGNOSED_BY,T2003
D1518,DIAGNOSED_BY,T2004
D1518,DIAGNOSED_BY,T2005
D1518,DIAGNOSED_BY,T2006
D1518,DIAGNOSED_BY,T2007
D1518,DIAGNOSED_BY,T818
D1518,CAN_CAUSE,C1163
D1518,CAN_CAUSE,C1164
D1518,CAN_CAUSE,C1165
D1518,CAN_CAUSE,C1166
D1518,CAN_CAUSE,C1167
D1518,CAN_CAUSE,C1168
D1518,CAN_CAUSE,C198
D1518,CAN_CAUSE,C1169
D1519,HAS_SYMPTOM,S4215
D1519,HAS_SYMPTOM,S4216
D1520,HAS_SYMPTOM,S4022
D1520,HAS_SYMPTOM,S045
D1520,HAS_SYMPTOM,S416
D1520,HAS_SYMPTOM,S4217
D1520,HAS_SYMPTOM,S4218
D1520,HAS_SYMPTOM,S4219
D1520,MANAGED_BY,TR2801
D1520,MANAGED_BY,TR2802
D1520,MANAGED_BY,TR2803
D1520,MANAGED_BY,TR2804
D1520,MANAGED_BY,TR2805
D1521,HAS_SYMPTOM,S760
D1521,HAS_SYMPTOM,S4220
D1521,HAS_SYMPTOM,S4221
D1521,HAS_SYMPTOM,S4222
D1521,HAS_SYMPTOM,S4223
D1521,HAS_SYMPTOM,S4224
D1521,HAS_SYMPTOM,S046
D1521,HAS_SYMPTOM,S141
D1521,HAS_SYMPTOM,S056
D1521,HAS_SYMPTOM,S4225
D1521,HAS_SYMPTOM,S4226
D1521,HAS_SYMPTOM,S4227
D1522,HAS_SYMPTOM,S4228
D1522,HAS_SYMPTOM,S4229
D1522,HAS_CAUSE,CA3588
RF1233,INCREASES_RISK_OF,D1522
D1522,MANAGED_BY,TR2806
D1522,DIAGNOSED_BY,T2008
D1522,DIAGNOSED_BY,T2009
D1522,DIAGNOSED_BY,T2010
D1522,MANAGED_BY,TR2807
D1522,MANAGED_BY,TR2808
D1523,HAS_SYMPTOM,S4230
D1523,HAS_SYMPTOM,S4231
D1523,HAS_SYMPTOM,S4232
D1523,HAS_SYMPTOM,S4233
D1523,HAS_SYMPTOM,S4234
D1523,HAS_SYMPTOM,S4235
D1523,HAS_SYMPTOM,S098
D1523,HAS_CAUSE,CA3589
D1523,MANAGED_BY,TR2809
D1523,DIAGNOSED_BY,T2011
D1523,DIAGNOSED_BY,T2012
D1523,DIAGNOSED_BY,T1074
D1523,DIAGNOSED_BY,T2013
D1523,DIAGNOSED_BY,T2014
D1523,DIAGNOSED_BY,T2015
D1523,DIAGNOSED_BY,T2016
D1523,DIAGNOSED_BY,T005
D1523,CAN_CAUSE,C1170
D1523,CAN_CAUSE,C1171
D1524,HAS_SYMPTOM,S4236
D1524,HAS_SYMPTOM,S4237
D1524,HAS_SYMPTOM,S4238
D1524,HAS_SYMPTOM,S4239
D1524,HAS_SYMPTOM,S4240
D1524,HAS_CAUSE,CA3590
D1524,DIAGNOSED_BY,T2017
D1524,DIAGNOSED_BY,T2018
D1524,DIAGNOSED_BY,T2019
D1524,DIAGNOSED_BY,T2020
D1524,DIAGNOSED_BY,T2021
D1525,HAS_CAUSE,CA3591
D1525,HAS_CAUSE,CA677
D1525,HAS_CAUSE,CA3592
D1525,HAS_CAUSE,CA3593
D1526,HAS_SYMPTOM,S4241
D1526,HAS_SYMPTOM,S4242
D1526,HAS_SYMPTOM,S4243
RF1234,INCREASES_RISK_OF,D1526
RF1235,INCREASES_RISK_OF,D1526
RF1236,INCREASES_RISK_OF,D1526
D1526,MANAGED_BY,TR2810
D1526,MANAGED_BY,TR2811
D1526,MANAGED_BY,TR2812
D1526,MANAGED_BY,TR2813
D1527,AFFECTS,O017
D1527,HAS_SYMPTOM,S1655
D1527,HAS_SYMPTOM,S574
D1527,HAS_SYMPTOM,S4244
D1527,HAS_SYMPTOM,S4245
D1527,HAS_SYMPTOM,S4246
D1527,HAS_SYMPTOM,S4247
D1527,HAS_SYMPTOM,S2770
D1527,HAS_CAUSE,CA3594
D1527,HAS_CAUSE,CA3595
D1527,HAS_CAUSE,CA3596
D1527,HAS_CAUSE,CA3597
D1527,HAS_CAUSE,CA3598
D1527,HAS_CAUSE,CA1501
D1527,HAS_CAUSE,CA3599
D1527,HAS_CAUSE,CA3600
RF1237,INCREASES_RISK_OF,D1527
D1527,MANAGED_BY,TR2814
D1527,MANAGED_BY,TR2815
D1527,MANAGED_BY,TR1545
D1527,MANAGED_BY,TR2816
D1527,MANAGED_BY,TR059
D1527,MANAGED_BY,TR2817
D1527,MANAGED_BY,TR2818
D1527,MANAGED_BY,TR2819
D1527,MANAGED_BY,TR2820
D1527,MANAGED_BY,TR2821
D1527,MANAGED_BY,TR2822
D1528,AFFECTS,O007
D1528,HAS_SYMPTOM,S4248
D1528,HAS_SYMPTOM,S4249
D1528,HAS_CAUSE,CA3601
D1528,HAS_CAUSE,CA3602
RF1238,INCREASES_RISK_OF,D1528
RF1239,INCREASES_RISK_OF,D1528
D1528,MANAGED_BY,TR2823
D1528,MANAGED_BY,TR2824
D1528,MANAGED_BY,TR2825
D1528,MANAGED_BY,TR2826
D1528,MANAGED_BY,TR2827
D1528,DIAGNOSED_BY,T2022
D1528,DIAGNOSED_BY,T005
D1528,DIAGNOSED_BY,T051
D1528,DIAGNOSED_BY,T225
D1528,DIAGNOSED_BY,T2023
D1528,DIAGNOSED_BY,T052
D1528,DIAGNOSED_BY,T2024
D1528,DIAGNOSED_BY,T2025
D1528,DIAGNOSED_BY,T641
D1528,DIAGNOSED_BY,T379
D1528,MANAGED_BY,TR2828
D1528,MANAGED_BY,TR2829
D1529,AFFECTS,O008
D1529,HAS_SYMPTOM,S151
D1529,HAS_SYMPTOM,S041
D1529,HAS_SYMPTOM,S4250
D1529,HAS_SYMPTOM,S4251
D1529,HAS_SYMPTOM,S440
D1529,HAS_SYMPTOM,S4252
D1529,DIAGNOSED_BY,T1134
D1529,DIAGNOSED_BY,T2026
D1529,DIAGNOSED_BY,T231
D1529,DIAGNOSED_BY,T282
D1529,DIAGNOSED_BY,T125
D1529,MANAGED_BY,TR115
D1529,MANAGED_BY,TR2830
D1530,HAS_CAUSE,CA3603
D1530,HAS_CAUSE,CA3604
D1530,HAS_CAUSE,CA3605
D1530,HAS_CAUSE,CA3606
D1530,HAS_CAUSE,CA3607
D1530,HAS_CAUSE,CA3608
D1530,HAS_CAUSE,CA3609
D1531,AFFECTS,O016
D1531,AFFECTS,O002
D1531,HAS_SYMPTOM,S4253
D1531,HAS_SYMPTOM,S4254
D1531,HAS_CAUSE,CA3610
D1531,HAS_CAUSE,CA3611
D1531,HAS_CAUSE,CA3612
RF1240,INCREASES_RISK_OF,D1531
RF1241,INCREASES_RISK_OF,D1531
RF1242,INCREASES_RISK_OF,D1531
RF1243,INCREASES_RISK_OF,D1531
RF1244,INCREASES_RISK_OF,D1531
RF1245,INCREASES_RISK_OF,D1531
RF1246,INCREASES_RISK_OF,D1531
D1532,AFFECTS,O016
D1532,HAS_SYMPTOM,S4255
D1532,HAS_SYMPTOM,S093
D1532,HAS_SYMPTOM,S128
D1532,HAS_SYMPTOM,S130
D1532,HAS_SYMPTOM,S4256
D1532,HAS_SYMPTOM,S2529
D1532,HAS_CAUSE,CA3613
D1532,HAS_CAUSE,CA044
D1532,HAS_CAUSE,CA3614
D1532,HAS_CAUSE,CA3615
D1532,HAS_CAUSE,CA222
D1532,HAS_CAUSE,CA3616
D1532,HAS_CAUSE,CA3617
D1532,HAS_CAUSE,CA801
RF1247,INCREASES_RISK_OF,D1532
RF116,INCREASES_RISK_OF,D1532
RF1248,INCREASES_RISK_OF,D1532
RF1249,INCREASES_RISK_OF,D1532
D1533,AFFECTS,O016
D1533,HAS_SYMPTOM,S4257
D1533,HAS_SYMPTOM,S3974
D1533,HAS_SYMPTOM,S4258
D1533,HAS_SYMPTOM,S052
D1533,HAS_SYMPTOM,S4259
D1533,HAS_SYMPTOM,S042
D1533,HAS_CAUSE,CA3618
D1533,HAS_CAUSE,CA3619
D1533,HAS_CAUSE,CA3620
D1533,HAS_CAUSE,CA3621
D1533,HAS_CAUSE,CA3622
D1533,HAS_CAUSE,CA3623
D1533,HAS_CAUSE,CA3624
D1533,HAS_CAUSE,CA3625
D1533,HAS_CAUSE,CA044
D1533,DIAGNOSED_BY,T005
D1533,DIAGNOSED_BY,T066
D1533,DIAGNOSED_BY,T024
D1533,DIAGNOSED_BY,T857
D1533,CAN_CAUSE,C1172
D1533,CAN_CAUSE,C287
D1533,MANAGED_BY,TR2831
D1533,MANAGED_BY,TR2832
D1533,MANAGED_BY,TR2833
D1534,AFFECTS,O016
D1535,AFFECTS,O016
D1535,HAS_SYMPTOM,S127
D1535,HAS_SYMPTOM,S468
D1535,HAS_SYMPTOM,S128
D1535,HAS_SYMPTOM,S284
D1535,HAS_SYMPTOM,S4260
D1535,HAS_CAUSE,CA3626
D1535,DIAGNOSED_BY,T005
D1535,DIAGNOSED_BY,T024
D1535,DIAGNOSED_BY,T2027
D1535,DIAGNOSED_BY,T2028
D1535,DIAGNOSED_BY,T2029
D1535,DIAGNOSED_BY,T089
D1535,DIAGNOSED_BY,T066
D1535,DIAGNOSED_BY,T111
D1535,DIAGNOSED_BY,T2030
D1535,DIAGNOSED_BY,T2031
D1535,DIAGNOSED_BY,T2032
D1535,CAN_CAUSE,C444
D1535,CAN_CAUSE,C1173
D1535,CAN_CAUSE,C476
D1535,CAN_CAUSE,C054
D1536,AFFECTS,O002
D1536,HAS_SYMPTOM,S4261
D1536,HAS_SYMPTOM,S4262
D1536,HAS_SYMPTOM,S4263
D1536,HAS_CAUSE,CA1146
D1536,HAS_CAUSE,CA3627
D1536,HAS_CAUSE,CA3628
D1536,HAS_CAUSE,CA3629
RF1250,INCREASES_RISK_OF,D1536
RF1251,INCREASES_RISK_OF,D1536
RF1252,INCREASES_RISK_OF,D1536
RF1253,INCREASES_RISK_OF,D1536
D1536,MANAGED_BY,TR768
D1536,MANAGED_BY,TR2834
D1536,MANAGED_BY,TR2835
D1536,MANAGED_BY,TR2836
D1536,MANAGED_BY,TR2837
D1537,AFFECTS,O001
D1537,HAS_CAUSE,CA3630
D1537,HAS_CAUSE,CA3631
RF1254,INCREASES_RISK_OF,D1537
RF1255,INCREASES_RISK_OF,D1537
D1538,HAS_SYMPTOM,S4264
D1538,MANAGED_BY,TR2838
D1538,DIAGNOSED_BY,T2033
D1538,CAN_CAUSE,C1174
D1538,CAN_CAUSE,C287
D1538,CAN_CAUSE,C1175
D1538,CAN_CAUSE,C1176
D1539,AFFECTS,O003
D1540,AFFECTS,O003
D1541,AFFECTS,O003
D1541,HAS_CAUSE,CA2308
D1541,HAS_CAUSE,CA2305
D1541,HAS_CAUSE,CA3632
D1541,HAS_CAUSE,CA378
D1541,HAS_CAUSE,CA3633
D1541,HAS_CAUSE,CA3634
D1541,HAS_CAUSE,CA3635
D1541,HAS_CAUSE,CA410
D1541,HAS_CAUSE,CA3636
D1541,HAS_CAUSE,CA404
D1541,HAS_CAUSE,CA3637
D1541,HAS_CAUSE,CA381
D1541,CAN_CAUSE,C1177
D1541,MANAGED_BY,TR2839
D1542,AFFECTS,O006
D1542,HAS_SYMPTOM,S4265
D1542,HAS_SYMPTOM,S4266
D1542,HAS_SYMPTOM,S4267
D1542,HAS_SYMPTOM,S4268
D1542,HAS_SYMPTOM,S4269
D1542,HAS_CAUSE,CA3638
D1542,HAS_CAUSE,CA3639
D1542,MANAGED_BY,TR2840
D1542,DIAGNOSED_BY,T2034
D1542,MANAGED_BY,TR2841
D1542,MANAGED_BY,TR2842
D1542,MANAGED_BY,TR2843
D1542,MANAGED_BY,TR2844
D1542,MANAGED_BY,TR2845
D1545,AFFECTS,O016
D1545,HAS_CAUSE,CA044
RF1256,INCREASES_RISK_OF,D1545
RF1257,INCREASES_RISK_OF,D1545
RF1258,INCREASES_RISK_OF,D1545
RF1259,INCREASES_RISK_OF,D1545
D1546,AFFECTS,O016
D1546,HAS_SYMPTOM,S4270
D1546,HAS_SYMPTOM,S4271
D1546,HAS_SYMPTOM,S130
D1546,HAS_CAUSE,CA3640
D1546,HAS_CAUSE,CA3641
D1546,HAS_CAUSE,CA3642
D1546,DIAGNOSED_BY,T210
D1546,DIAGNOSED_BY,T005
D1546,DIAGNOSED_BY,T024
D1546,DIAGNOSED_BY,T2035
D1547,HAS_SYMPTOM,S4272
D1547,HAS_SYMPTOM,S4273
D1548,HAS_SYMPTOM,S127
D1548,HAS_SYMPTOM,S2650
D1548,HAS_SYMPTOM,S4274
D1548,HAS_SYMPTOM,S041
D1548,HAS_SYMPTOM,S4275
D1548,HAS_SYMPTOM,S093
D1548,HAS_SYMPTOM,S2244
D1548,HAS_SYMPTOM,S4276
D1548,HAS_SYMPTOM,S4277
D1548,HAS_SYMPTOM,S2485
D1548,HAS_SYMPTOM,S440
D1548,HAS_SYMPTOM,S4278
D1551,AFFECTS,O017
D1551,HAS_SYMPTOM,S1655
D1551,HAS_SYMPTOM,S4279
D1551,HAS_SYMPTOM,S363
D1551,HAS_SYMPTOM,S1783
D1551,HAS_CAUSE,CA3643
D1552,AFFECTS,O002
D1552,HAS_SYMPTOM,S2740
D1552,HAS_SYMPTOM,S141
D1552,HAS_SYMPTOM,S046
D1552,HAS_SYMPTOM,S419
D1552,HAS_SYMPTOM,S4280
D1552,HAS_SYMPTOM,S4281
D1552,HAS_SYMPTOM,S565
D1552,HAS_SYMPTOM,S4282
D1552,HAS_SYMPTOM,S1694
D1552,HAS_SYMPTOM,S4283
D1552,HAS_SYMPTOM,S1692
D1552,HAS_SYMPTOM,S4284
D1552,MANAGED_BY,TR2846
D1552,MANAGED_BY,TR2847
D1552,MANAGED_BY,TR2848
D1552,MANAGED_BY,TR2849
D1552,MANAGED_BY,TR2850
D1552,MANAGED_BY,TR2851
D1552,MANAGED_BY,TR2852
D1552,MANAGED_BY,TR313
D1552,MANAGED_BY,TR194
D1552,MANAGED_BY,TR2853
D1552,MANAGED_BY,TR2854
D1552,MANAGED_BY,TR2855
D1552,DIAGNOSED_BY,T2036
D1552,DIAGNOSED_BY,T2037
D1552,DIAGNOSED_BY,T2038
D1552,DIAGNOSED_BY,T2039
D1552,DIAGNOSED_BY,T2040
D1552,MANAGED_BY,TR2856
D1553,HAS_SYMPTOM,S126
D1553,HAS_SYMPTOM,S4285
D1553,HAS_SYMPTOM,S052
D1553,HAS_SYMPTOM,S4286
D1553,HAS_SYMPTOM,S393
D1553,HAS_SYMPTOM,S651
D1553,HAS_SYMPTOM,S4287
D1553,HAS_SYMPTOM,S048
D1553,HAS_SYMPTOM,S4288
D1553,HAS_SYMPTOM,S046
D1553,HAS_SYMPTOM,S1282
D1553,HAS_SYMPTOM,S141
D1554,HAS_SYMPTOM,S4289
D1554,HAS_SYMPTOM,S4290
D1554,HAS_SYMPTOM,S4291
D1554,HAS_CAUSE,CA3644
D1554,MANAGED_BY,TR2857
D1554,MANAGED_BY,TR2858
D1555,AFFECTS,O016
D1555,HAS_SYMPTOM,S3974
D1555,HAS_SYMPTOM,S468
D1555,HAS_SYMPTOM,S4292
D1555,HAS_CAUSE,CA3645
D1555,HAS_CAUSE,CA3646
RF1260,INCREASES_RISK_OF,D1555
RF216,INCREASES_RISK_OF,D1555
RF1261,INCREASES_RISK_OF,D1555
D1555,MANAGED_BY,TR2859
D1555,MANAGED_BY,TR2860
D1555,MANAGED_BY,TR2861
D1555,MANAGED_BY,TR2862
D1555,MANAGED_BY,TR2863
D1555,MANAGED_BY,TR2864
D1555,MANAGED_BY,TR2865
D1555,MANAGED_BY,TR2866
D1555,MANAGED_BY,TR2867
D1555,DIAGNOSED_BY,T2041
D1555,DIAGNOSED_BY,T2042
D1555,DIAGNOSED_BY,T2043
D1555,DIAGNOSED_BY,T2044
D1556,AFFECTS,O016
D1556,AFFECTS,O002
D1556,HAS_SYMPTOM,S292
D1556,HAS_SYMPTOM,S4293
D1556,HAS_SYMPTOM,S4294
D1556,HAS_SYMPTOM,S4295
D1556,HAS_CAUSE,CA3647
D1556,HAS_CAUSE,CA3648
D1556,HAS_CAUSE,CA3649
D1556,HAS_CAUSE,CA3650
D1556,HAS_CAUSE,CA1099
D1556,HAS_CAUSE,CA3651
D1556,HAS_CAUSE,CA3652
D1556,HAS_CAUSE,CA3653
D1556,HAS_CAUSE,CA3654
D1556,HAS_CAUSE,CA3655
D1556,HAS_CAUSE,CA3656
D1556,HAS_CAUSE,CA3657
RF1262,INCREASES_RISK_OF,D1556
RF1263,INCREASES_RISK_OF,D1556
RF1264,INCREASES_RISK_OF,D1556
RF1265,INCREASES_RISK_OF,D1556
RF1266,INCREASES_RISK_OF,D1556
RF1267,INCREASES_RISK_OF,D1556
RF1268,INCREASES_RISK_OF,D1556
D1556,MANAGED_BY,TR2868
D1556,MANAGED_BY,TR2869
D1557,HAS_SYMPTOM,S4296
D1557,HAS_SYMPTOM,S4297
D1557,HAS_SYMPTOM,S4298
D1557,HAS_SYMPTOM,S4299
D1557,HAS_SYMPTOM,S4300
D1557,HAS_SYMPTOM,S4301
D1557,HAS_SYMPTOM,S4302
D1557,HAS_SYMPTOM,S4004
D1557,HAS_SYMPTOM,S4303
D1557,HAS_SYMPTOM,S4304
D1557,HAS_SYMPTOM,S4305
D1557,HAS_SYMPTOM,S4306
D1558,HAS_CAUSE,CA3658
D1558,HAS_CAUSE,CA3659
D1558,HAS_CAUSE,CA3660
D1558,HAS_CAUSE,CA3661
D1558,HAS_CAUSE,CA3662
D1558,HAS_CAUSE,CA3663
D1558,HAS_CAUSE,CA3664
D1558,HAS_CAUSE,CA2974
D1558,HAS_CAUSE,CA3665
D1558,HAS_CAUSE,CA3666
D1558,HAS_CAUSE,CA1069
D1558,HAS_CAUSE,CA498
D1559,AFFECTS,O004
D1559,HAS_SYMPTOM,S4307
D1559,HAS_SYMPTOM,S4308
D1559,HAS_SYMPTOM,S4309
D1559,HAS_CAUSE,CA3667
D1559,HAS_CAUSE,CA3668
D1559,HAS_CAUSE,CA3663
D1559,HAS_CAUSE,CA3669
D1559,HAS_CAUSE,CA2893
D1559,HAS_CAUSE,CA092
D1559,HAS_CAUSE,CA3670
D1559,HAS_CAUSE,CA3671
D1559,HAS_CAUSE,CA498
D1559,HAS_CAUSE,CA2575
D1559,HAS_CAUSE,CA381
D1559,HAS_CAUSE,CA3672
RF1269,INCREASES_RISK_OF,D1559
RF1270,INCREASES_RISK_OF,D1559
RF1271,INCREASES_RISK_OF,D1559
RF1272,INCREASES_RISK_OF,D1559
D1560,HAS_SYMPTOM,S1530
D1560,HAS_SYMPTOM,S1531
D1560,HAS_SYMPTOM,S052
D1560,HAS_SYMPTOM,S1532
D1560,HAS_SYMPTOM,S1178
D1560,HAS_SYMPTOM,S042
D1560,HAS_SYMPTOM,S1533
D1560,HAS_SYMPTOM,S1534
D1560,HAS_SYMPTOM,S1535
D1560,HAS_SYMPTOM,S1536
D1561,AFFECTS,O004
D1561,HAS_SYMPTOM,S4310
D1561,HAS_SYMPTOM,S4311
D1561,HAS_SYMPTOM,S4312
D1561,HAS_SYMPTOM,S4313
D1561,HAS_CAUSE,CA3673
D1561,HAS_CAUSE,CA101
D1561,HAS_CAUSE,CA3674
D1561,MANAGED_BY,TR2870
D1561,DIAGNOSED_BY,T2045
D1561,DIAGNOSED_BY,T2046
D1561,DIAGNOSED_BY,T2047
D1561,DIAGNOSED_BY,T210
D1561,DIAGNOSED_BY,T005
D1561,DIAGNOSED_BY,T066
D1561,DIAGNOSED_BY,T2048
D1561,DIAGNOSED_BY,T2049
D1562,AFFECTS,O004
D1562,HAS_SYMPTOM,S4314
D1562,HAS_SYMPTOM,S4315
D1562,HAS_SYMPTOM,S4316
D1562,HAS_CAUSE,CA3675
D1562,MANAGED_BY,TR2871
D1562,MANAGED_BY,TR2872
D1562,MANAGED_BY,TR2873
D1562,MANAGED_BY,TR2874
D1562,DIAGNOSED_BY,T2050
D1562,DIAGNOSED_BY,T2051
D1562,CAN_CAUSE,C1178
D1562,CAN_CAUSE,C1179
D1562,MANAGED_BY,TR2875
D1562,MANAGED_BY,TR2876
D1562,MANAGED_BY,TR2877
D1563,AFFECTS,O004
D1564,HAS_SYMPTOM,S4317
D1564,HAS_SYMPTOM,S4318
D1564,HAS_SYMPTOM,S4319
D1564,HAS_SYMPTOM,S4320
D1564,HAS_SYMPTOM,S4321
D1564,HAS_SYMPTOM,S4322
D1565,HAS_SYMPTOM,S4323
D1565,HAS_SYMPTOM,S4324
D1565,HAS_SYMPTOM,S4325
D1565,HAS_SYMPTOM,S4326
D1565,HAS_SYMPTOM,S4327
D1565,HAS_SYMPTOM,S4328
D1565,HAS_SYMPTOM,S4329
D1565,HAS_SYMPTOM,S4330
D1565,HAS_SYMPTOM,S4331
D1565,HAS_SYMPTOM,S4332
D1565,HAS_SYMPTOM,S416
D1565,HAS_SYMPTOM,S098
RF1273,INCREASES_RISK_OF,D1565
D1565,MANAGED_BY,TR2878
D1566,HAS_SYMPTOM,S4333
D1566,HAS_SYMPTOM,S4334
D1566,HAS_SYMPTOM,S4335
D1566,HAS_SYMPTOM,S663
D1566,HAS_SYMPTOM,S1173
D1566,HAS_SYMPTOM,S4336
D1566,HAS_SYMPTOM,S1174
D1566,HAS_SYMPTOM,S356
D1566,HAS_SYMPTOM,S4337
D1566,HAS_SYMPTOM,S328
D1566,HAS_SYMPTOM,S3226
D1567,HAS_CAUSE,CA3339
D1567,HAS_CAUSE,CA3676
D1567,HAS_CAUSE,CA3341
D1567,HAS_CAUSE,CA3677
D1567,HAS_CAUSE,CA3678
D1567,HAS_CAUSE,CA3679
D1567,HAS_CAUSE,CA3680
D1567,HAS_CAUSE,CA3681
D1567,HAS_CAUSE,CA3682
D1567,HAS_CAUSE,CA3683
D1567,HAS_CAUSE,CA3684
D1567,HAS_CAUSE,CA3685
RF1274,INCREASES_RISK_OF,D1567
D1568,HAS_SYMPTOM,S514
D1568,HAS_SYMPTOM,S439
D1568,HAS_SYMPTOM,S4338
D1568,HAS_SYMPTOM,S4339
D1568,HAS_SYMPTOM,S518
D1568,HAS_SYMPTOM,S4340
D1568,HAS_SYMPTOM,S4341
D1568,HAS_SYMPTOM,S4342
D1568,HAS_SYMPTOM,S760
D1569,HAS_SYMPTOM,S4343
D1569,HAS_SYMPTOM,S126
D1569,HAS_SYMPTOM,S042
D1569,HAS_SYMPTOM,S4344
D1569,HAS_SYMPTOM,S4345
D1569,HAS_SYMPTOM,S4346
D1569,HAS_SYMPTOM,S4347
D1569,HAS_SYMPTOM,S663
D1569,HAS_SYMPTOM,S4348
D1569,HAS_SYMPTOM,S4349
D1569,HAS_SYMPTOM,S4350
D1569,HAS_SYMPTOM,S4351
D1570,HAS_SYMPTOM,S4352
D1570,HAS_SYMPTOM,S4353
D1570,MANAGED_BY,TR2879
D1570,DIAGNOSED_BY,T418
D1570,DIAGNOSED_BY,T419
D1570,DIAGNOSED_BY,T420
D1570,DIAGNOSED_BY,T421
D1570,DIAGNOSED_BY,T2052
D1570,MANAGED_BY,TR2880
D1571,AFFECTS,O005
D1571,HAS_CAUSE,CA3686
D1571,HAS_CAUSE,CA3687
D1571,HAS_CAUSE,CA3688
D1572,AFFECTS,O005
D1572,HAS_CAUSE,CA3689
D1573,HAS_SYMPTOM,S4354
D1573,HAS_SYMPTOM,S4355
D1573,HAS_SYMPTOM,S4356
D1573,HAS_SYMPTOM,S4304
D1573,HAS_SYMPTOM,S4357
D1573,HAS_SYMPTOM,S4358
D1573,HAS_SYMPTOM,S4359
D1573,HAS_SYMPTOM,S4360
D1573,HAS_SYMPTOM,S4361
D1573,MANAGED_BY,TR2881
D1573,MANAGED_BY,TR2882
D1573,MANAGED_BY,TR2883
D1573,DIAGNOSED_BY,T2053
D1573,DIAGNOSED_BY,T2054
D1573,DIAGNOSED_BY,T005
D1573,DIAGNOSED_BY,T177
D1573,DIAGNOSED_BY,T057
D1573,DIAGNOSED_BY,T2055
D1573,CAN_CAUSE,C126
D1573,CAN_CAUSE,C1180
D1573,MANAGED_BY,TR1598
D1574,AFFECTS,O005
D1574,HAS_SYMPTOM,S4362
D1574,HAS_SYMPTOM,S4363
D1574,HAS_SYMPTOM,S4364
D1574,HAS_SYMPTOM,S4365
D1574,HAS_SYMPTOM,S4366
D1574,HAS_CAUSE,CA3690
D1574,HAS_CAUSE,CA3691
RF1275,INCREASES_RISK_OF,D1574
D1574,MANAGED_BY,TR2884
D1574,MANAGED_BY,TR2885
D1574,DIAGNOSED_BY,T2056
D1574,DIAGNOSED_BY,T2057
D1574,DIAGNOSED_BY,T2058
D1574,DIAGNOSED_BY,T2059
D1574,DIAGNOSED_BY,T2060
D1574,DIAGNOSED_BY,T2061
D1574,DIAGNOSED_BY,T580
D1574,DIAGNOSED_BY,T005
D1574,DIAGNOSED_BY,T051
D1574,CAN_CAUSE,C1181
D1574,CAN_CAUSE,C1182
D1574,CAN_CAUSE,C1183
D1574,CAN_CAUSE,C1184
D1574,CAN_CAUSE,C1185
D1574,MANAGED_BY,TR2886
D1574,MANAGED_BY,TR2887
D1575,HAS_CAUSE,CA3692
D1575,HAS_CAUSE,CA3693
D1575,HAS_CAUSE,CA1790
D1575,HAS_CAUSE,CA3694
D1575,HAS_CAUSE,CA2447
D1575,HAS_CAUSE,CA2571
D1575,HAS_CAUSE,CA365
D1575,HAS_CAUSE,CA3695
D1575,HAS_CAUSE,CA3696
D1575,HAS_CAUSE,CA3697
D1575,HAS_CAUSE,CA3698
D1575,HAS_CAUSE,CA3699
RF1276,INCREASES_RISK_OF,D1575
RF1277,INCREASES_RISK_OF,D1575
RF1278,INCREASES_RISK_OF,D1575
RF1279,INCREASES_RISK_OF,D1575
RF1280,INCREASES_RISK_OF,D1575
RF264,INCREASES_RISK_OF,D1575
RF1281,INCREASES_RISK_OF,D1575
RF1282,INCREASES_RISK_OF,D1575
RF1283,INCREASES_RISK_OF,D1575
D1575,MANAGED_BY,TR2888
D1575,MANAGED_BY,TR2889
D1575,MANAGED_BY,TR2890
D1575,MANAGED_BY,TR2891
D1575,MANAGED_BY,TR2892
D1575,DIAGNOSED_BY,T2062
D1575,DIAGNOSED_BY,T005
D1575,DIAGNOSED_BY,T2063
D1575,DIAGNOSED_BY,T178
D1575,DIAGNOSED_BY,T836
D1575,DIAGNOSED_BY,T2064
D1575,CAN_CAUSE,C1186
D1575,CAN_CAUSE,C1187
D1575,CAN_CAUSE,C1188
D1575,CAN_CAUSE,C1189
D1575,CAN_CAUSE,C1190
D1575,MANAGED_BY,TR2893
D1575,MANAGED_BY,TR2894
D1575,MANAGED_BY,TR2895
D1575,MANAGED_BY,TR2896
D1576,HAS_SYMPTOM,S4367
D1576,HAS_SYMPTOM,S4368
D1576,HAS_SYMPTOM,S2094
D1576,HAS_CAUSE,CA378
D1576,HAS_CAUSE,CA3700
RF1284,INCREASES_RISK_OF,D1576
RF1285,INCREASES_RISK_OF,D1576
RF1286,INCREASES_RISK_OF,D1576
RF1287,INCREASES_RISK_OF,D1576
RF956,INCREASES_RISK_OF,D1576
RF545,INCREASES_RISK_OF,D1576
RF639,INCREASES_RISK_OF,D1576
RF1288,INCREASES_RISK_OF,D1576
RF1289,INCREASES_RISK_OF,D1576
RF1290,INCREASES_RISK_OF,D1576
RF1291,INCREASES_RISK_OF,D1576
D1576,MANAGED_BY,TR2897
D1576,DIAGNOSED_BY,T2065
D1576,DIAGNOSED_BY,T2066
D1576,DIAGNOSED_BY,T051
D1576,DIAGNOSED_BY,T2067
D1576,DIAGNOSED_BY,T2068
D1576,DIAGNOSED_BY,T2069
D1576,DIAGNOSED_BY,T2070
D1576,DIAGNOSED_BY,T2071
D1576,DIAGNOSED_BY,T2072
D1576,DIAGNOSED_BY,T052
D1576,DIAGNOSED_BY,T2073
D1576,CAN_CAUSE,C416
D1576,MANAGED_BY,TR2898
D1577,HAS_SYMPTOM,S4369
D1577,HAS_SYMPTOM,S4370
D1577,HAS_SYMPTOM,S4371
D1577,HAS_SYMPTOM,S4372
D1577,HAS_SYMPTOM,S4373
D1577,HAS_SYMPTOM,S367
D1577,HAS_SYMPTOM,S096
D1577,HAS_CAUSE,CA3701
D1577,HAS_CAUSE,CA3702
D1577,HAS_CAUSE,CA3703
D1577,HAS_CAUSE,CA3704
D1577,HAS_CAUSE,CA092
RF1292,INCREASES_RISK_OF,D1577
D1577,MANAGED_BY,TR2899
D1577,MANAGED_BY,TR2900
D1577,MANAGED_BY,TR2901
D1577,MANAGED_BY,TR2902
D1578,HAS_SYMPTOM,S4374
D1578,HAS_SYMPTOM,S4375
D1578,HAS_CAUSE,CA465
RF437,INCREASES_RISK_OF,D1578
RF1293,INCREASES_RISK_OF,D1578
RF1294,INCREASES_RISK_OF,D1578
D1578,DIAGNOSED_BY,T2074
D1579,HAS_SYMPTOM,S4376
D1579,HAS_SYMPTOM,S4377
D1579,HAS_SYMPTOM,S4378
D1579,HAS_CAUSE,CA586
D1579,DIAGNOSED_BY,T956
D1579,DIAGNOSED_BY,T2075
D1580,HAS_SYMPTOM,S4379
D1580,HAS_SYMPTOM,S4380
D1580,HAS_SYMPTOM,S4381
D1580,HAS_SYMPTOM,S4382
D1580,HAS_SYMPTOM,S4383
D1580,HAS_CAUSE,CA3705
RF1295,INCREASES_RISK_OF,D1580
D1580,MANAGED_BY,TR2903
D1580,MANAGED_BY,TR2904
D1581,HAS_SYMPTOM,S1783
D1581,HAS_SYMPTOM,S126
D1581,HAS_SYMPTOM,S127
D1581,HAS_SYMPTOM,S648
D1581,HAS_SYMPTOM,S3398
D1581,HAS_SYMPTOM,S616
D1581,HAS_SYMPTOM,S046
D1581,HAS_SYMPTOM,S3399
D1581,HAS_SYMPTOM,S3400
D1581,HAS_SYMPTOM,S3401
D1581,HAS_SYMPTOM,S760
D1582,HAS_SYMPTOM,S4384
D1582,HAS_SYMPTOM,S126
D1582,HAS_SYMPTOM,S052
D1582,HAS_SYMPTOM,S4385
D1582,HAS_SYMPTOM,S1169
D1582,HAS_SYMPTOM,S4173
D1582,HAS_SYMPTOM,S1107
D1582,HAS_SYMPTOM,S4386
D1582,HAS_SYMPTOM,S3602
D1582,HAS_SYMPTOM,S4387
D1582,HAS_SYMPTOM,S132
D1582,HAS_SYMPTOM,S4388
D1583,AFFECTS,O008
D1583,HAS_SYMPTOM,S151
D1583,HAS_SYMPTOM,S4389
RF1296,INCREASES_RISK_OF,D1583
D1583,MANAGED_BY,TR2905
D1583,MANAGED_BY,TR1129
D1584,AFFECTS,O008
D1584,HAS_SYMPTOM,S4390
D1584,HAS_SYMPTOM,S4391
D1584,HAS_SYMPTOM,S1129
D1584,HAS_CAUSE,CA3706
D1585,AFFECTS,O008
D1586,AFFECTS,O008
D1587,AFFECTS,O008
D1587,HAS_SYMPTOM,S4392
D1587,HAS_SYMPTOM,S4393
D1587,HAS_SYMPTOM,S4394
D1587,HAS_CAUSE,CA3707
D1587,HAS_CAUSE,CA3708
D1587,MANAGED_BY,TR2906
D1587,DIAGNOSED_BY,T2076
D1587,DIAGNOSED_BY,T323
D1587,DIAGNOSED_BY,T2077
D1587,DIAGNOSED_BY,T2078
D1587,DIAGNOSED_BY,T2079
D1587,DIAGNOSED_BY,T066
D1587,DIAGNOSED_BY,T005
D1587,DIAGNOSED_BY,T024
D1587,DIAGNOSED_BY,T282
D1587,DIAGNOSED_BY,T2080
D1588,AFFECTS,O008
D1589,HAS_SYMPTOM,S4395
D1589,HAS_SYMPTOM,S4396
D1589,HAS_SYMPTOM,S4397
D1589,HAS_SYMPTOM,S4398
D1589,HAS_SYMPTOM,S4399
D1589,HAS_CAUSE,CA3709
D1589,HAS_CAUSE,CA3710
RF1297,INCREASES_RISK_OF,D1589
RF713,INCREASES_RISK_OF,D1589
RF716,INCREASES_RISK_OF,D1589
RF1298,INCREASES_RISK_OF,D1589
D1590,HAS_SYMPTOM,S4400
D1590,HAS_SYMPTOM,S4401
D1590,HAS_SYMPTOM,S3476
D1590,HAS_SYMPTOM,S4402
D1590,HAS_SYMPTOM,S4403
D1590,HAS_SYMPTOM,S4404
D1590,HAS_SYMPTOM,S4405
D1590,HAS_SYMPTOM,S4406
D1590,HAS_SYMPTOM,S4407
D1590,HAS_SYMPTOM,S4408
D1590,HAS_CAUSE,CA3711
D1590,HAS_CAUSE,CA3712
RF057,INCREASES_RISK_OF,D1590
D1590,MANAGED_BY,TR2907
D1590,MANAGED_BY,TR2908
D1590,MANAGED_BY,TR2909
D1590,MANAGED_BY,TR2910
D1590,MANAGED_BY,TR2911
D1590,MANAGED_BY,TR2912
D1590,MANAGED_BY,TR2913
D1590,MANAGED_BY,TR2914
D1590,MANAGED_BY,TR2915
D1590,MANAGED_BY,TR2916
D1590,DIAGNOSED_BY,T2081
D1590,DIAGNOSED_BY,T2082
D1590,DIAGNOSED_BY,T2083
D1590,DIAGNOSED_BY,T2084
D1590,CAN_CAUSE,C1191
D1590,CAN_CAUSE,C1192
D1590,CAN_CAUSE,C1193
D1590,CAN_CAUSE,C323
D1590,CAN_CAUSE,C1194
D1590,CAN_CAUSE,C1085
D1590,CAN_CAUSE,C1195
D1590,CAN_CAUSE,C1196
D1590,CAN_CAUSE,C1197
D1590,CAN_CAUSE,C1198
D1591,HAS_SYMPTOM,S4162
RF1299,INCREASES_RISK_OF,D1591
RF1300,INCREASES_RISK_OF,D1591
D1591,DIAGNOSED_BY,T2085
D1591,DIAGNOSED_BY,T005
D1591,DIAGNOSED_BY,T057
D1591,DIAGNOSED_BY,T956
D1591,DIAGNOSED_BY,T2086
D1591,DIAGNOSED_BY,T2087
D1591,DIAGNOSED_BY,T2088
D1592,AFFECTS,O005
D1593,HAS_SYMPTOM,S4409
D1593,HAS_CAUSE,CA3713
D1593,HAS_CAUSE,CA3714
D1593,HAS_CAUSE,CA3715
RF1301,INCREASES_RISK_OF,D1593
D1594,AFFECTS,O005
D1595,AFFECTS,O005
D1596,HAS_SYMPTOM,S4410
D1596,HAS_SYMPTOM,S4411
D1596,HAS_SYMPTOM,S4412
D1596,HAS_SYMPTOM,S4413
D1596,HAS_SYMPTOM,S4414
D1596,HAS_CAUSE,CA3716
D1596,HAS_CAUSE,CA3717
D1596,HAS_CAUSE,CA378
D1596,HAS_CAUSE,CA3718
D1596,HAS_CAUSE,CA3719
D1596,HAS_CAUSE,CA3720
D1596,HAS_CAUSE,CA3721
D1596,HAS_CAUSE,CA3722
D1596,HAS_CAUSE,CA3723
D1596,HAS_CAUSE,CA3724
D1596,HAS_CAUSE,CA3725
D1596,HAS_CAUSE,CA3726
RF1302,INCREASES_RISK_OF,D1596
D1596,MANAGED_BY,TR2917
D1596,MANAGED_BY,TR2918
D1596,MANAGED_BY,TR2919
D1597,AFFECTS,O005
D1597,HAS_SYMPTOM,S4415
D1597,HAS_SYMPTOM,S4416
D1597,HAS_SYMPTOM,S4417
D1597,HAS_SYMPTOM,S4418
D1597,HAS_SYMPTOM,S4419
D1597,HAS_CAUSE,CA3727
D1597,MANAGED_BY,TR2920
D1598,HAS_CAUSE,CA3728
D1598,CAN_CAUSE,C1199
D1598,CAN_CAUSE,C1200
D1598,MANAGED_BY,TR2921
D1599,HAS_SYMPTOM,S4420
D1599,HAS_SYMPTOM,S4421
D1599,HAS_SYMPTOM,S075
D1599,HAS_SYMPTOM,S4422
D1599,HAS_SYMPTOM,S4423
D1599,HAS_SYMPTOM,S4424
D1599,HAS_SYMPTOM,S4425
D1599,HAS_SYMPTOM,S130
D1599,HAS_SYMPTOM,S4426
D1599,HAS_CAUSE,CA3729
D1599,HAS_CAUSE,CA3730
D1599,HAS_CAUSE,CA3731
D1599,HAS_CAUSE,CA3732
D1599,HAS_CAUSE,CA3733
D1599,MANAGED_BY,TR2922
D1599,DIAGNOSED_BY,T2089
D1599,DIAGNOSED_BY,T2090
D1599,DIAGNOSED_BY,T2091
D1599,CAN_CAUSE,C1201
D1599,CAN_CAUSE,C526
D1599,CAN_CAUSE,C1202
D1599,CAN_CAUSE,C1203
D1599,MANAGED_BY,TR2923
D1600,HAS_SYMPTOM,S4427
D1600,HAS_SYMPTOM,S4428
D1600,HAS_SYMPTOM,S3333
D1600,HAS_SYMPTOM,S663
D1600,HAS_SYMPTOM,S416
D1600,HAS_SYMPTOM,S4429
D1600,MANAGED_BY,TR2924
D1600,DIAGNOSED_BY,T2092
D1601,HAS_SYMPTOM,S4430
D1601,HAS_SYMPTOM,S4431
D1601,HAS_SYMPTOM,S052
D1601,HAS_SYMPTOM,S2693
D1601,HAS_SYMPTOM,S133
D1601,HAS_SYMPTOM,S096
D1601,HAS_SYMPTOM,S4432
D1601,HAS_SYMPTOM,S4433
D1601,HAS_SYMPTOM,S4434
D1601,HAS_CAUSE,CA3734
D1601,HAS_CAUSE,CA3735
D1601,HAS_CAUSE,CA3736
D1601,DIAGNOSED_BY,T155
D1601,DIAGNOSED_BY,T2093
D1601,DIAGNOSED_BY,T123
D1601,DIAGNOSED_BY,T2094
D1601,DIAGNOSED_BY,T2095
D1601,DIAGNOSED_BY,T125
D1601,CAN_CAUSE,C263
D1601,CAN_CAUSE,C1204
D1601,CAN_CAUSE,C198
D1601,MANAGED_BY,TR2925
D1601,MANAGED_BY,TR2926
D1601,MANAGED_BY,TR2927
D1603,HAS_SYMPTOM,S4435
D1603,HAS_SYMPTOM,S4436
D1603,HAS_SYMPTOM,S133
D1603,HAS_SYMPTOM,S4437
D1603,HAS_CAUSE,CA3737
RF1303,INCREASES_RISK_OF,D1603
RF1304,INCREASES_RISK_OF,D1603
D1603,MANAGED_BY,TR2928
D1603,DIAGNOSED_BY,T005
D1603,DIAGNOSED_BY,T087
D1603,DIAGNOSED_BY,T2096
D1603,CAN_CAUSE,C1205
D1603,CAN_CAUSE,C1206
D1603,CAN_CAUSE,C1207
D1603,CAN_CAUSE,C1208
D1603,MANAGED_BY,TR2929
D1604,AFFECTS,O003
D1604,HAS_SYMPTOM,S4438
D1604,HAS_SYMPTOM,S4439
D1604,HAS_SYMPTOM,S1005
D1604,HAS_SYMPTOM,S1185
RF1305,INCREASES_RISK_OF,D1604
RF1306,INCREASES_RISK_OF,D1604
RF1307,INCREASES_RISK_OF,D1604
RF1308,INCREASES_RISK_OF,D1604
RF1309,INCREASES_RISK_OF,D1604
RF1310,INCREASES_RISK_OF,D1604
RF1311,INCREASES_RISK_OF,D1604
RF1312,INCREASES_RISK_OF,D1604
RF1313,INCREASES_RISK_OF,D1604
D1605,HAS_SYMPTOM,S4440
D1605,HAS_SYMPTOM,S514
D1605,HAS_SYMPTOM,S439
D1605,HAS_SYMPTOM,S126
D1605,HAS_SYMPTOM,S4441
D1605,HAS_SYMPTOM,S648
D1605,HAS_SYMPTOM,S4442
D1605,HAS_SYMPTOM,S518
D1605,HAS_SYMPTOM,S4443
D1605,HAS_SYMPTOM,S760
D1605,HAS_SYMPTOM,S4444
D1606,HAS_SYMPTOM,S573
D1606,HAS_SYMPTOM,S4445
D1606,HAS_SYMPTOM,S292
D1606,MANAGED_BY,TR2930
D1606,DIAGNOSED_BY,T2097
D1606,DIAGNOSED_BY,T028
D1606,DIAGNOSED_BY,T663
D1607,HAS_SYMPTOM,S393
D1607,HAS_SYMPTOM,S130
D1607,HAS_SYMPTOM,S056
D1607,HAS_SYMPTOM,S303
D1607,HAS_SYMPTOM,S324
D1607,HAS_CAUSE,CA3738
D1607,HAS_CAUSE,CA3739
D1607,HAS_CAUSE,CA3740
D1607,HAS_CAUSE,CA1253
D1607,HAS_CAUSE,CA3741
D1607,HAS_CAUSE,CA3742
D1607,HAS_CAUSE,CA2129
D1607,HAS_CAUSE,CA3743
D1607,MANAGED_BY,TR2931
D1607,DIAGNOSED_BY,T2098
D1608,HAS_SYMPTOM,S4446
D1608,HAS_SYMPTOM,S4447
D1608,HAS_SYMPTOM,S4448
RF1314,INCREASES_RISK_OF,D1608
RF1315,INCREASES_RISK_OF,D1608
RF085,INCREASES_RISK_OF,D1608
RF1316,INCREASES_RISK_OF,D1608
RF076,INCREASES_RISK_OF,D1608
RF077,INCREASES_RISK_OF,D1608
RF1317,INCREASES_RISK_OF,D1608
D1608,MANAGED_BY,TR2932
D1608,MANAGED_BY,TR2933
D1608,MANAGED_BY,TR2934
D1608,MANAGED_BY,TR2935
D1608,MANAGED_BY,TR2936
D1608,MANAGED_BY,TR2937
D1608,MANAGED_BY,TR2938
D1608,MANAGED_BY,TR2939
D1608,MANAGED_BY,TR194
D1608,DIAGNOSED_BY,T2099
D1608,DIAGNOSED_BY,T2100
D1608,DIAGNOSED_BY,T2101
D1608,DIAGNOSED_BY,T2102
D1609,AFFECTS,O005
D1609,HAS_SYMPTOM,S4449
D1609,HAS_SYMPTOM,S2091
D1609,HAS_SYMPTOM,S4450
D1609,HAS_SYMPTOM,S4451
D1609,HAS_SYMPTOM,S4452
D1609,HAS_SYMPTOM,S495
D1609,HAS_SYMPTOM,S2000
D1609,HAS_SYMPTOM,S3006
D1609,HAS_SYMPTOM,S128
D1609,HAS_SYMPTOM,S4453
D1609,MANAGED_BY,TR2940
D1609,DIAGNOSED_BY,T2103
D1609,DIAGNOSED_BY,T2104
D1609,DIAGNOSED_BY,T2105
D1609,DIAGNOSED_BY,T005
D1609,DIAGNOSED_BY,T480
D1609,CAN_CAUSE,C1209
D1609,CAN_CAUSE,C1210
D1609,CAN_CAUSE,C1211
D1610,HAS_SYMPTOM,S4454
D1610,HAS_SYMPTOM,S4455
D1610,HAS_SYMPTOM,S4456
D1610,HAS_SYMPTOM,S4457
D1610,HAS_SYMPTOM,S4458
D1610,HAS_SYMPTOM,S1692
D1610,HAS_SYMPTOM,S4459
D1610,HAS_SYMPTOM,S4460
D1610,MANAGED_BY,TR2941
D1610,MANAGED_BY,TR2942
D1610,MANAGED_BY,TR2943
D1610,MANAGED_BY,TR2944
D1612,HAS_SYMPTOM,S4461
D1612,HAS_SYMPTOM,S4462
D1612,HAS_SYMPTOM,S4463
D1612,HAS_SYMPTOM,S4464
D1612,HAS_SYMPTOM,S4465
D1612,HAS_SYMPTOM,S4466
D1612,HAS_SYMPTOM,S4467
D1612,HAS_SYMPTOM,S4468
D1612,HAS_SYMPTOM,S4469
D1612,HAS_CAUSE,CA3744
D1612,HAS_CAUSE,CA3745
D1612,MANAGED_BY,TR2945
D1612,MANAGED_BY,TR2946
D1612,DIAGNOSED_BY,T2106
D1612,DIAGNOSED_BY,T2107
D1612,DIAGNOSED_BY,T2108
D1612,DIAGNOSED_BY,T2109
D1612,CAN_CAUSE,C1212
D1612,MANAGED_BY,TR2947
D1613,HAS_SYMPTOM,S4470
D1613,HAS_SYMPTOM,S440
D1613,HAS_SYMPTOM,S324
D1614,AFFECTS,O009
D1614,AFFECTS,O010
D1615,AFFECTS,O016
D1617,AFFECTS,O006
D1617,AFFECTS,O012
D1617,HAS_SYMPTOM,S732
D1617,HAS_SYMPTOM,S416
D1617,HAS_SYMPTOM,S2985
D1617,HAS_CAUSE,CA3746
D1617,HAS_CAUSE,CA3747
D1617,HAS_CAUSE,CA3748
D1617,MANAGED_BY,TR2948
D1617,DIAGNOSED_BY,T410
D1617,DIAGNOSED_BY,T005
D1617,DIAGNOSED_BY,T225
D1617,DIAGNOSED_BY,T2110
D1617,DIAGNOSED_BY,T2111
D1617,DIAGNOSED_BY,T051
D1618,AFFECTS,O012
D1619,AFFECTS,O017
D1620,AFFECTS,O004
D1622,AFFECTS,O017
D1624,HAS_SYMPTOM,S4471
D1624,HAS_SYMPTOM,S4472
D1624,HAS_CAUSE,CA3749
D1624,HAS_CAUSE,CA3750
D1624,HAS_CAUSE,CA3751
D1624,HAS_CAUSE,CA3752
D1624,HAS_CAUSE,CA3753
D1625,HAS_SYMPTOM,S1630
D1625,HAS_SYMPTOM,S4473
D1625,HAS_SYMPTOM,S4474
D1625,HAS_SYMPTOM,S4475
D1625,HAS_SYMPTOM,S4476
D1625,HAS_SYMPTOM,S130
D1625,HAS_SYMPTOM,S440
D1626,HAS_SYMPTOM,S052
D1626,HAS_SYMPTOM,S4477
D1626,HAS_SYMPTOM,S648
D1626,HAS_SYMPTOM,S770
D1626,HAS_SYMPTOM,S4478
D1626,HAS_SYMPTOM,S046
D1626,HAS_SYMPTOM,S4479
D1626,HAS_SYMPTOM,S185
D1626,HAS_SYMPTOM,S440
D1626,HAS_SYMPTOM,S4480
D1626,HAS_SYMPTOM,S970
D1626,HAS_SYMPTOM,S130
D1627,AFFECTS,O017
D1627,HAS_SYMPTOM,S4481
D1627,HAS_SYMPTOM,S4482
D1627,HAS_SYMPTOM,S4483
D1627,HAS_SYMPTOM,S4484
D1627,HAS_SYMPTOM,S4485
D1627,HAS_SYMPTOM,S4486
D1627,HAS_SYMPTOM,S4487
RF1318,INCREASES_RISK_OF,D1627
RF1319,INCREASES_RISK_OF,D1627
RF1320,INCREASES_RISK_OF,D1627
RF1321,INCREASES_RISK_OF,D1627
D1628,HAS_SYMPTOM,S4488
D1628,HAS_SYMPTOM,S4489
D1628,HAS_SYMPTOM,S156
D1628,HAS_SYMPTOM,S3499
D1628,HAS_SYMPTOM,S4490
D1628,HAS_SYMPTOM,S4491
D1628,HAS_SYMPTOM,S4492
D1628,HAS_SYMPTOM,S4493
D1628,HAS_SYMPTOM,S4494
D1628,HAS_SYMPTOM,S2315
D1628,HAS_SYMPTOM,S096
D1628,HAS_SYMPTOM,S4495
D1628,HAS_CAUSE,CA3754
D1628,HAS_CAUSE,CA3755
D1628,HAS_CAUSE,CA184
D1628,HAS_CAUSE,CA185
D1628,HAS_CAUSE,CA3756
D1628,HAS_CAUSE,CA3757
D1630,HAS_SYMPTOM,S324
D1630,HAS_SYMPTOM,S4496
D1630,HAS_SYMPTOM,S4497
D1630,HAS_SYMPTOM,S4498
D1630,HAS_SYMPTOM,S4499
D1630,HAS_CAUSE,CA3758
D1630,HAS_CAUSE,CA3759
D1630,HAS_CAUSE,CA3760
D1633,HAS_SYMPTOM,S4500
D1633,HAS_SYMPTOM,S4501
D1633,HAS_SYMPTOM,S4502
D1633,HAS_SYMPTOM,S4503
D1633,HAS_SYMPTOM,S4504
D1633,HAS_CAUSE,CA378
RF258,INCREASES_RISK_OF,D1633
D1633,MANAGED_BY,TR2949
D1633,MANAGED_BY,TR2950
D1633,MANAGED_BY,TR2951
D1633,MANAGED_BY,TR2952
D1633,MANAGED_BY,TR2953
D1633,MANAGED_BY,TR2954
D1633,DIAGNOSED_BY,T2112
D1633,DIAGNOSED_BY,T2113
D1633,DIAGNOSED_BY,T2114
D1633,DIAGNOSED_BY,T663
D1634,HAS_SYMPTOM,S4505
D1634,HAS_SYMPTOM,S4506
D1634,HAS_SYMPTOM,S4507
D1634,HAS_CAUSE,CA152
D1634,HAS_CAUSE,CA3761
D1634,HAS_CAUSE,CA3762
D1634,HAS_CAUSE,CA3763
D1634,HAS_CAUSE,CA3764
D1634,HAS_CAUSE,CA3765
D1634,HAS_CAUSE,CA3766
D1634,HAS_CAUSE,CA3767
RF1322,INCREASES_RISK_OF,D1634
D1634,MANAGED_BY,TR1729
D1634,MANAGED_BY,TR2955
D1634,DIAGNOSED_BY,T155
D1634,DIAGNOSED_BY,T2115
D1634,DIAGNOSED_BY,T2116
D1634,DIAGNOSED_BY,T005
D1634,DIAGNOSED_BY,T159
D1634,DIAGNOSED_BY,T2117
D1634,DIAGNOSED_BY,T2118
D1634,DIAGNOSED_BY,T2119
D1634,DIAGNOSED_BY,T436
D1634,DIAGNOSED_BY,T2120
D1634,DIAGNOSED_BY,T2121
D1634,DIAGNOSED_BY,T2122
D1634,MANAGED_BY,TR2956
D1634,MANAGED_BY,TR2957
D1635,HAS_SYMPTOM,S4508
RF1323,INCREASES_RISK_OF,D1635
D1636,HAS_SYMPTOM,S4509
D1636,HAS_SYMPTOM,S4510
D1636,HAS_SYMPTOM,S4511
D1636,HAS_SYMPTOM,S4512
D1636,HAS_SYMPTOM,S474
D1636,HAS_CAUSE,CA131
D1636,HAS_CAUSE,CA3768
D1636,HAS_CAUSE,CA3769
D1636,HAS_CAUSE,CA3770
D1636,MANAGED_BY,TR2958
D1636,MANAGED_BY,TR2959
D1636,MANAGED_BY,TR2960
D1636,MANAGED_BY,TR2961
D1636,MANAGED_BY,TR2962
D1636,MANAGED_BY,TR1350
D1636,MANAGED_BY,TR2963
D1636,DIAGNOSED_BY,T2123
D1636,DIAGNOSED_BY,T2124
D1636,DIAGNOSED_BY,T2125
D1636,DIAGNOSED_BY,T2126
D1636,DIAGNOSED_BY,T836
D1636,DIAGNOSED_BY,T2127
D1636,DIAGNOSED_BY,T2128
D1636,DIAGNOSED_BY,T2129
D1636,DIAGNOSED_BY,T2130
D1636,DIAGNOSED_BY,T2131
D1636,DIAGNOSED_BY,T2132
D1636,DIAGNOSED_BY,T2133
D1636,CAN_CAUSE,C416
D1636,CAN_CAUSE,C540
D1637,HAS_SYMPTOM,S4513
D1637,HAS_SYMPTOM,S4514
D1637,HAS_SYMPTOM,S4515
D1637,HAS_SYMPTOM,S970
D1637,HAS_SYMPTOM,S4516
D1637,HAS_CAUSE,CA3771
D1637,HAS_CAUSE,CA3772
D1637,HAS_CAUSE,CA3773
D1637,HAS_CAUSE,CA3774
D1637,HAS_CAUSE,CA3775
D1637,HAS_CAUSE,CA2055
D1637,HAS_CAUSE,CA3776
D1637,HAS_CAUSE,CA3777
D1637,HAS_CAUSE,CA3778
D1637,HAS_CAUSE,CA3779
D1637,HAS_CAUSE,CA3780
D1637,HAS_CAUSE,CA3781
D1637,MANAGED_BY,TR2964
D1637,MANAGED_BY,TR803
D1637,MANAGED_BY,TR2965
D1637,MANAGED_BY,TR2966
D1637,MANAGED_BY,TR2967
D1637,DIAGNOSED_BY,T1357
D1637,DIAGNOSED_BY,T2134
D1637,CAN_CAUSE,C1213
D1637,CAN_CAUSE,C1214
D1637,CAN_CAUSE,C1215
D1637,CAN_CAUSE,C1216
D1638,HAS_SYMPTOM,S127
D1638,HAS_SYMPTOM,S4517
D1638,HAS_SYMPTOM,S354
D1638,HAS_SYMPTOM,S4518
D1638,HAS_SYMPTOM,S4519
D1638,HAS_SYMPTOM,S4520
D1638,HAS_SYMPTOM,S1180
D1638,HAS_SYMPTOM,S2091
D1638,HAS_SYMPTOM,S890
D1638,HAS_SYMPTOM,S331
D1638,HAS_CAUSE,CA378
D1638,HAS_CAUSE,CA3782
D1638,HAS_CAUSE,CA210
D1638,HAS_CAUSE,CA3783
D1638,MANAGED_BY,TR2968
D1638,MANAGED_BY,TR1593
D1638,MANAGED_BY,TR2969
D1638,MANAGED_BY,TR800
D1638,MANAGED_BY,TR2970
D1638,DIAGNOSED_BY,T2135
D1638,DIAGNOSED_BY,T125
D1638,DIAGNOSED_BY,T327
D1638,CAN_CAUSE,C1217
D1638,CAN_CAUSE,C1218
D1638,CAN_CAUSE,C237
D1638,CAN_CAUSE,C947
D1638,MANAGED_BY,TR2971
D1638,MANAGED_BY,TR2972
D1638,MANAGED_BY,TR2973
D1639,HAS_CAUSE,CA001
D1639,HAS_CAUSE,CA3784
D1639,MANAGED_BY,TR984
D1639,MANAGED_BY,TR2974
D1639,MANAGED_BY,TR2975
D1639,MANAGED_BY,TR2976
D1639,DIAGNOSED_BY,T2136
D1639,CAN_CAUSE,C1219
D1639,MANAGED_BY,TR2977
D1640,HAS_SYMPTOM,S4521
D1640,HAS_SYMPTOM,S4522
D1640,HAS_SYMPTOM,S4523
D1640,HAS_SYMPTOM,S4524
D1640,HAS_CAUSE,CA3785
D1640,HAS_CAUSE,CA3786
D1640,HAS_CAUSE,CA3787
D1640,HAS_CAUSE,CA3788
D1640,HAS_CAUSE,CA3789
D1640,HAS_CAUSE,CA3790
RF1324,INCREASES_RISK_OF,D1640
RF1325,INCREASES_RISK_OF,D1640
D1640,MANAGED_BY,TR2978
D1641,HAS_SYMPTOM,S101
D1641,HAS_CAUSE,CA370
RF1326,INCREASES_RISK_OF,D1641
D1642,AFFECTS,O020
D1642,HAS_SYMPTOM,S4525
D1642,HAS_SYMPTOM,S4526
D1642,HAS_SYMPTOM,S4527
D1642,HAS_SYMPTOM,S4528
D1642,HAS_SYMPTOM,S4529
D1642,MANAGED_BY,TR2979
D1642,MANAGED_BY,TR2980
D1642,MANAGED_BY,TR2981
D1642,MANAGED_BY,TR2982
D1642,DIAGNOSED_BY,T2137
D1642,DIAGNOSED_BY,T2138
D1642,DIAGNOSED_BY,T2139
D1642,DIAGNOSED_BY,T2140
D1642,CAN_CAUSE,C1220
D1642,CAN_CAUSE,C050
D1642,CAN_CAUSE,C1221
D1642,CAN_CAUSE,C1222
D1643,HAS_SYMPTOM,S4530
D1643,HAS_SYMPTOM,S4531
D1643,HAS_SYMPTOM,S4532
D1643,HAS_SYMPTOM,S4533
D1643,HAS_SYMPTOM,S4534
D1643,HAS_SYMPTOM,S4535
D1643,HAS_SYMPTOM,S4536
D1643,HAS_SYMPTOM,S4537
D1643,HAS_SYMPTOM,S4538
D1643,HAS_SYMPTOM,S4539
D1643,HAS_SYMPTOM,S1692
D1643,HAS_SYMPTOM,S2244
D1643,HAS_CAUSE,CA3791
D1643,MANAGED_BY,TR327
D1643,MANAGED_BY,TR2983
D1643,MANAGED_BY,TR1361
D1643,MANAGED_BY,TR2984
D1643,MANAGED_BY,TR194
D1643,MANAGED_BY,TR2985
D1643,MANAGED_BY,TR2986
D1643,MANAGED_BY,TR2987
D1643,MANAGED_BY,TR2988
D1643,CAN_CAUSE,C1223
D1644,HAS_SYMPTOM,S4540
D1644,HAS_SYMPTOM,S4541
D1644,HAS_SYMPTOM,S367
D1644,HAS_SYMPTOM,S4542
D1644,HAS_SYMPTOM,S706
D1644,HAS_CAUSE,CA3792
RF1327,INCREASES_RISK_OF,D1644
RF1328,INCREASES_RISK_OF,D1644
RF1329,INCREASES_RISK_OF,D1644
D1645,HAS_SYMPTOM,S4543
D1645,HAS_SYMPTOM,S4544
D1645,HAS_SYMPTOM,S4545
D1645,HAS_SYMPTOM,S4546
D1645,HAS_CAUSE,CA3793
D1645,HAS_CAUSE,CA3794
D1645,HAS_CAUSE,CA3795
D1645,HAS_CAUSE,CA3796
D1645,MANAGED_BY,TR2989
D1645,MANAGED_BY,TR2990
D1645,MANAGED_BY,TR2991
D1645,CAN_CAUSE,C1224
D1645,CAN_CAUSE,C1225
D1645,CAN_CAUSE,C217
D1646,HAS_SYMPTOM,S513
D1646,HAS_SYMPTOM,S514
D1646,HAS_SYMPTOM,S4547
D1646,HAS_SYMPTOM,S1068
D1646,HAS_SYMPTOM,S4548
D1646,HAS_SYMPTOM,S441
D1646,HAS_SYMPTOM,S4549
D1646,HAS_SYMPTOM,S1678
D1646,HAS_SYMPTOM,S518
D1646,HAS_SYMPTOM,S4550
D1646,HAS_SYMPTOM,S046
D1646,HAS_SYMPTOM,S2594
D1647,HAS_SYMPTOM,S616
D1647,HAS_SYMPTOM,S4551
D1648,AFFECTS,O005
D1648,HAS_SYMPTOM,S4552
D1648,HAS_SYMPTOM,S4553
D1648,HAS_SYMPTOM,S4554
D1648,MANAGED_BY,TR1563
D1648,MANAGED_BY,TR2992
D1648,MANAGED_BY,TR499
D1648,MANAGED_BY,TR2993
D1648,MANAGED_BY,TR2565
D1648,MANAGED_BY,TR2994
D1648,DIAGNOSED_BY,T1226
D1648,DIAGNOSED_BY,T836
D1648,DIAGNOSED_BY,T2141
D1648,DIAGNOSED_BY,T2142
D1648,DIAGNOSED_BY,T226
D1648,CAN_CAUSE,C1226
D1648,CAN_CAUSE,C1227
D1648,CAN_CAUSE,C1228
D1648,CAN_CAUSE,C1229
D1648,CAN_CAUSE,C1230
D1648,MANAGED_BY,TR2995
D1648,MANAGED_BY,TR2996
D1649,HAS_CAUSE,CA3797
D1649,HAS_CAUSE,CA3798
D1650,HAS_SYMPTOM,S4555
D1650,HAS_SYMPTOM,S4556
D1650,HAS_SYMPTOM,S4557
RF1330,INCREASES_RISK_OF,D1650
RF1331,INCREASES_RISK_OF,D1650
RF1332,INCREASES_RISK_OF,D1650
D1650,MANAGED_BY,TR2997
D1650,MANAGED_BY,TR2170
D1650,MANAGED_BY,TR1705
D1650,MANAGED_BY,TR233
D1651,HAS_SYMPTOM,S052
D1651,HAS_SYMPTOM,S4558
D1651,HAS_SYMPTOM,S042
D1652,HAS_SYMPTOM,S928
D1652,HAS_SYMPTOM,S207
D1652,HAS_SYMPTOM,S4559
D1652,HAS_CAUSE,CA3799
D1652,HAS_CAUSE,CA3800
D1653,HAS_SYMPTOM,S4560
D1653,HAS_SYMPTOM,S4561
D1655,HAS_SYMPTOM,S4562
D1655,HAS_SYMPTOM,S1488
D1655,HAS_SYMPTOM,S187
D1655,HAS_SYMPTOM,S4563
D1655,HAS_SYMPTOM,S4564
D1655,HAS_SYMPTOM,S663
D1655,HAS_SYMPTOM,S4565
D1655,HAS_SYMPTOM,S4566
D1655,HAS_SYMPTOM,S4567
D1655,HAS_SYMPTOM,S4568
D1655,HAS_SYMPTOM,S583
D1655,HAS_SYMPTOM,S4569
D1656,HAS_CAUSE,CA152
RF1224,INCREASES_RISK_OF,D1656
D1657,HAS_SYMPTOM,S093
D1657,HAS_SYMPTOM,S094
D1657,HAS_SYMPTOM,S1127
D1657,HAS_SYMPTOM,S4570
D1657,HAS_SYMPTOM,S4571
D1657,HAS_SYMPTOM,S130
D1657,HAS_CAUSE,CA152
D1657,HAS_CAUSE,CA3801
D1657,HAS_CAUSE,CA3802
D1657,HAS_CAUSE,CA3803
D1657,HAS_CAUSE,CA3804
D1657,HAS_CAUSE,CA3805
D1657,DIAGNOSED_BY,T2143
D1657,MANAGED_BY,TR697
D1657,MANAGED_BY,TR352
D1657,MANAGED_BY,TR353
D1658,HAS_SYMPTOM,S4572
D1658,HAS_SYMPTOM,S4573
D1658,HAS_SYMPTOM,S4574
D1658,HAS_SYMPTOM,S4575
D1658,HAS_SYMPTOM,S583
D1658,HAS_SYMPTOM,S329
D1660,HAS_SYMPTOM,S4192
D1660,HAS_SYMPTOM,S4576
D1660,HAS_SYMPTOM,S448
D1660,HAS_SYMPTOM,S4577
D1660,HAS_SYMPTOM,S1160
D1660,HAS_SYMPTOM,S4578
D1660,HAS_SYMPTOM,S4579
D1660,HAS_SYMPTOM,S4580
D1660,HAS_SYMPTOM,S4581
D1660,HAS_CAUSE,CA3806
D1660,HAS_CAUSE,CA3807
D1660,HAS_CAUSE,CA3808
D1660,HAS_CAUSE,CA3809
D1660,HAS_CAUSE,CA3810
D1660,HAS_CAUSE,CA3811
D1660,HAS_CAUSE,CA3812
D1660,HAS_CAUSE,CA3813
D1660,MANAGED_BY,TR2998
D1660,MANAGED_BY,TR2999
D1660,MANAGED_BY,TR3000
D1660,MANAGED_BY,TR3001
D1661,AFFECTS,O004
D1661,HAS_SYMPTOM,S4582
D1661,HAS_SYMPTOM,S1798
D1661,HAS_SYMPTOM,S1799
D1661,HAS_SYMPTOM,S540
D1661,HAS_SYMPTOM,S4583
D1661,HAS_SYMPTOM,S1289
D1661,HAS_SYMPTOM,S4584
D1661,HAS_SYMPTOM,S4585
D1661,HAS_SYMPTOM,S4586
D1661,HAS_SYMPTOM,S4587
D1661,HAS_SYMPTOM,S4588
D1661,HAS_SYMPTOM,S4589
RF1333,INCREASES_RISK_OF,D1661
D1661,MANAGED_BY,TR580
D1662,AFFECTS,O009
D1662,HAS_SYMPTOM,S4590
D1662,HAS_SYMPTOM,S4591
D1662,HAS_SYMPTOM,S4592
D1662,HAS_CAUSE,CA3814
D1662,HAS_CAUSE,CA3815
D1662,HAS_CAUSE,CA444
D1662,HAS_CAUSE,CA3816
D1662,HAS_CAUSE,CA234
D1662,HAS_CAUSE,CA3817
D1662,DIAGNOSED_BY,T005
D1662,DIAGNOSED_BY,T066
D1662,DIAGNOSED_BY,T111
D1662,DIAGNOSED_BY,T210
D1662,DIAGNOSED_BY,T205
D1662,DIAGNOSED_BY,T251
D1662,DIAGNOSED_BY,T2144
D1662,MANAGED_BY,TR3002
D1662,MANAGED_BY,TR3003
D1662,MANAGED_BY,TR3004
D1663,AFFECTS,O009
D1663,HAS_SYMPTOM,S528
D1663,HAS_CAUSE,CA3818
D1663,HAS_CAUSE,CA375
D1663,HAS_CAUSE,CA376
D1663,HAS_CAUSE,CA3478
D1663,HAS_CAUSE,CA3819
D1663,HAS_CAUSE,CA3341
D1663,HAS_CAUSE,CA3820
D1663,HAS_CAUSE,CA3821
D1663,HAS_CAUSE,CA2665
D1663,HAS_CAUSE,CA210
D1663,HAS_CAUSE,CA3822
D1663,HAS_CAUSE,CA3823
D1663,MANAGED_BY,TR192
D1664,AFFECTS,O009
D1664,HAS_SYMPTOM,S309
D1664,HAS_SYMPTOM,S132
D1664,HAS_SYMPTOM,S4593
D1664,HAS_SYMPTOM,S4594
D1664,HAS_SYMPTOM,S4595
D1664,HAS_SYMPTOM,S474
D1664,HAS_CAUSE,CA3824
D1664,HAS_CAUSE,CA3825
D1664,HAS_CAUSE,CA3826
D1664,HAS_CAUSE,CA1223
D1664,HAS_CAUSE,CA3827
D1664,HAS_CAUSE,CA552
D1664,HAS_CAUSE,CA551
D1664,MANAGED_BY,TR3005
D1664,MANAGED_BY,TR3006
D1664,MANAGED_BY,TR3007
D1664,MANAGED_BY,TR3008
D1664,DIAGNOSED_BY,T005
D1664,DIAGNOSED_BY,T153
D1664,DIAGNOSED_BY,T251
D1664,DIAGNOSED_BY,T205
D1664,DIAGNOSED_BY,T111
D1664,DIAGNOSED_BY,T210
D1664,CAN_CAUSE,C1231
D1664,CAN_CAUSE,C1232
D1664,CAN_CAUSE,C1233
D1664,CAN_CAUSE,C1234
D1664,CAN_CAUSE,C119
D1664,MANAGED_BY,TR3009
D1665,AFFECTS,O009
D1665,HAS_SYMPTOM,S4596
D1665,HAS_SYMPTOM,S4597
D1665,HAS_SYMPTOM,S4598
D1665,HAS_CAUSE,CA3828
D1665,HAS_CAUSE,CA3829
D1665,HAS_CAUSE,CA3830
D1665,HAS_CAUSE,CA1389
D1665,MANAGED_BY,TR3010
D1665,MANAGED_BY,TR3011
D1665,MANAGED_BY,TR3012
D1665,MANAGED_BY,TR3013
D1666,AFFECTS,O009
D1667,HAS_CAUSE,CA3831
D1668,HAS_SYMPTOM,S4599
D1668,HAS_SYMPTOM,S4600
D1668,HAS_SYMPTOM,S652
D1668,HAS_SYMPTOM,S4601
D1668,HAS_SYMPTOM,S4602
D1668,HAS_SYMPTOM,S4603
D1668,HAS_SYMPTOM,S130
D1668,HAS_SYMPTOM,S656
D1669,HAS_SYMPTOM,S4604
D1669,HAS_SYMPTOM,S041
D1669,HAS_SYMPTOM,S4605
D1669,HAS_SYMPTOM,S4606
D1669,HAS_SYMPTOM,S4607
D1669,HAS_SYMPTOM,S4608
D1669,HAS_SYMPTOM,S4609
D1669,HAS_SYMPTOM,S4610
D1669,HAS_CAUSE,CA3832
D1669,HAS_CAUSE,CA3833
D1669,HAS_CAUSE,CA3834
D1669,HAS_CAUSE,CA3835
D1669,HAS_CAUSE,CA3836
D1669,HAS_CAUSE,CA3837
D1669,HAS_CAUSE,CA3838
D1669,HAS_CAUSE,CA3839
D1669,HAS_CAUSE,CA3840
D1669,HAS_CAUSE,CA3841
D1669,HAS_CAUSE,CA3842
D1669,HAS_CAUSE,CA3843
D1669,MANAGED_BY,TR3014
D1669,MANAGED_BY,TR499
D1669,MANAGED_BY,TR498
D1669,MANAGED_BY,TR2907
D1669,MANAGED_BY,TR3015
D1669,MANAGED_BY,TR3016
D1669,MANAGED_BY,TR3017
D1669,MANAGED_BY,TR3018
D1669,MANAGED_BY,TR3019
D1669,MANAGED_BY,TR3020
D1669,MANAGED_BY,TR3021
D1669,MANAGED_BY,TR3022
D1669,DIAGNOSED_BY,T2145
D1669,DIAGNOSED_BY,T2146
D1669,DIAGNOSED_BY,T2147
D1669,DIAGNOSED_BY,T2148
D1669,DIAGNOSED_BY,T2149
D1669,DIAGNOSED_BY,T2150
D1669,DIAGNOSED_BY,T2151
D1669,DIAGNOSED_BY,T125
D1669,DIAGNOSED_BY,T251
D1669,DIAGNOSED_BY,T450
D1669,DIAGNOSED_BY,T2152
D1669,DIAGNOSED_BY,T2153
D1669,MANAGED_BY,TR3023
D1669,MANAGED_BY,TR3024
D1669,MANAGED_BY,TR3025
D1669,MANAGED_BY,TR3026
D1669,MANAGED_BY,TR3027
D1669,MANAGED_BY,TR1057
D1670,HAS_SYMPTOM,S4611
D1670,HAS_SYMPTOM,S4612
D1670,HAS_SYMPTOM,S4613
D1670,HAS_SYMPTOM,S4614
D1670,HAS_CAUSE,CA3844
D1670,HAS_CAUSE,CA3845
D1670,HAS_CAUSE,CA3846
D1670,HAS_CAUSE,CA3847
D1670,HAS_CAUSE,CA3848
D1670,HAS_CAUSE,CA3849
RF1334,INCREASES_RISK_OF,D1670
RF1335,INCREASES_RISK_OF,D1670
RF1336,INCREASES_RISK_OF,D1670
D1670,MANAGED_BY,TR2568
D1670,MANAGED_BY,TR3028
D1670,MANAGED_BY,TR3029
D1671,HAS_CAUSE,CA3850
D1671,HAS_CAUSE,CA805
D1671,HAS_CAUSE,CA3851
D1672,AFFECTS,O009
D1672,AFFECTS,O006
D1672,HAS_SYMPTOM,S4615
D1672,HAS_SYMPTOM,S4616
D1672,HAS_SYMPTOM,S4617
D1672,HAS_SYMPTOM,S4618
D1672,HAS_SYMPTOM,S4619
D1672,HAS_SYMPTOM,S4620
D1672,HAS_SYMPTOM,S4162
D1672,HAS_SYMPTOM,S4621
D1672,HAS_CAUSE,CA3852
D1672,HAS_CAUSE,CA3853
D1672,HAS_CAUSE,CA3854
D1672,HAS_CAUSE,CA3855
D1672,HAS_CAUSE,CA014
D1672,HAS_CAUSE,CA3856
D1672,HAS_CAUSE,CA444
D1672,HAS_CAUSE,CA3857
D1672,HAS_CAUSE,CA397
D1672,HAS_CAUSE,CA3858
D1672,HAS_CAUSE,CA3859
D1672,HAS_CAUSE,CA057
D1672,DIAGNOSED_BY,T2154
D1672,DIAGNOSED_BY,T2155
D1672,DIAGNOSED_BY,T005
D1672,DIAGNOSED_BY,T028
D1672,DIAGNOSED_BY,T177
D1672,DIAGNOSED_BY,T2156
D1672,DIAGNOSED_BY,T2049
D1672,DIAGNOSED_BY,T2157
D1672,DIAGNOSED_BY,T2158
D1672,DIAGNOSED_BY,T2159
D1672,DIAGNOSED_BY,T2160
D1672,MANAGED_BY,TR3030
D1672,MANAGED_BY,TR3031
D1673,HAS_SYMPTOM,S4622
D1673,HAS_SYMPTOM,S4623
D1673,HAS_CAUSE,CA3860
D1673,HAS_CAUSE,CA3861
D1673,HAS_CAUSE,CA3862
D1673,HAS_CAUSE,CA3863
D1673,HAS_CAUSE,CA3864
D1673,HAS_CAUSE,CA3865
D1673,HAS_CAUSE,CA3866
D1673,HAS_CAUSE,CA3867
D1673,HAS_CAUSE,CA3868
D1673,MANAGED_BY,TR3032
D1673,MANAGED_BY,TR3033
D1673,MANAGED_BY,TR3034
D1673,MANAGED_BY,TR3035
D1673,MANAGED_BY,TR3036
D1673,MANAGED_BY,TR3037
D1673,MANAGED_BY,TR3038
D1673,MANAGED_BY,TR3039
D1673,DIAGNOSED_BY,T2161
D1673,DIAGNOSED_BY,T057
D1673,DIAGNOSED_BY,T2162
D1673,DIAGNOSED_BY,T2163
D1673,MANAGED_BY,TR3040
D1673,MANAGED_BY,TR3041
D1673,MANAGED_BY,TR3042
D1673,MANAGED_BY,TR3043
D1674,AFFECTS,O002
D1674,HAS_SYMPTOM,S128
D1674,HAS_SYMPTOM,S4624
D1674,HAS_SYMPTOM,S133
D1674,HAS_SYMPTOM,S4625
D1674,HAS_SYMPTOM,S4626
D1674,HAS_CAUSE,CA3869
D1674,HAS_CAUSE,CA001
D1674,HAS_CAUSE,CA1938
D1674,HAS_CAUSE,CA3870
D1674,HAS_CAUSE,CA554
D1674,HAS_CAUSE,CA2801
D1674,HAS_CAUSE,CA3871
D1674,HAS_CAUSE,CA3872
D1674,HAS_CAUSE,CA3873
D1674,MANAGED_BY,TR3044
D1674,MANAGED_BY,TR3045
D1674,MANAGED_BY,TR3046
D1674,MANAGED_BY,TR3047
D1674,MANAGED_BY,TR3048
D1674,MANAGED_BY,TR3049
D1674,MANAGED_BY,TR3050
D1674,MANAGED_BY,TR309
D1674,MANAGED_BY,TR1225
D1674,MANAGED_BY,TR3051
D1674,MANAGED_BY,TR3052
D1674,MANAGED_BY,TR3053
D1674,DIAGNOSED_BY,T2164
D1674,DIAGNOSED_BY,T2165
D1674,CAN_CAUSE,C1235
D1674,CAN_CAUSE,C1236
D1674,CAN_CAUSE,C1237
D1675,AFFECTS,O001
D1675,HAS_SYMPTOM,S4627
D1675,HAS_SYMPTOM,S046
D1675,HAS_SYMPTOM,S4628
D1675,HAS_SYMPTOM,S243
D1675,HAS_SYMPTOM,S2074
D1675,HAS_CAUSE,CA2138
D1675,HAS_CAUSE,CA1030
D1675,HAS_CAUSE,CA3874
D1675,HAS_CAUSE,CA3875
D1675,HAS_CAUSE,CA3876
D1675,HAS_CAUSE,CA3877
D1675,HAS_CAUSE,CA3878
D1675,HAS_CAUSE,CA3879
D1675,MANAGED_BY,TR3054
D1675,MANAGED_BY,TR3055
D1675,DIAGNOSED_BY,T2166
D1675,DIAGNOSED_BY,T2167
D1675,DIAGNOSED_BY,T2168
D1675,DIAGNOSED_BY,T024
D1675,DIAGNOSED_BY,T051
D1675,MANAGED_BY,TR3056
D1675,MANAGED_BY,TR3057
D1675,MANAGED_BY,TR3058
D1675,MANAGED_BY,TR3059
D1676,AFFECTS,O001
D1676,HAS_SYMPTOM,S1512
D1676,HAS_SYMPTOM,S4629
D1676,HAS_SYMPTOM,S4630
D1676,HAS_SYMPTOM,S4631
D1676,HAS_CAUSE,CA3880
D1676,HAS_CAUSE,CA210
D1676,HAS_CAUSE,CA3881
D1677,AFFECTS,O002
D1677,HAS_SYMPTOM,S4632
D1677,HAS_SYMPTOM,S095
D1677,HAS_SYMPTOM,S133
D1677,HAS_SYMPTOM,S663
D1677,HAS_SYMPTOM,S093
D1677,HAS_SYMPTOM,S4633
D1677,HAS_SYMPTOM,S3796
D1677,HAS_CAUSE,CA3882
D1677,HAS_CAUSE,CA3883
D1677,HAS_CAUSE,CA3884
D1677,HAS_CAUSE,CA1099
D1677,HAS_CAUSE,CA498
D1677,HAS_CAUSE,CA2801
D1677,HAS_CAUSE,CA3475
D1677,MANAGED_BY,TR3060
D1677,MANAGED_BY,TR3061
D1677,DIAGNOSED_BY,T2169
D1677,DIAGNOSED_BY,T2170
D1677,CAN_CAUSE,C1238
D1677,CAN_CAUSE,C1239
D1677,CAN_CAUSE,C013
D1678,AFFECTS,O002
D1678,HAS_SYMPTOM,S4634
D1678,HAS_SYMPTOM,S4635
D1678,HAS_SYMPTOM,S4636
D1678,HAS_SYMPTOM,S4637
D1678,HAS_CAUSE,CA3885
D1678,HAS_CAUSE,CA3886
D1678,HAS_CAUSE,CA3887
D1678,MANAGED_BY,TR3062
D1678,MANAGED_BY,TR3063
D1678,DIAGNOSED_BY,T2171
D1678,CAN_CAUSE,C1240
D1678,CAN_CAUSE,C1241
D1678,CAN_CAUSE,C1242
D1678,MANAGED_BY,TR3064
D1679,HAS_SYMPTOM,S4638
D1679,HAS_SYMPTOM,S4639
D1679,HAS_CAUSE,CA057
D1679,HAS_CAUSE,CA3888
D1679,HAS_CAUSE,CA3889
D1679,HAS_CAUSE,CA222
D1679,HAS_CAUSE,CA3890
D1679,MANAGED_BY,TR3065
D1680,AFFECTS,O012
D1680,HAS_CAUSE,CA3891
D1680,HAS_CAUSE,CA001
D1680,HAS_CAUSE,CA465
D1680,HAS_CAUSE,CA3892
D1680,HAS_CAUSE,CA3893
D1680,HAS_CAUSE,CA2373
D1681,HAS_SYMPTOM,S4640
D1681,HAS_CAUSE,CA3894
RF1337,INCREASES_RISK_OF,D1681
D1682,AFFECTS,O020
D1682,HAS_SYMPTOM,S4641
D1682,HAS_SYMPTOM,S4642
D1682,HAS_CAUSE,CA3895
D1682,HAS_CAUSE,CA3896
D1682,HAS_CAUSE,CA3897
D1682,HAS_CAUSE,CA3898
D1682,HAS_CAUSE,CA3899
RF1338,INCREASES_RISK_OF,D1682
D1682,MANAGED_BY,TR3066
D1682,MANAGED_BY,TR3067
D1683,AFFECTS,O012
D1683,HAS_CAUSE,CA001
D1683,HAS_CAUSE,CA465
D1683,HAS_CAUSE,CA1670
D1683,HAS_CAUSE,CA3900
D1683,HAS_CAUSE,CA2214
D1683,HAS_CAUSE,CA3901
D1683,HAS_CAUSE,CA2374
D1683,HAS_CAUSE,CA3902
D1683,HAS_CAUSE,CA3903
D1683,HAS_CAUSE,CA3904
D1683,HAS_CAUSE,CA3905
D1684,HAS_SYMPTOM,S4643
D1684,HAS_CAUSE,CA111
D1684,HAS_CAUSE,CA3906
D1684,MANAGED_BY,TR3068
D1684,MANAGED_BY,TR3069
D1684,DIAGNOSED_BY,T2172
D1685,HAS_SYMPTOM,S3944
D1685,HAS_SYMPTOM,S1498
D1685,HAS_SYMPTOM,S041
D1685,HAS_SYMPTOM,S4644
D1685,HAS_SYMPTOM,S4645
D1685,HAS_SYMPTOM,S4646
D1685,HAS_SYMPTOM,S2815
D1685,HAS_CAUSE,CA3907
D1685,MANAGED_BY,TR3070
D1685,DIAGNOSED_BY,T2173
D1685,CAN_CAUSE,C1243
D1685,MANAGED_BY,TR3071
D1686,HAS_CAUSE,CA3908
D1686,HAS_CAUSE,CA3909
D1687,AFFECTS,O007
D1687,HAS_SYMPTOM,S045
D1687,HAS_SYMPTOM,S3670
D1687,HAS_SYMPTOM,S246
D1687,HAS_SYMPTOM,S133
D1687,HAS_SYMPTOM,S1901
D1687,HAS_SYMPTOM,S093
D1687,HAS_SYMPTOM,S766
D1687,HAS_SYMPTOM,S4647
D1687,HAS_SYMPTOM,S4648
D1687,HAS_SYMPTOM,S552
D1687,HAS_SYMPTOM,S1202
D1687,HAS_SYMPTOM,S4649
D1687,HAS_CAUSE,CA3910
D1687,HAS_CAUSE,CA3911
D1687,HAS_CAUSE,CA3912
D1687,HAS_CAUSE,CA3913
RF1339,INCREASES_RISK_OF,D1687
RF1340,INCREASES_RISK_OF,D1687
D1687,DIAGNOSED_BY,T580
D1687,DIAGNOSED_BY,T005
D1687,DIAGNOSED_BY,T051
D1687,DIAGNOSED_BY,T2174
D1687,DIAGNOSED_BY,T1531
D1687,DIAGNOSED_BY,T2175
D1687,DIAGNOSED_BY,T2176
D1687,DIAGNOSED_BY,T2177
D1687,DIAGNOSED_BY,T2178
D1687,DIAGNOSED_BY,T2179
D1687,MANAGED_BY,TR3072
D1688,AFFECTS,O007
D1688,HAS_SYMPTOM,S4650
D1688,HAS_SYMPTOM,S041
D1688,HAS_SYMPTOM,S552
D1688,HAS_SYMPTOM,S416
D1688,HAS_SYMPTOM,S056
D1688,HAS_CAUSE,CA3914
D1688,DIAGNOSED_BY,T580
D1688,DIAGNOSED_BY,T005
D1688,DIAGNOSED_BY,T051
D1688,DIAGNOSED_BY,T2180
D1688,DIAGNOSED_BY,T677
D1688,DIAGNOSED_BY,T500
D1688,DIAGNOSED_BY,T2181
D1688,DIAGNOSED_BY,T2182
D1688,DIAGNOSED_BY,T2183
D1688,DIAGNOSED_BY,T2184
D1688,DIAGNOSED_BY,T2178
D1688,DIAGNOSED_BY,T2179
D1688,MANAGED_BY,TR3073
D1689,AFFECTS,O007
D1689,HAS_SYMPTOM,S2750
D1689,HAS_SYMPTOM,S045
D1689,HAS_SYMPTOM,S3793
D1689,HAS_SYMPTOM,S474
D1689,HAS_CAUSE,CA3915
D1689,HAS_CAUSE,CA3824
D1689,HAS_CAUSE,CA1223
D1689,HAS_CAUSE,CA3825
D1689,HAS_CAUSE,CA3916
D1689,HAS_CAUSE,CA3827
D1689,HAS_CAUSE,CA021
D1689,HAS_CAUSE,CA3917
D1689,HAS_CAUSE,CA433
D1689,HAS_CAUSE,CA552
D1689,HAS_CAUSE,CA3918
D1689,MANAGED_BY,TR3074
D1689,MANAGED_BY,TR3075
D1689,MANAGED_BY,TR3076
D1689,MANAGED_BY,TR3077
D1689,MANAGED_BY,TR3078
D1689,MANAGED_BY,TR3079
D1689,DIAGNOSED_BY,T2185
D1689,DIAGNOSED_BY,T225
D1689,DIAGNOSED_BY,T005
D1689,DIAGNOSED_BY,T051
D1689,DIAGNOSED_BY,T2186
D1689,DIAGNOSED_BY,T2187
D1689,DIAGNOSED_BY,T500
D1689,DIAGNOSED_BY,T2188
D1689,CAN_CAUSE,C1244
D1689,CAN_CAUSE,C1245
D1689,MANAGED_BY,TR161
D1689,MANAGED_BY,TR3080
D1689,MANAGED_BY,TR1775
D1690,AFFECTS,O007
D1691,AFFECTS,O007
D1692,AFFECTS,O007
D1693,AFFECTS,O014
D1693,HAS_SYMPTOM,S4651
D1693,HAS_CAUSE,CA3919
RF076,INCREASES_RISK_OF,D1693
RF077,INCREASES_RISK_OF,D1693
RF1341,INCREASES_RISK_OF,D1693
RF506,INCREASES_RISK_OF,D1693
D1694,AFFECTS,O008
D1694,AFFECTS,O014
D1694,HAS_SYMPTOM,S4652
D1694,HAS_CAUSE,CA660
D1694,HAS_CAUSE,CA1453
RF076,INCREASES_RISK_OF,D1694
RF077,INCREASES_RISK_OF,D1694
RF1317,INCREASES_RISK_OF,D1694
RF506,INCREASES_RISK_OF,D1694
RF1342,INCREASES_RISK_OF,D1694
D1694,MANAGED_BY,TR3081
D1694,MANAGED_BY,TR3082
D1694,DIAGNOSED_BY,T2189
D1694,DIAGNOSED_BY,T2190
D1694,DIAGNOSED_BY,T2191
D1694,DIAGNOSED_BY,T125
D1694,DIAGNOSED_BY,T1497
D1694,DIAGNOSED_BY,T2192
D1694,CAN_CAUSE,C030
D1694,CAN_CAUSE,C530
D1694,MANAGED_BY,TR3083
D1695,HAS_SYMPTOM,S4653
D1695,HAS_SYMPTOM,S4654
D1695,HAS_SYMPTOM,S2749
D1695,HAS_SYMPTOM,S970
D1695,HAS_SYMPTOM,S1372
D1695,HAS_SYMPTOM,S4655
D1695,HAS_SYMPTOM,S4656
D1695,HAS_CAUSE,CA2528
D1695,HAS_CAUSE,CA3920
D1695,HAS_CAUSE,CA3921
D1695,HAS_CAUSE,CA3922
RF1343,INCREASES_RISK_OF,D1695
RF1344,INCREASES_RISK_OF,D1695
RF264,INCREASES_RISK_OF,D1695
RF1345,INCREASES_RISK_OF,D1695
RF1346,INCREASES_RISK_OF,D1695
RF076,INCREASES_RISK_OF,D1695
RF1347,INCREASES_RISK_OF,D1695
RF1348,INCREASES_RISK_OF,D1695
D1695,DIAGNOSED_BY,T2193
D1695,DIAGNOSED_BY,T616
D1695,DIAGNOSED_BY,T2194
D1695,CAN_CAUSE,C1246
D1695,CAN_CAUSE,C1247
D1695,CAN_CAUSE,C456
D1695,CAN_CAUSE,C1248
D1695,CAN_CAUSE,C1249
D1696,AFFECTS,O014
D1696,HAS_SYMPTOM,S4657
D1696,HAS_SYMPTOM,S4658
D1696,HAS_SYMPTOM,S4659
D1696,HAS_CAUSE,CA3923
D1696,HAS_CAUSE,CA3924
D1696,HAS_CAUSE,CA3925
RF154,INCREASES_RISK_OF,D1696
RF928,INCREASES_RISK_OF,D1696
RF1349,INCREASES_RISK_OF,D1696
D1697,AFFECTS,O014
D1697,HAS_SYMPTOM,S4660
D1697,HAS_SYMPTOM,S4661
D1697,HAS_SYMPTOM,S041
D1697,HAS_SYMPTOM,S4662
D1697,HAS_CAUSE,CA3926
D1697,MANAGED_BY,TR3084
D1697,MANAGED_BY,TR3085
D1697,MANAGED_BY,TR3086
D1697,MANAGED_BY,TR3087
D1697,MANAGED_BY,TR3088
D1697,CAN_CAUSE,C1250
D1697,MANAGED_BY,TR3089
D1698,AFFECTS,O014
D1698,HAS_SYMPTOM,S4663
D1698,HAS_SYMPTOM,S4664
D1698,HAS_CAUSE,CA3927
D1698,HAS_CAUSE,CA3928
D1698,HAS_CAUSE,CA111
D1698,MANAGED_BY,TR3090
D1698,DIAGNOSED_BY,T028
D1698,CAN_CAUSE,C1251
D1698,CAN_CAUSE,C1252
D1698,CAN_CAUSE,C1253
D1698,MANAGED_BY,TR3091
D1699,AFFECTS,O014
D1699,HAS_SYMPTOM,S4665
D1699,HAS_SYMPTOM,S4666
D1699,HAS_SYMPTOM,S4667
D1699,HAS_SYMPTOM,S4668
D1699,HAS_CAUSE,CA3929
D1699,HAS_CAUSE,CA131
D1699,HAS_CAUSE,CA3930
D1699,HAS_CAUSE,CA3931
D1699,HAS_CAUSE,CA205
D1699,MANAGED_BY,TR3092
D1699,MANAGED_BY,TR3093
D1699,DIAGNOSED_BY,T2195
D1699,DIAGNOSED_BY,T2196
D1699,CAN_CAUSE,C1254
D1699,CAN_CAUSE,C1255
D1699,CAN_CAUSE,C1256
D1699,MANAGED_BY,TR3094
D1699,MANAGED_BY,TR975
D1700,AFFECTS,O014
D1700,HAS_SYMPTOM,S3899
D1700,HAS_SYMPTOM,S1952
D1700,HAS_SYMPTOM,S4669
D1700,HAS_SYMPTOM,S4670
D1700,HAS_SYMPTOM,S4671
D1700,HAS_SYMPTOM,S4672
D1700,HAS_SYMPTOM,S4673
D1700,HAS_SYMPTOM,S4674
D1700,HAS_SYMPTOM,S4675
D1700,HAS_SYMPTOM,S4676
D1700,HAS_SYMPTOM,S4677
RF1350,INCREASES_RISK_OF,D1700
RF1351,INCREASES_RISK_OF,D1700
RF1352,INCREASES_RISK_OF,D1700
D1701,HAS_SYMPTOM,S4678
D1701,HAS_CAUSE,CA001
D1701,HAS_CAUSE,CA3932
D1701,HAS_CAUSE,CA3933
D1701,HAS_CAUSE,CA3934
D1701,HAS_CAUSE,CA3935
D1701,HAS_CAUSE,CA3936
D1701,HAS_CAUSE,CA3937
D1701,HAS_CAUSE,CA3938
D1701,HAS_CAUSE,CA3939
RF1353,INCREASES_RISK_OF,D1701
RF1354,INCREASES_RISK_OF,D1701
RF1355,INCREASES_RISK_OF,D1701
RF1356,INCREASES_RISK_OF,D1701
D1702,HAS_SYMPTOM,S4679
D1702,HAS_CAUSE,CA1509
D1702,HAS_CAUSE,CA3940
D1702,HAS_CAUSE,CA1031
D1702,HAS_CAUSE,CA3941
D1702,HAS_CAUSE,CA1272
D1702,HAS_CAUSE,CA049
D1702,DIAGNOSED_BY,T2197
D1702,DIAGNOSED_BY,T2198
D1705,HAS_SYMPTOM,S4680
D1705,HAS_SYMPTOM,S133
D1705,HAS_SYMPTOM,S4681
D1705,HAS_SYMPTOM,S970
D1705,HAS_CAUSE,CA390
D1705,HAS_CAUSE,CA3942
D1705,HAS_CAUSE,CA3943
D1705,HAS_CAUSE,CA392
D1705,HAS_CAUSE,CA3944
D1705,MANAGED_BY,TR3095
D1705,MANAGED_BY,TR3096
D1705,DIAGNOSED_BY,T2199
D1705,DIAGNOSED_BY,T1058
D1705,DIAGNOSED_BY,T2200
D1705,DIAGNOSED_BY,T2201
D1705,CAN_CAUSE,C1257
D1705,CAN_CAUSE,C437
D1705,CAN_CAUSE,C013
D1706,HAS_SYMPTOM,S4682
D1706,HAS_SYMPTOM,S4683
D1706,HAS_SYMPTOM,S4684
D1706,HAS_SYMPTOM,S4685
D1706,HAS_SYMPTOM,S4686
D1706,HAS_SYMPTOM,S4687
D1706,HAS_SYMPTOM,S4688
D1706,HAS_SYMPTOM,S4689
D1706,HAS_CAUSE,CA3945
D1706,HAS_CAUSE,CA3946
D1707,MANAGED_BY,TR3097
D1708,HAS_SYMPTOM,S4690
D1708,HAS_SYMPTOM,S4691
D1708,HAS_SYMPTOM,S4692
D1708,HAS_SYMPTOM,S4693
D1708,HAS_CAUSE,CA019
D1708,HAS_CAUSE,CA378
D1708,HAS_CAUSE,CA3947
D1708,HAS_CAUSE,CA3948
D1708,HAS_CAUSE,CA3949
D1708,HAS_CAUSE,CA3950
D1708,HAS_CAUSE,CA3951
D1708,HAS_CAUSE,CA3952
D1708,HAS_CAUSE,CA3953
D1708,HAS_CAUSE,CA3954
D1708,HAS_CAUSE,CA3955
D1708,HAS_CAUSE,CA1024
D1708,MANAGED_BY,TR3098
D1708,MANAGED_BY,TR3099
D1708,DIAGNOSED_BY,T456
D1708,DIAGNOSED_BY,T005
D1708,DIAGNOSED_BY,T066
D1708,DIAGNOSED_BY,T2202
D1708,DIAGNOSED_BY,T2203
D1708,DIAGNOSED_BY,T2204
D1708,DIAGNOSED_BY,T2205
D1708,DIAGNOSED_BY,T2206
D1708,DIAGNOSED_BY,T2207
D1708,DIAGNOSED_BY,T2208
D1708,DIAGNOSED_BY,T2209
D1708,DIAGNOSED_BY,T2210
D1708,CAN_CAUSE,C1258
D1708,CAN_CAUSE,C1027
D1708,CAN_CAUSE,C584
D1708,CAN_CAUSE,C1259
D1708,MANAGED_BY,TR3100
D1709,HAS_CAUSE,CA3956
D1709,HAS_CAUSE,CA3957
D1709,HAS_CAUSE,CA378
D1709,HAS_CAUSE,CA2528
D1709,HAS_CAUSE,CA3958
D1709,HAS_CAUSE,CA3959
D1709,HAS_CAUSE,CA3960
D1709,HAS_CAUSE,CA3961
D1709,HAS_CAUSE,CA3962
D1709,HAS_CAUSE,CA3963
D1709,HAS_CAUSE,CA3964
D1709,HAS_CAUSE,CA2529
D1710,HAS_SYMPTOM,S351
D1710,HAS_SYMPTOM,S1126
D1710,HAS_SYMPTOM,S663
D1710,HAS_SYMPTOM,S201
D1710,HAS_SYMPTOM,S052
D1710,HAS_SYMPTOM,S127
D1710,HAS_SYMPTOM,S4694
D1710,HAS_SYMPTOM,S133
D1710,HAS_SYMPTOM,S077
D1710,HAS_SYMPTOM,S187
D1710,HAS_CAUSE,CA3965
D1710,HAS_CAUSE,CA741
D1710,HAS_CAUSE,CA742
RF1357,INCREASES_RISK_OF,D1710
RF1358,INCREASES_RISK_OF,D1710
RF1359,INCREASES_RISK_OF,D1710
D1710,MANAGED_BY,TR3101
D1710,MANAGED_BY,TR3102
D1710,MANAGED_BY,TR3103
D1710,MANAGED_BY,TR3104
D1710,DIAGNOSED_BY,T2211
D1710,DIAGNOSED_BY,T2212
D1710,CAN_CAUSE,C1260
D1710,CAN_CAUSE,C289
D1710,CAN_CAUSE,C237
D1710,CAN_CAUSE,C1261
D1710,MANAGED_BY,TR2015
D1710,MANAGED_BY,TR3105
D1710,MANAGED_BY,TR3106
D1711,HAS_SYMPTOM,S766
D1711,HAS_SYMPTOM,S4695
D1711,HAS_SYMPTOM,S4696
D1711,HAS_SYMPTOM,S2598
D1711,HAS_SYMPTOM,S2599
D1711,HAS_SYMPTOM,S4697
D1711,HAS_SYMPTOM,S2601
D1711,HAS_SYMPTOM,S1528
D1711,HAS_SYMPTOM,S4698
D1711,HAS_SYMPTOM,S4699
D1711,HAS_SYMPTOM,S4700
D1711,HAS_SYMPTOM,S1176
D1712,AFFECTS,O013
D1712,HAS_SYMPTOM,S4701
D1712,HAS_CAUSE,CA3966
D1712,HAS_CAUSE,CA3967
D1712,HAS_CAUSE,CA3968
D1712,HAS_CAUSE,CA3969
D1712,MANAGED_BY,TR3107
D1712,MANAGED_BY,TR3108
D1712,DIAGNOSED_BY,T2213
D1712,DIAGNOSED_BY,T2214
D1712,DIAGNOSED_BY,T2215
D1712,DIAGNOSED_BY,T2216
D1713,AFFECTS,O001
D1713,HAS_SYMPTOM,S1630
D1713,HAS_SYMPTOM,S4702
D1713,HAS_SYMPTOM,S663
D1713,HAS_SYMPTOM,S243
D1713,HAS_SYMPTOM,S4703
D1713,HAS_SYMPTOM,S544
D1713,HAS_SYMPTOM,S095
D1713,HAS_SYMPTOM,S4704
D1713,HAS_CAUSE,CA943
D1713,HAS_CAUSE,CA3970
D1713,MANAGED_BY,TR3109
D1713,DIAGNOSED_BY,T2217
D1713,DIAGNOSED_BY,T2218
D1713,DIAGNOSED_BY,T2219
D1713,DIAGNOSED_BY,T2220
D1713,DIAGNOSED_BY,T2221
D1713,DIAGNOSED_BY,T125
D1713,DIAGNOSED_BY,T282
D1713,DIAGNOSED_BY,T005
D1713,DIAGNOSED_BY,T133
D1713,DIAGNOSED_BY,T2222
D1713,DIAGNOSED_BY,T2223
D1713,CAN_CAUSE,C1262
D1713,CAN_CAUSE,C011
D1713,CAN_CAUSE,C1263
D1713,CAN_CAUSE,C1264
D1713,MANAGED_BY,TR3110
D1714,HAS_SYMPTOM,S4705
D1714,HAS_SYMPTOM,S4706
D1714,HAS_SYMPTOM,S187
D1714,HAS_SYMPTOM,S497
D1714,HAS_SYMPTOM,S4707
D1714,HAS_SYMPTOM,S833
D1714,HAS_CAUSE,CA3971
D1714,HAS_CAUSE,CA3972
D1714,HAS_CAUSE,CA3973
D1714,HAS_CAUSE,CA3974
RF1360,INCREASES_RISK_OF,D1714
RF1361,INCREASES_RISK_OF,D1714
RF1362,INCREASES_RISK_OF,D1714
D1714,MANAGED_BY,TR3111
D1714,DIAGNOSED_BY,T2224
D1714,DIAGNOSED_BY,T2225
D1714,DIAGNOSED_BY,T494
D1714,DIAGNOSED_BY,T2226
D1714,CAN_CAUSE,C1265
D1714,CAN_CAUSE,C1266
D1714,CAN_CAUSE,C1267
D1714,CAN_CAUSE,C1268
D1714,CAN_CAUSE,C011
D1714,CAN_CAUSE,C1269
D1714,CAN_CAUSE,C1270
D1715,HAS_SYMPTOM,S917
D1715,HAS_SYMPTOM,S127
D1715,HAS_SYMPTOM,S4708
D1715,HAS_SYMPTOM,S133
D1715,HAS_SYMPTOM,S2920
D1715,HAS_SYMPTOM,S4709
D1715,HAS_CAUSE,CA3975
D1715,MANAGED_BY,TR3112
D1715,MANAGED_BY,TR3113
D1715,DIAGNOSED_BY,T005
D1715,DIAGNOSED_BY,T051
D1715,DIAGNOSED_BY,T225
D1715,DIAGNOSED_BY,T2227
D1715,DIAGNOSED_BY,T2179
D1715,CAN_CAUSE,C1271
D1715,MANAGED_BY,TR3114
D1716,AFFECTS,O012
D1716,HAS_CAUSE,CA3976
D1716,HAS_CAUSE,CA091
D1716,MANAGED_BY,TR3115
D1716,DIAGNOSED_BY,T191
D1716,DIAGNOSED_BY,T005
D1716,DIAGNOSED_BY,T177
D1716,DIAGNOSED_BY,T2228
D1716,CAN_CAUSE,C1272
D1717,AFFECTS,O006
D1718,HAS_SYMPTOM,S4710
D1718,HAS_SYMPTOM,S133
D1718,HAS_SYMPTOM,S4711
D1718,HAS_SYMPTOM,S324
D1718,DIAGNOSED_BY,T051
D1718,DIAGNOSED_BY,T2016
D1718,DIAGNOSED_BY,T2229
D1718,CAN_CAUSE,C1273
D1719,AFFECTS,O017
D1719,HAS_SYMPTOM,S648
D1719,HAS_SYMPTOM,S4712
D1719,HAS_CAUSE,CA3977
D1719,DIAGNOSED_BY,T2230
D1719,CAN_CAUSE,C1274
D1719,MANAGED_BY,TR3116
D1720,HAS_SYMPTOM,S4713
D1720,HAS_CAUSE,CA3978
D1720,HAS_CAUSE,CA3979
D1720,HAS_CAUSE,CA3980
D1720,HAS_CAUSE,CA3981
D1720,HAS_CAUSE,CA3982
D1720,HAS_CAUSE,CA3983
D1720,HAS_CAUSE,CA3984
D1720,HAS_CAUSE,CA3985
D1720,HAS_CAUSE,CA3986
D1720,HAS_CAUSE,CA3987
D1720,HAS_CAUSE,CA3988
D1720,HAS_CAUSE,CA3989
D1720,MANAGED_BY,TR3117
D1720,MANAGED_BY,TR3118
D1720,MANAGED_BY,TR3119
D1720,CAN_CAUSE,C206
D1720,CAN_CAUSE,C1275
D1720,CAN_CAUSE,C1276
D1720,MANAGED_BY,TR3120
D1721,AFFECTS,O005
D1721,AFFECTS,O019
D1721,HAS_SYMPTOM,S4714
D1721,HAS_SYMPTOM,S4715
D1721,HAS_SYMPTOM,S4716
D1721,HAS_SYMPTOM,S4717
D1721,HAS_CAUSE,CA3990
D1721,HAS_CAUSE,CA3991
D1721,HAS_CAUSE,CA3992
D1721,HAS_CAUSE,CA3993
D1721,DIAGNOSED_BY,T2231
D1721,DIAGNOSED_BY,T2232
D1721,DIAGNOSED_BY,T2233
D1721,CAN_CAUSE,C144
D1721,CAN_CAUSE,C1277
D1721,CAN_CAUSE,C1278
D1722,HAS_SYMPTOM,S4718
D1722,HAS_SYMPTOM,S4719
D1722,HAS_SYMPTOM,S4720
D1722,HAS_SYMPTOM,S4721
D1722,HAS_CAUSE,CA3994
D1722,HAS_CAUSE,CA3995
D1722,HAS_CAUSE,CA320
D1723,AFFECTS,O003
D1723,AFFECTS,O018
D1724,HAS_SYMPTOM,S3232
D1724,HAS_SYMPTOM,S4722
D1724,HAS_CAUSE,CA3996
D1724,HAS_CAUSE,CA3997
D1725,HAS_SYMPTOM,S094
D1725,HAS_SYMPTOM,S4723
D1725,HAS_SYMPTOM,S095
D1725,HAS_SYMPTOM,S4724
D1725,HAS_SYMPTOM,S130
D1725,MANAGED_BY,TR3121
D1725,MANAGED_BY,TR3122
D1725,MANAGED_BY,TR3123
D1725,MANAGED_BY,TR3124
D1725,DIAGNOSED_BY,T2234
D1725,DIAGNOSED_BY,T2235
D1725,DIAGNOSED_BY,T049
D1725,CAN_CAUSE,C1279
D1725,CAN_CAUSE,C263
D1725,CAN_CAUSE,C013
D1725,CAN_CAUSE,C371
D1726,HAS_SYMPTOM,S4725
D1726,HAS_SYMPTOM,S4726
D1726,HAS_SYMPTOM,S4727
D1726,HAS_SYMPTOM,S4728
D1726,HAS_SYMPTOM,S2259
D1726,HAS_SYMPTOM,S4729
D1726,HAS_SYMPTOM,S4730
D1726,HAS_SYMPTOM,S4731
D1726,HAS_CAUSE,CA3998
D1726,HAS_CAUSE,CA3999
D1726,HAS_CAUSE,CA4000
D1726,HAS_CAUSE,CA4001
RF057,INCREASES_RISK_OF,D1726
RF1363,INCREASES_RISK_OF,D1726
D1726,MANAGED_BY,TR3125
D1726,DIAGNOSED_BY,T2236
D1726,DIAGNOSED_BY,T2237
D1726,DIAGNOSED_BY,T2238
D1726,DIAGNOSED_BY,T2239
D1726,DIAGNOSED_BY,T2240
D1726,DIAGNOSED_BY,T2241
D1726,DIAGNOSED_BY,T2242
D1726,CAN_CAUSE,C1280
D1726,CAN_CAUSE,C1281
D1726,CAN_CAUSE,C1282
D1726,CAN_CAUSE,C212
D1726,CAN_CAUSE,C1283
D1726,MANAGED_BY,TR3126
D1726,MANAGED_BY,TR3127
D1726,MANAGED_BY,TR3128
D1727,AFFECTS,O014
D1727,HAS_SYMPTOM,S4732
D1727,HAS_SYMPTOM,S4733
D1727,HAS_SYMPTOM,S4734
D1727,HAS_SYMPTOM,S4735
D1727,HAS_SYMPTOM,S4736
D1727,HAS_SYMPTOM,S292
D1727,HAS_SYMPTOM,S096
D1727,HAS_SYMPTOM,S367
D1727,HAS_SYMPTOM,S4737
D1727,HAS_SYMPTOM,S4738
D1727,HAS_SYMPTOM,S045
D1727,HAS_SYMPTOM,S4739
D1727,HAS_CAUSE,CA1191
D1727,HAS_CAUSE,CA4002
D1727,HAS_CAUSE,CA4003
D1727,HAS_CAUSE,CA4004
D1727,HAS_CAUSE,CA4005
D1727,HAS_CAUSE,CA4006
RF1364,INCREASES_RISK_OF,D1727
RF1365,INCREASES_RISK_OF,D1727
RF1366,INCREASES_RISK_OF,D1727
RF1367,INCREASES_RISK_OF,D1727
RF604,INCREASES_RISK_OF,D1727
D1728,HAS_SYMPTOM,S4740
D1728,HAS_SYMPTOM,S495
D1728,HAS_SYMPTOM,S4741
D1728,MANAGED_BY,TR201
D1728,MANAGED_BY,TR3129
D1728,MANAGED_BY,TR3130
D1728,MANAGED_BY,TR3131
D1728,MANAGED_BY,TR3132
D1728,MANAGED_BY,TR2415
D1728,MANAGED_BY,TR3133
D1728,MANAGED_BY,TR3134
D1729,HAS_SYMPTOM,S2068
D1729,HAS_SYMPTOM,S052
D1729,HAS_SYMPTOM,S4742
D1729,HAS_SYMPTOM,S041
D1729,HAS_SYMPTOM,S243
D1729,HAS_SYMPTOM,S1174
D1729,HAS_SYMPTOM,S098
D1729,HAS_SYMPTOM,S4743
D1729,HAS_SYMPTOM,S4744
D1729,HAS_CAUSE,CA4007
D1729,HAS_CAUSE,CA4008
D1729,HAS_CAUSE,CA4009
D1729,HAS_CAUSE,CA186
D1729,HAS_CAUSE,CA4010
D1729,HAS_CAUSE,CA4011
D1729,HAS_CAUSE,CA4012
D1729,HAS_CAUSE,CA4013
D1729,HAS_CAUSE,CA4014
D1729,HAS_CAUSE,CA4015
D1729,HAS_CAUSE,CA4016
D1729,HAS_CAUSE,CA4017
D1729,MANAGED_BY,TR3135
D1730,AFFECTS,O018
D1731,AFFECTS,O018
D1731,HAS_SYMPTOM,S4745
D1731,MANAGED_BY,TR3136
D1731,MANAGED_BY,TR3137
D1731,MANAGED_BY,TR3138
D1731,MANAGED_BY,TR3139
D1732,AFFECTS,O005
D1733,AFFECTS,O005
D1733,HAS_SYMPTOM,S2823
D1733,HAS_SYMPTOM,S4746
D1733,HAS_SYMPTOM,S4747
D1733,HAS_SYMPTOM,S663
D1733,HAS_SYMPTOM,S146
D1733,HAS_SYMPTOM,S4748
D1733,HAS_SYMPTOM,S4749
D1733,DIAGNOSED_BY,T2243
D1733,DIAGNOSED_BY,T005
D1733,DIAGNOSED_BY,T191
D1733,DIAGNOSED_BY,T500
D1733,DIAGNOSED_BY,T177
D1733,DIAGNOSED_BY,T2244
D1733,CAN_CAUSE,C1284
D1733,CAN_CAUSE,C1285
D1733,CAN_CAUSE,C1286
D1733,CAN_CAUSE,C951
D1733,CAN_CAUSE,C237
D1733,CAN_CAUSE,C1287
D1733,MANAGED_BY,TR3140
D1734,HAS_SYMPTOM,S4750
D1734,HAS_SYMPTOM,S4751
D1734,HAS_CAUSE,CA4018
D1734,HAS_CAUSE,CA4019
D1734,CAN_CAUSE,C1288
D1734,CAN_CAUSE,C1289
D1735,HAS_SYMPTOM,S4752
D1735,HAS_CAUSE,CA308
D1735,HAS_CAUSE,CA4020
RF1368,INCREASES_RISK_OF,D1735
RF1369,INCREASES_RISK_OF,D1735
D1736,HAS_SYMPTOM,S4753
D1736,HAS_SYMPTOM,S4754
D1736,HAS_SYMPTOM,S4755
D1736,HAS_CAUSE,CA001
D1736,HAS_CAUSE,CA4021
D1736,MANAGED_BY,TR984
D1736,MANAGED_BY,TR3141
D1736,DIAGNOSED_BY,T177
D1736,DIAGNOSED_BY,T005
D1736,DIAGNOSED_BY,T905
D1736,CAN_CAUSE,C1290
D1736,CAN_CAUSE,C526
D1736,CAN_CAUSE,C1291
D1736,CAN_CAUSE,C1292
D1736,CAN_CAUSE,C1293
D1736,CAN_CAUSE,C1294
D1737,HAS_CAUSE,CA210
D1737,HAS_CAUSE,CA4022
D1737,MANAGED_BY,TR3142
D1737,MANAGED_BY,TR3143
D1737,MANAGED_BY,TR3144
D1737,CAN_CAUSE,C1295
D1737,CAN_CAUSE,C1296
D1737,MANAGED_BY,TR697
D1737,MANAGED_BY,TR352
D1737,MANAGED_BY,TR353
D1737,MANAGED_BY,TR547
D1737,MANAGED_BY,TR059
D1737,MANAGED_BY,TR3145
D1737,MANAGED_BY,TR3146
D1737,MANAGED_BY,TR3147
D1738,HAS_SYMPTOM,S4756
D1738,HAS_SYMPTOM,S4757
D1738,HAS_SYMPTOM,S4758
D1738,HAS_SYMPTOM,S4759
D1738,HAS_SYMPTOM,S4760
D1738,HAS_CAUSE,CA4023
D1738,HAS_CAUSE,CA4024
D1738,MANAGED_BY,TR3148
D1738,DIAGNOSED_BY,T2245
D1738,DIAGNOSED_BY,T125
D1738,DIAGNOSED_BY,T560
D1738,CAN_CAUSE,C1297
D1738,CAN_CAUSE,C1298
D1738,CAN_CAUSE,C1299
D1738,CAN_CAUSE,C1300
D1738,CAN_CAUSE,C1301
D1738,CAN_CAUSE,C1302
D1738,MANAGED_BY,TR3149
D1739,AFFECTS,O005
D1741,HAS_SYMPTOM,S127
D1741,HAS_SYMPTOM,S4761
D1741,HAS_SYMPTOM,S4762
D1741,HAS_SYMPTOM,S4763
D1741,HAS_CAUSE,CA4025
D1741,HAS_CAUSE,CA4026
D1741,MANAGED_BY,TR3150
D1741,DIAGNOSED_BY,T2246
D1741,DIAGNOSED_BY,T2247
D1741,DIAGNOSED_BY,T619
D1741,DIAGNOSED_BY,T2248
D1741,DIAGNOSED_BY,T2249
D1741,CAN_CAUSE,C1303
D1741,CAN_CAUSE,C1304
D1741,CAN_CAUSE,C133
D1741,CAN_CAUSE,C1305
D1742,HAS_SYMPTOM,S4764
D1742,HAS_SYMPTOM,S4765
D1742,HAS_SYMPTOM,S2485
D1742,HAS_SYMPTOM,S4766
D1742,HAS_SYMPTOM,S663
D1742,HAS_SYMPTOM,S3602
D1742,HAS_SYMPTOM,S4767
D1742,HAS_SYMPTOM,S095
D1742,HAS_SYMPTOM,S4768
D1742,HAS_SYMPTOM,S1372
D1742,HAS_SYMPTOM,S4769
D1742,HAS_SYMPTOM,S4770
D1743,HAS_CAUSE,CA4027
D1743,HAS_CAUSE,CA4028
D1743,HAS_CAUSE,CA4029
D1743,HAS_CAUSE,CA4030
D1743,HAS_CAUSE,CA4031
D1743,HAS_CAUSE,CA4032
D1743,DIAGNOSED_BY,T2250
D1743,DIAGNOSED_BY,T2251
D1743,MANAGED_BY,TR3151
D1744,HAS_SYMPTOM,S4771
D1744,HAS_SYMPTOM,S4772
D1744,HAS_SYMPTOM,S4773
D1744,HAS_SYMPTOM,S4774
D1744,HAS_CAUSE,CA4033
D1744,HAS_CAUSE,CA4034
D1744,HAS_CAUSE,CA4035
D1744,HAS_CAUSE,CA4036
D1744,HAS_CAUSE,CA4037
D1744,HAS_CAUSE,CA4038
D1744,MANAGED_BY,TR3152
D1744,MANAGED_BY,TR3153
D1744,MANAGED_BY,TR3154
D1744,DIAGNOSED_BY,T821
D1744,DIAGNOSED_BY,T2252
D1745,AFFECTS,O005
D1745,HAS_CAUSE,CA4039
D1745,HAS_CAUSE,CA4040
RF1370,INCREASES_RISK_OF,D1745
D1746,HAS_SYMPTOM,S045
D1746,HAS_SYMPTOM,S473
D1746,HAS_SYMPTOM,S4775
D1746,HAS_SYMPTOM,S241
D1746,HAS_SYMPTOM,S324
D1746,HAS_CAUSE,CA4041
D1746,HAS_CAUSE,CA4042
D1746,HAS_CAUSE,CA4043
D1746,HAS_CAUSE,CA3521
D1746,MANAGED_BY,TR3155
D1746,MANAGED_BY,TR3156
D1746,DIAGNOSED_BY,T005
D1746,DIAGNOSED_BY,T051
D1746,DIAGNOSED_BY,T2253
D1746,DIAGNOSED_BY,T022
D1746,DIAGNOSED_BY,T225
D1746,DIAGNOSED_BY,T2178
D1746,DIAGNOSED_BY,T351
D1746,CAN_CAUSE,C1306
D1747,HAS_SYMPTOM,S4776
D1747,HAS_SYMPTOM,S4777
D1747,HAS_SYMPTOM,S4778
D1747,HAS_CAUSE,CA4044
D1747,HAS_CAUSE,CA4045
D1747,HAS_CAUSE,CA292
D1747,HAS_CAUSE,CA4046
D1747,HAS_CAUSE,CA4047
D1747,HAS_CAUSE,CA4048
D1747,HAS_CAUSE,CA4049
D1747,HAS_CAUSE,CA391
D1747,HAS_CAUSE,CA4050
D1747,HAS_CAUSE,CA4051
D1747,HAS_CAUSE,CA4052
D1747,HAS_CAUSE,CA4053
D1747,MANAGED_BY,TR3157
D1747,DIAGNOSED_BY,T005
D1747,DIAGNOSED_BY,T328
D1747,DIAGNOSED_BY,T023
D1747,DIAGNOSED_BY,T051
D1747,DIAGNOSED_BY,T021
D1747,DIAGNOSED_BY,T2254
D1747,DIAGNOSED_BY,T2255
D1747,CAN_CAUSE,C1307
D1747,CAN_CAUSE,C1308
D1747,MANAGED_BY,TR3158
D1747,MANAGED_BY,TR3159
D1747,MANAGED_BY,TR3160
D1748,HAS_SYMPTOM,S4779
RF1371,INCREASES_RISK_OF,D1748
RF1372,INCREASES_RISK_OF,D1748
RF1373,INCREASES_RISK_OF,D1748
D1748,MANAGED_BY,TR3161
D1748,MANAGED_BY,TR3162
D1749,HAS_SYMPTOM,S4780
RF768,INCREASES_RISK_OF,D1749
RF1374,INCREASES_RISK_OF,D1749
RF309,INCREASES_RISK_OF,D1749
RF770,INCREASES_RISK_OF,D1749
D1750,HAS_SYMPTOM,S4781
D1750,HAS_SYMPTOM,S4782
D1750,HAS_SYMPTOM,S4783
D1750,HAS_SYMPTOM,S4784
D1750,DIAGNOSED_BY,T2256
D1750,DIAGNOSED_BY,T2257
D1751,HAS_CAUSE,CA4054
RF1375,INCREASES_RISK_OF,D1751
RF1376,INCREASES_RISK_OF,D1751
D1751,MANAGED_BY,TR3163
D1751,MANAGED_BY,TR3164
D1751,DIAGNOSED_BY,T2258
D1751,DIAGNOSED_BY,T2259
D1751,CAN_CAUSE,C1309
D1751,CAN_CAUSE,C1310
D1751,MANAGED_BY,TR3165
D1751,MANAGED_BY,TR3166
D1751,MANAGED_BY,TR585
D1752,HAS_SYMPTOM,S4785
D1752,HAS_SYMPTOM,S4786
D1752,HAS_SYMPTOM,S4787
D1752,MANAGED_BY,TR3167
D1752,MANAGED_BY,TR3168
D1752,MANAGED_BY,TR3169
D1752,MANAGED_BY,TR3170
D1752,DIAGNOSED_BY,T2260
D1752,MANAGED_BY,TR585
D1753,AFFECTS,O008
D1753,HAS_SYMPTOM,S151
D1753,HAS_SYMPTOM,S4788
D1753,HAS_SYMPTOM,S4789
D1753,HAS_SYMPTOM,S4790
D1753,HAS_SYMPTOM,S4791
D1753,HAS_CAUSE,CA4055
D1753,HAS_CAUSE,CA4056
D1753,HAS_CAUSE,CA4057
D1753,HAS_CAUSE,CA4058
D1753,MANAGED_BY,TR3171
D1753,MANAGED_BY,TR3172
D1753,MANAGED_BY,TR3173
D1753,MANAGED_BY,TR3174
D1753,MANAGED_BY,TR1272
D1753,DIAGNOSED_BY,T2261
D1753,DIAGNOSED_BY,T1585
D1753,DIAGNOSED_BY,T2262
D1753,DIAGNOSED_BY,T1119
D1753,DIAGNOSED_BY,T2263
D1753,DIAGNOSED_BY,T125
D1753,DIAGNOSED_BY,T1497
D1753,DIAGNOSED_BY,T2264
D1753,DIAGNOSED_BY,T2265
D1753,DIAGNOSED_BY,T2266
D1753,CAN_CAUSE,C1311
D1753,CAN_CAUSE,C030
D1753,CAN_CAUSE,C031
D1753,MANAGED_BY,TR3175
D1753,MANAGED_BY,TR3176
D1754,AFFECTS,O008
D1754,HAS_SYMPTOM,S4792
D1754,HAS_SYMPTOM,S4793
D1754,HAS_SYMPTOM,S4794
D1754,HAS_SYMPTOM,S3781
D1754,HAS_CAUSE,CA4059
D1754,HAS_CAUSE,CA4060
D1754,HAS_CAUSE,CA4061
D1754,HAS_CAUSE,CA4062
D1754,HAS_CAUSE,CA4063
D1754,HAS_CAUSE,CA4064
D1754,HAS_CAUSE,CA4065
D1754,MANAGED_BY,TR3177
D1754,MANAGED_BY,TR3178
D1754,MANAGED_BY,TR3179
D1754,MANAGED_BY,TR3180
D1754,MANAGED_BY,TR3181
D1754,DIAGNOSED_BY,T2267
D1754,DIAGNOSED_BY,T2268
D1754,DIAGNOSED_BY,T996
D1754,DIAGNOSED_BY,T2269
D1754,DIAGNOSED_BY,T2270
D1754,DIAGNOSED_BY,T2271
D1754,DIAGNOSED_BY,T2272
D1754,DIAGNOSED_BY,T2273
D1754,DIAGNOSED_BY,T2274
D1754,DIAGNOSED_BY,T2275
D1754,CAN_CAUSE,C530
D1754,CAN_CAUSE,C1312
D1754,CAN_CAUSE,C146
D1754,CAN_CAUSE,C890
D1754,CAN_CAUSE,C1313
D1754,CAN_CAUSE,C1314
D1755,HAS_CAUSE,CA4066
D1755,HAS_CAUSE,CA4067
D1755,HAS_CAUSE,CA4068
D1755,HAS_CAUSE,CA4069
D1755,HAS_CAUSE,CA4070
D1756,HAS_SYMPTOM,S141
D1756,HAS_SYMPTOM,S4795
D1756,HAS_SYMPTOM,S284
D1756,HAS_CAUSE,CA390
D1756,HAS_CAUSE,CA4071
D1756,HAS_CAUSE,CA2776
D1756,HAS_CAUSE,CA4072
D1756,HAS_CAUSE,CA410
D1756,HAS_CAUSE,CA2510
D1756,HAS_CAUSE,CA101
D1756,HAS_CAUSE,CA378
D1756,HAS_CAUSE,CA4073
D1756,MANAGED_BY,TR3182
D1756,MANAGED_BY,TR3183
D1756,DIAGNOSED_BY,T177
D1756,MANAGED_BY,TR3184
D1757,AFFECTS,O006
D1757,HAS_SYMPTOM,S4796
D1757,HAS_SYMPTOM,S4797
D1757,HAS_CAUSE,CA4074
RF1377,INCREASES_RISK_OF,D1757
D1758,AFFECTS,O006
D1758,HAS_SYMPTOM,S663
D1758,HAS_SYMPTOM,S4798
D1758,HAS_SYMPTOM,S133
D1758,HAS_SYMPTOM,S3546
D1758,HAS_SYMPTOM,S042
D1758,HAS_SYMPTOM,S363
D1758,HAS_SYMPTOM,S1310
D1758,HAS_SYMPTOM,S4799
D1758,HAS_SYMPTOM,S3549
D1758,HAS_SYMPTOM,S3550
D1758,HAS_SYMPTOM,S4165
D1758,HAS_SYMPTOM,S4800
D1758,HAS_CAUSE,CA4075
D1758,HAS_CAUSE,CA4076
D1758,HAS_CAUSE,CA4077
D1758,HAS_CAUSE,CA2893
D1758,HAS_CAUSE,CA111
D1758,HAS_CAUSE,CA4078
D1758,HAS_CAUSE,CA210
RF1378,INCREASES_RISK_OF,D1758
RF1379,INCREASES_RISK_OF,D1758
RF1380,INCREASES_RISK_OF,D1758
RF872,INCREASES_RISK_OF,D1758
RF1381,INCREASES_RISK_OF,D1758
D1758,MANAGED_BY,TR3185
D1758,MANAGED_BY,TR3186
D1758,MANAGED_BY,TR3187
D1758,DIAGNOSED_BY,T327
D1758,DIAGNOSED_BY,T005
D1758,DIAGNOSED_BY,T051
D1758,DIAGNOSED_BY,T191
D1758,CAN_CAUSE,C1315
D1758,CAN_CAUSE,C1316
D1758,CAN_CAUSE,C013
D1758,MANAGED_BY,TR3188
D1758,MANAGED_BY,TR3189
D1758,MANAGED_BY,TR3190
D1758,MANAGED_BY,TR2477
D1758,MANAGED_BY,TR2045
D1758,MANAGED_BY,TR3191
D1758,MANAGED_BY,TR3192
D1758,MANAGED_BY,TR3193
D1758,MANAGED_BY,TR3194
D1758,MANAGED_BY,TR3195
D1758,MANAGED_BY,TR3196
D1759,AFFECTS,O006
D1759,HAS_SYMPTOM,S4801
D1759,HAS_SYMPTOM,S663
D1759,HAS_SYMPTOM,S4802
D1759,HAS_SYMPTOM,S363
D1759,HAS_SYMPTOM,S4803
D1759,HAS_CAUSE,CA4079
D1759,HAS_CAUSE,CA607
D1759,HAS_CAUSE,CA3940
D1759,HAS_CAUSE,CA2529
D1759,HAS_CAUSE,CA1532
D1759,HAS_CAUSE,CA4080
D1759,DIAGNOSED_BY,T327
D1759,DIAGNOSED_BY,T005
D1759,DIAGNOSED_BY,T051
D1759,DIAGNOSED_BY,T191
D1759,DIAGNOSED_BY,T1603
D1759,DIAGNOSED_BY,T2276
D1759,CAN_CAUSE,C181
D1759,CAN_CAUSE,C1317
D1759,CAN_CAUSE,C1318
D1759,CAN_CAUSE,C013
D1759,CAN_CAUSE,C193
D1759,CAN_CAUSE,C1319
D1759,CAN_CAUSE,C1320
D1759,CAN_CAUSE,C1321
D1759,CAN_CAUSE,C157
D1760,AFFECTS,O006
D1761,AFFECTS,O006
D1762,AFFECTS,O006
D1762,HAS_SYMPTOM,S473
D1762,HAS_SYMPTOM,S3657
D1762,HAS_SYMPTOM,S042
D1762,HAS_SYMPTOM,S4804
D1762,HAS_SYMPTOM,S4805
D1762,HAS_SYMPTOM,S4806
D1762,HAS_SYMPTOM,S077
D1762,HAS_SYMPTOM,S4807
D1762,HAS_CAUSE,CA4081
D1762,MANAGED_BY,TR2288
D1762,MANAGED_BY,TR2289
D1762,MANAGED_BY,TR3197
D1762,MANAGED_BY,TR3198
D1762,DIAGNOSED_BY,T327
D1762,DIAGNOSED_BY,T005
D1762,DIAGNOSED_BY,T051
D1762,DIAGNOSED_BY,T191
D1762,DIAGNOSED_BY,T1616
D1762,CAN_CAUSE,C181
D1762,CAN_CAUSE,C1322
D1762,MANAGED_BY,TR3199
D1762,MANAGED_BY,TR3200
D1762,MANAGED_BY,TR3201
D1762,MANAGED_BY,TR3202
D1762,MANAGED_BY,TR3203
D1763,HAS_SYMPTOM,S041
D1763,HAS_SYMPTOM,S141
D1763,HAS_SYMPTOM,S096
D1763,HAS_SYMPTOM,S2091
D1763,HAS_SYMPTOM,S393
D1763,HAS_SYMPTOM,S4808
D1763,HAS_SYMPTOM,S4809
D1763,HAS_SYMPTOM,S4810
D1763,HAS_SYMPTOM,S356
D1763,HAS_CAUSE,CA4082
D1763,MANAGED_BY,TR3204
D1763,MANAGED_BY,TR2749
D1763,MANAGED_BY,TR3205
D1763,MANAGED_BY,TR1758
D1763,MANAGED_BY,TR3206
D1763,MANAGED_BY,TR3207
D1763,DIAGNOSED_BY,T327
D1763,DIAGNOSED_BY,T2277
D1763,DIAGNOSED_BY,T204
D1763,DIAGNOSED_BY,T2278
D1763,DIAGNOSED_BY,T2279
D1763,DIAGNOSED_BY,T2280
D1763,DIAGNOSED_BY,T125
D1763,CAN_CAUSE,C1323
D1763,CAN_CAUSE,C1324
D1763,CAN_CAUSE,C1325
D1763,CAN_CAUSE,C713
D1763,CAN_CAUSE,C1326
D1763,CAN_CAUSE,C198
D1763,CAN_CAUSE,C1327
D1763,CAN_CAUSE,C1328
D1763,MANAGED_BY,TR3208
D1765,HAS_SYMPTOM,S4811
D1765,HAS_SYMPTOM,S096
D1765,HAS_SYMPTOM,S4812
D1765,HAS_SYMPTOM,S326
D1765,HAS_SYMPTOM,S4813
D1765,HAS_SYMPTOM,S583
D1765,HAS_SYMPTOM,S4814
D1765,HAS_CAUSE,CA378
D1765,HAS_CAUSE,CA4083
D1765,MANAGED_BY,TR3209
D1765,DIAGNOSED_BY,T132
D1765,DIAGNOSED_BY,T2281
D1765,DIAGNOSED_BY,T2282
D1765,DIAGNOSED_BY,T005
D1765,DIAGNOSED_BY,T2283
D1765,DIAGNOSED_BY,T2284
D1765,DIAGNOSED_BY,T2285
D1765,MANAGED_BY,TR3210
D1766,HAS_SYMPTOM,S2005
D1766,HAS_SYMPTOM,S4815
D1766,HAS_SYMPTOM,S4816
D1766,HAS_CAUSE,CA4084
D1766,HAS_CAUSE,CA4085
D1766,HAS_CAUSE,CA4086
D1766,HAS_CAUSE,CA4087
D1766,HAS_CAUSE,CA4088
D1766,HAS_CAUSE,CA4089
D1766,HAS_CAUSE,CA4090
D1766,HAS_CAUSE,CA4091
D1766,HAS_CAUSE,CA4092
D1766,HAS_CAUSE,CA4093
RF1382,INCREASES_RISK_OF,D1766
D1766,MANAGED_BY,TR3008
D1766,MANAGED_BY,TR3211
D1766,MANAGED_BY,TR3212
D1766,MANAGED_BY,TR3213
D1766,MANAGED_BY,TR3214
D1766,MANAGED_BY,TR3215
D1766,MANAGED_BY,TR3216
D1766,MANAGED_BY,TR3217
D1766,DIAGNOSED_BY,T030
D1766,CAN_CAUSE,C1329
D1767,HAS_SYMPTOM,S4817
D1767,HAS_SYMPTOM,S4818
D1767,HAS_SYMPTOM,S4819
D1767,HAS_SYMPTOM,S4820
D1767,HAS_SYMPTOM,S2808
D1767,HAS_SYMPTOM,S141
D1767,HAS_SYMPTOM,S046
D1767,HAS_CAUSE,CA4094
D1767,HAS_CAUSE,CA4095
D1767,HAS_CAUSE,CA4096
D1767,HAS_CAUSE,CA4097
RF1383,INCREASES_RISK_OF,D1767
RF1384,INCREASES_RISK_OF,D1767
D1768,HAS_SYMPTOM,S4821
D1768,HAS_SYMPTOM,S4822
D1768,HAS_SYMPTOM,S4823
D1768,HAS_SYMPTOM,S4824
D1768,HAS_SYMPTOM,S4825
D1768,HAS_SYMPTOM,S4826
D1768,HAS_SYMPTOM,S4827
D1768,HAS_SYMPTOM,S4828
D1768,HAS_SYMPTOM,S4829
D1768,HAS_CAUSE,CA4098
D1768,HAS_CAUSE,CA4099
D1768,HAS_CAUSE,CA4100
D1768,HAS_CAUSE,CA4101
RF1385,INCREASES_RISK_OF,D1768
RF1386,INCREASES_RISK_OF,D1768
RF1387,INCREASES_RISK_OF,D1768
RF1388,INCREASES_RISK_OF,D1768
RF1389,INCREASES_RISK_OF,D1768
RF1390,INCREASES_RISK_OF,D1768
RF1391,INCREASES_RISK_OF,D1768
D1768,MANAGED_BY,TR3218
D1768,MANAGED_BY,TR3219
D1768,MANAGED_BY,TR3220
D1769,HAS_SYMPTOM,S2485
D1769,HAS_SYMPTOM,S4830
D1769,HAS_SYMPTOM,S294
D1769,HAS_SYMPTOM,S1068
D1769,HAS_SYMPTOM,S127
D1769,HAS_SYMPTOM,S052
D1769,HAS_SYMPTOM,S042
D1769,HAS_SYMPTOM,S4831
D1769,HAS_SYMPTOM,S046
D1769,HAS_SYMPTOM,S1100
D1769,HAS_SYMPTOM,S1101
D1769,HAS_SYMPTOM,S4832
D1770,HAS_SYMPTOM,S3806
D1770,HAS_SYMPTOM,S4833
D1770,HAS_SYMPTOM,S4834
D1770,HAS_SYMPTOM,S4835
D1770,HAS_SYMPTOM,S1491
D1770,HAS_SYMPTOM,S3962
D1770,HAS_SYMPTOM,S046
D1770,HAS_SYMPTOM,S403
D1770,HAS_SYMPTOM,S1102
D1770,HAS_SYMPTOM,S4836
D1770,HAS_SYMPTOM,S4107
D1770,HAS_SYMPTOM,S367
D1771,HAS_SYMPTOM,S2595
D1771,HAS_SYMPTOM,S126
D1771,HAS_SYMPTOM,S130
D1771,HAS_SYMPTOM,S1488
D1771,HAS_SYMPTOM,S4837
D1771,HAS_SYMPTOM,S1528
D1771,HAS_SYMPTOM,S4838
D1771,HAS_SYMPTOM,S079
D1771,HAS_SYMPTOM,S4839
D1771,HAS_SYMPTOM,S095
D1771,HAS_SYMPTOM,S046
D1771,HAS_SYMPTOM,S1588
D1772,HAS_CAUSE,CA4102
D1772,HAS_CAUSE,CA4103
D1772,HAS_CAUSE,CA4104
D1773,HAS_SYMPTOM,S4840
D1773,HAS_SYMPTOM,S4841
D1773,HAS_SYMPTOM,S2244
D1773,HAS_SYMPTOM,S1694
D1773,HAS_SYMPTOM,S4842
D1773,HAS_SYMPTOM,S965
D1773,HAS_SYMPTOM,S126
D1773,HAS_SYMPTOM,S4843
D1773,HAS_SYMPTOM,S4844
D1773,HAS_SYMPTOM,S4845
D1773,HAS_SYMPTOM,S4846
D1773,HAS_SYMPTOM,S732
D1774,HAS_SYMPTOM,S4847
D1775,HAS_SYMPTOM,S2244
D1775,HAS_SYMPTOM,S130
D1775,HAS_SYMPTOM,S4848
D1775,HAS_SYMPTOM,S4849
D1776,HAS_SYMPTOM,S4202
D1776,HAS_SYMPTOM,S4850
D1776,HAS_CAUSE,CA4105
D1776,HAS_CAUSE,CA4106
D1776,HAS_CAUSE,CA4107
D1776,HAS_CAUSE,CA4108
D1776,HAS_CAUSE,CA4109
D1776,HAS_CAUSE,CA4110
D1776,HAS_CAUSE,CA4111
RF1392,INCREASES_RISK_OF,D1776
RF1393,INCREASES_RISK_OF,D1776
RF1394,INCREASES_RISK_OF,D1776
RF1395,INCREASES_RISK_OF,D1776
RF1396,INCREASES_RISK_OF,D1776
D1777,HAS_SYMPTOM,S127
D1777,HAS_SYMPTOM,S052
D1777,HAS_SYMPTOM,S1115
D1777,HAS_SYMPTOM,S1498
D1777,HAS_SYMPTOM,S4851
D1777,HAS_SYMPTOM,S4852
D1777,HAS_SYMPTOM,S583
D1777,HAS_SYMPTOM,S356
D1777,HAS_SYMPTOM,S4853
D1777,HAS_SYMPTOM,S4854
D1777,HAS_SYMPTOM,S4855
D1777,HAS_SYMPTOM,S4856
D1778,AFFECTS,O001
D1778,AFFECTS,O002
D1778,HAS_SYMPTOM,S4857
D1778,HAS_SYMPTOM,S052
D1778,HAS_SYMPTOM,S130
D1778,HAS_SYMPTOM,S041
D1778,HAS_SYMPTOM,S393
D1778,HAS_CAUSE,CA4112
D1778,MANAGED_BY,TR3221
D1778,MANAGED_BY,TR3222
D1778,MANAGED_BY,TR3223
D1778,DIAGNOSED_BY,T2286
D1778,DIAGNOSED_BY,T2287
D1779,AFFECTS,O002
D1779,HAS_SYMPTOM,S4858
D1779,HAS_SYMPTOM,S1798
D1779,HAS_SYMPTOM,S1799
D1779,HAS_SYMPTOM,S540
D1779,HAS_SYMPTOM,S4859
D1779,HAS_SYMPTOM,S1289
D1779,HAS_SYMPTOM,S4860
D1779,HAS_SYMPTOM,S4861
D1779,HAS_SYMPTOM,S4862
D1779,HAS_SYMPTOM,S4863
D1779,HAS_SYMPTOM,S4864
D1779,HAS_SYMPTOM,S4865
D1779,HAS_CAUSE,CA4113
D1779,HAS_CAUSE,CA4114
D1780,AFFECTS,O014
D1780,HAS_SYMPTOM,S4866
D1780,HAS_CAUSE,CA4115
D1780,HAS_CAUSE,CA4116
D1780,HAS_CAUSE,CA4117
RF1397,INCREASES_RISK_OF,D1780
D1781,AFFECTS,O001
D1781,AFFECTS,O002
D1781,HAS_SYMPTOM,S4867
D1781,HAS_SYMPTOM,S468
D1781,HAS_SYMPTOM,S128
D1781,HAS_SYMPTOM,S4868
D1781,HAS_SYMPTOM,S041
D1781,HAS_SYMPTOM,S4869
D1781,HAS_SYMPTOM,S4870
D1781,HAS_SYMPTOM,S4871
D1781,HAS_CAUSE,CA034
D1781,HAS_CAUSE,CA4118
D1781,HAS_CAUSE,CA2835
D1781,HAS_CAUSE,CA4119
D1781,HAS_CAUSE,CA4120
D1781,HAS_CAUSE,CA4121
D1781,HAS_CAUSE,CA467
D1781,HAS_CAUSE,CA4122
D1781,HAS_CAUSE,CA4123
D1781,HAS_CAUSE,CA4124
D1781,HAS_CAUSE,CA4125
D1781,HAS_CAUSE,CA1685
D1781,MANAGED_BY,TR3224
D1781,DIAGNOSED_BY,T2288
D1781,DIAGNOSED_BY,T2289
D1781,CAN_CAUSE,C1330
D1781,CAN_CAUSE,C1331
D1782,HAS_CAUSE,CA4126
RF1398,INCREASES_RISK_OF,D1782
RF1399,INCREASES_RISK_OF,D1782
RF1400,INCREASES_RISK_OF,D1782
D1782,MANAGED_BY,TR3225
D1783,HAS_SYMPTOM,S4872
D1783,HAS_SYMPTOM,S4873
D1783,HAS_CAUSE,CA141
D1783,HAS_CAUSE,CA142
D1783,HAS_CAUSE,CA4127
D1783,HAS_CAUSE,CA144
D1783,HAS_CAUSE,CA4128
D1783,HAS_CAUSE,CA146
D1783,HAS_CAUSE,CA147
D1783,MANAGED_BY,TR3226
D1783,MANAGED_BY,TR035
D1783,DIAGNOSED_BY,T2290
D1783,DIAGNOSED_BY,T2291
D1783,DIAGNOSED_BY,T2292
D1783,DIAGNOSED_BY,T051
D1783,DIAGNOSED_BY,T066
D1783,DIAGNOSED_BY,T067
D1783,DIAGNOSED_BY,T2293
D1783,CAN_CAUSE,C1332
D1784,AFFECTS,O006
D1784,HAS_SYMPTOM,S4874
D1784,HAS_SYMPTOM,S4875
D1784,HAS_SYMPTOM,S3052
D1784,HAS_CAUSE,CA4129
D1784,HAS_CAUSE,CA4130
D1784,HAS_CAUSE,CA4131
D1784,HAS_CAUSE,CA4132
D1784,HAS_CAUSE,CA4133
D1784,MANAGED_BY,TR3227
D1784,MANAGED_BY,TR3228
D1784,MANAGED_BY,TR3229
D1784,DIAGNOSED_BY,T456
D1784,DIAGNOSED_BY,T2294
D1784,DIAGNOSED_BY,T2295
D1784,DIAGNOSED_BY,T2296
D1784,CAN_CAUSE,C1213
D1784,CAN_CAUSE,C1333
D1784,CAN_CAUSE,C859
D1784,CAN_CAUSE,C456
D1784,CAN_CAUSE,C1334
D1785,HAS_SYMPTOM,S4876
D1785,HAS_SYMPTOM,S4877
D1785,HAS_SYMPTOM,S4878
D1785,HAS_CAUSE,CA509
D1785,HAS_CAUSE,CA4134
D1785,HAS_CAUSE,CA4135
D1785,HAS_CAUSE,CA644
RF216,INCREASES_RISK_OF,D1785
RF1401,INCREASES_RISK_OF,D1785
RF076,INCREASES_RISK_OF,D1785
RF077,INCREASES_RISK_OF,D1785
D1785,MANAGED_BY,TR3230
D1785,MANAGED_BY,TR2715
D1785,MANAGED_BY,TR3231
D1785,DIAGNOSED_BY,T2297
D1785,DIAGNOSED_BY,T2298
D1785,MANAGED_BY,TR3232
D1785,MANAGED_BY,TR1221
D1785,MANAGED_BY,TR3233
D1785,MANAGED_BY,TR3234
D1786,AFFECTS,O002
D1786,HAS_SYMPTOM,S4879
D1786,HAS_SYMPTOM,S4880
D1786,HAS_SYMPTOM,S4881
D1786,HAS_SYMPTOM,S4882
D1786,HAS_SYMPTOM,S4883
D1786,HAS_SYMPTOM,S4884
D1786,HAS_SYMPTOM,S2315
D1786,HAS_SYMPTOM,S583
D1786,HAS_CAUSE,CA4136
D1786,HAS_CAUSE,CA4137
D1786,HAS_CAUSE,CA4138
D1786,HAS_CAUSE,CA4139
D1786,HAS_CAUSE,CA4140
D1786,HAS_CAUSE,CA4141
D1786,MANAGED_BY,TR3235
D1786,DIAGNOSED_BY,T2299
D1786,DIAGNOSED_BY,T2300
D1786,DIAGNOSED_BY,T2301
D1786,DIAGNOSED_BY,T2302
D1786,DIAGNOSED_BY,T2303
D1786,DIAGNOSED_BY,T2304
D1786,DIAGNOSED_BY,T2305
D1786,DIAGNOSED_BY,T2306
D1786,DIAGNOSED_BY,T125
D1786,MANAGED_BY,TR3236
D1787,HAS_SYMPTOM,S514
D1787,HAS_SYMPTOM,S439
D1787,HAS_SYMPTOM,S518
D1787,HAS_SYMPTOM,S4885
D1787,HAS_SYMPTOM,S4886
D1787,HAS_SYMPTOM,S219
D1787,HAS_SYMPTOM,S4887
D1787,HAS_SYMPTOM,S4888
D1787,HAS_SYMPTOM,S046
D1787,HAS_SYMPTOM,S3399
D1787,HAS_SYMPTOM,S4889
D1787,HAS_SYMPTOM,S4890
D1788,HAS_SYMPTOM,S439
D1788,HAS_SYMPTOM,S126
D1788,HAS_SYMPTOM,S4891
D1788,HAS_SYMPTOM,S648
D1788,HAS_SYMPTOM,S4892
D1788,HAS_SYMPTOM,S518
D1788,HAS_SYMPTOM,S046
D1788,HAS_SYMPTOM,S3571
D1788,HAS_SYMPTOM,S1401
D1788,HAS_SYMPTOM,S4893
D1788,HAS_SYMPTOM,S4894
D1788,HAS_SYMPTOM,S3401
D1790,AFFECTS,O020
D1790,HAS_SYMPTOM,S4895
D1790,HAS_SYMPTOM,S4896
D1790,HAS_SYMPTOM,S4897
D1790,HAS_CAUSE,CA4142
RF216,INCREASES_RISK_OF,D1790
RF1402,INCREASES_RISK_OF,D1790
RF1403,INCREASES_RISK_OF,D1790
RF1404,INCREASES_RISK_OF,D1790
RF135,INCREASES_RISK_OF,D1790
RF1405,INCREASES_RISK_OF,D1790
D1791,AFFECTS,O006
D1791,HAS_SYMPTOM,S4898
D1791,HAS_SYMPTOM,S4899
D1791,HAS_SYMPTOM,S1590
D1791,HAS_SYMPTOM,S4900
D1791,HAS_SYMPTOM,S4901
D1791,HAS_SYMPTOM,S4902
D1791,HAS_SYMPTOM,S4655
D1791,HAS_SYMPTOM,S4903
D1791,HAS_SYMPTOM,S4904
D1791,HAS_CAUSE,CA4143
D1791,HAS_CAUSE,CA3824
D1791,HAS_CAUSE,CA3827
D1791,HAS_CAUSE,CA3916
D1791,MANAGED_BY,TR3237
D1791,MANAGED_BY,TR3238
D1791,MANAGED_BY,TR725
D1791,DIAGNOSED_BY,T2307
D1791,DIAGNOSED_BY,T2308
D1791,DIAGNOSED_BY,T005
D1791,DIAGNOSED_BY,T028
D1791,DIAGNOSED_BY,T2309
D1791,DIAGNOSED_BY,T2310
D1791,CAN_CAUSE,C1335
D1791,CAN_CAUSE,C632
D1791,CAN_CAUSE,C1336
D1792,AFFECTS,O020
D1792,HAS_SYMPTOM,S4905
D1792,HAS_CAUSE,CA4144
D1792,HAS_CAUSE,CA4145
D1792,HAS_CAUSE,CA4146
D1792,HAS_CAUSE,CA4147
RF1406,INCREASES_RISK_OF,D1792
D1793,AFFECTS,O007
D1793,HAS_SYMPTOM,S4906
D1793,HAS_SYMPTOM,S079
D1793,HAS_SYMPTOM,S4907
D1793,HAS_SYMPTOM,S093
D1793,HAS_CAUSE,CA4148
D1793,MANAGED_BY,TR3239
D1793,MANAGED_BY,TR3240
D1793,DIAGNOSED_BY,T005
D1793,DIAGNOSED_BY,T051
D1793,DIAGNOSED_BY,T028
D1793,DIAGNOSED_BY,T351
D1793,CAN_CAUSE,C1337
D1794,AFFECTS,O005
D1794,HAS_SYMPTOM,S4908
D1794,HAS_SYMPTOM,S4909
D1794,HAS_SYMPTOM,S4910
RF1407,INCREASES_RISK_OF,D1794
RF1408,INCREASES_RISK_OF,D1794
RF1409,INCREASES_RISK_OF,D1794
RF1410,INCREASES_RISK_OF,D1794
RF1411,INCREASES_RISK_OF,D1794
RF1412,INCREASES_RISK_OF,D1794
D1795,HAS_CAUSE,CA4149
D1795,HAS_CAUSE,CA4150
D1795,MANAGED_BY,TR3241
D1795,MANAGED_BY,TR3242
D1795,MANAGED_BY,TR3243
D1796,HAS_SYMPTOM,S128
D1796,HAS_SYMPTOM,S042
D1796,HAS_SYMPTOM,S4911
D1796,HAS_SYMPTOM,S4912
D1796,HAS_SYMPTOM,S3806
D1796,HAS_SYMPTOM,S4913
D1796,HAS_SYMPTOM,S4914
D1796,HAS_SYMPTOM,S3993
D1796,HAS_SYMPTOM,S046
D1796,HAS_SYMPTOM,S3962
D1796,HAS_SYMPTOM,S403
D1796,HAS_SYMPTOM,S1286
D1797,HAS_SYMPTOM,S3602
D1797,HAS_SYMPTOM,S045
D1797,HAS_SYMPTOM,S4915
D1797,HAS_SYMPTOM,S4916
D1797,HAS_SYMPTOM,S4917
D1797,HAS_SYMPTOM,S4918
D1797,HAS_SYMPTOM,S4919
D1797,HAS_SYMPTOM,S095
D1797,HAS_SYMPTOM,S4920
D1797,HAS_SYMPTOM,S4921
D1797,HAS_SYMPTOM,S4922
D1797,HAS_SYMPTOM,S4923
D1798,HAS_SYMPTOM,S1042
D1798,HAS_SYMPTOM,S4924
D1798,HAS_SYMPTOM,S4925
D1798,HAS_SYMPTOM,S4926
D1798,HAS_SYMPTOM,S4927
D1798,HAS_SYMPTOM,S2696
D1798,HAS_SYMPTOM,S4928
D1798,HAS_SYMPTOM,S141
D1798,HAS_SYMPTOM,S046
D1798,HAS_SYMPTOM,S4929
D1798,HAS_SYMPTOM,S133
D1798,HAS_SYMPTOM,S4930
D1798,HAS_CAUSE,CA4151
D1798,HAS_CAUSE,CA4152
D1798,MANAGED_BY,TR3244
D1798,MANAGED_BY,TR3245
D1798,CAN_CAUSE,C198
D1798,CAN_CAUSE,C004
D1798,CAN_CAUSE,C013
D1798,MANAGED_BY,TR142
D1799,HAS_SYMPTOM,S045
D1799,HAS_SYMPTOM,S4931
D1799,HAS_SYMPTOM,S473
D1799,HAS_SYMPTOM,S4932
D1799,HAS_SYMPTOM,S663
D1799,HAS_SYMPTOM,S440
D1799,HAS_SYMPTOM,S4933
D1799,HAS_CAUSE,CA1031
D1799,HAS_CAUSE,CA4153
D1799,HAS_CAUSE,CA4154
D1799,HAS_CAUSE,CA4155
D1799,HAS_CAUSE,CA4156
D1799,HAS_CAUSE,CA4157
D1799,HAS_CAUSE,CA4158
D1799,MANAGED_BY,TR3246
D1799,MANAGED_BY,TR3247
D1799,MANAGED_BY,TR3248
D1799,DIAGNOSED_BY,T2311
D1799,DIAGNOSED_BY,T2312
D1799,MANAGED_BY,TR3249
D1799,MANAGED_BY,TR3250
D1800,HAS_SYMPTOM,S4934
D1800,HAS_SYMPTOM,S4935
D1800,HAS_SYMPTOM,S1709
D1800,HAS_SYMPTOM,S518
D1800,HAS_SYMPTOM,S048
D1800,HAS_SYMPTOM,S4936
D1800,HAS_SYMPTOM,S4937
D1800,HAS_SYMPTOM,S4938
D1800,HAS_SYMPTOM,S046
D1800,HAS_SYMPTOM,S4939
D1800,HAS_SYMPTOM,S041
D1800,HAS_SYMPTOM,S095
D1801,AFFECTS,O002
D1801,HAS_SYMPTOM,S4940
D1801,HAS_SYMPTOM,S1042
D1801,HAS_SYMPTOM,S4924
D1801,HAS_SYMPTOM,S2641
D1801,HAS_SYMPTOM,S095
D1801,HAS_SYMPTOM,S130
D1801,MANAGED_BY,TR3251
D1801,DIAGNOSED_BY,T2313
D1801,DIAGNOSED_BY,T2314
D1801,DIAGNOSED_BY,T641
D1801,DIAGNOSED_BY,T279
D1801,DIAGNOSED_BY,T028
D1801,DIAGNOSED_BY,T616
D1801,DIAGNOSED_BY,T049
D1801,DIAGNOSED_BY,T2315
D1801,DIAGNOSED_BY,T2234
D1801,CAN_CAUSE,C263
D1801,CAN_CAUSE,C013
D1801,CAN_CAUSE,C011
D1801,CAN_CAUSE,C442
D1801,CAN_CAUSE,C225
D1801,CAN_CAUSE,C825
D1801,CAN_CAUSE,C1338
D1801,MANAGED_BY,TR3252
D1802,HAS_SYMPTOM,S4941
D1802,HAS_SYMPTOM,S4942
D1802,HAS_SYMPTOM,S4943
D1802,HAS_SYMPTOM,S4944
D1802,HAS_SYMPTOM,S4945
D1802,HAS_SYMPTOM,S4946
D1802,HAS_SYMPTOM,S583
D1804,HAS_SYMPTOM,S4947
D1804,HAS_CAUSE,CA4159
D1805,HAS_CAUSE,CA001
D1805,HAS_CAUSE,CA4160
D1805,HAS_CAUSE,CA1647
D1805,HAS_CAUSE,CA125
D1805,HAS_CAUSE,CA4161
D1805,HAS_CAUSE,CA4162
D1805,HAS_CAUSE,CA4163
D1805,HAS_CAUSE,CA2736
D1805,HAS_CAUSE,CA4164
D1805,HAS_CAUSE,CA3902
D1805,HAS_CAUSE,CA4165
D1805,HAS_CAUSE,CA1669
D1806,AFFECTS,O016
D1806,HAS_SYMPTOM,S4948
D1806,HAS_SYMPTOM,S4949
D1806,HAS_SYMPTOM,S4950
D1806,HAS_CAUSE,CA4166
D1807,AFFECTS,O001
D1808,HAS_SYMPTOM,S4951
D1808,HAS_SYMPTOM,S4952
D1808,HAS_SYMPTOM,S4953
D1808,HAS_SYMPTOM,S4954
D1808,HAS_SYMPTOM,S4955
D1808,HAS_SYMPTOM,S2626
D1808,HAS_SYMPTOM,S133
D1808,HAS_SYMPTOM,S093
D1808,HAS_SYMPTOM,S042
D1808,HAS_SYMPTOM,S4956
D1808,HAS_SYMPTOM,S098
D1808,HAS_SYMPTOM,S4957
D1808,HAS_CAUSE,CA4167
D1808,HAS_CAUSE,CA4168
D1808,HAS_CAUSE,CA4169
D1808,HAS_CAUSE,CA4170
D1808,HAS_CAUSE,CA4171
D1808,HAS_CAUSE,CA4172
D1808,HAS_CAUSE,CA4173
D1808,HAS_CAUSE,CA4174
D1808,HAS_CAUSE,CA4175
D1808,HAS_CAUSE,CA4176
D1808,HAS_CAUSE,CA4177
D1808,HAS_CAUSE,CA4178
D1808,MANAGED_BY,TR3253
D1808,MANAGED_BY,TR3254
D1808,MANAGED_BY,TR3255
D1808,MANAGED_BY,TR3256
D1808,MANAGED_BY,TR3257
D1808,MANAGED_BY,TR3258
D1808,MANAGED_BY,TR3259
D1808,MANAGED_BY,TR3260
D1808,DIAGNOSED_BY,T028
D1809,HAS_SYMPTOM,S4958
D1809,HAS_CAUSE,CA4179
D1809,HAS_CAUSE,CA4180
RF1413,INCREASES_RISK_OF,D1809
D1810,HAS_SYMPTOM,S4959
D1810,HAS_CAUSE,CA4181
D1810,HAS_CAUSE,CA4182
D1810,MANAGED_BY,TR1288
D1810,MANAGED_BY,TR3261
D1811,AFFECTS,O004
D1811,HAS_SYMPTOM,S514
D1811,HAS_SYMPTOM,S439
D1811,HAS_SYMPTOM,S126
D1811,HAS_SYMPTOM,S4886
D1811,HAS_SYMPTOM,S648
D1811,HAS_SYMPTOM,S4892
D1811,HAS_SYMPTOM,S518
D1811,HAS_SYMPTOM,S760
D1811,HAS_SYMPTOM,S4444
D1812,AFFECTS,O004
D1812,HAS_SYMPTOM,S4960
D1812,HAS_SYMPTOM,S4961
D1812,MANAGED_BY,TR150
D1813,HAS_SYMPTOM,S4962
D1813,HAS_SYMPTOM,S4963
D1813,HAS_SYMPTOM,S4964
D1813,HAS_SYMPTOM,S4965
D1813,HAS_SYMPTOM,S4966
D1813,HAS_SYMPTOM,S4967
D1813,HAS_SYMPTOM,S4968
D1813,HAS_SYMPTOM,S4969
D1813,HAS_CAUSE,CA4183
RF1414,INCREASES_RISK_OF,D1813
RF793,INCREASES_RISK_OF,D1813
RF1415,INCREASES_RISK_OF,D1813
RF1416,INCREASES_RISK_OF,D1813
D1813,MANAGED_BY,TR3262
D1813,MANAGED_BY,TR3263
D1813,MANAGED_BY,TR3264
D1813,MANAGED_BY,TR3265
D1813,MANAGED_BY,TR3266
D1813,MANAGED_BY,TR3267
D1814,HAS_SYMPTOM,S616
D1814,HAS_SYMPTOM,S2626
D1814,HAS_SYMPTOM,S133
D1814,HAS_SYMPTOM,S4970
D1814,HAS_SYMPTOM,S4971
D1814,HAS_CAUSE,CA4184
D1814,MANAGED_BY,TR3268
D1814,MANAGED_BY,TR3269
D1814,DIAGNOSED_BY,T2316
D1814,DIAGNOSED_BY,T2317
D1814,DIAGNOSED_BY,T2318
D1814,DIAGNOSED_BY,T2319
D1814,CAN_CAUSE,C1339
D1814,CAN_CAUSE,C584
D1814,MANAGED_BY,TR3270
D1815,HAS_SYMPTOM,S4972
D1815,HAS_SYMPTOM,S1280
D1815,HAS_SYMPTOM,S4973
D1816,HAS_SYMPTOM,S127
D1816,HAS_SYMPTOM,S4974
D1816,HAS_SYMPTOM,S042
D1816,HAS_SYMPTOM,S4975
D1817,HAS_SYMPTOM,S514
D1817,HAS_SYMPTOM,S439
D1817,HAS_SYMPTOM,S126
D1817,HAS_SYMPTOM,S4441
D1817,HAS_SYMPTOM,S4976
D1817,HAS_SYMPTOM,S3398
D1817,HAS_SYMPTOM,S518
D1817,HAS_SYMPTOM,S4977
D1817,HAS_SYMPTOM,S4978
D1817,HAS_SYMPTOM,S4979
D1817,HAS_SYMPTOM,S4980
D1817,HAS_SYMPTOM,S4981
D1818,HAS_SYMPTOM,S4982
D1818,HAS_CAUSE,CA4185
D1818,HAS_CAUSE,CA4186
D1818,DIAGNOSED_BY,T2320
D1818,DIAGNOSED_BY,T2321
D1818,DIAGNOSED_BY,T2322
D1819,AFFECTS,O005
D1820,HAS_SYMPTOM,S101
D1820,HAS_CAUSE,CA3339
D1820,HAS_CAUSE,CA4187
D1820,HAS_CAUSE,CA3341
D1820,HAS_CAUSE,CA4188
D1820,HAS_CAUSE,CA4189
D1820,HAS_CAUSE,CA4190
D1820,HAS_CAUSE,CA210
D1820,HAS_CAUSE,CA4191
D1820,HAS_CAUSE,CA4192
D1820,HAS_CAUSE,CA4193
D1820,HAS_CAUSE,CA4194
D1820,HAS_CAUSE,CA4195
RF1417,INCREASES_RISK_OF,D1820
RF1418,INCREASES_RISK_OF,D1820
RF1419,INCREASES_RISK_OF,D1820
RF1420,INCREASES_RISK_OF,D1820
RF1421,INCREASES_RISK_OF,D1820
RF1422,INCREASES_RISK_OF,D1820
RF1423,INCREASES_RISK_OF,D1820
RF1424,INCREASES_RISK_OF,D1820
RF1425,INCREASES_RISK_OF,D1820
D1820,DIAGNOSED_BY,T2323
D1820,CAN_CAUSE,C808
D1820,CAN_CAUSE,C1340
D1820,CAN_CAUSE,C1341
D1820,CAN_CAUSE,C1342
D1820,CAN_CAUSE,C1343
D1820,CAN_CAUSE,C1344
D1820,MANAGED_BY,TR115
D1820,MANAGED_BY,TR3271
D1820,MANAGED_BY,TR3272
D1821,HAS_SYMPTOM,S4983
D1821,HAS_SYMPTOM,S4984
D1821,DIAGNOSED_BY,T836
D1821,DIAGNOSED_BY,T2324
D1821,DIAGNOSED_BY,T2325
D1821,DIAGNOSED_BY,T2326
D1821,DIAGNOSED_BY,T2327
D1821,CAN_CAUSE,C1345
D1821,MANAGED_BY,TR3273
D1821,MANAGED_BY,TR3274
D1821,MANAGED_BY,TR1870
D1822,HAS_SYMPTOM,S052
D1822,HAS_SYMPTOM,S201
D1822,HAS_SYMPTOM,S1169
D1822,HAS_SYMPTOM,S4985
D1822,HAS_SYMPTOM,S4986
D1823,HAS_SYMPTOM,S133
D1823,HAS_SYMPTOM,S4987
D1823,HAS_SYMPTOM,S4988
D1823,HAS_SYMPTOM,S3229
D1823,HAS_SYMPTOM,S324
D1823,HAS_CAUSE,CA4196
D1823,HAS_CAUSE,CA1255
D1823,HAS_CAUSE,CA057
D1823,MANAGED_BY,TR3275
D1823,MANAGED_BY,TR3276
D1823,MANAGED_BY,TR3277
D1823,MANAGED_BY,TR3278
D1823,DIAGNOSED_BY,T051
D1823,DIAGNOSED_BY,T052
D1823,DIAGNOSED_BY,T2328
D1823,DIAGNOSED_BY,T050
D1823,DIAGNOSED_BY,T360
D1823,CAN_CAUSE,C1346
D1823,CAN_CAUSE,C250
D1823,CAN_CAUSE,C220
D1823,CAN_CAUSE,C1347
D1824,HAS_SYMPTOM,S4989
D1824,HAS_SYMPTOM,S077
D1824,HAS_SYMPTOM,S4990
D1824,HAS_SYMPTOM,S4991
D1824,HAS_SYMPTOM,S4992
D1824,HAS_CAUSE,CA4197
RF1426,INCREASES_RISK_OF,D1824
RF1427,INCREASES_RISK_OF,D1824
D1824,MANAGED_BY,TR3279
D1824,MANAGED_BY,TR3280
D1824,DIAGNOSED_BY,T2329
D1824,DIAGNOSED_BY,T2330
D1824,DIAGNOSED_BY,T1524
D1824,DIAGNOSED_BY,T2331
D1824,DIAGNOSED_BY,T2332
D1824,DIAGNOSED_BY,T2333
D1824,DIAGNOSED_BY,T050
D1824,CAN_CAUSE,C1348
D1824,CAN_CAUSE,C961
D1824,CAN_CAUSE,C134
D1825,HAS_SYMPTOM,S4993
D1825,HAS_SYMPTOM,S133
D1825,HAS_SYMPTOM,S4994
RF749,INCREASES_RISK_OF,D1825
RF1428,INCREASES_RISK_OF,D1825
RF057,INCREASES_RISK_OF,D1825
RF1429,INCREASES_RISK_OF,D1825
RF116,INCREASES_RISK_OF,D1825
RF1430,INCREASES_RISK_OF,D1825
RF1304,INCREASES_RISK_OF,D1825
RF1431,INCREASES_RISK_OF,D1825
RF1432,INCREASES_RISK_OF,D1825
D1825,MANAGED_BY,TR1321
D1825,MANAGED_BY,TR3281
D1825,DIAGNOSED_BY,T005
D1825,DIAGNOSED_BY,T051
D1825,DIAGNOSED_BY,T050
D1825,DIAGNOSED_BY,T2334
D1825,DIAGNOSED_BY,T359
D1828,HAS_SYMPTOM,S4995
D1828,HAS_SYMPTOM,S4996
D1828,HAS_SYMPTOM,S4997
D1828,HAS_SYMPTOM,S4998
D1828,HAS_CAUSE,CA4198
D1828,HAS_CAUSE,CA4199
D1828,HAS_CAUSE,CA4200
D1828,HAS_CAUSE,CA4201
D1828,DIAGNOSED_BY,T2335
D1828,CAN_CAUSE,C1349
D1828,MANAGED_BY,TR231
D1828,MANAGED_BY,TR3282
D1829,HAS_CAUSE,CA4202
D1829,HAS_CAUSE,CA4203
D1832,AFFECTS,O003
D1832,HAS_SYMPTOM,S4999
D1832,HAS_SYMPTOM,S5000
D1832,HAS_SYMPTOM,S5001
D1832,HAS_SYMPTOM,S5002
D1832,HAS_SYMPTOM,S5003
D1832,HAS_SYMPTOM,S540
D1832,HAS_CAUSE,CA4204
D1832,HAS_CAUSE,CA4205
D1832,HAS_CAUSE,CA4206
RF1433,INCREASES_RISK_OF,D1832
RF1434,INCREASES_RISK_OF,D1832
D1832,MANAGED_BY,TR3283
D1832,MANAGED_BY,TR3284
D1833,AFFECTS,O004
D1833,HAS_CAUSE,CA4207
D1833,HAS_CAUSE,CA4208
D1833,HAS_CAUSE,CA4209
D1833,HAS_CAUSE,CA4210
RF1435,INCREASES_RISK_OF,D1833
RF1436,INCREASES_RISK_OF,D1833
RF1437,INCREASES_RISK_OF,D1833
RF1438,INCREASES_RISK_OF,D1833
RF1439,INCREASES_RISK_OF,D1833
RF1440,INCREASES_RISK_OF,D1833
RF1441,INCREASES_RISK_OF,D1833
RF1442,INCREASES_RISK_OF,D1833
RF1443,INCREASES_RISK_OF,D1833
RF1444,INCREASES_RISK_OF,D1833
RF1445,INCREASES_RISK_OF,D1833
RF1446,INCREASES_RISK_OF,D1833
D1833,MANAGED_BY,TR3285
D1834,HAS_SYMPTOM,S5004
D1834,HAS_SYMPTOM,S5005
D1834,HAS_SYMPTOM,S4352
D1834,HAS_SYMPTOM,S2509
D1834,HAS_SYMPTOM,S3310
D1834,HAS_SYMPTOM,S5006
D1834,HAS_SYMPTOM,S5007
D1834,HAS_SYMPTOM,S5008
D1834,HAS_SYMPTOM,S5009
D1834,HAS_SYMPTOM,S5010
D1834,HAS_SYMPTOM,S5011
D1834,HAS_SYMPTOM,S5012
D1834,HAS_CAUSE,CA4211
D1835,HAS_SYMPTOM,S5013
D1835,HAS_SYMPTOM,S5014
D1835,HAS_SYMPTOM,S5015
D1835,HAS_CAUSE,CA4212
D1835,MANAGED_BY,TR3286
D1835,CAN_CAUSE,C1350
D1835,CAN_CAUSE,C1351
D1835,MANAGED_BY,TR683
D1835,MANAGED_BY,TR3287
D1835,MANAGED_BY,TR3288
D1836,HAS_SYMPTOM,S4162
D1836,HAS_CAUSE,CA4213
D1836,HAS_CAUSE,CA4214
RF1225,INCREASES_RISK_OF,D1836
RF1447,INCREASES_RISK_OF,D1836
RF1448,INCREASES_RISK_OF,D1836
RF1449,INCREASES_RISK_OF,D1836
D1837,AFFECTS,O002
D1837,HAS_SYMPTOM,S133
D1837,HAS_SYMPTOM,S041
D1837,HAS_SYMPTOM,S5016
D1837,HAS_SYMPTOM,S5017
D1837,HAS_SYMPTOM,S663
D1837,HAS_SYMPTOM,S440
D1837,HAS_SYMPTOM,S5018
D1837,HAS_CAUSE,CA4215
D1837,MANAGED_BY,TR3289
D1837,MANAGED_BY,TR3290
D1837,DIAGNOSED_BY,T2336
D1837,CAN_CAUSE,C1352
D1838,HAS_SYMPTOM,S5019
D1838,HAS_SYMPTOM,S1798
D1838,HAS_SYMPTOM,S1799
D1838,HAS_SYMPTOM,S540
D1838,HAS_SYMPTOM,S5020
D1838,HAS_SYMPTOM,S1289
D1838,HAS_SYMPTOM,S5021
D1838,HAS_SYMPTOM,S5022
D1838,HAS_SYMPTOM,S5023
D1838,HAS_SYMPTOM,S5024
D1838,HAS_SYMPTOM,S3958
D1838,HAS_SYMPTOM,S5025
D1838,HAS_CAUSE,CA4216
RF1450,INCREASES_RISK_OF,D1838
D1839,HAS_CAUSE,CA4217
D1840,HAS_SYMPTOM,S5026
D1840,HAS_SYMPTOM,S5027
D1840,HAS_SYMPTOM,S5028
D1840,HAS_CAUSE,CA4218
D1840,HAS_CAUSE,CA345
D1840,HAS_CAUSE,CA4219
D1840,HAS_CAUSE,CA4220
D1841,HAS_SYMPTOM,S393
D1841,HAS_SYMPTOM,S3965
D1841,HAS_SYMPTOM,S130
D1841,HAS_SYMPTOM,S3966
D1841,HAS_SYMPTOM,S3806
D1841,HAS_SYMPTOM,S5029
D1841,HAS_SYMPTOM,S5030
D1841,HAS_SYMPTOM,S294
D1842,AFFECTS,O006
D1842,HAS_SYMPTOM,S5031
RF1451,INCREASES_RISK_OF,D1842
D1842,MANAGED_BY,TR3291
D1842,MANAGED_BY,TR3292
D1842,MANAGED_BY,TR3293
D1842,MANAGED_BY,TR3294
D1842,MANAGED_BY,TR499
D1842,CAN_CAUSE,C1043
D1842,CAN_CAUSE,C1353
D1842,CAN_CAUSE,C1354
D1842,MANAGED_BY,TR3295
D1843,HAS_CAUSE,CA4221
D1843,HAS_CAUSE,CA465
D1843,HAS_CAUSE,CA4222
D1843,HAS_CAUSE,CA1670
D1843,HAS_CAUSE,CA4223
D1843,DIAGNOSED_BY,T2337
D1843,CAN_CAUSE,C1355
D1843,MANAGED_BY,TR3296
D1844,HAS_SYMPTOM,S5032
D1844,HAS_SYMPTOM,S5033
D1844,HAS_SYMPTOM,S5034
D1844,HAS_SYMPTOM,S5035
D1844,HAS_SYMPTOM,S5036
D1844,HAS_SYMPTOM,S5037
D1844,HAS_CAUSE,CA4224
D1844,HAS_CAUSE,CA4225
D1844,HAS_CAUSE,CA4226
RF1452,INCREASES_RISK_OF,D1844
RF1453,INCREASES_RISK_OF,D1844
RF1454,INCREASES_RISK_OF,D1844
RF1455,INCREASES_RISK_OF,D1844
D1845,AFFECTS,O019
D1845,HAS_CAUSE,CA4227
D1845,HAS_CAUSE,CA4228
D1845,HAS_CAUSE,CA4229
D1846,AFFECTS,O019
D1846,HAS_SYMPTOM,S127
D1846,HAS_SYMPTOM,S5038
D1846,HAS_SYMPTOM,S052
D1846,HAS_SYMPTOM,S046
D1846,HAS_SYMPTOM,S4939
D1846,HAS_SYMPTOM,S326
D1846,HAS_SYMPTOM,S048
D1846,HAS_SYMPTOM,S185
D1846,HAS_SYMPTOM,S393
D1846,HAS_SYMPTOM,S5039
D1846,HAS_SYMPTOM,S5040
D1846,HAS_SYMPTOM,S328
D1847,HAS_CAUSE,CA4230
D1847,HAS_CAUSE,CA3061
D1847,HAS_CAUSE,CA345
D1847,HAS_CAUSE,CA4231
D1847,HAS_CAUSE,CA111
D1847,HAS_CAUSE,CA4232
D1847,HAS_CAUSE,CA4233
D1848,HAS_CAUSE,CA4234
D1848,HAS_CAUSE,CA4235
D1849,HAS_CAUSE,CA4236
D1849,HAS_CAUSE,CA386
D1849,HAS_CAUSE,CA4237
D1849,HAS_CAUSE,CA4238
D1849,HAS_CAUSE,CA4239
D1849,HAS_CAUSE,CA057
D1849,HAS_CAUSE,CA4240
D1849,HAS_CAUSE,CA4241
D1849,HAS_CAUSE,CA4232
D1850,HAS_CAUSE,CA4242
D1850,HAS_CAUSE,CA4243
D1850,HAS_CAUSE,CA3002
D1850,HAS_CAUSE,CA4244
D1850,HAS_CAUSE,CA4245
D1851,HAS_CAUSE,CA4246
D1851,HAS_CAUSE,CA4247
D1851,HAS_CAUSE,CA4248
RF1456,INCREASES_RISK_OF,D1851
RF1457,INCREASES_RISK_OF,D1851
D1852,HAS_SYMPTOM,S5041
D1852,HAS_SYMPTOM,S5042
D1852,HAS_SYMPTOM,S5043
D1852,HAS_CAUSE,CA4249
D1852,HAS_CAUSE,CA4250
D1852,HAS_CAUSE,CA4251
D1852,HAS_CAUSE,CA4252
D1852,HAS_CAUSE,CA365
D1852,HAS_CAUSE,CA4253
D1852,HAS_CAUSE,CA4254
RF1458,INCREASES_RISK_OF,D1852
RF1459,INCREASES_RISK_OF,D1852
RF260,INCREASES_RISK_OF,D1852
RF1460,INCREASES_RISK_OF,D1852
RF1461,INCREASES_RISK_OF,D1852
RF1462,INCREASES_RISK_OF,D1852
RF263,INCREASES_RISK_OF,D1852
RF264,INCREASES_RISK_OF,D1852
RF1463,INCREASES_RISK_OF,D1852
RF1464,INCREASES_RISK_OF,D1852
RF1465,INCREASES_RISK_OF,D1852
D1852,MANAGED_BY,TR3297
D1852,MANAGED_BY,TR3298
D1853,HAS_SYMPTOM,S351
D1853,HAS_SYMPTOM,S893
D1853,HAS_SYMPTOM,S2091
D1853,HAS_SYMPTOM,S189
D1853,HAS_SYMPTOM,S663
D1853,HAS_SYMPTOM,S133
D1853,HAS_SYMPTOM,S5044
D1853,HAS_SYMPTOM,S5045
D1853,HAS_SYMPTOM,S5046
D1853,HAS_CAUSE,CA4255
D1853,HAS_CAUSE,CA4256
D1853,HAS_CAUSE,CA131
D1853,HAS_CAUSE,CA4257
D1853,HAS_CAUSE,CA2447
D1853,HAS_CAUSE,CA4258
D1853,HAS_CAUSE,CA4259
D1853,HAS_CAUSE,CA4260
D1853,HAS_CAUSE,CA4261
D1853,HAS_CAUSE,CA4262
D1853,HAS_CAUSE,CA365
D1853,HAS_CAUSE,CA4263
D1853,MANAGED_BY,TR3299
D1853,MANAGED_BY,TR3300
D1853,MANAGED_BY,TR3301
D1853,DIAGNOSED_BY,T2338
D1853,MANAGED_BY,TR697
D1853,MANAGED_BY,TR352
D1853,MANAGED_BY,TR353
D1853,MANAGED_BY,TR3302
D1853,MANAGED_BY,TR3303
D1853,MANAGED_BY,TR3304
D1853,MANAGED_BY,TR3305
D1853,MANAGED_BY,TR3306
D1853,MANAGED_BY,TR3307
D1853,MANAGED_BY,TR3308
D1853,MANAGED_BY,TR3309
D1853,MANAGED_BY,TR3310
D1855,HAS_SYMPTOM,S5047
D1855,HAS_SYMPTOM,S5048
RF1276,INCREASES_RISK_OF,D1855
RF1466,INCREASES_RISK_OF,D1855
RF1467,INCREASES_RISK_OF,D1855
RF1468,INCREASES_RISK_OF,D1855
RF1469,INCREASES_RISK_OF,D1855
RF1470,INCREASES_RISK_OF,D1855
RF1471,INCREASES_RISK_OF,D1855
RF1472,INCREASES_RISK_OF,D1855
RF1473,INCREASES_RISK_OF,D1855
D1855,MANAGED_BY,TR3311
D1855,MANAGED_BY,TR3312
D1856,HAS_SYMPTOM,S5049
D1856,HAS_SYMPTOM,S663
D1856,HAS_SYMPTOM,S2091
D1856,HAS_SYMPTOM,S5050
D1856,HAS_SYMPTOM,S771
D1856,HAS_SYMPTOM,S3373
D1856,HAS_SYMPTOM,S5051
D1856,HAS_CAUSE,CA4264
D1856,HAS_CAUSE,CA4265
D1856,HAS_CAUSE,CA3483
D1856,HAS_CAUSE,CA2055
D1856,HAS_CAUSE,CA4266
D1856,HAS_CAUSE,CA4267
D1856,HAS_CAUSE,CA4268
D1856,HAS_CAUSE,CA210
D1856,HAS_CAUSE,CA4269
D1856,MANAGED_BY,TR3313
D1856,MANAGED_BY,TR3314
D1856,DIAGNOSED_BY,T2339
D1856,DIAGNOSED_BY,T2340
D1858,HAS_SYMPTOM,S5052
D1858,HAS_SYMPTOM,S5053
D1858,HAS_SYMPTOM,S5054
D1858,HAS_SYMPTOM,S3426
D1858,HAS_SYMPTOM,S5055
D1858,HAS_SYMPTOM,S5056
D1858,HAS_SYMPTOM,S5057
D1858,HAS_SYMPTOM,S5058
D1858,HAS_SYMPTOM,S5059
D1858,HAS_SYMPTOM,S5060
D1858,HAS_SYMPTOM,S5061
D1858,HAS_CAUSE,CA4270
D1858,HAS_CAUSE,CA4271
D1858,HAS_CAUSE,CA4272
D1858,HAS_CAUSE,CA4273
D1858,HAS_CAUSE,CA4274
D1858,HAS_CAUSE,CA4275
D1858,HAS_CAUSE,CA4276
D1858,HAS_CAUSE,CA4277
D1858,HAS_CAUSE,CA4278
D1858,MANAGED_BY,TR3315
D1858,DIAGNOSED_BY,T2341
D1858,DIAGNOSED_BY,T052
D1858,DIAGNOSED_BY,T049
D1858,DIAGNOSED_BY,T068
D1858,DIAGNOSED_BY,T2342
D1858,DIAGNOSED_BY,T2343
D1858,DIAGNOSED_BY,T005
D1858,DIAGNOSED_BY,T2344
D1858,DIAGNOSED_BY,T2345
D1858,CAN_CAUSE,C1356
D1858,CAN_CAUSE,C134
D1858,CAN_CAUSE,C1357
D1858,CAN_CAUSE,C992
D1858,CAN_CAUSE,C1358
D1858,MANAGED_BY,TR3316
D1858,MANAGED_BY,TR3317
D1859,HAS_SYMPTOM,S4692
D1859,HAS_SYMPTOM,S2214
D1859,HAS_SYMPTOM,S5062
D1859,HAS_SYMPTOM,S5063
D1859,HAS_SYMPTOM,S5064
D1859,HAS_CAUSE,CA4279
D1859,HAS_CAUSE,CA4273
D1859,HAS_CAUSE,CA4280
D1859,HAS_CAUSE,CA4277
D1859,HAS_CAUSE,CA4281
D1859,HAS_CAUSE,CA4282
D1859,HAS_CAUSE,CA4283
D1859,HAS_CAUSE,CA4284
D1859,HAS_CAUSE,CA4285
D1859,HAS_CAUSE,CA4286
D1859,DIAGNOSED_BY,T2341
D1859,DIAGNOSED_BY,T052
D1859,DIAGNOSED_BY,T049
D1859,DIAGNOSED_BY,T2346
D1859,DIAGNOSED_BY,T2343
D1859,DIAGNOSED_BY,T005
D1859,DIAGNOSED_BY,T905
D1859,CAN_CAUSE,C934
D1859,CAN_CAUSE,C1359
D1859,CAN_CAUSE,C004
D1859,MANAGED_BY,TR3316
D1859,MANAGED_BY,TR3318
D1860,AFFECTS,O004
D1860,HAS_SYMPTOM,S5065
D1860,HAS_SYMPTOM,S5066
D1860,HAS_SYMPTOM,S219
D1860,HAS_SYMPTOM,S052
D1860,HAS_SYMPTOM,S651
D1860,HAS_SYMPTOM,S5067
D1860,HAS_SYMPTOM,S5068
D1860,HAS_CAUSE,CA4287
D1860,HAS_CAUSE,CA4288
D1860,HAS_CAUSE,CA4289
D1860,HAS_CAUSE,CA4290
D1860,HAS_CAUSE,CA4291
D1860,HAS_CAUSE,CA4292
D1860,HAS_CAUSE,CA4293
D1860,DIAGNOSED_BY,T619
D1860,CAN_CAUSE,C1360
D1860,CAN_CAUSE,C013
D1860,CAN_CAUSE,C1361
D1861,AFFECTS,O015
D1861,HAS_SYMPTOM,S127
D1861,HAS_SYMPTOM,S1176
D1861,HAS_SYMPTOM,S5069
D1861,HAS_SYMPTOM,S5070
D1861,HAS_SYMPTOM,S5071
D1861,HAS_SYMPTOM,S5072
D1861,HAS_SYMPTOM,S5073
D1861,HAS_SYMPTOM,S133
D1861,HAS_SYMPTOM,S141
D1861,HAS_SYMPTOM,S5074
D1861,HAS_SYMPTOM,S5075
D1861,HAS_SYMPTOM,S2091
D1861,MANAGED_BY,TR3319
D1861,MANAGED_BY,TR3320
D1861,MANAGED_BY,TR3321
D1861,MANAGED_BY,TR3322
D1861,DIAGNOSED_BY,T005
D1861,DIAGNOSED_BY,T153
D1861,DIAGNOSED_BY,T2347
D1861,DIAGNOSED_BY,T1006
D1861,DIAGNOSED_BY,T049
D1861,DIAGNOSED_BY,T2348
D1861,DIAGNOSED_BY,T111
D1861,DIAGNOSED_BY,T2349
D1861,DIAGNOSED_BY,T2350
D1861,DIAGNOSED_BY,T2351
D1861,DIAGNOSED_BY,T2352
D1861,DIAGNOSED_BY,T2353
D1861,MANAGED_BY,TR3323
D1862,AFFECTS,O015
D1862,HAS_SYMPTOM,S5076
D1862,HAS_SYMPTOM,S5077
D1862,HAS_SYMPTOM,S5078
D1862,HAS_SYMPTOM,S5079
D1862,HAS_CAUSE,CA2369
D1862,HAS_CAUSE,CA4294
D1862,HAS_CAUSE,CA4295
D1862,HAS_CAUSE,CA4296
D1862,HAS_CAUSE,CA4297
D1862,HAS_CAUSE,CA4298
D1862,MANAGED_BY,TR3324
D1862,MANAGED_BY,TR3325
D1862,DIAGNOSED_BY,T005
D1862,DIAGNOSED_BY,T066
D1862,DIAGNOSED_BY,T2354
D1862,DIAGNOSED_BY,T2355
D1862,DIAGNOSED_BY,T2356
D1862,DIAGNOSED_BY,T2357
D1862,DIAGNOSED_BY,T2358
D1862,DIAGNOSED_BY,T2359
D1862,DIAGNOSED_BY,T2360
D1862,DIAGNOSED_BY,T2361
D1862,DIAGNOSED_BY,T2362
D1862,DIAGNOSED_BY,T2363
D1862,CAN_CAUSE,C1362
D1862,MANAGED_BY,TR3326
D1863,AFFECTS,O015
D1863,HAS_SYMPTOM,S5080
D1863,HAS_SYMPTOM,S5081
D1863,HAS_SYMPTOM,S4102
D1863,HAS_SYMPTOM,S052
D1863,HAS_SYMPTOM,S5082
D1863,HAS_SYMPTOM,S128
D1863,HAS_SYMPTOM,S133
D1863,HAS_SYMPTOM,S5083
D1863,HAS_SYMPTOM,S5084
D1863,HAS_SYMPTOM,S187
D1863,HAS_SYMPTOM,S1176
D1863,HAS_SYMPTOM,S663
D1863,HAS_CAUSE,CA4299
D1863,MANAGED_BY,TR3327
D1863,MANAGED_BY,TR3328
D1863,MANAGED_BY,TR3329
D1864,HAS_SYMPTOM,S5085
D1864,HAS_CAUSE,CA4300
RF1474,INCREASES_RISK_OF,D1864
D1864,MANAGED_BY,TR092
D1864,MANAGED_BY,TR3330
D1864,MANAGED_BY,TR3331
D1864,MANAGED_BY,TR3332
D1864,MANAGED_BY,TR094
D1864,MANAGED_BY,TR095
D1864,MANAGED_BY,TR096
D1864,DIAGNOSED_BY,T584
D1864,DIAGNOSED_BY,T2364
D1864,DIAGNOSED_BY,T2365
D1864,DIAGNOSED_BY,T2366
D1864,DIAGNOSED_BY,T2367
D1864,DIAGNOSED_BY,T2368
D1864,DIAGNOSED_BY,T2369
D1864,DIAGNOSED_BY,T2370
D1864,DIAGNOSED_BY,T2371
D1864,DIAGNOSED_BY,T005
D1864,DIAGNOSED_BY,T2372
D1864,DIAGNOSED_BY,T1813
D1864,CAN_CAUSE,C1084
D1864,CAN_CAUSE,C1363
D1864,CAN_CAUSE,C1364
D1865,HAS_SYMPTOM,S142
D1865,HAS_SYMPTOM,S5086
D1865,HAS_SYMPTOM,S5087
D1865,HAS_SYMPTOM,S5088
D1865,HAS_SYMPTOM,S3052
D1865,HAS_SYMPTOM,S5089
D1865,HAS_SYMPTOM,S5090
D1865,HAS_SYMPTOM,S5091
D1865,HAS_SYMPTOM,S5092
D1865,HAS_SYMPTOM,S5093
D1865,HAS_SYMPTOM,S5094
D1865,HAS_SYMPTOM,S5095
D1865,HAS_CAUSE,CA4301
D1865,HAS_CAUSE,CA4302
RF1475,INCREASES_RISK_OF,D1865
RF083,INCREASES_RISK_OF,D1865
RF1476,INCREASES_RISK_OF,D1865
RF1477,INCREASES_RISK_OF,D1865
RF1478,INCREASES_RISK_OF,D1865
RF1479,INCREASES_RISK_OF,D1865
RF076,INCREASES_RISK_OF,D1865
RF077,INCREASES_RISK_OF,D1865
RF1480,INCREASES_RISK_OF,D1865
RF216,INCREASES_RISK_OF,D1865
RF1481,INCREASES_RISK_OF,D1865
RF1482,INCREASES_RISK_OF,D1865
D1865,MANAGED_BY,TR3333
D1865,MANAGED_BY,TR3334
D1865,MANAGED_BY,TR3335
D1865,MANAGED_BY,TR3336
D1865,MANAGED_BY,TR3337
D1865,MANAGED_BY,TR3338
D1865,DIAGNOSED_BY,T2373
D1865,DIAGNOSED_BY,T2374
D1865,DIAGNOSED_BY,T2375
D1865,CAN_CAUSE,C1365
D1865,CAN_CAUSE,C950
D1865,CAN_CAUSE,C1366
D1865,CAN_CAUSE,C1367
D1865,CAN_CAUSE,C1368
D1865,CAN_CAUSE,C118
D1865,CAN_CAUSE,C634
D1865,CAN_CAUSE,C1169
D1866,HAS_SYMPTOM,S5096
RF1483,INCREASES_RISK_OF,D1866
D1867,AFFECTS,O006
D1867,HAS_SYMPTOM,S5097
D1867,HAS_SYMPTOM,S5098
D1867,HAS_SYMPTOM,S5099
D1867,HAS_SYMPTOM,S5100
D1867,HAS_SYMPTOM,S416
D1867,HAS_SYMPTOM,S5101
D1867,HAS_SYMPTOM,S5102
D1867,HAS_SYMPTOM,S5103
D1867,HAS_SYMPTOM,S5104
D1867,HAS_SYMPTOM,S5105
D1867,HAS_SYMPTOM,S1950
D1867,MANAGED_BY,TR3339
D1867,MANAGED_BY,TR3340
D1867,MANAGED_BY,TR3341
D1867,MANAGED_BY,TR3342
D1867,MANAGED_BY,TR3343
D1867,MANAGED_BY,TR3344
D1867,CAN_CAUSE,C1369
D1867,CAN_CAUSE,C1370
D1868,AFFECTS,O006
D1868,HAS_SYMPTOM,S5106
D1868,HAS_SYMPTOM,S1100
D1868,HAS_SYMPTOM,S5107
D1868,HAS_SYMPTOM,S5108
D1868,HAS_SYMPTOM,S5109
D1868,HAS_SYMPTOM,S5110
D1868,HAS_SYMPTOM,S5111
D1868,HAS_SYMPTOM,S2896
D1868,HAS_SYMPTOM,S5112
D1868,HAS_SYMPTOM,S5113
D1868,HAS_SYMPTOM,S5114
D1868,HAS_SYMPTOM,S5115
D1868,HAS_CAUSE,CA4303
D1868,HAS_CAUSE,CA4304
D1868,HAS_CAUSE,CA4305
D1868,HAS_CAUSE,CA4306
D1868,DIAGNOSED_BY,T2376
D1868,DIAGNOSED_BY,T718
D1868,DIAGNOSED_BY,T2377
D1868,DIAGNOSED_BY,T2378
D1869,HAS_SYMPTOM,S5116
D1869,HAS_SYMPTOM,S968
D1869,HAS_SYMPTOM,S5117
D1869,HAS_SYMPTOM,S5118
D1869,HAS_SYMPTOM,S5119
D1869,HAS_SYMPTOM,S298
D1869,HAS_SYMPTOM,S187
D1869,HAS_SYMPTOM,S5120
D1869,HAS_SYMPTOM,S1202
D1869,HAS_SYMPTOM,S2091
D1869,HAS_SYMPTOM,S970
D1869,HAS_SYMPTOM,S5121
D1870,HAS_SYMPTOM,S5122
D1870,HAS_SYMPTOM,S5123
D1870,HAS_SYMPTOM,S5124
D1870,HAS_SYMPTOM,S5125
D1870,HAS_SYMPTOM,S2678
D1870,HAS_SYMPTOM,S5126
D1870,HAS_SYMPTOM,S4864
D1870,HAS_SYMPTOM,S5127
D1870,HAS_SYMPTOM,S5128
D1870,HAS_SYMPTOM,S5129
D1870,HAS_SYMPTOM,S5130
D1870,HAS_SYMPTOM,S5131
D1870,HAS_CAUSE,CA586
D1870,HAS_CAUSE,CA4307
D1870,HAS_CAUSE,CA4308
D1870,HAS_CAUSE,CA4309
D1870,HAS_CAUSE,CA4310
D1870,HAS_CAUSE,CA4311
RF1484,INCREASES_RISK_OF,D1870
D1870,MANAGED_BY,TR3345
D1870,MANAGED_BY,TR059
D1870,MANAGED_BY,TR3346
D1870,MANAGED_BY,TR3347
D1870,MANAGED_BY,TR3348
D1870,MANAGED_BY,TR3349
D1871,HAS_CAUSE,CA4312
D1871,MANAGED_BY,TR3350
D1871,CAN_CAUSE,C1371
D1871,CAN_CAUSE,C1372
D1871,MANAGED_BY,TR3351
D1871,MANAGED_BY,TR059
D1871,MANAGED_BY,TR3352
D1871,MANAGED_BY,TR3353
D1871,MANAGED_BY,TR3354
D1871,MANAGED_BY,TR697
D1871,MANAGED_BY,TR352
D1871,MANAGED_BY,TR353
D1871,MANAGED_BY,TR3355
D1871,MANAGED_BY,TR3356
D1871,MANAGED_BY,TR3357
D1872,HAS_SYMPTOM,S5132
D1872,HAS_SYMPTOM,S5133
D1872,HAS_SYMPTOM,S5134
D1872,HAS_SYMPTOM,S5135
D1872,HAS_CAUSE,CA4313
D1872,HAS_CAUSE,CA4314
D1872,HAS_CAUSE,CA4315
D1872,MANAGED_BY,TR1453
D1872,MANAGED_BY,TR1861
D1872,MANAGED_BY,TR3358
D1872,DIAGNOSED_BY,T2379
D1872,DIAGNOSED_BY,T2380
D1872,MANAGED_BY,TR3359
D1873,AFFECTS,O005
D1873,HAS_CAUSE,CA4316
D1873,HAS_CAUSE,CA4317
D1873,HAS_CAUSE,CA4318
D1873,HAS_CAUSE,CA4319
D1873,HAS_CAUSE,CA2593
D1873,HAS_CAUSE,CA4320
D1873,HAS_CAUSE,CA4321
D1873,HAS_CAUSE,CA4322
D1873,HAS_CAUSE,CA582
D1873,HAS_CAUSE,CA4323
D1873,HAS_CAUSE,CA4324
D1873,HAS_CAUSE,CA4325
D1874,AFFECTS,O005
D1874,HAS_CAUSE,CA092
D1874,HAS_CAUSE,CA4326
D1874,HAS_CAUSE,CA392
D1874,HAS_CAUSE,CA4327
D1874,HAS_CAUSE,CA4328
D1874,HAS_CAUSE,CA1272
D1875,AFFECTS,O005
D1875,HAS_SYMPTOM,S5136
D1875,HAS_SYMPTOM,S5137
D1875,HAS_CAUSE,CA4329
D1875,HAS_CAUSE,CA4330
D1875,HAS_CAUSE,CA4331
D1875,HAS_CAUSE,CA4332
D1875,HAS_CAUSE,CA4333
D1875,MANAGED_BY,TR3360
D1875,MANAGED_BY,TR3361
D1875,MANAGED_BY,TR3362
D1876,AFFECTS,O005
D1876,HAS_SYMPTOM,S5138
D1876,MANAGED_BY,TR3363
D1876,MANAGED_BY,TR3364
D1876,MANAGED_BY,TR3365
D1876,MANAGED_BY,TR3366
D1876,MANAGED_BY,TR3367
D1876,MANAGED_BY,TR3368
D1876,DIAGNOSED_BY,T456
D1876,DIAGNOSED_BY,T2381
D1877,AFFECTS,O005
D1877,HAS_CAUSE,CA4334
D1877,HAS_CAUSE,CA4335
D1877,HAS_CAUSE,CA4336
D1877,HAS_CAUSE,CA4337
D1877,HAS_CAUSE,CA751
D1877,HAS_CAUSE,CA4338
D1877,HAS_CAUSE,CA4339
D1877,HAS_CAUSE,CA4340
D1877,HAS_CAUSE,CA001
D1877,HAS_CAUSE,CA098
D1877,HAS_CAUSE,CA4341
D1877,HAS_CAUSE,CA4342
D1878,AFFECTS,O005
D1878,HAS_SYMPTOM,S1386
D1878,HAS_SYMPTOM,S5139
D1878,HAS_SYMPTOM,S5140
D1878,HAS_SYMPTOM,S1393
D1878,HAS_SYMPTOM,S970
D1878,HAS_CAUSE,CA4343
D1878,MANAGED_BY,TR3369
D1878,MANAGED_BY,TR3370
D1878,MANAGED_BY,TR3371
D1878,MANAGED_BY,TR3372
D1878,MANAGED_BY,TR3373
D1878,MANAGED_BY,TR3374
D1879,AFFECTS,O005
D1879,HAS_CAUSE,CA4344
D1879,HAS_CAUSE,CA751
D1879,HAS_CAUSE,CA4345
D1879,HAS_CAUSE,CA4346
D1879,HAS_CAUSE,CA4347
D1879,HAS_CAUSE,CA4348
D1880,AFFECTS,O005
D1880,HAS_SYMPTOM,S5141
D1880,HAS_SYMPTOM,S5142
D1880,HAS_SYMPTOM,S5143
D1880,HAS_CAUSE,CA4349
RF1485,INCREASES_RISK_OF,D1880
RF1486,INCREASES_RISK_OF,D1880
D1880,MANAGED_BY,TR3375
D1880,DIAGNOSED_BY,T2382
D1880,MANAGED_BY,TR3376
D1880,MANAGED_BY,TR3377
D1881,AFFECTS,O006
D1881,HAS_SYMPTOM,S5144
D1881,HAS_SYMPTOM,S5145
D1881,HAS_SYMPTOM,S5146
D1881,HAS_SYMPTOM,S5147
D1881,HAS_CAUSE,CA4350
D1881,HAS_CAUSE,CA4351
D1881,HAS_CAUSE,CA4352
D1881,HAS_CAUSE,CA4353
D1881,HAS_CAUSE,CA4354
D1881,HAS_CAUSE,CA4355
D1881,HAS_CAUSE,CA4356
RF1487,INCREASES_RISK_OF,D1881
D1881,MANAGED_BY,TR3378
D1881,MANAGED_BY,TR3379
D1881,MANAGED_BY,TR3380
D1881,MANAGED_BY,TR3381
D1881,MANAGED_BY,TR3382
D1881,MANAGED_BY,TR3383
D1881,MANAGED_BY,TR3384
D1881,MANAGED_BY,TR3385
D1881,MANAGED_BY,TR3386
D1881,DIAGNOSED_BY,T2383
D1881,DIAGNOSED_BY,T2384
D1881,DIAGNOSED_BY,T1978
D1881,DIAGNOSED_BY,T1976
D1881,DIAGNOSED_BY,T2385
D1881,DIAGNOSED_BY,T2386
D1881,DIAGNOSED_BY,T2387
D1881,DIAGNOSED_BY,T2388
D1881,DIAGNOSED_BY,T2389
D1881,DIAGNOSED_BY,T2390
D1881,CAN_CAUSE,C323
D1881,CAN_CAUSE,C1373
D1881,CAN_CAUSE,C1374
D1882,AFFECTS,O005
D1882,HAS_SYMPTOM,S5148
D1882,HAS_SYMPTOM,S5149
D1882,HAS_SYMPTOM,S5150
D1882,HAS_SYMPTOM,S5151
D1882,HAS_SYMPTOM,S5152
D1882,HAS_SYMPTOM,S5153
D1882,HAS_SYMPTOM,S5154
D1882,HAS_SYMPTOM,S133
D1882,HAS_SYMPTOM,S5155
D1882,HAS_SYMPTOM,S5156
D1882,HAS_CAUSE,CA4357
D1882,MANAGED_BY,TR3387
D1882,MANAGED_BY,TR3388
D1882,DIAGNOSED_BY,T028
D1882,DIAGNOSED_BY,T2391
D1882,DIAGNOSED_BY,T2392
D1882,DIAGNOSED_BY,T213
D1882,DIAGNOSED_BY,T2393
D1882,DIAGNOSED_BY,T836
D1882,DIAGNOSED_BY,T2394
D1882,CAN_CAUSE,C1375
D1882,CAN_CAUSE,C1376
D1883,AFFECTS,O007
D1883,HAS_SYMPTOM,S2815
D1883,HAS_SYMPTOM,S5157
D1883,HAS_SYMPTOM,S867
D1883,HAS_SYMPTOM,S5158
D1883,HAS_SYMPTOM,S5159
D1883,HAS_CAUSE,CA4358
D1883,DIAGNOSED_BY,T2395
D1883,DIAGNOSED_BY,T225
D1883,DIAGNOSED_BY,T2396
D1883,CAN_CAUSE,C1377
D1883,CAN_CAUSE,C1378
D1883,CAN_CAUSE,C1379
D1884,HAS_SYMPTOM,S5160
D1884,HAS_CAUSE,CA4303
D1884,HAS_CAUSE,CA4359
D1884,HAS_CAUSE,CA4360
D1884,HAS_CAUSE,CA4361
D1884,HAS_CAUSE,CA4362
D1884,HAS_CAUSE,CA4363
RF1488,INCREASES_RISK_OF,D1884
RF469,INCREASES_RISK_OF,D1884
D1885,HAS_SYMPTOM,S5161
D1885,HAS_SYMPTOM,S5162
D1885,HAS_SYMPTOM,S5163
D1885,HAS_SYMPTOM,S5164
D1885,HAS_CAUSE,CA4364
D1885,HAS_CAUSE,CA410
D1885,HAS_CAUSE,CA4365
D1885,HAS_CAUSE,CA4366
D1885,HAS_CAUSE,CA4367
D1885,HAS_CAUSE,CA4368
D1885,MANAGED_BY,TR3389
D1885,MANAGED_BY,TR3390
D1885,DIAGNOSED_BY,T2397
D1885,DIAGNOSED_BY,T2398
D1885,DIAGNOSED_BY,T2399
D1885,DIAGNOSED_BY,T2400
D1885,DIAGNOSED_BY,T2401
D1885,DIAGNOSED_BY,T2402
D1885,DIAGNOSED_BY,T2403
D1885,DIAGNOSED_BY,T2404
D1885,DIAGNOSED_BY,T2405
D1885,DIAGNOSED_BY,T2406
D1885,CAN_CAUSE,C154
D1885,CAN_CAUSE,C1380
D1885,CAN_CAUSE,C1381
D1886,HAS_SYMPTOM,S5165
D1886,HAS_SYMPTOM,S5166
D1886,HAS_SYMPTOM,S133
D1886,HAS_SYMPTOM,S5167
D1886,HAS_SYMPTOM,S018
D1886,HAS_SYMPTOM,S5168
D1886,HAS_SYMPTOM,S131
D1886,HAS_SYMPTOM,S1902
D1886,HAS_SYMPTOM,S5169
D1886,HAS_SYMPTOM,S5170
D1886,HAS_SYMPTOM,S5171
D1886,HAS_CAUSE,CA4369
D1886,HAS_CAUSE,CA4370
D1886,HAS_CAUSE,CA4371
D1886,HAS_CAUSE,CA4372
RF1489,INCREASES_RISK_OF,D1886
D1886,MANAGED_BY,TR3391
D1886,MANAGED_BY,TR3392
D1886,MANAGED_BY,TR3393
D1886,DIAGNOSED_BY,T2407
D1886,DIAGNOSED_BY,T2408
D1886,DIAGNOSED_BY,T2409
D1886,CAN_CAUSE,C1382
D1886,CAN_CAUSE,C287
D1886,CAN_CAUSE,C154
D1886,CAN_CAUSE,C1069
D1886,CAN_CAUSE,C289
D1887,AFFECTS,O005
D1887,HAS_SYMPTOM,S2296
D1887,HAS_SYMPTOM,S5172
D1887,HAS_SYMPTOM,S5173
D1887,HAS_SYMPTOM,S5174
D1887,HAS_CAUSE,CA2369
D1887,MANAGED_BY,TR3394
D1887,MANAGED_BY,TR3395
D1887,MANAGED_BY,TR3396
D1887,DIAGNOSED_BY,T2410
D1887,DIAGNOSED_BY,T2411
D1887,DIAGNOSED_BY,T2412
D1887,CAN_CAUSE,C1383
D1887,CAN_CAUSE,C1384
D1887,CAN_CAUSE,C1385
D1887,CAN_CAUSE,C1386
D1887,CAN_CAUSE,C1387
D1888,AFFECTS,O001
D1888,AFFECTS,O005
D1888,HAS_SYMPTOM,S5175
D1888,HAS_SYMPTOM,S5176
D1888,HAS_SYMPTOM,S829
D1888,HAS_SYMPTOM,S243
D1888,HAS_SYMPTOM,S3793
D1888,HAS_CAUSE,CA4373
D1888,HAS_CAUSE,CA4374
D1888,HAS_CAUSE,CA4375
D1888,MANAGED_BY,TR3397
D1888,MANAGED_BY,TR3398
D1888,MANAGED_BY,TR3399
D1888,MANAGED_BY,TR3400
D1888,MANAGED_BY,TR3401
D1888,DIAGNOSED_BY,T2413
D1888,DIAGNOSED_BY,T2414
D1888,DIAGNOSED_BY,T2415
D1888,DIAGNOSED_BY,T2416
D1888,DIAGNOSED_BY,T051
D1888,DIAGNOSED_BY,T005
D1888,DIAGNOSED_BY,T225
D1888,DIAGNOSED_BY,T426
D1888,DIAGNOSED_BY,T2417
D1889,AFFECTS,O001
D1889,AFFECTS,O005
D1889,AFFECTS,O002
D1889,HAS_SYMPTOM,S5177
D1889,HAS_SYMPTOM,S5178
D1889,HAS_SYMPTOM,S187
D1889,HAS_SYMPTOM,S5179
D1889,HAS_SYMPTOM,S042
D1889,HAS_SYMPTOM,S098
D1889,HAS_SYMPTOM,S133
D1889,HAS_CAUSE,CA4376
D1889,MANAGED_BY,TR3402
D1889,MANAGED_BY,TR3403
D1890,AFFECTS,O001
D1890,AFFECTS,O005
D1890,HAS_SYMPTOM,S5180
D1890,HAS_SYMPTOM,S5181
D1890,HAS_SYMPTOM,S5182
D1890,HAS_SYMPTOM,S5183
D1890,HAS_SYMPTOM,S187
D1890,HAS_SYMPTOM,S3737
D1890,HAS_CAUSE,CA4377
D1890,HAS_CAUSE,CA3504
D1890,HAS_CAUSE,CA4378
D1890,HAS_CAUSE,CA4379
D1890,HAS_CAUSE,CA4380
D1890,HAS_CAUSE,CA4381
D1890,HAS_CAUSE,CA4382
D1890,HAS_CAUSE,CA4383
D1890,HAS_CAUSE,CA131
D1890,HAS_CAUSE,CA4384
D1890,HAS_CAUSE,CA4385
D1890,HAS_CAUSE,CA4386
D1890,MANAGED_BY,TR3404
D1890,MANAGED_BY,TR3405
D1890,MANAGED_BY,TR3406
D1890,MANAGED_BY,TR3407
D1890,DIAGNOSED_BY,T2166
D1890,DIAGNOSED_BY,T2418
D1890,DIAGNOSED_BY,T2419
D1890,CAN_CAUSE,C225
D1890,CAN_CAUSE,C134
D1890,CAN_CAUSE,C135
D1890,CAN_CAUSE,C072
D1890,MANAGED_BY,TR3408
D1891,AFFECTS,O001
D1891,AFFECTS,O005
D1891,HAS_SYMPTOM,S5184
D1891,HAS_SYMPTOM,S045
D1891,HAS_SYMPTOM,S133
D1891,HAS_SYMPTOM,S5185
D1891,HAS_CAUSE,CA4387
D1891,HAS_CAUSE,CA2885
D1891,HAS_CAUSE,CA4388
D1891,HAS_CAUSE,CA1155
D1891,HAS_CAUSE,CA2884
D1891,HAS_CAUSE,CA4389
D1891,HAS_CAUSE,CA4390
D1891,HAS_CAUSE,CA4391
D1891,HAS_CAUSE,CA4392
D1891,HAS_CAUSE,CA4393
D1891,HAS_CAUSE,CA4394
D1891,HAS_CAUSE,CA4395
D1891,MANAGED_BY,TR3404
D1891,MANAGED_BY,TR3409
D1891,MANAGED_BY,TR3278
D1891,DIAGNOSED_BY,T2166
D1891,DIAGNOSED_BY,T2418
D1891,DIAGNOSED_BY,T2419
D1891,CAN_CAUSE,C1388
D1891,CAN_CAUSE,C135
D1891,MANAGED_BY,TR3410
D1891,MANAGED_BY,TR3411
D1892,HAS_SYMPTOM,S5186
D1892,HAS_SYMPTOM,S5187
D1892,HAS_SYMPTOM,S5188
D1893,AFFECTS,O005
D1893,HAS_SYMPTOM,S5189
D1893,HAS_CAUSE,CA4396
D1893,HAS_CAUSE,CA4397
D1893,HAS_CAUSE,CA4398
D1893,HAS_CAUSE,CA4399
D1893,HAS_CAUSE,CA4400
D1894,HAS_SYMPTOM,S416
D1894,HAS_SYMPTOM,S5190
D1894,HAS_SYMPTOM,S5191
D1894,HAS_SYMPTOM,S5192
D1894,HAS_SYMPTOM,S5193
D1894,HAS_CAUSE,CA4401
D1894,MANAGED_BY,TR3412
D1894,MANAGED_BY,TR3413
D1894,MANAGED_BY,TR3414
D1894,DIAGNOSED_BY,T2420
D1894,DIAGNOSED_BY,T494
D1894,CAN_CAUSE,C1389
D1894,CAN_CAUSE,C1390
D1894,CAN_CAUSE,C1391
D1895,HAS_SYMPTOM,S5194
D1895,HAS_SYMPTOM,S495
D1895,HAS_SYMPTOM,S4215
D1895,HAS_SYMPTOM,S126
D1895,HAS_SYMPTOM,S127
D1895,HAS_SYMPTOM,S181
D1895,HAS_SYMPTOM,S393
D1895,HAS_SYMPTOM,S5195
D1895,HAS_SYMPTOM,S498
D1895,HAS_SYMPTOM,S1176
D1895,HAS_SYMPTOM,S5196
D1895,HAS_SYMPTOM,S141
D1896,HAS_SYMPTOM,S5197
D1897,HAS_SYMPTOM,S5198
D1897,HAS_CAUSE,CA4402
D1897,HAS_CAUSE,CA4403
D1897,MANAGED_BY,TR3415
D1897,MANAGED_BY,TR3416
D1897,DIAGNOSED_BY,T2421
D1897,DIAGNOSED_BY,T2422
D1897,DIAGNOSED_BY,T2423
D1897,DIAGNOSED_BY,T2424
D1897,CAN_CAUSE,C1392
D1897,MANAGED_BY,TR150
D1898,AFFECTS,O013
D1899,AFFECTS,O004
D1899,AFFECTS,O013
D1899,HAS_SYMPTOM,S5199
D1899,HAS_SYMPTOM,S5200
D1899,HAS_SYMPTOM,S5201
D1899,HAS_SYMPTOM,S5202
D1899,HAS_SYMPTOM,S5203
D1899,HAS_CAUSE,CA376
D1899,HAS_CAUSE,CA422
D1899,HAS_CAUSE,CA4404
D1899,HAS_CAUSE,CA660
D1899,HAS_CAUSE,CA4405
D1899,HAS_CAUSE,CA4406
D1899,HAS_CAUSE,CA4407
D1899,HAS_CAUSE,CA4408
D1899,HAS_CAUSE,CA4409
D1899,HAS_CAUSE,CA665
D1899,HAS_CAUSE,CA666
D1899,HAS_CAUSE,CA375
RF1490,INCREASES_RISK_OF,D1899
RF1491,INCREASES_RISK_OF,D1899
RF1492,INCREASES_RISK_OF,D1899
RF1493,INCREASES_RISK_OF,D1899
RF1494,INCREASES_RISK_OF,D1899
D1899,MANAGED_BY,TR3417
D1899,MANAGED_BY,TR3418
D1900,AFFECTS,O013
D1900,HAS_SYMPTOM,S5204
D1900,HAS_SYMPTOM,S5205
D1900,HAS_SYMPTOM,S127
D1900,HAS_SYMPTOM,S5206
D1900,HAS_SYMPTOM,S497
D1900,HAS_SYMPTOM,S5207
D1900,HAS_SYMPTOM,S5208
D1900,HAS_SYMPTOM,S094
D1900,HAS_SYMPTOM,S5209
D1900,HAS_SYMPTOM,S141
D1900,HAS_SYMPTOM,S095
D1900,HAS_SYMPTOM,S5210
D1901,HAS_SYMPTOM,S127
D1901,HAS_SYMPTOM,S201
D1901,HAS_SYMPTOM,S052
D1901,HAS_SYMPTOM,S5211
D1901,HAS_SYMPTOM,S132
D1901,HAS_SYMPTOM,S095
D1901,HAS_SYMPTOM,S4939
D1901,HAS_SYMPTOM,S5212
D1902,HAS_SYMPTOM,S5213
D1902,HAS_SYMPTOM,S583
D1902,HAS_SYMPTOM,S052
D1902,HAS_SYMPTOM,S5214
D1902,HAS_SYMPTOM,S5215
D1902,HAS_SYMPTOM,S5216
D1903,HAS_SYMPTOM,S5217
D1903,HAS_SYMPTOM,S5218
D1903,HAS_SYMPTOM,S5219
D1903,HAS_SYMPTOM,S1145
D1903,HAS_SYMPTOM,S5220
D1903,MANAGED_BY,TR3419
D1903,CAN_CAUSE,C1393
D1903,CAN_CAUSE,C1394
D1903,CAN_CAUSE,C1395
D1904,HAS_SYMPTOM,S5221
D1904,HAS_SYMPTOM,S5222
D1904,HAS_SYMPTOM,S5223
D1904,HAS_SYMPTOM,S5224
D1904,HAS_SYMPTOM,S5225
D1904,HAS_CAUSE,CA4410
D1904,HAS_CAUSE,CA4411
D1904,MANAGED_BY,TR3420
D1904,MANAGED_BY,TR3421
D1904,MANAGED_BY,TR3422
D1904,MANAGED_BY,TR3423
D1904,MANAGED_BY,TR3424
D1904,DIAGNOSED_BY,T2425
D1904,DIAGNOSED_BY,T1968
D1904,DIAGNOSED_BY,T2426
D1904,DIAGNOSED_BY,T2427
D1904,CAN_CAUSE,C1396
D1904,CAN_CAUSE,C1397
D1904,CAN_CAUSE,C1398
D1904,CAN_CAUSE,C1399
D1905,AFFECTS,O012
D1905,MANAGED_BY,TR953
D1905,MANAGED_BY,TR3425
D1905,MANAGED_BY,TR3426
D1905,MANAGED_BY,TR3427
D1906,AFFECTS,O012
D1906,HAS_CAUSE,CA4412
D1907,AFFECTS,O012
D1907,HAS_SYMPTOM,S934
D1907,HAS_CAUSE,CA332
D1907,HAS_CAUSE,CA1056
D1907,HAS_CAUSE,CA4413
D1907,HAS_CAUSE,CA4414
RF1495,INCREASES_RISK_OF,D1907
RF1496,INCREASES_RISK_OF,D1907
D1907,MANAGED_BY,TR3428
D1907,MANAGED_BY,TR3429
D1907,CAN_CAUSE,C154
D1907,CAN_CAUSE,C287
D1907,CAN_CAUSE,C1400
D1907,MANAGED_BY,TR3430
D1907,MANAGED_BY,TR3431
D1907,MANAGED_BY,TR3432
D1907,MANAGED_BY,TR3433
D1908,AFFECTS,O002
D1908,AFFECTS,O012
D1908,HAS_SYMPTOM,S5226
D1908,HAS_SYMPTOM,S5227
D1908,HAS_SYMPTOM,S5228
D1908,HAS_SYMPTOM,S041
D1908,HAS_CAUSE,CA4415
D1908,HAS_CAUSE,CA4416
D1908,HAS_CAUSE,CA3651
D1908,HAS_CAUSE,CA4417
D1908,HAS_CAUSE,CA4418
D1908,DIAGNOSED_BY,T2428
D1908,CAN_CAUSE,C1401
D1908,CAN_CAUSE,C1402
D1908,CAN_CAUSE,C1403
D1908,MANAGED_BY,TR3434
D1909,AFFECTS,O012
D1909,HAS_SYMPTOM,S5229
RF1497,INCREASES_RISK_OF,D1909
RF264,INCREASES_RISK_OF,D1909
RF1498,INCREASES_RISK_OF,D1909
RF087,INCREASES_RISK_OF,D1909
RF1499,INCREASES_RISK_OF,D1909
RF825,INCREASES_RISK_OF,D1909
RF083,INCREASES_RISK_OF,D1909
D1909,MANAGED_BY,TR3435
D1909,MANAGED_BY,TR3436
D1909,MANAGED_BY,TR3437
D1909,MANAGED_BY,TR3438
D1910,AFFECTS,O019
D1910,HAS_CAUSE,CA2288
D1910,HAS_CAUSE,CA4419
D1910,HAS_CAUSE,CA001
D1910,HAS_CAUSE,CA1647
D1910,HAS_CAUSE,CA4420
D1910,HAS_CAUSE,CA1650
D1910,HAS_CAUSE,CA4421
D1911,HAS_SYMPTOM,S5230
D1911,HAS_CAUSE,CA4422
D1911,MANAGED_BY,TR1665
D1912,HAS_CAUSE,CA046
D1912,HAS_CAUSE,CA4423
D1912,HAS_CAUSE,CA4424
D1912,HAS_CAUSE,CA4425
D1912,HAS_CAUSE,CA4426
D1912,HAS_CAUSE,CA4427
D1912,HAS_CAUSE,CA403
D1912,HAS_CAUSE,CA4428
D1912,HAS_CAUSE,CA4429
D1913,HAS_SYMPTOM,S5231
D1913,HAS_SYMPTOM,S5232
RF1500,INCREASES_RISK_OF,D1913
D1913,MANAGED_BY,TR3439
D1913,MANAGED_BY,TR3440
D1913,MANAGED_BY,TR059
D1913,DIAGNOSED_BY,T2429
D1913,DIAGNOSED_BY,T2430
D1913,DIAGNOSED_BY,T2431
D1913,DIAGNOSED_BY,T2432
D1913,DIAGNOSED_BY,T2433
D1913,DIAGNOSED_BY,T2434
D1913,CAN_CAUSE,C808
D1913,CAN_CAUSE,C1404
D1915,HAS_CAUSE,CA4430
D1915,HAS_CAUSE,CA391
D1915,HAS_CAUSE,CA1322
D1915,HAS_CAUSE,CA289
D1915,HAS_CAUSE,CA4431
D1915,HAS_CAUSE,CA4432
D1915,HAS_CAUSE,CA4433
D1916,HAS_SYMPTOM,S5233
D1916,HAS_SYMPTOM,S5234
D1916,HAS_SYMPTOM,S141
D1916,HAS_CAUSE,CA4434
D1916,HAS_CAUSE,CA4435
D1916,HAS_CAUSE,CA4436
D1916,HAS_CAUSE,CA4437
D1916,HAS_CAUSE,CA4438
D1916,MANAGED_BY,TR3441
D1916,MANAGED_BY,TR3442
D1916,MANAGED_BY,TR3443
D1916,MANAGED_BY,TR3444
D1916,MANAGED_BY,TR3445
D1917,HAS_SYMPTOM,S5235
D1917,HAS_CAUSE,CA4439
D1917,MANAGED_BY,TR3446
D1917,MANAGED_BY,TR3447
D1917,MANAGED_BY,TR2219
D1917,MANAGED_BY,TR3448
D1917,MANAGED_BY,TR3449
D1917,MANAGED_BY,TR3450
D1917,MANAGED_BY,TR3451
D1917,CAN_CAUSE,C1405
D1917,CAN_CAUSE,C1406
D1917,CAN_CAUSE,C1407
D1918,AFFECTS,O016
D1918,HAS_SYMPTOM,S917
D1918,HAS_SYMPTOM,S219
D1918,HAS_SYMPTOM,S052
D1918,HAS_SYMPTOM,S2216
D1918,HAS_SYMPTOM,S3207
D1918,HAS_SYMPTOM,S4457
D1918,HAS_SYMPTOM,S5236
D1918,HAS_SYMPTOM,S130
D1918,HAS_CAUSE,CA4440
D1918,MANAGED_BY,TR3452
D1918,MANAGED_BY,TR3453
D1918,MANAGED_BY,TR3454
D1918,MANAGED_BY,TR3455
D1918,MANAGED_BY,TR3456
D1918,MANAGED_BY,TR3457
D1918,DIAGNOSED_BY,T005
D1918,DIAGNOSED_BY,T024
D1918,DIAGNOSED_BY,T2435
D1918,DIAGNOSED_BY,T2436
D1918,CAN_CAUSE,C133
D1918,CAN_CAUSE,C256
D1918,CAN_CAUSE,C1408
D1918,CAN_CAUSE,C1409
D1919,HAS_SYMPTOM,S5237
D1919,HAS_SYMPTOM,S041
D1919,HAS_SYMPTOM,S5238
D1919,HAS_SYMPTOM,S393
D1919,HAS_SYMPTOM,S046
D1919,HAS_SYMPTOM,S056
D1919,HAS_SYMPTOM,S356
D1919,MANAGED_BY,TR3458
D1919,DIAGNOSED_BY,T021
D1919,DIAGNOSED_BY,T395
D1919,DIAGNOSED_BY,T2437
D1919,DIAGNOSED_BY,T2438
D1919,DIAGNOSED_BY,T2439
D1919,DIAGNOSED_BY,T2440
D1919,CAN_CAUSE,C1410
D1919,CAN_CAUSE,C1411
D1919,CAN_CAUSE,C1412
D1919,CAN_CAUSE,C013
D1919,MANAGED_BY,TR3459
D1919,MANAGED_BY,TR3460
D1920,HAS_SYMPTOM,S127
D1920,HAS_SYMPTOM,S3741
D1920,HAS_SYMPTOM,S5155
D1920,HAS_SYMPTOM,S5239
D1920,HAS_CAUSE,CA4441
D1920,MANAGED_BY,TR3461
D1920,MANAGED_BY,TR3462
D1920,DIAGNOSED_BY,T2441
D1920,DIAGNOSED_BY,T005
D1920,DIAGNOSED_BY,T051
D1920,DIAGNOSED_BY,T2442
D1920,DIAGNOSED_BY,T296
D1920,DIAGNOSED_BY,T2443
D1920,DIAGNOSED_BY,T1078
D1920,DIAGNOSED_BY,T2444
D1920,CAN_CAUSE,C1413
D1920,CAN_CAUSE,C1414
D1920,MANAGED_BY,TR3463
D1921,HAS_SYMPTOM,S5240
D1921,HAS_SYMPTOM,S5241
D1921,HAS_SYMPTOM,S5242
D1921,HAS_SYMPTOM,S041
D1921,HAS_SYMPTOM,S5243
D1921,HAS_SYMPTOM,S1035
D1921,HAS_SYMPTOM,S096
D1921,HAS_SYMPTOM,S605
D1921,HAS_SYMPTOM,S077
D1921,HAS_SYMPTOM,S095
D1921,HAS_SYMPTOM,S5244
D1921,HAS_SYMPTOM,S5245
D1921,HAS_CAUSE,CA4442
D1921,MANAGED_BY,TR3464
D1921,MANAGED_BY,TR3465
D1921,MANAGED_BY,TR3466
D1921,MANAGED_BY,TR3467
D1921,MANAGED_BY,TR3468
D1921,MANAGED_BY,TR3469
D1921,DIAGNOSED_BY,T2445
D1921,CAN_CAUSE,C1415
D1921,CAN_CAUSE,C1416
D1921,CAN_CAUSE,C1417
D1921,CAN_CAUSE,C1418
D1921,CAN_CAUSE,C1419
D1921,MANAGED_BY,TR3470
D1922,HAS_SYMPTOM,S5246
D1922,HAS_SYMPTOM,S5247
D1922,HAS_CAUSE,CA4443
D1922,HAS_CAUSE,CA4444
D1922,HAS_CAUSE,CA4445
D1922,MANAGED_BY,TR3471
D1922,DIAGNOSED_BY,T2446
D1922,MANAGED_BY,TR3472
D1923,AFFECTS,O015
D1923,HAS_SYMPTOM,S5248
D1923,HAS_SYMPTOM,S4189
D1923,HAS_SYMPTOM,S5249
D1923,HAS_SYMPTOM,S5250
D1923,HAS_SYMPTOM,S5251
D1923,HAS_SYMPTOM,S5252
D1923,HAS_SYMPTOM,S3157
D1923,HAS_SYMPTOM,S5253
D1923,HAS_CAUSE,CA4446
D1923,HAS_CAUSE,CA4447
D1923,HAS_CAUSE,CA4448
D1923,HAS_CAUSE,CA4449
D1923,HAS_CAUSE,CA4450
D1923,MANAGED_BY,TR059
D1923,DIAGNOSED_BY,T2358
D1923,DIAGNOSED_BY,T005
D1923,DIAGNOSED_BY,T2447
D1923,MANAGED_BY,TR3473
D1923,MANAGED_BY,TR3474
D1924,AFFECTS,O007
D1924,HAS_SYMPTOM,S5254
D1924,HAS_SYMPTOM,S077
D1924,HAS_SYMPTOM,S294
D1924,HAS_SYMPTOM,S5255
D1924,HAS_CAUSE,CA4451
D1924,HAS_CAUSE,CA4452
D1924,HAS_CAUSE,CA4453
D1924,HAS_CAUSE,CA4454
D1924,MANAGED_BY,TR3475
D1924,MANAGED_BY,TR3476
D1924,MANAGED_BY,TR3477
D1924,MANAGED_BY,TR3478
D1924,MANAGED_BY,TR3479
D1924,CAN_CAUSE,C1420
D1924,MANAGED_BY,TR3480
D1925,HAS_SYMPTOM,S5256
D1925,HAS_SYMPTOM,S5257
D1925,HAS_SYMPTOM,S5258
D1925,HAS_SYMPTOM,S185
D1925,HAS_SYMPTOM,S5259
D1925,HAS_SYMPTOM,S5260
D1925,HAS_SYMPTOM,S2602
D1925,HAS_SYMPTOM,S4160
D1925,HAS_SYMPTOM,S312
D1925,HAS_SYMPTOM,S5261
D1925,HAS_CAUSE,CA4455
D1925,HAS_CAUSE,CA4456
D1925,HAS_CAUSE,CA4457
D1925,HAS_CAUSE,CA4458
D1925,HAS_CAUSE,CA1070
D1925,HAS_CAUSE,CA4459
D1925,DIAGNOSED_BY,T327
D1925,DIAGNOSED_BY,T450
D1925,DIAGNOSED_BY,T2448
D1925,DIAGNOSED_BY,T2449
D1925,CAN_CAUSE,C1421
D1925,MANAGED_BY,TR3481
D1928,AFFECTS,O008
D1928,HAS_SYMPTOM,S473
D1928,HAS_SYMPTOM,S042
D1928,HAS_SYMPTOM,S5262
D1928,HAS_CAUSE,CA001
D1928,HAS_CAUSE,CA4460
D1928,HAS_CAUSE,CA3873
D1928,HAS_CAUSE,CA4461
D1928,HAS_CAUSE,CA4462
D1928,HAS_CAUSE,CA4463
D1928,HAS_CAUSE,CA4464
D1928,HAS_CAUSE,CA4465
D1928,HAS_CAUSE,CA4466
D1928,HAS_CAUSE,CA4467
D1928,HAS_CAUSE,CA4468
D1928,HAS_CAUSE,CA4469
D1928,MANAGED_BY,TR3482
D1928,MANAGED_BY,TR3483
D1928,MANAGED_BY,TR3484
D1928,DIAGNOSED_BY,T005
D1928,DIAGNOSED_BY,T066
D1928,DIAGNOSED_BY,T282
D1928,DIAGNOSED_BY,T2450
D1928,DIAGNOSED_BY,T2451
D1928,CAN_CAUSE,C030
D1928,CAN_CAUSE,C1422
D1928,CAN_CAUSE,C1423
D1928,MANAGED_BY,TR3485
D1928,MANAGED_BY,TR3486
D1929,AFFECTS,O008
D1929,HAS_SYMPTOM,S5263
D1929,HAS_SYMPTOM,S2278
D1929,HAS_SYMPTOM,S5264
D1929,HAS_SYMPTOM,S5265
D1929,HAS_SYMPTOM,S5266
D1929,HAS_SYMPTOM,S141
D1929,HAS_SYMPTOM,S096
D1929,HAS_SYMPTOM,S326
D1929,HAS_SYMPTOM,S2091
D1929,HAS_SYMPTOM,S187
D1929,HAS_SYMPTOM,S131
D1929,HAS_SYMPTOM,S5267
D1929,HAS_CAUSE,CA203
D1929,HAS_CAUSE,CA4470
D1929,HAS_CAUSE,CA4471
D1929,HAS_CAUSE,CA4472
D1929,MANAGED_BY,TR3487
D1929,DIAGNOSED_BY,T2452
D1929,DIAGNOSED_BY,T2453
D1929,DIAGNOSED_BY,T2454
D1929,DIAGNOSED_BY,T2455
D1929,CAN_CAUSE,C1424
D1929,CAN_CAUSE,C1425
D1929,CAN_CAUSE,C198
D1929,CAN_CAUSE,C263
D1930,AFFECTS,O008
D1930,HAS_SYMPTOM,S5268
D1930,HAS_SYMPTOM,S5269
D1930,HAS_SYMPTOM,S5270
D1930,HAS_SYMPTOM,S5271
D1930,HAS_SYMPTOM,S5272
D1930,HAS_SYMPTOM,S5273
D1930,HAS_SYMPTOM,S5274
D1930,HAS_SYMPTOM,S5275
D1930,HAS_CAUSE,CA4473
D1930,HAS_CAUSE,CA4474
D1930,HAS_CAUSE,CA4475
RF1501,INCREASES_RISK_OF,D1930
RF1502,INCREASES_RISK_OF,D1930
RF1503,INCREASES_RISK_OF,D1930
D1931,AFFECTS,O008
D1931,HAS_SYMPTOM,S5276
D1931,HAS_SYMPTOM,S4982
D1931,HAS_SYMPTOM,S5277
D1931,HAS_SYMPTOM,S583
RF1504,INCREASES_RISK_OF,D1931
RF1505,INCREASES_RISK_OF,D1931
RF1506,INCREASES_RISK_OF,D1931
D1931,MANAGED_BY,TR3488
D1931,DIAGNOSED_BY,T132
D1931,DIAGNOSED_BY,T2456
D1931,DIAGNOSED_BY,T2457
D1931,DIAGNOSED_BY,T2458
D1931,DIAGNOSED_BY,T2459
D1931,DIAGNOSED_BY,T125
D1931,DIAGNOSED_BY,T2460
D1931,DIAGNOSED_BY,T2274
D1931,DIAGNOSED_BY,T2461
D1931,DIAGNOSED_BY,T2462
D1931,DIAGNOSED_BY,T2463
D1931,DIAGNOSED_BY,T1925
D1931,CAN_CAUSE,C1426
D1931,CAN_CAUSE,C1427
D1931,CAN_CAUSE,C031
D1931,CAN_CAUSE,C1428
D1931,CAN_CAUSE,C1429
D1931,CAN_CAUSE,C419
D1931,CAN_CAUSE,C1314
D1931,MANAGED_BY,TR3489
D1932,AFFECTS,O006
D1932,HAS_SYMPTOM,S1083
D1932,HAS_SYMPTOM,S5278
D1932,HAS_SYMPTOM,S5279
D1932,HAS_CAUSE,CA4476
D1933,AFFECTS,O006
D1933,HAS_SYMPTOM,S5280
D1933,HAS_CAUSE,CA4477
D1933,HAS_CAUSE,CA554
D1933,HAS_CAUSE,CA189
D1933,HAS_CAUSE,CA4478
D1933,HAS_CAUSE,CA4479
D1933,HAS_CAUSE,CA4480
D1933,HAS_CAUSE,CA4481
D1933,MANAGED_BY,TR1394
D1933,MANAGED_BY,TR3258
D1933,MANAGED_BY,TR3490
D1933,MANAGED_BY,TR3491
D1933,MANAGED_BY,TR3492
D1933,MANAGED_BY,TR3493
D1933,DIAGNOSED_BY,T2464
D1933,DIAGNOSED_BY,T2465
D1933,DIAGNOSED_BY,T2466
D1933,DIAGNOSED_BY,T021
D1933,DIAGNOSED_BY,T1559
D1933,CAN_CAUSE,C1430
D1933,CAN_CAUSE,C1431
D1933,CAN_CAUSE,C1432
D1933,MANAGED_BY,TR3494
D1934,AFFECTS,O006
D1934,HAS_SYMPTOM,S3602
D1934,HAS_SYMPTOM,S132
D1934,HAS_CAUSE,CA1903
D1934,HAS_CAUSE,CA4482
D1934,HAS_CAUSE,CA4483
D1934,DIAGNOSED_BY,T132
D1934,DIAGNOSED_BY,T2467
D1934,DIAGNOSED_BY,T375
D1934,DIAGNOSED_BY,T191
D1934,DIAGNOSED_BY,T177
D1934,DIAGNOSED_BY,T2468
D1935,AFFECTS,O006
D1935,HAS_SYMPTOM,S5281
D1935,HAS_SYMPTOM,S416
D1935,HAS_SYMPTOM,S5282
D1935,HAS_SYMPTOM,S1100
D1935,HAS_SYMPTOM,S5283
D1935,HAS_SYMPTOM,S5284
D1935,HAS_SYMPTOM,S5285
D1935,HAS_CAUSE,CA4484
D1935,HAS_CAUSE,CA4485
D1935,HAS_CAUSE,CA4486
D1935,MANAGED_BY,TR3495
D1935,DIAGNOSED_BY,T2469
D1935,CAN_CAUSE,C705
D1935,CAN_CAUSE,C1433
D1936,AFFECTS,O006
D1936,AFFECTS,O004
D1936,HAS_SYMPTOM,S5286
D1936,HAS_SYMPTOM,S5287
D1936,HAS_SYMPTOM,S5288
D1936,HAS_SYMPTOM,S5289
D1936,HAS_CAUSE,CA4487
D1936,HAS_CAUSE,CA4488
D1936,HAS_CAUSE,CA4489
D1936,HAS_CAUSE,CA4490
RF1507,INCREASES_RISK_OF,D1936
D1937,AFFECTS,O006
D1937,AFFECTS,O015
D1937,AFFECTS,O011
D1937,HAS_SYMPTOM,S127
D1937,HAS_SYMPTOM,S052
D1937,HAS_SYMPTOM,S5290
D1937,HAS_SYMPTOM,S5291
D1937,HAS_SYMPTOM,S474
D1937,HAS_SYMPTOM,S5292
D1937,HAS_SYMPTOM,S5293
D1937,HAS_SYMPTOM,S5294
D1937,HAS_SYMPTOM,S5295
D1937,HAS_SYMPTOM,S5296
D1937,HAS_SYMPTOM,S441
D1937,MANAGED_BY,TR3496
D1937,MANAGED_BY,TR3497
D1937,MANAGED_BY,TR3498
D1937,DIAGNOSED_BY,T2470
D1937,DIAGNOSED_BY,T2471
D1937,DIAGNOSED_BY,T2461
D1937,DIAGNOSED_BY,T2472
D1937,DIAGNOSED_BY,T2473
D1937,DIAGNOSED_BY,T2474
D1937,DIAGNOSED_BY,T2012
D1937,DIAGNOSED_BY,T2013
D1937,DIAGNOSED_BY,T2475
D1937,DIAGNOSED_BY,T2476
D1937,DIAGNOSED_BY,T2477
D1937,DIAGNOSED_BY,T066
D1937,CAN_CAUSE,C209
D1937,MANAGED_BY,TR3499
D1938,AFFECTS,O006
RF1508,INCREASES_RISK_OF,D1938
RF1509,INCREASES_RISK_OF,D1938
D1939,HAS_SYMPTOM,S5297
D1939,HAS_SYMPTOM,S095
D1939,HAS_SYMPTOM,S5298
D1939,HAS_SYMPTOM,S5299
D1939,HAS_CAUSE,CA4491
D1939,MANAGED_BY,TR2746
D1939,MANAGED_BY,TR754
D1939,MANAGED_BY,TR755
D1939,MANAGED_BY,TR756
D1939,MANAGED_BY,TR757
D1939,MANAGED_BY,TR059
D1939,DIAGNOSED_BY,T2478
D1939,DIAGNOSED_BY,T2479
D1939,DIAGNOSED_BY,T2480
D1939,DIAGNOSED_BY,T2481
D1939,DIAGNOSED_BY,T2482
D1939,DIAGNOSED_BY,T2483
D1939,DIAGNOSED_BY,T2484
D1939,CAN_CAUSE,C1434
D1939,CAN_CAUSE,C1435
D1939,CAN_CAUSE,C1436
D1939,CAN_CAUSE,C1437
D1939,CAN_CAUSE,C1438
D1939,CAN_CAUSE,C1439
D1939,MANAGED_BY,TR3500
D1939,MANAGED_BY,TR3501
D1939,MANAGED_BY,TR3502
D1939,MANAGED_BY,TR3503
D1939,MANAGED_BY,TR3504
RF1510,INCREASES_RISK_OF,D1940
D1941,AFFECTS,O008
D1941,AFFECTS,O006
D1941,HAS_SYMPTOM,S5300
D1941,HAS_SYMPTOM,S5301
D1941,HAS_SYMPTOM,S5302
D1941,HAS_CAUSE,CA378
D1941,HAS_CAUSE,CA370
D1941,HAS_CAUSE,CA4492
D1941,HAS_CAUSE,CA4493
D1941,HAS_CAUSE,CA1484
D1941,HAS_CAUSE,CA2311
D1941,HAS_CAUSE,CA4494
D1941,HAS_CAUSE,CA801
D1941,HAS_CAUSE,CA4495
D1941,HAS_CAUSE,CA4496
D1941,HAS_CAUSE,CA4497
D1941,HAS_CAUSE,CA4498
D1941,MANAGED_BY,TR3505
D1941,MANAGED_BY,TR3506
D1941,MANAGED_BY,TR3507
D1941,MANAGED_BY,TR3508
D1941,CAN_CAUSE,C1440
D1941,CAN_CAUSE,C1169
D1942,AFFECTS,O006
D1942,AFFECTS,O017
RF1511,INCREASES_RISK_OF,D1942
RF076,INCREASES_RISK_OF,D1942
RF077,INCREASES_RISK_OF,D1942
RF1512,INCREASES_RISK_OF,D1942
RF1513,INCREASES_RISK_OF,D1942
RF1514,INCREASES_RISK_OF,D1942
D1942,MANAGED_BY,TR3509
D1942,MANAGED_BY,TR3510
D1942,DIAGNOSED_BY,T2485
D1942,DIAGNOSED_BY,T2486
D1942,DIAGNOSED_BY,T2487
D1942,DIAGNOSED_BY,T2488
D1942,DIAGNOSED_BY,T2489
D1942,DIAGNOSED_BY,T2490
D1942,DIAGNOSED_BY,T2491
D1942,DIAGNOSED_BY,T2492
D1942,CAN_CAUSE,C1441
D1942,CAN_CAUSE,C1442
D1942,CAN_CAUSE,C158
D1942,CAN_CAUSE,C254
D1942,MANAGED_BY,TR3511
D1943,AFFECTS,O006
D1943,HAS_SYMPTOM,S5303
D1943,HAS_SYMPTOM,S5304
D1943,HAS_SYMPTOM,S5305
D1943,HAS_SYMPTOM,S5306
D1943,HAS_SYMPTOM,S5307
D1943,HAS_SYMPTOM,S583
D1943,HAS_SYMPTOM,S4832
D1943,HAS_CAUSE,CA4499
D1943,MANAGED_BY,TR3512
D1943,MANAGED_BY,TR3513
D1943,DIAGNOSED_BY,T2493
D1943,DIAGNOSED_BY,T005
D1943,DIAGNOSED_BY,T207
D1943,DIAGNOSED_BY,T133
D1943,DIAGNOSED_BY,T804
D1943,MANAGED_BY,TR3514
D1944,AFFECTS,O006
D1944,HAS_SYMPTOM,S5308
D1944,HAS_SYMPTOM,S5309
D1944,HAS_SYMPTOM,S1286
D1944,HAS_SYMPTOM,S5310
D1944,HAS_SYMPTOM,S5311
D1944,HAS_CAUSE,CA4500
D1944,HAS_CAUSE,CA4501
D1944,HAS_CAUSE,CA4502
D1944,HAS_CAUSE,CA4503
D1944,HAS_CAUSE,CA4504
D1944,DIAGNOSED_BY,T2494
D1944,CAN_CAUSE,C1443
D1944,CAN_CAUSE,C1444
D1944,CAN_CAUSE,C1445
D1944,MANAGED_BY,TR3515
D1945,AFFECTS,O006
D1945,HAS_SYMPTOM,S5312
D1945,HAS_SYMPTOM,S5313
D1945,HAS_SYMPTOM,S5314
D1945,HAS_SYMPTOM,S5315
D1945,HAS_SYMPTOM,S5316
D1945,HAS_SYMPTOM,S5317
D1945,HAS_SYMPTOM,S5318
D1945,HAS_SYMPTOM,S3907
D1945,HAS_SYMPTOM,S583
D1945,HAS_SYMPTOM,S2580
D1945,HAS_SYMPTOM,S5319
D1945,HAS_SYMPTOM,S5320
D1945,HAS_CAUSE,CA4505
D1945,HAS_CAUSE,CA4506
D1945,HAS_CAUSE,CA4507
D1945,HAS_CAUSE,CA4508
D1945,HAS_CAUSE,CA4509
D1945,HAS_CAUSE,CA4510
D1945,MANAGED_BY,TR3516
D1945,MANAGED_BY,TR3517
D1945,MANAGED_BY,TR3363
D1945,MANAGED_BY,TR3518
D1945,MANAGED_BY,TR3519
D1945,CAN_CAUSE,C1446
D1945,CAN_CAUSE,C1447
D1946,AFFECTS,O006
D1947,AFFECTS,O006
D1947,HAS_SYMPTOM,S5321
D1947,HAS_SYMPTOM,S5322
D1947,HAS_SYMPTOM,S5323
D1947,HAS_SYMPTOM,S5324
D1947,HAS_SYMPTOM,S5325
D1947,HAS_SYMPTOM,S5326
D1947,HAS_CAUSE,CA4511
D1947,HAS_CAUSE,CA4512
D1947,HAS_CAUSE,CA4513
D1947,MANAGED_BY,TR3520
D1947,DIAGNOSED_BY,T2495
D1947,DIAGNOSED_BY,T005
D1947,DIAGNOSED_BY,T191
D1947,DIAGNOSED_BY,T2496
D1947,DIAGNOSED_BY,T2497
D1947,CAN_CAUSE,C1448
D1948,AFFECTS,O002
D1948,HAS_CAUSE,CA4514
D1948,MANAGED_BY,TR3521
D1949,HAS_SYMPTOM,S5327
D1949,HAS_SYMPTOM,S5328
D1949,HAS_SYMPTOM,S5329
D1949,HAS_SYMPTOM,S5330
D1949,HAS_SYMPTOM,S5331
D1949,HAS_SYMPTOM,S2202
D1949,HAS_SYMPTOM,S5332
D1949,HAS_SYMPTOM,S4925
D1949,HAS_SYMPTOM,S5333
D1949,HAS_CAUSE,CA4515
D1949,HAS_CAUSE,CA4516
D1949,HAS_CAUSE,CA4517
D1949,MANAGED_BY,TR3522
D1949,DIAGNOSED_BY,T2498
D1949,DIAGNOSED_BY,T2499
D1949,DIAGNOSED_BY,T005
D1949,DIAGNOSED_BY,T2500
D1949,CAN_CAUSE,C1449
D1949,CAN_CAUSE,C1450
D1949,CAN_CAUSE,C526
D1949,CAN_CAUSE,C1084
D1949,CAN_CAUSE,C1451
D1949,CAN_CAUSE,C1452
D1949,CAN_CAUSE,C1453
D1949,MANAGED_BY,TR3523
D1951,AFFECTS,O006
D1951,HAS_SYMPTOM,S5334
D1951,HAS_CAUSE,CA4518
D1951,HAS_CAUSE,CA4519
D1952,HAS_SYMPTOM,S5335
D1952,HAS_SYMPTOM,S5336
D1952,HAS_SYMPTOM,S393
D1952,HAS_SYMPTOM,S5337
RF1515,INCREASES_RISK_OF,D1952
RF1516,INCREASES_RISK_OF,D1952
RF1517,INCREASES_RISK_OF,D1952
D1952,MANAGED_BY,TR3524
D1953,HAS_SYMPTOM,S5338
D1953,HAS_SYMPTOM,S4565
D1953,HAS_SYMPTOM,S616
D1953,HAS_SYMPTOM,S5339
D1953,HAS_SYMPTOM,S5340
D1953,HAS_SYMPTOM,S141
D1953,HAS_SYMPTOM,S5341
D1953,HAS_SYMPTOM,S3104
D1953,HAS_CAUSE,CA4520
D1953,MANAGED_BY,TR3525
D1953,MANAGED_BY,TR3526
D1953,MANAGED_BY,TR219
D1953,MANAGED_BY,TR3527
D1953,CAN_CAUSE,C1454
D1954,HAS_SYMPTOM,S1176
D1954,HAS_SYMPTOM,S5342
D1954,HAS_SYMPTOM,S1182
D1954,HAS_SYMPTOM,S5343
D1954,HAS_SYMPTOM,S616
D1954,HAS_SYMPTOM,S5344
D1954,HAS_SYMPTOM,S5345
D1954,HAS_CAUSE,CA4521
D1954,MANAGED_BY,TR3528
D1955,HAS_SYMPTOM,S467
D1955,HAS_SYMPTOM,S5346
D1955,HAS_SYMPTOM,S5347
D1955,HAS_SYMPTOM,S583
D1955,HAS_SYMPTOM,S616
D1955,HAS_SYMPTOM,S5348
D1955,HAS_SYMPTOM,S5349
D1955,HAS_SYMPTOM,S5350
D1955,HAS_SYMPTOM,S056
D1958,HAS_SYMPTOM,S5351
D1958,HAS_SYMPTOM,S5352
D1958,HAS_SYMPTOM,S3426
D1958,HAS_SYMPTOM,S5353
D1958,HAS_SYMPTOM,S5354
D1958,HAS_SYMPTOM,S5355
D1958,HAS_SYMPTOM,S1100
D1958,HAS_SYMPTOM,S5356
D1958,HAS_CAUSE,CA4522
D1958,HAS_CAUSE,CA4523
D1958,HAS_CAUSE,CA4524
D1958,HAS_CAUSE,CA1214
D1958,HAS_CAUSE,CA4525
D1958,HAS_CAUSE,CA4526
D1958,HAS_CAUSE,CA4527
D1958,HAS_CAUSE,CA4528
D1958,HAS_CAUSE,CA4529
D1958,HAS_CAUSE,CA184
D1958,HAS_CAUSE,CA185
D1958,HAS_CAUSE,CA4530
RF1518,INCREASES_RISK_OF,D1958
RF1519,INCREASES_RISK_OF,D1958
RF545,INCREASES_RISK_OF,D1958
RF1520,INCREASES_RISK_OF,D1958
RF1521,INCREASES_RISK_OF,D1958
RF083,INCREASES_RISK_OF,D1958
RF1522,INCREASES_RISK_OF,D1958
RF1523,INCREASES_RISK_OF,D1958
RF1524,INCREASES_RISK_OF,D1958
RF1525,INCREASES_RISK_OF,D1958
D1958,MANAGED_BY,TR3529
D1958,MANAGED_BY,TR3530
D1958,MANAGED_BY,TR3531
D1958,DIAGNOSED_BY,T2501
D1958,DIAGNOSED_BY,T2502
D1958,DIAGNOSED_BY,T2503
D1958,MANAGED_BY,TR3532
D1958,MANAGED_BY,TR427
D1958,MANAGED_BY,TR3533
D1958,MANAGED_BY,TR3534
D1958,MANAGED_BY,TR3535
D1958,MANAGED_BY,TR3536
D1959,HAS_SYMPTOM,S5357
D1959,HAS_SYMPTOM,S5358
D1959,HAS_SYMPTOM,S5359
D1959,HAS_SYMPTOM,S5360
D1959,HAS_SYMPTOM,S5361
D1959,HAS_CAUSE,CA4531
D1959,HAS_CAUSE,CA4532
D1959,MANAGED_BY,TR067
D1959,MANAGED_BY,TR3537
D1959,DIAGNOSED_BY,T1021
D1959,DIAGNOSED_BY,T2504
D1959,DIAGNOSED_BY,T2505
D1959,DIAGNOSED_BY,T2506
D1959,MANAGED_BY,TR3538
D1960,HAS_SYMPTOM,S5362
D1960,HAS_SYMPTOM,S5363
D1960,HAS_SYMPTOM,S5364
RF1526,INCREASES_RISK_OF,D1960
D1961,HAS_CAUSE,CA4533
D1961,HAS_CAUSE,CA4534
D1961,HAS_CAUSE,CA142
D1961,HAS_CAUSE,CA4535
D1961,HAS_CAUSE,CA4536
D1961,HAS_CAUSE,CA4537
D1961,HAS_CAUSE,CA4538
D1961,HAS_CAUSE,CA4539
D1961,HAS_CAUSE,CA4540
D1962,HAS_CAUSE,CA4541
D1962,HAS_CAUSE,CA4542
D1962,HAS_CAUSE,CA4543
D1962,HAS_CAUSE,CA4544
D1962,HAS_CAUSE,CA4545
D1963,AFFECTS,O018
D1963,HAS_SYMPTOM,S5365
D1963,HAS_SYMPTOM,S5366
D1963,HAS_SYMPTOM,S5367
D1963,HAS_SYMPTOM,S5368
D1963,HAS_SYMPTOM,S5369
D1963,HAS_CAUSE,CA4546
D1963,HAS_CAUSE,CA4547
D1963,HAS_CAUSE,CA4548
D1963,HAS_CAUSE,CA4549
D1963,HAS_CAUSE,CA4550
D1963,HAS_CAUSE,CA4551
D1963,HAS_CAUSE,CA4552
D1963,HAS_CAUSE,CA4553
D1963,HAS_CAUSE,CA4554
D1963,HAS_CAUSE,CA4555
D1963,MANAGED_BY,TR3539
D1963,MANAGED_BY,TR3540
D1963,MANAGED_BY,TR3541
D1963,MANAGED_BY,TR3542
D1963,DIAGNOSED_BY,T2507
D1963,DIAGNOSED_BY,T2508
D1963,DIAGNOSED_BY,T005
D1963,DIAGNOSED_BY,T036
D1963,DIAGNOSED_BY,T2509
D1963,DIAGNOSED_BY,T2510
D1963,DIAGNOSED_BY,T2511
D1963,DIAGNOSED_BY,T2512
D1963,DIAGNOSED_BY,T2513
D1963,DIAGNOSED_BY,T2514
D1963,DIAGNOSED_BY,T2515
D1963,DIAGNOSED_BY,T2516
D1963,CAN_CAUSE,C1455
D1964,HAS_SYMPTOM,S5370
D1964,HAS_SYMPTOM,S5371
D1964,HAS_SYMPTOM,S5372
D1964,HAS_SYMPTOM,S5373
D1964,HAS_SYMPTOM,S5374
D1964,HAS_SYMPTOM,S046
D1964,HAS_SYMPTOM,S347
D1964,HAS_SYMPTOM,S141
D1964,HAS_SYMPTOM,S1102
D1964,HAS_SYMPTOM,S5375
D1964,HAS_SYMPTOM,S5376
D1964,HAS_SYMPTOM,S5049
D1965,HAS_SYMPTOM,S041
D1965,HAS_SYMPTOM,S663
D1965,HAS_SYMPTOM,S583
D1965,HAS_SYMPTOM,S094
D1965,HAS_SYMPTOM,S5377
D1965,HAS_CAUSE,CA222
D1965,DIAGNOSED_BY,T2517
D1965,DIAGNOSED_BY,T982
D1965,DIAGNOSED_BY,T178
D1966,HAS_SYMPTOM,S5378
D1966,HAS_SYMPTOM,S5379
D1966,HAS_CAUSE,CA4556
D1966,HAS_CAUSE,CA4557
D1966,HAS_CAUSE,CA4558
D1966,HAS_CAUSE,CA4559
D1966,HAS_CAUSE,CA4560
D1966,DIAGNOSED_BY,T2518
D1966,CAN_CAUSE,C540
D1966,CAN_CAUSE,C1456
D1966,CAN_CAUSE,C1457
D1966,CAN_CAUSE,C1458
D1966,MANAGED_BY,TR3543
D1967,HAS_SYMPTOM,S5380
D1967,HAS_SYMPTOM,S045
D1967,HAS_SYMPTOM,S5381
D1967,HAS_SYMPTOM,S1512
D1967,HAS_SYMPTOM,S5382
D1967,HAS_SYMPTOM,S604
D1967,HAS_SYMPTOM,S5383
D1967,HAS_SYMPTOM,S5384
D1967,HAS_SYMPTOM,S5385
D1967,HAS_CAUSE,CA4561
D1967,HAS_CAUSE,CA4562
D1967,HAS_CAUSE,CA4563
D1967,HAS_CAUSE,CA4564
D1967,HAS_CAUSE,CA4565
D1967,HAS_CAUSE,CA4566
D1967,HAS_CAUSE,CA4567
D1967,HAS_CAUSE,CA4568
D1967,HAS_CAUSE,CA4569
D1967,HAS_CAUSE,CA4570
D1967,MANAGED_BY,TR3544
D1968,AFFECTS,O007
D1968,HAS_SYMPTOM,S045
D1968,HAS_SYMPTOM,S3670
D1968,HAS_SYMPTOM,S246
D1968,HAS_SYMPTOM,S133
D1968,HAS_SYMPTOM,S093
D1968,HAS_SYMPTOM,S1901
D1968,HAS_SYMPTOM,S766
D1968,HAS_SYMPTOM,S5386
D1968,HAS_SYMPTOM,S015
D1968,HAS_SYMPTOM,S5155
D1968,HAS_SYMPTOM,S1202
D1968,HAS_SYMPTOM,S4649
D1968,HAS_CAUSE,CA3910
D1968,HAS_CAUSE,CA3911
D1968,HAS_CAUSE,CA3912
D1968,HAS_CAUSE,CA3913
D1968,MANAGED_BY,TR3545
D1968,MANAGED_BY,TR3546
D1968,MANAGED_BY,TR3547
D1968,MANAGED_BY,TR3548
D1968,DIAGNOSED_BY,T580
D1968,DIAGNOSED_BY,T005
D1968,DIAGNOSED_BY,T051
D1968,DIAGNOSED_BY,T2174
D1968,DIAGNOSED_BY,T1531
D1968,DIAGNOSED_BY,T2175
D1968,DIAGNOSED_BY,T2176
D1968,DIAGNOSED_BY,T2177
D1968,DIAGNOSED_BY,T2178
D1968,DIAGNOSED_BY,T2179
D1968,DIAGNOSED_BY,T2519
D1968,DIAGNOSED_BY,T2520
D1968,MANAGED_BY,TR3072
D1969,AFFECTS,O009
D1969,HAS_SYMPTOM,S133
D1969,HAS_SYMPTOM,S093
D1969,HAS_SYMPTOM,S393
D1969,HAS_SYMPTOM,S5387
D1969,HAS_SYMPTOM,S5388
D1969,HAS_SYMPTOM,S3907
D1969,HAS_SYMPTOM,S5389
D1969,HAS_CAUSE,CA4571
D1969,HAS_CAUSE,CA4572
D1969,HAS_CAUSE,CA4573
D1969,HAS_CAUSE,CA644
D1969,HAS_CAUSE,CA4574
D1969,MANAGED_BY,TR192
D1969,DIAGNOSED_BY,T2521
D1969,DIAGNOSED_BY,T2522
D1969,DIAGNOSED_BY,T2523
D1969,DIAGNOSED_BY,T2524
D1969,DIAGNOSED_BY,T2525
D1969,MANAGED_BY,TR799
D1970,AFFECTS,O012
D1970,HAS_SYMPTOM,S5390
RF1527,INCREASES_RISK_OF,D1970
RF1528,INCREASES_RISK_OF,D1970
D1970,MANAGED_BY,TR3549
D1971,AFFECTS,O012
D1971,HAS_SYMPTOM,S934
D1971,HAS_SYMPTOM,S5391
D1971,HAS_CAUSE,CA4575
D1971,HAS_CAUSE,CA2138
D1971,HAS_CAUSE,CA057
D1971,HAS_CAUSE,CA4576
D1971,HAS_CAUSE,CA4577
D1971,HAS_CAUSE,CA4578
D1971,MANAGED_BY,TR3550
D1971,DIAGNOSED_BY,T2526
D1972,AFFECTS,O004
D1972,HAS_SYMPTOM,S5392
D1972,HAS_SYMPTOM,S5393
D1972,HAS_SYMPTOM,S292
D1972,HAS_CAUSE,CA4579
D1972,HAS_CAUSE,CA4580
D1972,HAS_CAUSE,CA4581
D1973,HAS_SYMPTOM,S3476
D1973,HAS_SYMPTOM,S5394
D1973,HAS_SYMPTOM,S5395
D1973,HAS_SYMPTOM,S5396
D1973,HAS_SYMPTOM,S5397
D1973,HAS_SYMPTOM,S5398
D1973,HAS_CAUSE,CA4582
D1973,HAS_CAUSE,CA4583
RF1529,INCREASES_RISK_OF,D1973
D1973,MANAGED_BY,TR3551
D1973,DIAGNOSED_BY,T071
D1973,DIAGNOSED_BY,T2527
D1973,DIAGNOSED_BY,T2528
D1973,DIAGNOSED_BY,T2529
D1973,DIAGNOSED_BY,T2530
D1973,DIAGNOSED_BY,T282
D1973,DIAGNOSED_BY,T2531
D1973,CAN_CAUSE,C1459
D1973,CAN_CAUSE,C1460
D1973,CAN_CAUSE,C174
D1973,CAN_CAUSE,C1461
D1973,CAN_CAUSE,C1462
D1973,CAN_CAUSE,C1463
D1973,CAN_CAUSE,C1464
D1973,MANAGED_BY,TR3552
D1973,MANAGED_BY,TR3553
D1974,HAS_SYMPTOM,S5399
D1974,HAS_SYMPTOM,S5400
D1974,HAS_SYMPTOM,S5401
D1974,HAS_SYMPTOM,S5402
D1974,HAS_SYMPTOM,S5403
D1974,HAS_SYMPTOM,S5404
D1974,HAS_SYMPTOM,S5405
D1974,MANAGED_BY,TR3554
D1974,DIAGNOSED_BY,T2532
D1974,DIAGNOSED_BY,T2533
D1974,DIAGNOSED_BY,T005
D1974,DIAGNOSED_BY,T133
D1974,DIAGNOSED_BY,T2534
D1974,DIAGNOSED_BY,T2535
D1974,DIAGNOSED_BY,T2536
D1974,CAN_CAUSE,C526
D1974,CAN_CAUSE,C1105
D1974,CAN_CAUSE,C796
D1974,CAN_CAUSE,C058
D1974,MANAGED_BY,TR3555
D1974,MANAGED_BY,TR3556
D1975,AFFECTS,O006
D1975,HAS_CAUSE,CA4584
D1975,MANAGED_BY,TR3557
D1975,MANAGED_BY,TR3558
D1975,DIAGNOSED_BY,T005
D1975,DIAGNOSED_BY,T036
D1975,DIAGNOSED_BY,T177
D1975,CAN_CAUSE,C406
D1975,CAN_CAUSE,C1465
D1976,HAS_SYMPTOM,S393
D1976,HAS_SYMPTOM,S130
D1976,HAS_SYMPTOM,S5406
D1976,HAS_SYMPTOM,S5407
D1976,HAS_SYMPTOM,S5408
D1976,HAS_SYMPTOM,S5409
D1976,HAS_CAUSE,CA4585
D1976,HAS_CAUSE,CA4586
D1976,HAS_CAUSE,CA4587
D1976,HAS_CAUSE,CA4588
RF1530,INCREASES_RISK_OF,D1976
RF1531,INCREASES_RISK_OF,D1976
D1976,MANAGED_BY,TR849
D1977,AFFECTS,O005
D1977,AFFECTS,O012
D1977,HAS_SYMPTOM,S5410
D1977,HAS_SYMPTOM,S3378
D1977,HAS_SYMPTOM,S5411
D1977,HAS_SYMPTOM,S5412
D1977,HAS_SYMPTOM,S1393
D1977,HAS_SYMPTOM,S5413
D1977,MANAGED_BY,TR3559
D1977,MANAGED_BY,TR3560
D1977,MANAGED_BY,TR3561
D1978,AFFECTS,O002
D1978,HAS_CAUSE,CA4589
D1978,HAS_CAUSE,CA4590
D1978,HAS_CAUSE,CA4591
D1978,HAS_CAUSE,CA4592
D1978,HAS_CAUSE,CA4593
D1978,HAS_CAUSE,CA4594
D1978,HAS_CAUSE,CA4595
D1979,HAS_CAUSE,CA4596
D1979,HAS_CAUSE,CA4597
D1979,HAS_CAUSE,CA4598
D1979,HAS_CAUSE,CA293
D1979,HAS_CAUSE,CA4599
D1979,HAS_CAUSE,CA4600
D1979,HAS_CAUSE,CA101
D1979,HAS_CAUSE,CA4601
D1979,HAS_CAUSE,CA4602
D1979,HAS_CAUSE,CA4603
D1979,HAS_CAUSE,CA4604
D1979,HAS_CAUSE,CA4605
D1980,HAS_SYMPTOM,S5414
D1980,HAS_SYMPTOM,S4737
D1980,HAS_SYMPTOM,S5415
D1980,HAS_CAUSE,CA654
D1980,HAS_CAUSE,CA4606
D1980,HAS_CAUSE,CA4607
D1980,CAN_CAUSE,C1466
D1980,MANAGED_BY,TR3463
D1982,HAS_CAUSE,CA4608
D1982,HAS_CAUSE,CA4609
D1982,HAS_CAUSE,CA4610
D1982,MANAGED_BY,TR3562
D1982,MANAGED_BY,TR3563
D1982,CAN_CAUSE,C215
D1982,CAN_CAUSE,C1467
D1982,MANAGED_BY,TR3564
D1982,MANAGED_BY,TR3565
D1982,MANAGED_BY,TR3566
D1983,AFFECTS,O014
D1983,HAS_SYMPTOM,S5416
D1983,HAS_SYMPTOM,S5417
D1983,HAS_SYMPTOM,S5418
D1983,HAS_SYMPTOM,S5419
D1983,HAS_SYMPTOM,S3241
D1983,HAS_SYMPTOM,S3242
D1983,HAS_CAUSE,CA4611
D1983,MANAGED_BY,TR3567
D1983,CAN_CAUSE,C1468
D1983,MANAGED_BY,TR3568
D1984,HAS_CAUSE,CA4612
D1984,HAS_CAUSE,CA4613
D1984,HAS_CAUSE,CA4614
D1984,HAS_CAUSE,CA4615
D1984,HAS_CAUSE,CA4616
D1984,HAS_CAUSE,CA4617
D1984,HAS_CAUSE,CA4618
D1984,HAS_CAUSE,CA093
D1984,HAS_CAUSE,CA4619
D1984,HAS_CAUSE,CA4620
D1984,HAS_CAUSE,CA4621
D1985,HAS_SYMPTOM,S5420
D1985,HAS_SYMPTOM,S5421
D1985,HAS_SYMPTOM,S453
D1985,HAS_SYMPTOM,S5422
RF1532,INCREASES_RISK_OF,D1985
D1985,MANAGED_BY,TR3569
D1985,MANAGED_BY,TR3570
D1985,MANAGED_BY,TR3571
D1985,MANAGED_BY,TR3572
D1985,MANAGED_BY,TR3573
D1985,DIAGNOSED_BY,T2537
D1985,DIAGNOSED_BY,T2538
D1985,DIAGNOSED_BY,T2539
D1985,DIAGNOSED_BY,T2540
D1985,DIAGNOSED_BY,T2541
D1985,DIAGNOSED_BY,T1714
D1985,DIAGNOSED_BY,T2542
D1986,HAS_SYMPTOM,S5423
D1986,HAS_SYMPTOM,S5424
D1986,HAS_SYMPTOM,S616
D1986,HAS_SYMPTOM,S141
D1986,HAS_SYMPTOM,S133
D1986,HAS_CAUSE,CA586
D1986,HAS_CAUSE,CA4622
D1986,MANAGED_BY,TR3574
D1986,DIAGNOSED_BY,T155
D1986,DIAGNOSED_BY,T005
D1986,DIAGNOSED_BY,T159
D1986,DIAGNOSED_BY,T2543
D1986,CAN_CAUSE,C1469
D1986,CAN_CAUSE,C1470
D1986,CAN_CAUSE,C1471
D1986,MANAGED_BY,TR3575
D1986,MANAGED_BY,TR3576
D1987,HAS_SYMPTOM,S5425
D1987,MANAGED_BY,TR3577
D1988,HAS_SYMPTOM,S5426
D1988,HAS_SYMPTOM,S5427
D1988,HAS_SYMPTOM,S5428
D1988,HAS_SYMPTOM,S5429
D1988,HAS_SYMPTOM,S5430
D1988,HAS_SYMPTOM,S5431
D1988,HAS_CAUSE,CA4623
D1988,MANAGED_BY,TR3578
D1988,MANAGED_BY,TR3579
D1988,CAN_CAUSE,C517
D1988,CAN_CAUSE,C323
D1988,CAN_CAUSE,C1472
D1988,CAN_CAUSE,C1473
D1989,HAS_SYMPTOM,S5432
D1989,HAS_SYMPTOM,S5433
D1989,HAS_CAUSE,CA4624
D1989,HAS_CAUSE,CA376
D1989,HAS_CAUSE,CA422
D1989,HAS_CAUSE,CA4625
RF1533,INCREASES_RISK_OF,D1989
RF419,INCREASES_RISK_OF,D1989
RF1037,INCREASES_RISK_OF,D1989
RF1534,INCREASES_RISK_OF,D1989
RF1053,INCREASES_RISK_OF,D1989
RF872,INCREASES_RISK_OF,D1989
RF1535,INCREASES_RISK_OF,D1989
D1990,AFFECTS,O008
D1990,HAS_SYMPTOM,S5434
D1990,HAS_SYMPTOM,S5435
D1990,HAS_SYMPTOM,S5436
D1990,HAS_SYMPTOM,S5437
D1990,HAS_SYMPTOM,S1115
D1990,HAS_SYMPTOM,S5438
D1990,HAS_CAUSE,CA4626
D1990,HAS_CAUSE,CA4627
D1990,HAS_CAUSE,CA4628
D1990,HAS_CAUSE,CA4629
D1990,HAS_CAUSE,CA4630
D1990,HAS_CAUSE,CA4631
D1990,HAS_CAUSE,CA021
D1990,HAS_CAUSE,CA4632
D1990,HAS_CAUSE,CA4633
D1990,HAS_CAUSE,CA4634
D1990,HAS_CAUSE,CA4635
D1990,DIAGNOSED_BY,T1874
D1990,DIAGNOSED_BY,T005
D1990,DIAGNOSED_BY,T1872
D1990,DIAGNOSED_BY,T2544
D1990,DIAGNOSED_BY,T2545
D1990,DIAGNOSED_BY,T2546
D1990,DIAGNOSED_BY,T2547
D1990,DIAGNOSED_BY,T555
D1990,CAN_CAUSE,C1474
D1990,CAN_CAUSE,C1475
D1991,AFFECTS,O007
D1991,HAS_CAUSE,CA4636
D1991,HAS_CAUSE,CA4637
D1991,HAS_CAUSE,CA4638
D1991,HAS_CAUSE,CA4639
D1991,HAS_CAUSE,CA4640
D1991,HAS_CAUSE,CA4641
D1991,HAS_CAUSE,CA4642
D1991,HAS_CAUSE,CA4643
D1991,HAS_CAUSE,CA4644
D1991,HAS_CAUSE,CA4645
D1991,HAS_CAUSE,CA4646
D1991,HAS_CAUSE,CA4647
D1991,MANAGED_BY,TR3580
D1991,DIAGNOSED_BY,T051
D1991,DIAGNOSED_BY,T2548
D1991,DIAGNOSED_BY,T2549
D1991,MANAGED_BY,TR2015
D1991,MANAGED_BY,TR755
D1991,MANAGED_BY,TR3581
D1991,MANAGED_BY,TR3582
D1991,MANAGED_BY,TR3583
D1992,HAS_CAUSE,CA4648
D1992,HAS_CAUSE,CA4649
D1992,HAS_CAUSE,CA4650
D1992,HAS_CAUSE,CA4651
D1992,HAS_CAUSE,CA396
D1992,HAS_CAUSE,CA210
D1992,MANAGED_BY,TR3584
D1992,DIAGNOSED_BY,T2550
D1992,DIAGNOSED_BY,T005
D1992,DIAGNOSED_BY,T191
D1992,DIAGNOSED_BY,T616
D1992,MANAGED_BY,TR3585
D1993,AFFECTS,O017
D1993,HAS_SYMPTOM,S5439
D1993,HAS_SYMPTOM,S3006
D1993,HAS_SYMPTOM,S5440
D1993,HAS_SYMPTOM,S1630
D1993,HAS_SYMPTOM,S5441
D1993,HAS_CAUSE,CA4652
D1993,HAS_CAUSE,CA2138
D1993,HAS_CAUSE,CA4653
D1993,HAS_CAUSE,CA4654
D1993,HAS_CAUSE,CA4655
RF1536,INCREASES_RISK_OF,D1993
RF083,INCREASES_RISK_OF,D1993
D1994,HAS_SYMPTOM,S416
D1994,HAS_SYMPTOM,S5442
D1994,HAS_SYMPTOM,S5443
D1994,HAS_SYMPTOM,S5444
D1994,HAS_SYMPTOM,S5445
D1994,HAS_SYMPTOM,S1512
D1994,HAS_SYMPTOM,S616
D1994,HAS_SYMPTOM,S046
D1994,HAS_SYMPTOM,S141
D1994,HAS_SYMPTOM,S096
D1994,HAS_SYMPTOM,S1107
D1994,HAS_SYMPTOM,S5446
D1995,AFFECTS,O013
D1996,AFFECTS,O004
D1997,HAS_SYMPTOM,S048
D1997,HAS_SYMPTOM,S1102
D1997,HAS_SYMPTOM,S5447
D1997,HAS_SYMPTOM,S126
D1997,HAS_SYMPTOM,S052
D1997,HAS_SYMPTOM,S093
D1997,HAS_SYMPTOM,S042
D1997,HAS_SYMPTOM,S127
D1997,HAS_SYMPTOM,S5448
D1997,HAS_SYMPTOM,S2739
D1997,HAS_SYMPTOM,S616
D1997,HAS_SYMPTOM,S3993
D1998,HAS_CAUSE,CA4656
RF076,INCREASES_RISK_OF,D1998
RF077,INCREASES_RISK_OF,D1998
RF1537,INCREASES_RISK_OF,D1998
D1999,HAS_SYMPTOM,S5449
D1999,HAS_SYMPTOM,S5450
D1999,HAS_CAUSE,CA4657
D1999,HAS_CAUSE,CA2336
D1999,HAS_CAUSE,CA4658
D1999,HAS_CAUSE,CA4659
D1999,MANAGED_BY,TR3586
D1999,MANAGED_BY,TR3587
D1999,MANAGED_BY,TR3588
D1999,MANAGED_BY,TR3589
D1999,DIAGNOSED_BY,T2551
D1999,DIAGNOSED_BY,T2552
D1999,DIAGNOSED_BY,T2553
D2000,AFFECTS,O009
D2000,AFFECTS,O010
D2001,HAS_SYMPTOM,S4447
D2001,HAS_SYMPTOM,S5451
D2001,HAS_SYMPTOM,S393
D2001,HAS_SYMPTOM,S130
D2001,HAS_CAUSE,CA4660
D2001,HAS_CAUSE,CA4661
D2001,HAS_CAUSE,CA4662
D2001,HAS_CAUSE,CA4663
D2001,HAS_CAUSE,CA4664
D2001,HAS_CAUSE,CA4665
D2001,MANAGED_BY,TR3590
D2001,MANAGED_BY,TR3591
D2001,MANAGED_BY,TR3592
D2001,MANAGED_BY,TR3593
D2001,MANAGED_BY,TR3594
D2001,MANAGED_BY,TR3595
D2001,DIAGNOSED_BY,T2554
D2001,DIAGNOSED_BY,T2555
D2001,DIAGNOSED_BY,T051
D2001,DIAGNOSED_BY,T2556
D2001,DIAGNOSED_BY,T2557
D2002,HAS_SYMPTOM,S5452
D2002,HAS_SYMPTOM,S5453
D2002,HAS_SYMPTOM,S201
D2002,HAS_SYMPTOM,S5454
D2002,MANAGED_BY,TR3596
D2002,DIAGNOSED_BY,T132
D2002,DIAGNOSED_BY,T005
D2002,DIAGNOSED_BY,T2558
D2002,DIAGNOSED_BY,T2559
D2002,DIAGNOSED_BY,T2560
D2002,DIAGNOSED_BY,T2561
D2002,CAN_CAUSE,C1476
D2002,CAN_CAUSE,C1477
D2002,CAN_CAUSE,C1478
D2002,CAN_CAUSE,C1479
D2002,CAN_CAUSE,C1480
D2003,HAS_CAUSE,CA001
D2003,HAS_CAUSE,CA4666
D2003,HAS_CAUSE,CA093
D2003,HAS_CAUSE,CA1484
D2003,HAS_CAUSE,CA378
D2003,HAS_CAUSE,CA4667
D2003,HAS_CAUSE,CA4668
D2003,HAS_CAUSE,CA145
D2003,HAS_CAUSE,CA4669
D2003,HAS_CAUSE,CA1439
D2003,HAS_CAUSE,CA4670
D2003,HAS_CAUSE,CA4671
D2004,HAS_SYMPTOM,S5455
D2004,HAS_CAUSE,CA4672
RF1538,INCREASES_RISK_OF,D2004
RF1539,INCREASES_RISK_OF,D2004
D2005,AFFECTS,O006
D2005,AFFECTS,O017
D2005,HAS_SYMPTOM,S5456
RF1540,INCREASES_RISK_OF,D2005
D2005,DIAGNOSED_BY,T2562
D2005,DIAGNOSED_BY,T2563
D2005,DIAGNOSED_BY,T005
D2005,DIAGNOSED_BY,T191
D2005,DIAGNOSED_BY,T177
D2005,DIAGNOSED_BY,T1404
D2006,AFFECTS,O019
D2006,HAS_SYMPTOM,S5457
D2006,HAS_SYMPTOM,S246
D2006,HAS_SYMPTOM,S5458
D2006,HAS_SYMPTOM,S5459
D2006,HAS_SYMPTOM,S5460
D2006,HAS_SYMPTOM,S3899
D2006,HAS_SYMPTOM,S5461
D2006,HAS_SYMPTOM,S5462
D2006,HAS_SYMPTOM,S5463
D2006,HAS_SYMPTOM,S2919
D2006,HAS_CAUSE,CA4673
D2006,HAS_CAUSE,CA4674
D2006,HAS_CAUSE,CA4675
D2006,HAS_CAUSE,CA4676
D2006,MANAGED_BY,TR3597
D2006,DIAGNOSED_BY,T2564
D2006,DIAGNOSED_BY,T2565
D2006,DIAGNOSED_BY,T2566
D2006,DIAGNOSED_BY,T2567
D2006,DIAGNOSED_BY,T659
D2006,CAN_CAUSE,C938
D2006,CAN_CAUSE,C1481
D2006,MANAGED_BY,TR3598
D2007,HAS_SYMPTOM,S5464
D2007,HAS_SYMPTOM,S5465
D2007,HAS_SYMPTOM,S5466
D2007,HAS_SYMPTOM,S5467
D2007,HAS_SYMPTOM,S5468
D2007,HAS_SYMPTOM,S393
D2007,HAS_SYMPTOM,S187
D2007,HAS_SYMPTOM,S5469
D2007,HAS_SYMPTOM,S5470
D2008,AFFECTS,O019
D2008,HAS_SYMPTOM,S5471
D2008,HAS_CAUSE,CA4677
RF1541,INCREASES_RISK_OF,D2008
RF1542,INCREASES_RISK_OF,D2008
D2009,AFFECTS,O019
D2009,HAS_SYMPTOM,S5472
D2009,HAS_SYMPTOM,S3519
D2009,HAS_SYMPTOM,S5473
D2009,HAS_SYMPTOM,S5474
D2009,HAS_CAUSE,CA4678
D2009,HAS_CAUSE,CA4679
D2009,HAS_CAUSE,CA4680
D2009,MANAGED_BY,TR3599
D2009,MANAGED_BY,TR3600
D2009,DIAGNOSED_BY,T2568
D2009,DIAGNOSED_BY,T021
D2009,DIAGNOSED_BY,T005
D2009,DIAGNOSED_BY,T2569
D2009,CAN_CAUSE,C1482
D2009,CAN_CAUSE,C1483
D2009,MANAGED_BY,TR3601
D2010,AFFECTS,O004
D2010,AFFECTS,O019
D2010,HAS_SYMPTOM,S540
D2010,HAS_SYMPTOM,S5475
D2010,HAS_SYMPTOM,S1289
D2010,HAS_SYMPTOM,S5476
D2010,HAS_SYMPTOM,S5477
D2010,HAS_SYMPTOM,S5478
D2010,HAS_SYMPTOM,S5479
D2010,HAS_SYMPTOM,S5480
D2010,HAS_SYMPTOM,S2678
D2010,HAS_SYMPTOM,S5481
D2010,HAS_SYMPTOM,S3958
D2010,HAS_SYMPTOM,S5482
D2011,HAS_SYMPTOM,S5483
D2011,HAS_SYMPTOM,S5484
D2011,HAS_SYMPTOM,S1783
D2011,HAS_SYMPTOM,S5485
D2011,HAS_SYMPTOM,S5486
D2011,HAS_SYMPTOM,S5487
D2011,HAS_SYMPTOM,S5488
D2011,HAS_SYMPTOM,S573
D2011,HAS_SYMPTOM,S5489
D2011,HAS_CAUSE,CA763
D2011,HAS_CAUSE,CA4681
D2011,MANAGED_BY,TR1321
D2011,DIAGNOSED_BY,T2570
D2011,DIAGNOSED_BY,T2571
D2011,DIAGNOSED_BY,T2572
D2011,DIAGNOSED_BY,T2573
D2011,DIAGNOSED_BY,T005
D2011,DIAGNOSED_BY,T028
D2011,DIAGNOSED_BY,T2574
D2011,DIAGNOSED_BY,T2575
D2011,DIAGNOSED_BY,T2576
D2011,CAN_CAUSE,C1484
D2011,CAN_CAUSE,C1485
D2011,CAN_CAUSE,C237
D2011,CAN_CAUSE,C1486
D2011,MANAGED_BY,TR3602
D2012,AFFECTS,O017
D2012,HAS_SYMPTOM,S5490
D2012,HAS_SYMPTOM,S573
D2012,HAS_SYMPTOM,S5491
D2012,HAS_CAUSE,CA4682
D2012,HAS_CAUSE,CA4683
D2012,DIAGNOSED_BY,T005
D2012,DIAGNOSED_BY,T191
D2012,DIAGNOSED_BY,T177
D2012,DIAGNOSED_BY,T2577
D2012,DIAGNOSED_BY,T2578
D2012,CAN_CAUSE,C1487
D2012,CAN_CAUSE,C1488
D2013,HAS_SYMPTOM,S5492
D2013,HAS_SYMPTOM,S5493
D2013,HAS_SYMPTOM,S5494
D2013,HAS_CAUSE,CA4684
D2013,HAS_CAUSE,CA4685
D2013,HAS_CAUSE,CA4686
D2013,HAS_CAUSE,CA4687
D2013,MANAGED_BY,TR3603
D2013,MANAGED_BY,TR3604
D2013,MANAGED_BY,TR3605
D2013,MANAGED_BY,TR3606
D2013,DIAGNOSED_BY,T2579
D2013,DIAGNOSED_BY,T2580
D2015,AFFECTS,O001
D2015,HAS_SYMPTOM,S5495
D2015,HAS_SYMPTOM,S5496
D2015,HAS_SYMPTOM,S5497
D2016,HAS_SYMPTOM,S5498
D2016,HAS_SYMPTOM,S5499
D2016,HAS_CAUSE,CA378
D2016,HAS_CAUSE,CA4688
D2016,MANAGED_BY,TR3607
D2016,MANAGED_BY,TR3608
D2016,DIAGNOSED_BY,T2581
D2016,MANAGED_BY,TR3609
D2016,MANAGED_BY,TR3610
D2017,HAS_SYMPTOM,S5500
D2017,HAS_SYMPTOM,S5501
D2017,HAS_SYMPTOM,S416
D2017,HAS_SYMPTOM,S5502
D2017,HAS_SYMPTOM,S5503
D2017,HAS_CAUSE,CA390
D2017,HAS_CAUSE,CA330
D2017,HAS_CAUSE,CA4689
D2017,HAS_CAUSE,CA4690
D2017,HAS_CAUSE,CA4691
D2017,MANAGED_BY,TR3611
D2017,DIAGNOSED_BY,T2582
D2017,DIAGNOSED_BY,T2583
D2017,CAN_CAUSE,C1489
D2017,CAN_CAUSE,C1490
D2017,CAN_CAUSE,C1491
D2017,MANAGED_BY,TR3612
D2017,MANAGED_BY,TR3613
D2018,AFFECTS,O005
D2018,HAS_SYMPTOM,S393
D2018,HAS_SYMPTOM,S128
D2018,HAS_SYMPTOM,S133
D2018,HAS_SYMPTOM,S968
D2018,HAS_SYMPTOM,S056
D2018,MANAGED_BY,TR3614
D2018,DIAGNOSED_BY,T2584
D2018,DIAGNOSED_BY,T2585
D2018,CAN_CAUSE,C1084
D2018,CAN_CAUSE,C1492
D2018,CAN_CAUSE,C456
D2018,CAN_CAUSE,C1493
D2019,AFFECTS,O005
D2019,HAS_SYMPTOM,S5504
D2019,HAS_SYMPTOM,S5505
D2019,HAS_SYMPTOM,S5506
D2019,HAS_SYMPTOM,S5507
D2019,HAS_CAUSE,CA4692
D2019,HAS_CAUSE,CA4693
RF1543,INCREASES_RISK_OF,D2019
RF1544,INCREASES_RISK_OF,D2019
RF1545,INCREASES_RISK_OF,D2019
RF1546,INCREASES_RISK_OF,D2019
D2019,MANAGED_BY,TR3615
D2019,MANAGED_BY,TR3616
D2019,MANAGED_BY,TR2430
D2019,MANAGED_BY,TR3617
D2019,MANAGED_BY,TR3618
D2019,DIAGNOSED_BY,T2586
D2019,DIAGNOSED_BY,T2587
D2019,DIAGNOSED_BY,T2588
D2019,DIAGNOSED_BY,T2589
D2019,DIAGNOSED_BY,T2590
D2019,MANAGED_BY,TR3619
D2019,MANAGED_BY,TR3620
D2020,AFFECTS,O005
D2020,HAS_CAUSE,CA4694
RF1547,INCREASES_RISK_OF,D2020
RF1548,INCREASES_RISK_OF,D2020
D2021,AFFECTS,O005
D2021,HAS_SYMPTOM,S5508
D2021,HAS_SYMPTOM,S5509
D2021,HAS_SYMPTOM,S5510
D2021,HAS_SYMPTOM,S5511
D2021,HAS_SYMPTOM,S5512
D2021,HAS_SYMPTOM,S5513
D2021,HAS_SYMPTOM,S5514
D2021,HAS_CAUSE,CA4695
D2021,HAS_CAUSE,CA4696
D2021,MANAGED_BY,TR3621
D2021,DIAGNOSED_BY,T2591
D2021,DIAGNOSED_BY,T2592
D2021,DIAGNOSED_BY,T2593
D2021,DIAGNOSED_BY,T2594
D2021,CAN_CAUSE,C1494
D2021,CAN_CAUSE,C1495
D2021,CAN_CAUSE,C1496
D2021,CAN_CAUSE,C1497
D2021,CAN_CAUSE,C1498
D2021,CAN_CAUSE,C1499
D2022,AFFECTS,O005
D2022,HAS_SYMPTOM,S5515
D2022,HAS_SYMPTOM,S5516
D2022,HAS_SYMPTOM,S5517
D2022,HAS_CAUSE,CA4697
D2022,HAS_CAUSE,CA4698
D2022,HAS_CAUSE,CA4699
D2022,HAS_CAUSE,CA4700
D2022,HAS_CAUSE,CA4701
D2022,HAS_CAUSE,CA4702
D2022,MANAGED_BY,TR3622
D2022,DIAGNOSED_BY,T2595
D2022,DIAGNOSED_BY,T2596
D2022,CAN_CAUSE,C1500
D2022,MANAGED_BY,TR3623
D2023,AFFECTS,O005
D2023,HAS_SYMPTOM,S1393
D2023,HAS_SYMPTOM,S5518
D2023,HAS_CAUSE,CA4703
D2023,HAS_CAUSE,CA4704
D2023,HAS_CAUSE,CA4705
D2023,HAS_CAUSE,CA4706
D2023,HAS_CAUSE,CA4707
D2023,HAS_CAUSE,CA091
D2023,DIAGNOSED_BY,T327
D2023,DIAGNOSED_BY,T2597
D2023,DIAGNOSED_BY,T005
D2023,DIAGNOSED_BY,T905
D2023,DIAGNOSED_BY,T2598
D2023,DIAGNOSED_BY,T2599
D2023,DIAGNOSED_BY,T2600
D2023,MANAGED_BY,TR3624
D2024,AFFECTS,O005
D2024,HAS_SYMPTOM,S354
D2024,HAS_SYMPTOM,S833
D2024,HAS_SYMPTOM,S473
D2024,HAS_SYMPTOM,S5519
D2024,HAS_SYMPTOM,S5520
D2024,HAS_SYMPTOM,S5521
D2024,HAS_CAUSE,CA4708
D2024,HAS_CAUSE,CA189
D2024,HAS_CAUSE,CA4704
D2024,HAS_CAUSE,CA4705
D2024,HAS_CAUSE,CA1918
D2024,HAS_CAUSE,CA4709
D2024,HAS_CAUSE,CA4710
D2024,HAS_CAUSE,CA4711
D2024,HAS_CAUSE,CA091
D2024,DIAGNOSED_BY,T327
D2024,DIAGNOSED_BY,T2597
D2024,DIAGNOSED_BY,T005
D2024,DIAGNOSED_BY,T905
D2024,DIAGNOSED_BY,T2601
D2024,DIAGNOSED_BY,T2602
D2024,DIAGNOSED_BY,T2600
D2025,AFFECTS,O005
D2025,HAS_SYMPTOM,S5522
D2025,HAS_SYMPTOM,S5523
D2025,HAS_SYMPTOM,S5524
D2025,HAS_SYMPTOM,S5525
D2025,HAS_SYMPTOM,S5526
D2025,HAS_SYMPTOM,S5527
D2025,HAS_CAUSE,CA4712
D2025,HAS_CAUSE,CA4713
D2025,HAS_CAUSE,CA4714
D2025,HAS_CAUSE,CA404
D2025,HAS_CAUSE,CA4715
D2025,HAS_CAUSE,CA4716
D2025,MANAGED_BY,TR3625
D2025,MANAGED_BY,TR3626
D2025,DIAGNOSED_BY,T057
D2025,DIAGNOSED_BY,T2603
D2025,DIAGNOSED_BY,T172
D2025,MANAGED_BY,TR3627
D2026,AFFECTS,O005
D2026,HAS_SYMPTOM,S5528
D2026,HAS_CAUSE,CA4717
D2026,HAS_CAUSE,CA4718
D2026,HAS_CAUSE,CA4719
D2026,MANAGED_BY,TR3628
D2026,MANAGED_BY,TR3629
D2026,MANAGED_BY,TR3630
D2026,DIAGNOSED_BY,T2604
D2026,DIAGNOSED_BY,T021
D2026,DIAGNOSED_BY,T057
D2027,AFFECTS,O005
D2027,HAS_CAUSE,CA4720
D2027,HAS_CAUSE,CA4721
D2027,HAS_CAUSE,CA4722
RF1549,INCREASES_RISK_OF,D2027
RF1550,INCREASES_RISK_OF,D2027
RF1551,INCREASES_RISK_OF,D2027
D2027,MANAGED_BY,TR3631
D2027,MANAGED_BY,TR3632
D2027,MANAGED_BY,TR3633
D2027,DIAGNOSED_BY,T500
D2027,DIAGNOSED_BY,T2605
D2027,DIAGNOSED_BY,T2606
D2027,DIAGNOSED_BY,T1108
D2027,DIAGNOSED_BY,T1109
D2027,DIAGNOSED_BY,T1110
D2027,DIAGNOSED_BY,T2607
D2027,DIAGNOSED_BY,T2608
D2027,DIAGNOSED_BY,T2609
D2027,MANAGED_BY,TR3634
D2027,MANAGED_BY,TR3635
D2028,AFFECTS,O005
D2029,HAS_SYMPTOM,S5529
D2029,HAS_SYMPTOM,S127
D2029,HAS_SYMPTOM,S1202
D2029,HAS_SYMPTOM,S5530
D2029,HAS_SYMPTOM,S5531
D2029,HAS_SYMPTOM,S5532
RF1552,INCREASES_RISK_OF,D2029
RF1553,INCREASES_RISK_OF,D2029
RF1554,INCREASES_RISK_OF,D2029
RF1555,INCREASES_RISK_OF,D2029
D2030,AFFECTS,O012
D2030,HAS_SYMPTOM,S5533
D2030,HAS_CAUSE,CA4723
D2030,HAS_CAUSE,CA4724
D2030,HAS_CAUSE,CA4725
D2030,HAS_CAUSE,CA4726
D2030,HAS_CAUSE,CA4727
D2030,HAS_CAUSE,CA4728
D2030,HAS_CAUSE,CA4729
D2030,MANAGED_BY,TR3636
D2030,DIAGNOSED_BY,T2610
D2030,DIAGNOSED_BY,T2611
D2030,DIAGNOSED_BY,T2612
D2030,DIAGNOSED_BY,T2613
D2030,MANAGED_BY,TR3637
D2030,MANAGED_BY,TR3638
D2031,AFFECTS,O012
D2031,HAS_SYMPTOM,S5534
D2031,HAS_SYMPTOM,S5535
D2031,DIAGNOSED_BY,T2614
D2031,CAN_CAUSE,C1501
D2031,CAN_CAUSE,C1279
D2032,AFFECTS,O003
D2032,HAS_SYMPTOM,S5536
D2032,HAS_SYMPTOM,S5537
D2032,HAS_SYMPTOM,S5538
D2032,HAS_SYMPTOM,S5539
D2032,HAS_SYMPTOM,S5540
D2032,HAS_CAUSE,CA4730
RF135,INCREASES_RISK_OF,D2032
RF1556,INCREASES_RISK_OF,D2032
RF1557,INCREASES_RISK_OF,D2032
D2032,MANAGED_BY,TR3639
D2032,DIAGNOSED_BY,T2615
D2032,DIAGNOSED_BY,T2616
D2032,DIAGNOSED_BY,T2617
D2032,DIAGNOSED_BY,T2618
D2032,MANAGED_BY,TR3640
D2033,AFFECTS,O003
D2033,HAS_SYMPTOM,S5541
D2033,HAS_SYMPTOM,S3747
D2033,HAS_SYMPTOM,S5542
D2033,HAS_SYMPTOM,S5543
D2033,HAS_CAUSE,CA4731
RF1558,INCREASES_RISK_OF,D2033
RF1559,INCREASES_RISK_OF,D2033
RF1560,INCREASES_RISK_OF,D2033
D2033,MANAGED_BY,TR3641
D2033,MANAGED_BY,TR3642
D2033,DIAGNOSED_BY,T005
D2033,DIAGNOSED_BY,T2619
D2033,DIAGNOSED_BY,T2620
D2033,DIAGNOSED_BY,T2621
D2033,DIAGNOSED_BY,T2622
D2033,CAN_CAUSE,C1502
D2033,MANAGED_BY,TR3643
D2034,AFFECTS,O003
D2034,HAS_SYMPTOM,S5544
D2034,HAS_SYMPTOM,S5545
D2034,HAS_SYMPTOM,S393
D2034,HAS_SYMPTOM,S130
D2034,HAS_SYMPTOM,S052
D2034,HAS_SYMPTOM,S5546
D2034,HAS_SYMPTOM,S5547
D2034,HAS_SYMPTOM,S5548
D2034,HAS_SYMPTOM,S5549
D2034,HAS_SYMPTOM,S5550
D2034,HAS_SYMPTOM,S5551
D2034,HAS_CAUSE,CA4732
D2034,HAS_CAUSE,CA4733
D2034,HAS_CAUSE,CA4734
D2034,HAS_CAUSE,CA4735
D2034,HAS_CAUSE,CA4736
D2034,HAS_CAUSE,CA4737
RF1561,INCREASES_RISK_OF,D2034
RF1562,INCREASES_RISK_OF,D2034
RF1563,INCREASES_RISK_OF,D2034
RF1564,INCREASES_RISK_OF,D2034
RF1565,INCREASES_RISK_OF,D2034
D2034,MANAGED_BY,TR3644
D2034,MANAGED_BY,TR3645
D2034,DIAGNOSED_BY,T2623
D2034,DIAGNOSED_BY,T005
D2034,DIAGNOSED_BY,T051
D2034,DIAGNOSED_BY,T2624
D2034,DIAGNOSED_BY,T251
D2034,DIAGNOSED_BY,T2625
D2034,CAN_CAUSE,C1069
D2034,CAN_CAUSE,C011
D2034,CAN_CAUSE,C1503
D2034,CAN_CAUSE,C1504
D2034,MANAGED_BY,TR3646
D2034,MANAGED_BY,TR3647
D2034,MANAGED_BY,TR3648
D2034,MANAGED_BY,TR3649
D2034,MANAGED_BY,TR3650
D2035,AFFECTS,O003
D2035,HAS_SYMPTOM,S5552
D2035,HAS_SYMPTOM,S5553
D2035,HAS_SYMPTOM,S5554
D2035,HAS_SYMPTOM,S2160
D2035,HAS_SYMPTOM,S5555
D2035,HAS_SYMPTOM,S5556
D2035,MANAGED_BY,TR3651
D2035,DIAGNOSED_BY,T2626
D2035,DIAGNOSED_BY,T094
D2035,DIAGNOSED_BY,T2627
D2035,DIAGNOSED_BY,T005
D2035,DIAGNOSED_BY,T2437
D2035,DIAGNOSED_BY,T2628
D2035,DIAGNOSED_BY,T2348
D2035,DIAGNOSED_BY,T2629
D2035,DIAGNOSED_BY,T2630
D2035,CAN_CAUSE,C032
D2035,CAN_CAUSE,C1505
D2035,CAN_CAUSE,C1198
D2035,CAN_CAUSE,C1506
D2036,HAS_SYMPTOM,S5557
D2036,HAS_SYMPTOM,S514
D2036,HAS_SYMPTOM,S439
D2036,HAS_SYMPTOM,S126
D2036,HAS_SYMPTOM,S127
D2036,HAS_SYMPTOM,S648
D2036,HAS_SYMPTOM,S5558
D2036,HAS_SYMPTOM,S518
D2036,HAS_SYMPTOM,S3401
D2036,HAS_SYMPTOM,S4342
D2036,HAS_SYMPTOM,S760
D2038,AFFECTS,O008
D2038,HAS_SYMPTOM,S5559
D2038,HAS_CAUSE,CA4738
D2038,HAS_CAUSE,CA376
D2038,HAS_CAUSE,CA422
D2038,HAS_CAUSE,CA4739
D2038,HAS_CAUSE,CA4740
D2038,HAS_CAUSE,CA3341
D2038,HAS_CAUSE,CA4741
D2038,HAS_CAUSE,CA4742
D2038,HAS_CAUSE,CA966
D2038,HAS_CAUSE,CA4743
D2038,HAS_CAUSE,CA4744
D2038,HAS_CAUSE,CA4745
D2041,AFFECTS,O005
D2041,HAS_SYMPTOM,S5560
D2041,HAS_SYMPTOM,S663
D2041,HAS_SYMPTOM,S2315
D2041,HAS_SYMPTOM,S5561
D2041,HAS_SYMPTOM,S5562
D2041,HAS_CAUSE,CA4746
D2041,HAS_CAUSE,CA4747
D2041,HAS_CAUSE,CA4748
D2041,HAS_CAUSE,CA2055
D2041,HAS_CAUSE,CA4749
D2041,DIAGNOSED_BY,T580
D2041,DIAGNOSED_BY,T905
D2041,DIAGNOSED_BY,T2631
D2041,DIAGNOSED_BY,T2632
D2041,DIAGNOSED_BY,T2633
D2041,CAN_CAUSE,C1084
D2041,CAN_CAUSE,C526
D2041,CAN_CAUSE,C1213
D2041,CAN_CAUSE,C134
D2041,CAN_CAUSE,C1098
D2041,CAN_CAUSE,C1507
D2041,CAN_CAUSE,C1508
D2042,AFFECTS,O005
D2042,HAS_SYMPTOM,S5563
D2042,HAS_CAUSE,CA4750
RF1566,INCREASES_RISK_OF,D2042
RF1567,INCREASES_RISK_OF,D2042
RF1568,INCREASES_RISK_OF,D2042
RF1569,INCREASES_RISK_OF,D2042
RF380,INCREASES_RISK_OF,D2042
RF1570,INCREASES_RISK_OF,D2042
RF1571,INCREASES_RISK_OF,D2042
D2043,AFFECTS,O018
D2043,HAS_CAUSE,CA1274
D2043,HAS_CAUSE,CA4751
D2043,HAS_CAUSE,CA4752
D2043,HAS_CAUSE,CA4753
D2043,HAS_CAUSE,CA4754
D2043,MANAGED_BY,TR3652
D2045,HAS_SYMPTOM,S5564
D2045,HAS_SYMPTOM,S5565
D2045,HAS_SYMPTOM,S5566
D2045,HAS_CAUSE,CA4755
RF1572,INCREASES_RISK_OF,D2045
RF1573,INCREASES_RISK_OF,D2045
D2046,HAS_CAUSE,CA4756
D2046,HAS_CAUSE,CA4757
D2046,HAS_CAUSE,CA4758
D2046,HAS_CAUSE,CA4759
D2047,HAS_SYMPTOM,S5567
D2047,HAS_SYMPTOM,S5568
D2047,HAS_SYMPTOM,S5569
D2047,HAS_SYMPTOM,S514
D2047,HAS_SYMPTOM,S439
D2047,HAS_SYMPTOM,S126
D2047,HAS_SYMPTOM,S4441
D2047,HAS_SYMPTOM,S648
D2047,HAS_SYMPTOM,S5570
D2047,HAS_SYMPTOM,S517
D2047,HAS_SYMPTOM,S5571
D2047,HAS_SYMPTOM,S518
D2048,AFFECTS,O005
D2048,AFFECTS,O019
D2048,HAS_SYMPTOM,S5572
D2048,HAS_SYMPTOM,S5573
D2048,HAS_SYMPTOM,S5574
D2048,HAS_CAUSE,CA4760
D2049,AFFECTS,O004
D2049,HAS_CAUSE,CA4761
D2049,HAS_CAUSE,CA4762
D2049,HAS_CAUSE,CA4763
D2049,HAS_CAUSE,CA4764
D2049,HAS_CAUSE,CA057
D2049,HAS_CAUSE,CA4765
D2050,AFFECTS,O017
D2050,HAS_CAUSE,CA465
D2050,HAS_CAUSE,CA2371
D2050,HAS_CAUSE,CA4766
D2051,AFFECTS,O011
D2051,HAS_SYMPTOM,S5575
D2051,HAS_SYMPTOM,S5576
D2051,HAS_CAUSE,CA4767
D2051,HAS_CAUSE,CA4768
D2051,HAS_CAUSE,CA4769
D2051,HAS_CAUSE,CA4770
D2051,HAS_CAUSE,CA4771
D2051,HAS_CAUSE,CA4772
D2051,MANAGED_BY,TR3653
D2051,MANAGED_BY,TR3654
D2051,DIAGNOSED_BY,T2634
D2051,DIAGNOSED_BY,T005
D2051,DIAGNOSED_BY,T066
D2051,DIAGNOSED_BY,T132
D2051,DIAGNOSED_BY,T108
D2051,DIAGNOSED_BY,T2635
D2051,CAN_CAUSE,C1509
D2051,MANAGED_BY,TR3655
D2052,AFFECTS,O011
D2053,AFFECTS,O011
D2053,HAS_SYMPTOM,S5577
D2053,HAS_SYMPTOM,S5578
D2053,HAS_SYMPTOM,S041
D2053,HAS_SYMPTOM,S5579
D2053,HAS_SYMPTOM,S042
D2053,HAS_CAUSE,CA4773
D2053,HAS_CAUSE,CA4774
D2053,DIAGNOSED_BY,T066
D2053,DIAGNOSED_BY,T111
D2053,DIAGNOSED_BY,T210
D2053,DIAGNOSED_BY,T2636
D2053,CAN_CAUSE,C1510
D2053,CAN_CAUSE,C256
D2053,MANAGED_BY,TR3656
D2053,MANAGED_BY,TR067
D2053,MANAGED_BY,TR3657
D2054,AFFECTS,O011
D2054,HAS_SYMPTOM,S052
D2054,HAS_SYMPTOM,S5580
D2054,HAS_SYMPTOM,S2912
D2054,HAS_SYMPTOM,S237
D2054,HAS_SYMPTOM,S042
D2054,HAS_SYMPTOM,S5581
D2054,HAS_CAUSE,CA4775
D2054,HAS_CAUSE,CA4776
D2054,HAS_CAUSE,CA4777
D2054,HAS_CAUSE,CA4778
D2054,HAS_CAUSE,CA4779
D2054,HAS_CAUSE,CA4780
RF1574,INCREASES_RISK_OF,D2054
RF1575,INCREASES_RISK_OF,D2054
D2054,MANAGED_BY,TR3658
D2054,MANAGED_BY,TR3659
D2054,MANAGED_BY,TR3660
D2054,DIAGNOSED_BY,T2637
D2054,DIAGNOSED_BY,T2638
D2054,DIAGNOSED_BY,T066
D2054,DIAGNOSED_BY,T789
D2054,DIAGNOSED_BY,T111
D2054,MANAGED_BY,TR3661
D2054,MANAGED_BY,TR3662
D2054,MANAGED_BY,TR3663
D2055,AFFECTS,O011
D2055,HAS_SYMPTOM,S5582
D2055,HAS_SYMPTOM,S5583
RF1576,INCREASES_RISK_OF,D2055
D2055,MANAGED_BY,TR3664
D2055,MANAGED_BY,TR3665
D2055,MANAGED_BY,TR3666
D2055,MANAGED_BY,TR3667
D2056,AFFECTS,O011
D2056,HAS_SYMPTOM,S5584
D2056,HAS_SYMPTOM,S5585
D2056,HAS_SYMPTOM,S284
D2056,HAS_SYMPTOM,S093
D2056,HAS_SYMPTOM,S5586
D2056,HAS_CAUSE,CA4781
D2056,MANAGED_BY,TR3668
D2056,DIAGNOSED_BY,T005
D2056,DIAGNOSED_BY,T066
D2056,DIAGNOSED_BY,T111
D2056,DIAGNOSED_BY,T210
D2056,DIAGNOSED_BY,T2639
D2056,MANAGED_BY,TR3669
D2056,MANAGED_BY,TR3670
D2056,MANAGED_BY,TR3671
D2057,AFFECTS,O011
D2057,HAS_SYMPTOM,S5587
D2057,HAS_CAUSE,CA4782
D2057,MANAGED_BY,TR1221
D2058,AFFECTS,O011
D2058,HAS_SYMPTOM,S201
D2058,HAS_SYMPTOM,S2529
D2058,HAS_SYMPTOM,S041
D2058,HAS_SYMPTOM,S5588
D2058,HAS_SYMPTOM,S093
D2058,HAS_SYMPTOM,S5589
D2058,HAS_CAUSE,CA4783
D2058,HAS_CAUSE,CA4784
D2058,HAS_CAUSE,CA4785
D2058,HAS_CAUSE,CA4786
D2058,HAS_CAUSE,CA4787
D2058,HAS_CAUSE,CA235
D2058,HAS_CAUSE,CA378
D2058,HAS_CAUSE,CA4788
D2058,HAS_CAUSE,CA4789
D2058,HAS_CAUSE,CA4790
D2058,HAS_CAUSE,CA4791
D2058,MANAGED_BY,TR725
D2058,MANAGED_BY,TR3672
D2058,MANAGED_BY,TR3673
D2058,MANAGED_BY,TR2054
D2058,MANAGED_BY,TR119
D2058,MANAGED_BY,TR120
D2058,DIAGNOSED_BY,T2640
D2058,CAN_CAUSE,C1511
D2058,CAN_CAUSE,C1512
D2058,MANAGED_BY,TR3674
D2059,AFFECTS,O005
D2059,HAS_SYMPTOM,S5590
D2059,HAS_CAUSE,CA4792
RF1577,INCREASES_RISK_OF,D2059
RF1578,INCREASES_RISK_OF,D2059
D2059,MANAGED_BY,TR3675
D2060,HAS_SYMPTOM,S5591
D2060,HAS_SYMPTOM,S5592
D2060,HAS_SYMPTOM,S5593
D2060,HAS_SYMPTOM,S5594
D2060,HAS_SYMPTOM,S5595
D2060,HAS_SYMPTOM,S5596
D2060,HAS_SYMPTOM,S5597
D2060,HAS_SYMPTOM,S5598
D2060,HAS_SYMPTOM,S5599
D2060,HAS_SYMPTOM,S2746
D2060,HAS_CAUSE,CA4793
D2060,MANAGED_BY,TR3676
D2061,HAS_SYMPTOM,S052
D2061,HAS_SYMPTOM,S046
D2061,HAS_SYMPTOM,S5600
D2061,HAS_SYMPTOM,S041
D2061,HAS_SYMPTOM,S090
D2061,HAS_SYMPTOM,S3796
D2061,HAS_SYMPTOM,S5601
D2061,HAS_SYMPTOM,S5602
D2062,HAS_SYMPTOM,S5603
D2062,HAS_SYMPTOM,S294
D2062,HAS_SYMPTOM,S5604
D2062,HAS_SYMPTOM,S5605
D2062,HAS_SYMPTOM,S663
D2062,HAS_SYMPTOM,S329
D2062,HAS_SYMPTOM,S056
D2062,HAS_SYMPTOM,S5606
D2062,HAS_SYMPTOM,S127
D2062,HAS_SYMPTOM,S052
D2062,HAS_SYMPTOM,S201
D2063,HAS_SYMPTOM,S5607
D2063,HAS_SYMPTOM,S5608
D2063,HAS_SYMPTOM,S393
D2063,HAS_SYMPTOM,S5609
D2063,HAS_SYMPTOM,S5610
D2063,HAS_SYMPTOM,S5611
D2064,AFFECTS,O014
D2064,HAS_SYMPTOM,S5612
RF1579,INCREASES_RISK_OF,D2064
RF1580,INCREASES_RISK_OF,D2064
RF329,INCREASES_RISK_OF,D2064
RF1581,INCREASES_RISK_OF,D2064
RF1582,INCREASES_RISK_OF,D2064
RF1583,INCREASES_RISK_OF,D2064
D2065,HAS_SYMPTOM,S331
D2065,HAS_SYMPTOM,S041
D2065,HAS_SYMPTOM,S3208
D2065,HAS_SYMPTOM,S5613
D2065,HAS_SYMPTOM,S5614
D2065,HAS_CAUSE,CA4794
D2065,HAS_CAUSE,CA4795
D2065,DIAGNOSED_BY,T155
D2065,DIAGNOSED_BY,T2641
D2065,DIAGNOSED_BY,T051
D2065,DIAGNOSED_BY,T005
D2065,DIAGNOSED_BY,T225
D2065,DIAGNOSED_BY,T2642
D2065,DIAGNOSED_BY,T1125
D2065,CAN_CAUSE,C1513
D2066,AFFECTS,O006
RF1584,INCREASES_RISK_OF,D2066
RF1585,INCREASES_RISK_OF,D2066
RF1586,INCREASES_RISK_OF,D2066
RF1587,INCREASES_RISK_OF,D2066
D2067,HAS_SYMPTOM,S5615
D2067,HAS_SYMPTOM,S5616
D2067,HAS_SYMPTOM,S5617
D2067,HAS_SYMPTOM,S5618
D2067,HAS_SYMPTOM,S5619
D2067,HAS_SYMPTOM,S5620
D2067,HAS_CAUSE,CA2369
D2067,MANAGED_BY,TR3677
D2067,CAN_CAUSE,C1514
D2068,HAS_SYMPTOM,S5621
D2068,HAS_SYMPTOM,S5622
D2068,HAS_SYMPTOM,S5623
D2068,MANAGED_BY,TR3678
D2068,CAN_CAUSE,C1515
D2068,MANAGED_BY,TR3679
D2068,MANAGED_BY,TR3680
D2069,AFFECTS,O007
D2069,HAS_SYMPTOM,S5624
D2069,HAS_SYMPTOM,S5625
D2069,HAS_SYMPTOM,S041
D2069,HAS_SYMPTOM,S077
D2069,HAS_SYMPTOM,S324
D2069,HAS_CAUSE,CA677
D2069,HAS_CAUSE,CA4796
D2069,HAS_CAUSE,CA4797
D2069,MANAGED_BY,TR3681
D2069,MANAGED_BY,TR3682
D2069,DIAGNOSED_BY,T225
D2069,DIAGNOSED_BY,T005
D2069,DIAGNOSED_BY,T051
D2069,CAN_CAUSE,C453
D2069,CAN_CAUSE,C1516
D2069,CAN_CAUSE,C1517
D2069,CAN_CAUSE,C1518
D2070,HAS_SYMPTOM,S5626
D2070,HAS_SYMPTOM,S5627
D2070,HAS_SYMPTOM,S095
D2070,HAS_SYMPTOM,S5628
D2070,HAS_SYMPTOM,S5629
D2070,HAS_SYMPTOM,S5630
D2071,AFFECTS,O015
D2071,HAS_SYMPTOM,S5631
D2071,HAS_SYMPTOM,S416
D2071,HAS_SYMPTOM,S5632
D2071,MANAGED_BY,TR3683
D2071,DIAGNOSED_BY,T2357
D2071,DIAGNOSED_BY,T2643
D2071,DIAGNOSED_BY,T659
D2071,CAN_CAUSE,C1519
D2073,HAS_SYMPTOM,S5633
D2073,HAS_SYMPTOM,S128
D2073,HAS_SYMPTOM,S3207
D2073,HAS_SYMPTOM,S2091
D2073,HAS_SYMPTOM,S393
D2073,HAS_CAUSE,CA4798
D2073,HAS_CAUSE,CA4799
D2073,MANAGED_BY,TR3684
D2073,MANAGED_BY,TR3685
D2073,MANAGED_BY,TR3686
D2073,MANAGED_BY,TR3687
D2073,DIAGNOSED_BY,T1851
D2073,DIAGNOSED_BY,T1906
D2073,DIAGNOSED_BY,T1907
D2073,CAN_CAUSE,C1520
D2073,MANAGED_BY,TR3552
D2074,AFFECTS,O017
D2074,HAS_SYMPTOM,S5634
D2074,HAS_SYMPTOM,S5635
D2074,HAS_SYMPTOM,S1590
D2074,HAS_SYMPTOM,S5636
D2074,HAS_CAUSE,CA4800
D2074,MANAGED_BY,TR3688
D2074,DIAGNOSED_BY,T2195
D2074,DIAGNOSED_BY,T2644
D2074,MANAGED_BY,TR3689
D2074,MANAGED_BY,TR3690
D2074,MANAGED_BY,TR3691
D2075,AFFECTS,O006
D2075,HAS_CAUSE,CA4801
D2075,HAS_CAUSE,CA4802
D2075,HAS_CAUSE,CA4803
D2075,HAS_CAUSE,CA4804
RF1588,INCREASES_RISK_OF,D2075
RF1589,INCREASES_RISK_OF,D2075
D2075,MANAGED_BY,TR3692
D2076,HAS_SYMPTOM,S5637
D2076,HAS_SYMPTOM,S5638
D2076,HAS_SYMPTOM,S5639
D2076,HAS_SYMPTOM,S1202
D2076,HAS_SYMPTOM,S2091
D2076,HAS_CAUSE,CA4805
D2076,HAS_CAUSE,CA4806
D2076,HAS_CAUSE,CA4807
D2076,HAS_CAUSE,CA4808
D2076,MANAGED_BY,TR3693
D2076,MANAGED_BY,TR3694
D2076,CAN_CAUSE,C1521
D2076,CAN_CAUSE,C1522
D2076,CAN_CAUSE,C1523
D2076,MANAGED_BY,TR3695
D2076,MANAGED_BY,TR3696
D2077,AFFECTS,O012
RF1590,INCREASES_RISK_OF,D2077
D2078,HAS_SYMPTOM,S1412
D2078,HAS_SYMPTOM,S041
D2078,HAS_SYMPTOM,S189
D2078,HAS_SYMPTOM,S1741
D2078,HAS_SYMPTOM,S127
D2078,HAS_SYMPTOM,S663
D2078,HAS_SYMPTOM,S5640
D2078,HAS_CAUSE,CA4809
D2078,HAS_CAUSE,CA4810
D2078,HAS_CAUSE,CA4811
D2078,MANAGED_BY,TR3697
D2078,DIAGNOSED_BY,T2645
D2078,DIAGNOSED_BY,T2646
D2078,CAN_CAUSE,C1524
D2078,CAN_CAUSE,C011
D2078,CAN_CAUSE,C1525
D2079,HAS_SYMPTOM,S127
D2079,HAS_SYMPTOM,S189
D2079,HAS_SYMPTOM,S5641
D2079,HAS_SYMPTOM,S5642
D2079,HAS_SYMPTOM,S4591
D2079,HAS_SYMPTOM,S663
D2079,HAS_SYMPTOM,S5643
D2079,HAS_SYMPTOM,S5644
D2079,HAS_SYMPTOM,S416
D2079,HAS_CAUSE,CA4812
D2079,DIAGNOSED_BY,T2647
D2079,DIAGNOSED_BY,T1754
D2079,DIAGNOSED_BY,T2648
D2079,DIAGNOSED_BY,T836
D2079,DIAGNOSED_BY,T2649
D2079,DIAGNOSED_BY,T2650
D2079,DIAGNOSED_BY,T2651
D2079,DIAGNOSED_BY,T125
D2079,DIAGNOSED_BY,T2652
D2079,DIAGNOSED_BY,T2653
D2079,DIAGNOSED_BY,T1602
D2079,CAN_CAUSE,C1526
D2079,CAN_CAUSE,C1527
D2079,CAN_CAUSE,C1069
D2079,CAN_CAUSE,C013
D2079,CAN_CAUSE,C712
D2079,CAN_CAUSE,C986
D2079,CAN_CAUSE,C1528
D2079,MANAGED_BY,TR3463
D2080,AFFECTS,O001
D2080,HAS_SYMPTOM,S046
D2080,HAS_SYMPTOM,S347
D2080,HAS_CAUSE,CA4813
D2080,HAS_CAUSE,CA4814
D2080,HAS_CAUSE,CA4815
D2080,HAS_CAUSE,CA410
D2080,MANAGED_BY,TR3698
D2080,MANAGED_BY,TR3699
D2080,MANAGED_BY,TR3700
D2080,MANAGED_BY,TR3701
D2080,MANAGED_BY,TR3702
D2080,DIAGNOSED_BY,T2654
D2080,DIAGNOSED_BY,T2655
D2080,DIAGNOSED_BY,T2656
D2080,DIAGNOSED_BY,T2657
D2081,AFFECTS,O018
D2082,AFFECTS,O018
D2083,AFFECTS,O005
D2084,HAS_SYMPTOM,S5645
D2084,HAS_CAUSE,CA1031
D2084,HAS_CAUSE,CA4816
D2085,AFFECTS,O004
D2085,HAS_CAUSE,CA4817
D2085,HAS_CAUSE,CA4818
D2085,HAS_CAUSE,CA4819
D2085,HAS_CAUSE,CA4820
D2085,HAS_CAUSE,CA4821
D2085,HAS_CAUSE,CA4822
D2085,HAS_CAUSE,CA4823
D2085,HAS_CAUSE,CA4824
D2085,HAS_CAUSE,CA4825
D2085,HAS_CAUSE,CA4826
D2085,HAS_CAUSE,CA4827
D2085,HAS_CAUSE,CA056
D2086,HAS_CAUSE,CA4828
RF1007,INCREASES_RISK_OF,D2086
RF1591,INCREASES_RISK_OF,D2086
RF1592,INCREASES_RISK_OF,D2086
RF1593,INCREASES_RISK_OF,D2086
RF1594,INCREASES_RISK_OF,D2086
D2086,MANAGED_BY,TR3703
D2086,MANAGED_BY,TR3704
D2087,AFFECTS,O005
D2087,HAS_CAUSE,CA4829
D2087,MANAGED_BY,TR3705
D2087,MANAGED_BY,TR3706
D2088,AFFECTS,O001
D2088,AFFECTS,O004
D2088,HAS_SYMPTOM,S5646
D2088,HAS_CAUSE,CA4830
D2088,HAS_CAUSE,CA4831
D2088,HAS_CAUSE,CA4832
RF1595,INCREASES_RISK_OF,D2088
RF1596,INCREASES_RISK_OF,D2088
RF1597,INCREASES_RISK_OF,D2088
D2088,MANAGED_BY,TR3707
D2088,MANAGED_BY,TR3708
D2088,MANAGED_BY,TR3709
D2089,DIAGNOSED_BY,T2658
D2089,DIAGNOSED_BY,T2659
D2089,DIAGNOSED_BY,T2660
D2091,HAS_SYMPTOM,S5647
D2091,HAS_SYMPTOM,S2076
D2091,HAS_SYMPTOM,S5648
D2091,HAS_SYMPTOM,S5649
D2091,HAS_CAUSE,CA4833
D2091,HAS_CAUSE,CA4834
RF1598,INCREASES_RISK_OF,D2091
RF1599,INCREASES_RISK_OF,D2091
RF1600,INCREASES_RISK_OF,D2091
RF1601,INCREASES_RISK_OF,D2091
RF1602,INCREASES_RISK_OF,D2091
RF079,INCREASES_RISK_OF,D2091
RF1603,INCREASES_RISK_OF,D2091
RF1604,INCREASES_RISK_OF,D2091
RF1605,INCREASES_RISK_OF,D2091
D2091,MANAGED_BY,TR3710
D2091,MANAGED_BY,TR3711
D2092,HAS_CAUSE,CA4835
D2092,HAS_CAUSE,CA001
D2092,HAS_CAUSE,CA125
D2092,HAS_CAUSE,CA4836
D2092,HAS_CAUSE,CA4837
D2092,HAS_CAUSE,CA4838
D2092,HAS_CAUSE,CA4839
D2093,AFFECTS,O005
D2093,HAS_SYMPTOM,S771
D2093,HAS_CAUSE,CA001
D2093,HAS_CAUSE,CA4840
D2093,HAS_CAUSE,CA4841
RF1606,INCREASES_RISK_OF,D2093
RF1607,INCREASES_RISK_OF,D2093
RF1608,INCREASES_RISK_OF,D2093
RF1609,INCREASES_RISK_OF,D2093
D2095,AFFECTS,O006
RF1610,INCREASES_RISK_OF,D2095
D2095,MANAGED_BY,TR3712
D2095,MANAGED_BY,TR3713
D2096,AFFECTS,O001
D2097,HAS_SYMPTOM,S5650
D2097,HAS_SYMPTOM,S5651
D2097,HAS_CAUSE,CA4842
RF1611,INCREASES_RISK_OF,D2097
RF1612,INCREASES_RISK_OF,D2097
D2098,HAS_SYMPTOM,S5652
D2098,HAS_SYMPTOM,S5653
D2098,HAS_SYMPTOM,S5654
D2098,HAS_SYMPTOM,S5655
D2098,HAS_SYMPTOM,S098
D2098,HAS_SYMPTOM,S4757
D2098,HAS_SYMPTOM,S5656
D2098,HAS_SYMPTOM,S5657
D2098,HAS_SYMPTOM,S5658
D2098,HAS_SYMPTOM,S5659
D2098,HAS_CAUSE,CA4843
D2098,HAS_CAUSE,CA4844
D2098,DIAGNOSED_BY,T2661
D2098,CAN_CAUSE,C1529
D2098,CAN_CAUSE,C1530
D2098,CAN_CAUSE,C1531
D2099,AFFECTS,O002
D2099,HAS_SYMPTOM,S5660
D2099,HAS_SYMPTOM,S5661
D2099,HAS_SYMPTOM,S5662
D2099,HAS_CAUSE,CA4845
RF1613,INCREASES_RISK_OF,D2099
D2100,HAS_SYMPTOM,S5663
D2100,HAS_SYMPTOM,S052
D2100,HAS_SYMPTOM,S056
D2100,HAS_SYMPTOM,S093
D2100,HAS_SYMPTOM,S127
D2100,HAS_SYMPTOM,S5664
D2100,HAS_SYMPTOM,S5665
D2100,HAS_CAUSE,CA4846
D2100,HAS_CAUSE,CA4712
D2100,HAS_CAUSE,CA4847
D2100,HAS_CAUSE,CA4848
D2100,MANAGED_BY,TR3714
D2100,MANAGED_BY,TR3715
D2100,MANAGED_BY,TR3716
D2100,CAN_CAUSE,C206
D2100,CAN_CAUSE,C1532
D2100,CAN_CAUSE,C1533
D2100,MANAGED_BY,TR132
D2101,AFFECTS,O005
D2102,HAS_SYMPTOM,S041
D2102,HAS_SYMPTOM,S5666
D2102,HAS_SYMPTOM,S5667
D2102,HAS_SYMPTOM,S1662
D2102,HAS_SYMPTOM,S5668
D2102,HAS_SYMPTOM,S5669
D2102,HAS_SYMPTOM,S5670
D2102,HAS_SYMPTOM,S5671
D2102,HAS_SYMPTOM,S5672
D2102,HAS_SYMPTOM,S5673
D2102,HAS_SYMPTOM,S284
D2102,HAS_SYMPTOM,S5674
D2102,HAS_CAUSE,CA4849
D2102,HAS_CAUSE,CA4850
D2102,HAS_CAUSE,CA4851
D2102,HAS_CAUSE,CA4852
RF1614,INCREASES_RISK_OF,D2102
D2102,MANAGED_BY,TR3717
D2102,MANAGED_BY,TR3718
D2102,MANAGED_BY,TR3719
D2102,DIAGNOSED_BY,T2662
D2102,CAN_CAUSE,C287
D2102,CAN_CAUSE,C058
D2102,CAN_CAUSE,C1534
D2102,MANAGED_BY,TR3720
D2102,MANAGED_BY,TR3721
D2102,MANAGED_BY,TR3722
D2102,MANAGED_BY,TR3723
D2102,MANAGED_BY,TR3724
D2104,AFFECTS,O005
D2104,HAS_SYMPTOM,S101
D2104,HAS_SYMPTOM,S5675
RF1615,INCREASES_RISK_OF,D2104
RF1616,INCREASES_RISK_OF,D2104
RF1617,INCREASES_RISK_OF,D2104
D2105,HAS_SYMPTOM,S5676
D2105,HAS_CAUSE,CA4853
D2105,HAS_CAUSE,CA4854
D2105,HAS_CAUSE,CA4855
D2105,HAS_CAUSE,CA4856
RF1618,INCREASES_RISK_OF,D2105
RF1619,INCREASES_RISK_OF,D2105
RF087,INCREASES_RISK_OF,D2105
RF1620,INCREASES_RISK_OF,D2105
RF264,INCREASES_RISK_OF,D2105
RF260,INCREASES_RISK_OF,D2105
D2106,HAS_SYMPTOM,S5677
D2106,HAS_CAUSE,CA4857
D2106,MANAGED_BY,TR3725
D2106,MANAGED_BY,TR3726
D2106,MANAGED_BY,TR3727
D2106,MANAGED_BY,TR3728
D2106,MANAGED_BY,TR3729
D2106,MANAGED_BY,TR3730
D2106,MANAGED_BY,TR1167
D2106,MANAGED_BY,TR3731
D2106,DIAGNOSED_BY,T2663
D2106,CAN_CAUSE,C1535
D2106,CAN_CAUSE,C443
D2106,CAN_CAUSE,C507
D2106,CAN_CAUSE,C1536
D2107,HAS_SYMPTOM,S5678
D2107,HAS_SYMPTOM,S5679
D2107,HAS_SYMPTOM,S045
D2108,HAS_CAUSE,CA4858
D2108,HAS_CAUSE,CA4859
RF1621,INCREASES_RISK_OF,D2108
RF678,INCREASES_RISK_OF,D2108
D2109,AFFECTS,O020
D2109,HAS_SYMPTOM,S474
D2109,HAS_SYMPTOM,S4603
D2109,HAS_CAUSE,CA4860
D2109,MANAGED_BY,TR3732
D2109,MANAGED_BY,TR3733
D2109,MANAGED_BY,TR3734
D2109,MANAGED_BY,TR3735
D2109,CAN_CAUSE,C206
D2109,CAN_CAUSE,C1537
D2109,MANAGED_BY,TR3736
D2109,MANAGED_BY,TR3737
D2109,MANAGED_BY,TR3738
D2110,AFFECTS,O020
D2111,AFFECTS,O020
D2111,HAS_CAUSE,CA4626
D2111,HAS_CAUSE,CA4861
D2111,HAS_CAUSE,CA4862
D2111,HAS_CAUSE,CA4863
D2111,HAS_CAUSE,CA4864
D2111,HAS_CAUSE,CA4865
D2111,HAS_CAUSE,CA378
D2111,HAS_CAUSE,CA1827
D2111,HAS_CAUSE,CA001
D2111,HAS_CAUSE,CA4866
D2111,HAS_CAUSE,CA4867
D2111,HAS_CAUSE,CA2398
D2112,HAS_SYMPTOM,S294
D2112,HAS_SYMPTOM,S1884
D2112,HAS_SYMPTOM,S5680
D2112,HAS_SYMPTOM,S1498
D2112,HAS_SYMPTOM,S495
D2112,HAS_SYMPTOM,S487
D2112,HAS_SYMPTOM,S1887
D2112,HAS_SYMPTOM,S1888
D2112,HAS_SYMPTOM,S5681
D2112,HAS_SYMPTOM,S5682
D2112,HAS_SYMPTOM,S1180
D2112,HAS_SYMPTOM,S5683
D2113,HAS_SYMPTOM,S046
D2113,HAS_SYMPTOM,S5684
D2113,HAS_SYMPTOM,S5685
D2113,HAS_SYMPTOM,S393
D2113,HAS_SYMPTOM,S5686
D2113,HAS_SYMPTOM,S5687
D2113,HAS_SYMPTOM,S5688
D2114,HAS_SYMPTOM,S5689
D2114,HAS_SYMPTOM,S328
D2114,HAS_SYMPTOM,S1169
D2114,HAS_SYMPTOM,S5690
D2114,HAS_SYMPTOM,S127
D2114,HAS_SYMPTOM,S052
D2114,HAS_SYMPTOM,S042
D2114,HAS_SYMPTOM,S5691
D2114,HAS_SYMPTOM,S5692
D2114,HAS_SYMPTOM,S5693
D2114,HAS_SYMPTOM,S616
D2114,HAS_SYMPTOM,S046
D2115,AFFECTS,O016
D2115,HAS_SYMPTOM,S5694
D2115,HAS_SYMPTOM,S393
D2115,HAS_SYMPTOM,S130
D2115,HAS_SYMPTOM,S5695
D2115,HAS_SYMPTOM,S045
D2115,HAS_SYMPTOM,S133
D2115,HAS_SYMPTOM,S517
D2115,HAS_SYMPTOM,S474
D2115,HAS_SYMPTOM,S5696
D2115,HAS_CAUSE,CA4868
RF1622,INCREASES_RISK_OF,D2115
D2115,MANAGED_BY,TR3739
D2115,MANAGED_BY,TR3740
D2115,MANAGED_BY,TR3741
D2115,MANAGED_BY,TR3742
D2115,MANAGED_BY,TR3743
D2115,DIAGNOSED_BY,T2664
D2115,DIAGNOSED_BY,T2665
D2115,DIAGNOSED_BY,T2666
D2115,DIAGNOSED_BY,T2667
D2115,DIAGNOSED_BY,T2668
D2115,CAN_CAUSE,C983
D2115,CAN_CAUSE,C984
D2115,CAN_CAUSE,C1538
D2115,MANAGED_BY,TR3744
D2116,AFFECTS,O008
D2116,AFFECTS,O004
D2117,HAS_SYMPTOM,S041
D2117,HAS_SYMPTOM,S5697
D2117,HAS_SYMPTOM,S5698
D2117,MANAGED_BY,TR3745
D2117,DIAGNOSED_BY,T2669
D2117,DIAGNOSED_BY,T2670
D2117,DIAGNOSED_BY,T1607
D2117,CAN_CAUSE,C1539
D2117,CAN_CAUSE,C1540
D2117,MANAGED_BY,TR3746
D2118,AFFECTS,O001
D2118,HAS_SYMPTOM,S5699
RF1623,INCREASES_RISK_OF,D2118
RF1624,INCREASES_RISK_OF,D2118
RF1625,INCREASES_RISK_OF,D2118
D2119,AFFECTS,O001
D2119,HAS_CAUSE,CA1074
D2119,HAS_CAUSE,CA4869
D2119,HAS_CAUSE,CA4870
D2119,HAS_CAUSE,CA4871
D2119,MANAGED_BY,TR3747
D2119,MANAGED_BY,TR3748
D2119,MANAGED_BY,TR3749
D2119,DIAGNOSED_BY,T2671
D2119,DIAGNOSED_BY,T2672
D2119,DIAGNOSED_BY,T2673
D2119,DIAGNOSED_BY,T2674
D2119,DIAGNOSED_BY,T2675
D2119,MANAGED_BY,TR3750
D2120,AFFECTS,O001
D2120,AFFECTS,O005
D2120,HAS_SYMPTOM,S1176
D2120,HAS_SYMPTOM,S5700
D2120,HAS_CAUSE,CA4872
D2120,HAS_CAUSE,CA4873
D2120,HAS_CAUSE,CA4874
D2120,MANAGED_BY,TR3751
D2120,DIAGNOSED_BY,T225
D2120,DIAGNOSED_BY,T351
D2120,DIAGNOSED_BY,T005
D2120,DIAGNOSED_BY,T051
D2120,DIAGNOSED_BY,T2676
D2120,DIAGNOSED_BY,T2677
D2120,DIAGNOSED_BY,T2678
D2120,CAN_CAUSE,C1541
D2120,CAN_CAUSE,C250
D2120,CAN_CAUSE,C1542
D2121,AFFECTS,O001
D2121,HAS_SYMPTOM,S5701
D2121,HAS_SYMPTOM,S133
D2121,HAS_SYMPTOM,S5702
D2121,HAS_SYMPTOM,S5703
D2121,HAS_SYMPTOM,S056
D2121,HAS_CAUSE,CA4875
D2121,MANAGED_BY,TR3752
D2121,MANAGED_BY,TR1844
D2121,DIAGNOSED_BY,T005
D2121,DIAGNOSED_BY,T225
D2121,DIAGNOSED_BY,T051
D2121,DIAGNOSED_BY,T2679
D2121,DIAGNOSED_BY,T2680
D2121,CAN_CAUSE,C134
D2121,CAN_CAUSE,C220
D2121,CAN_CAUSE,C1543
D2121,CAN_CAUSE,C1544
D2121,MANAGED_BY,TR3753
D2121,MANAGED_BY,TR3754
D2121,MANAGED_BY,TR3755
D2122,HAS_SYMPTOM,S5704
D2122,HAS_SYMPTOM,S5705
D2122,HAS_SYMPTOM,S5706
D2122,HAS_SYMPTOM,S5707
D2122,HAS_SYMPTOM,S5708
D2122,HAS_SYMPTOM,S5709
D2122,HAS_SYMPTOM,S5710
D2122,HAS_SYMPTOM,S5711
D2122,HAS_SYMPTOM,S5712
D2122,HAS_SYMPTOM,S5713
RF1626,INCREASES_RISK_OF,D2122
RF1627,INCREASES_RISK_OF,D2122
RF1628,INCREASES_RISK_OF,D2122
RF1629,INCREASES_RISK_OF,D2122
RF1630,INCREASES_RISK_OF,D2122
D2123,AFFECTS,O019
D2123,HAS_SYMPTOM,S5714
D2123,HAS_CAUSE,CA1598
D2123,HAS_CAUSE,CA4876
D2123,HAS_CAUSE,CA4877
D2123,HAS_CAUSE,CA4878
D2123,HAS_CAUSE,CA4879
D2123,HAS_CAUSE,CA4880
D2123,HAS_CAUSE,CA4881
D2123,HAS_CAUSE,CA4882
D2123,HAS_CAUSE,CA4883
D2123,HAS_CAUSE,CA4884
RF1631,INCREASES_RISK_OF,D2123
D2123,MANAGED_BY,TR3756
D2123,MANAGED_BY,TR3757
D2123,CAN_CAUSE,C1545
D2123,CAN_CAUSE,C1546
D2123,CAN_CAUSE,C1547
D2123,CAN_CAUSE,C943
D2123,CAN_CAUSE,C643
D2123,CAN_CAUSE,C646
D2123,CAN_CAUSE,C1548
D2123,CAN_CAUSE,C1549
D2123,MANAGED_BY,TR3758
D2124,AFFECTS,O004
D2124,AFFECTS,O019
D2124,HAS_SYMPTOM,S5715
D2124,HAS_CAUSE,CA4885
D2124,HAS_CAUSE,CA4886
D2124,HAS_CAUSE,CA4887
D2124,HAS_CAUSE,CA4888
D2124,HAS_CAUSE,CA4889
D2124,HAS_CAUSE,CA4890
D2124,MANAGED_BY,TR1595
D2124,MANAGED_BY,TR3759
D2124,MANAGED_BY,TR3760
D2124,MANAGED_BY,TR3761
D2124,MANAGED_BY,TR3762
D2124,MANAGED_BY,TR3763
D2124,MANAGED_BY,TR3764
D2124,MANAGED_BY,TR3765
D2125,AFFECTS,O017
D2125,HAS_SYMPTOM,S5716
D2125,HAS_SYMPTOM,S5717
D2125,HAS_SYMPTOM,S5718
D2125,HAS_CAUSE,CA4891
D2125,HAS_CAUSE,CA4892
D2125,HAS_CAUSE,CA4893
D2125,HAS_CAUSE,CA4894
D2125,HAS_CAUSE,CA4895
D2125,MANAGED_BY,TR3766
D2125,MANAGED_BY,TR3767
D2125,MANAGED_BY,TR3768
D2125,DIAGNOSED_BY,T327
D2125,DIAGNOSED_BY,T394
D2125,DIAGNOSED_BY,T022
D2125,DIAGNOSED_BY,T663
D2126,AFFECTS,O001
D2126,AFFECTS,O005
D2126,HAS_SYMPTOM,S133
D2126,HAS_SYMPTOM,S5719
D2126,HAS_CAUSE,CA187
D2126,HAS_CAUSE,CA4896
D2126,HAS_CAUSE,CA101
D2126,HAS_CAUSE,CA410
D2126,HAS_CAUSE,CA1046
D2126,HAS_CAUSE,CA4897
D2126,HAS_CAUSE,CA400
D2126,HAS_CAUSE,CA4898
D2126,HAS_CAUSE,CA4899
D2126,HAS_CAUSE,CA943
D2126,HAS_CAUSE,CA818
D2126,HAS_CAUSE,CA110
D2126,MANAGED_BY,TR3769
D2126,MANAGED_BY,TR3770
D2126,MANAGED_BY,TR3771
D2126,MANAGED_BY,TR3772
D2126,DIAGNOSED_BY,T051
D2126,DIAGNOSED_BY,T005
D2126,DIAGNOSED_BY,T225
D2126,DIAGNOSED_BY,T2681
D2126,DIAGNOSED_BY,T052
D2126,DIAGNOSED_BY,T2682
D2126,DIAGNOSED_BY,T359
D2126,CAN_CAUSE,C1550
D2126,CAN_CAUSE,C1551
D2127,AFFECTS,O001
D2128,AFFECTS,O001
D2128,HAS_SYMPTOM,S2000
D2128,HAS_SYMPTOM,S5720
D2128,HAS_SYMPTOM,S5721
D2128,HAS_SYMPTOM,S5722
D2128,HAS_SYMPTOM,S5723
D2128,HAS_CAUSE,CA189
D2128,HAS_CAUSE,CA410
D2128,HAS_CAUSE,CA4900
D2128,MANAGED_BY,TR3773
D2128,MANAGED_BY,TR3774
D2128,DIAGNOSED_BY,T2683
D2128,DIAGNOSED_BY,T2684
D2128,DIAGNOSED_BY,T2685
D2128,DIAGNOSED_BY,T2686
D2128,DIAGNOSED_BY,T2687
D2128,DIAGNOSED_BY,T2688
D2128,DIAGNOSED_BY,T366
D2128,DIAGNOSED_BY,T2689
D2128,DIAGNOSED_BY,T416
D2128,CAN_CAUSE,C1552
D2128,CAN_CAUSE,C1553
D2128,MANAGED_BY,TR3775
D2128,MANAGED_BY,TR3776
D2129,AFFECTS,O001
D2130,AFFECTS,O006
D2130,HAS_SYMPTOM,S5724
D2130,HAS_SYMPTOM,S5725
D2130,HAS_SYMPTOM,S5726
D2130,HAS_SYMPTOM,S5727
D2130,HAS_SYMPTOM,S5728
D2130,HAS_SYMPTOM,S5729
D2130,HAS_SYMPTOM,S5730
D2130,HAS_SYMPTOM,S5731
D2130,HAS_SYMPTOM,S680
D2130,HAS_SYMPTOM,S5732
RF1632,INCREASES_RISK_OF,D2130
RF1633,INCREASES_RISK_OF,D2130
D2131,AFFECTS,O006
D2131,HAS_SYMPTOM,S5733
D2131,HAS_SYMPTOM,S5734
D2132,AFFECTS,O006
D2132,HAS_CAUSE,CA4901
D2132,HAS_CAUSE,CA4902
D2132,HAS_CAUSE,CA4903
D2132,HAS_CAUSE,CA3504
D2132,HAS_CAUSE,CA4904
D2132,HAS_CAUSE,CA4905
RF1634,INCREASES_RISK_OF,D2132
RF1635,INCREASES_RISK_OF,D2132
RF1636,INCREASES_RISK_OF,D2132
RF1637,INCREASES_RISK_OF,D2132
D2132,DIAGNOSED_BY,T2690
D2132,DIAGNOSED_BY,T2691
D2132,DIAGNOSED_BY,T2692
D2132,DIAGNOSED_BY,T2693
D2132,MANAGED_BY,TR3777
D2132,MANAGED_BY,TR233
D2132,MANAGED_BY,TR278
D2132,MANAGED_BY,TR3778
D2132,MANAGED_BY,TR3779
D2132,MANAGED_BY,TR3780
D2132,MANAGED_BY,TR3781
D2132,MANAGED_BY,TR3782
D2132,MANAGED_BY,TR3783
D2132,MANAGED_BY,TR3784
D2132,MANAGED_BY,TR3785
D2132,MANAGED_BY,TR3786
D2133,AFFECTS,O014
D2133,HAS_SYMPTOM,S5735
D2133,HAS_SYMPTOM,S5736
D2133,HAS_CAUSE,CA4906
D2133,HAS_CAUSE,CA4907
D2133,HAS_CAUSE,CA4908
D2133,HAS_CAUSE,CA4909
D2133,HAS_CAUSE,CA4910
D2133,HAS_CAUSE,CA4911
D2133,HAS_CAUSE,CA4912
D2133,HAS_CAUSE,CA4913
RF1638,INCREASES_RISK_OF,D2133
RF1639,INCREASES_RISK_OF,D2133
RF1640,INCREASES_RISK_OF,D2133
RF1641,INCREASES_RISK_OF,D2133
RF1642,INCREASES_RISK_OF,D2133
RF1643,INCREASES_RISK_OF,D2133
RF1644,INCREASES_RISK_OF,D2133
RF1645,INCREASES_RISK_OF,D2133
D2134,AFFECTS,O005
D2134,HAS_CAUSE,CA4914
RF1646,INCREASES_RISK_OF,D2134
D2134,MANAGED_BY,TR3787
D2135,AFFECTS,O008
D2135,HAS_SYMPTOM,S1412
D2135,HAS_SYMPTOM,S041
D2135,HAS_SYMPTOM,S5737
D2135,HAS_SYMPTOM,S098
D2135,HAS_CAUSE,CA189
D2135,HAS_CAUSE,CA4915
D2135,HAS_CAUSE,CA4916
D2135,HAS_CAUSE,CA4917
D2135,MANAGED_BY,TR3788
D2135,MANAGED_BY,TR3789
D2135,MANAGED_BY,TR3790
D2135,MANAGED_BY,TR3791
D2135,DIAGNOSED_BY,T327
D2135,DIAGNOSED_BY,T066
D2135,DIAGNOSED_BY,T210
D2135,DIAGNOSED_BY,T125
D2135,DIAGNOSED_BY,T560
D2135,CAN_CAUSE,C1554
D2135,MANAGED_BY,TR3792
D2135,MANAGED_BY,TR3793
D2136,HAS_SYMPTOM,S5738
D2136,HAS_SYMPTOM,S5739
D2136,HAS_CAUSE,CA279
RF498,INCREASES_RISK_OF,D2136
RF1647,INCREASES_RISK_OF,D2136
D2137,HAS_SYMPTOM,S5740
D2137,HAS_SYMPTOM,S5741
D2137,HAS_CAUSE,CA4918
D2137,HAS_CAUSE,CA4919
D2137,HAS_CAUSE,CA4920
D2137,MANAGED_BY,TR3794
D2137,MANAGED_BY,TR3795
D2137,DIAGNOSED_BY,T821
D2137,MANAGED_BY,TR3796
D2138,HAS_SYMPTOM,S5742
D2138,HAS_SYMPTOM,S127
D2138,HAS_SYMPTOM,S309
D2138,HAS_SYMPTOM,S041
D2138,HAS_SYMPTOM,S3737
D2138,HAS_SYMPTOM,S393
D2138,HAS_SYMPTOM,S965
D2138,HAS_SYMPTOM,S312
D2138,HAS_SYMPTOM,S5743
D2138,HAS_CAUSE,CA4921
D2138,MANAGED_BY,TR1844
D2138,MANAGED_BY,TR3797
D2138,DIAGNOSED_BY,T327
D2138,DIAGNOSED_BY,T2694
D2138,DIAGNOSED_BY,T2695
D2138,DIAGNOSED_BY,T005
D2138,DIAGNOSED_BY,T395
D2138,DIAGNOSED_BY,T2696
D2138,DIAGNOSED_BY,T125
D2138,CAN_CAUSE,C1521
D2138,CAN_CAUSE,C1555
D2138,CAN_CAUSE,C1556
D2139,HAS_SYMPTOM,S1412
D2139,HAS_SYMPTOM,S1202
D2139,HAS_SYMPTOM,S042
D2139,HAS_CAUSE,CA4922
D2139,HAS_CAUSE,CA556
D2139,HAS_CAUSE,CA444
D2139,HAS_CAUSE,CA4923
D2139,HAS_CAUSE,CA4924
D2139,MANAGED_BY,TR3798
D2139,MANAGED_BY,TR3799
D2139,DIAGNOSED_BY,T2697
D2139,DIAGNOSED_BY,T2698
D2139,DIAGNOSED_BY,T2699
D2139,DIAGNOSED_BY,T005
D2139,DIAGNOSED_BY,T2700
D2139,MANAGED_BY,TR3800
D2140,HAS_SYMPTOM,S473
D2140,HAS_SYMPTOM,S5744
D2140,HAS_SYMPTOM,S5745
D2140,HAS_SYMPTOM,S5746
D2140,HAS_SYMPTOM,S684
D2140,HAS_SYMPTOM,S5747
D2140,HAS_SYMPTOM,S5748
D2140,HAS_SYMPTOM,S141
D2140,HAS_SYMPTOM,S5749
D2140,HAS_SYMPTOM,S5750
D2140,HAS_SYMPTOM,S4803
D2140,MANAGED_BY,TR3801
D2140,MANAGED_BY,TR3802
D2140,MANAGED_BY,TR3803
D2140,DIAGNOSED_BY,T2701
D2140,CAN_CAUSE,C1557
D2140,CAN_CAUSE,C1558
D2140,MANAGED_BY,TR3804
D2140,MANAGED_BY,TR3805
D2140,MANAGED_BY,TR3806
D2141,AFFECTS,O006
D2141,AFFECTS,O002
D2141,HAS_CAUSE,CA4925
D2141,MANAGED_BY,TR3807
D2141,MANAGED_BY,TR3808
D2141,DIAGNOSED_BY,T2702
D2141,DIAGNOSED_BY,T2703
D2141,DIAGNOSED_BY,T177
D2142,AFFECTS,O002
D2142,HAS_SYMPTOM,S5751
D2142,HAS_SYMPTOM,S393
D2142,HAS_SYMPTOM,S312
D2142,HAS_SYMPTOM,S5752
D2142,HAS_SYMPTOM,S093
D2142,HAS_SYMPTOM,S5753
D2142,HAS_SYMPTOM,S5754
D2142,HAS_SYMPTOM,S5755
D2142,HAS_SYMPTOM,S5756
D2142,HAS_SYMPTOM,S616
D2142,HAS_SYMPTOM,S142
D2142,HAS_SYMPTOM,S3196
D2142,HAS_CAUSE,CA4926
D2142,HAS_CAUSE,CA1812
D2142,HAS_CAUSE,CA711
D2142,HAS_CAUSE,CA378
D2142,HAS_CAUSE,CA559
D2142,HAS_CAUSE,CA4927
D2142,HAS_CAUSE,CA4928
D2142,HAS_CAUSE,CA4929
D2142,HAS_CAUSE,CA4930
D2142,HAS_CAUSE,CA4931
D2142,HAS_CAUSE,CA019
D2142,HAS_CAUSE,CA4932
D2142,MANAGED_BY,TR3809
D2142,MANAGED_BY,TR3810
D2142,MANAGED_BY,TR3811
D2142,MANAGED_BY,TR3812
D2142,MANAGED_BY,TR3813
D2142,DIAGNOSED_BY,T292
D2142,DIAGNOSED_BY,T2704
D2142,DIAGNOSED_BY,T2705
D2142,DIAGNOSED_BY,T2706
D2142,DIAGNOSED_BY,T2707
D2142,CAN_CAUSE,C1559
D2142,CAN_CAUSE,C1560
D2142,CAN_CAUSE,C1561
D2142,MANAGED_BY,TR3814
D2142,MANAGED_BY,TR3815
D2143,AFFECTS,O004
D2143,HAS_SYMPTOM,S5757
D2143,HAS_SYMPTOM,S5758
D2143,HAS_SYMPTOM,S5759
D2143,HAS_SYMPTOM,S5760
D2143,HAS_CAUSE,CA4933
RF1648,INCREASES_RISK_OF,D2143
RF280,INCREASES_RISK_OF,D2143
RF1649,INCREASES_RISK_OF,D2143
RF1650,INCREASES_RISK_OF,D2143
D2143,MANAGED_BY,TR3816
D2143,MANAGED_BY,TR1479
D2144,AFFECTS,O004
D2144,HAS_SYMPTOM,S5761
D2144,HAS_CAUSE,CA4934
D2144,MANAGED_BY,TR3817
D2144,MANAGED_BY,TR3818
D2144,MANAGED_BY,TR3819
D2144,MANAGED_BY,TR3820
D2144,MANAGED_BY,TR2835
D2144,MANAGED_BY,TR3821
D2145,HAS_SYMPTOM,S5762
D2145,HAS_SYMPTOM,S5763
D2145,HAS_CAUSE,CA1422
D2145,MANAGED_BY,TR3822
D2145,MANAGED_BY,TR3823
D2145,MANAGED_BY,TR3824
D2146,HAS_CAUSE,CA4935
RF1651,INCREASES_RISK_OF,D2146
D2146,MANAGED_BY,TR3825
D2146,MANAGED_BY,TR3826
D2147,HAS_SYMPTOM,S828
D2147,HAS_SYMPTOM,S045
D2147,HAS_SYMPTOM,S246
D2147,HAS_SYMPTOM,S473
D2147,HAS_SYMPTOM,S1902
D2147,HAS_SYMPTOM,S474
D2148,AFFECTS,O014
D2149,HAS_SYMPTOM,S5764
D2149,HAS_SYMPTOM,S5765
D2149,HAS_SYMPTOM,S5766
D2149,HAS_CAUSE,CA4936
D2149,HAS_CAUSE,CA4937
RF1652,INCREASES_RISK_OF,D2149
RF1653,INCREASES_RISK_OF,D2149
RF1654,INCREASES_RISK_OF,D2149
RF1655,INCREASES_RISK_OF,D2149
D2149,DIAGNOSED_BY,T2708
D2149,DIAGNOSED_BY,T049
D2149,DIAGNOSED_BY,T2709
D2149,CAN_CAUSE,C1562
D2149,CAN_CAUSE,C1563
D2149,CAN_CAUSE,C1564
D2149,CAN_CAUSE,C1565
D2149,MANAGED_BY,TR2568
D2149,MANAGED_BY,TR3827
D2150,HAS_SYMPTOM,S5767
D2150,HAS_SYMPTOM,S5768
D2150,HAS_CAUSE,CA4938
RF1656,INCREASES_RISK_OF,D2150
RF1657,INCREASES_RISK_OF,D2150
RF1658,INCREASES_RISK_OF,D2150
D2152,AFFECTS,O012
D2152,HAS_SYMPTOM,S041
D2152,HAS_SYMPTOM,S663
D2152,HAS_SYMPTOM,S5769
D2152,HAS_SYMPTOM,S4571
D2152,HAS_SYMPTOM,S5770
D2152,MANAGED_BY,TR3828
D2152,MANAGED_BY,TR3829
D2152,MANAGED_BY,TR3830
D2152,MANAGED_BY,TR3831
D2152,DIAGNOSED_BY,T2710
D2152,DIAGNOSED_BY,T2711
D2152,CAN_CAUSE,C502
D2152,CAN_CAUSE,C503
D2152,CAN_CAUSE,C1566
D2153,AFFECTS,O012
D2153,HAS_SYMPTOM,S5771
D2153,HAS_SYMPTOM,S041
D2153,HAS_SYMPTOM,S5772
D2153,HAS_SYMPTOM,S331
D2153,HAS_SYMPTOM,S5773
D2153,HAS_CAUSE,CA4939
D2153,HAS_CAUSE,CA4940
D2153,DIAGNOSED_BY,T2712
D2153,CAN_CAUSE,C1567
D2153,MANAGED_BY,TR3832
D2153,MANAGED_BY,TR3833
D2154,HAS_SYMPTOM,S5774
D2154,HAS_SYMPTOM,S5775
D2154,HAS_SYMPTOM,S5776
D2154,HAS_SYMPTOM,S227
D2154,HAS_SYMPTOM,S5777
D2154,HAS_SYMPTOM,S5778
D2154,HAS_SYMPTOM,S5779
D2155,HAS_SYMPTOM,S5780
D2155,HAS_SYMPTOM,S5781
D2155,HAS_SYMPTOM,S5782
D2155,HAS_SYMPTOM,S5783
D2155,HAS_SYMPTOM,S5784
D2155,HAS_CAUSE,CA308
RF1659,INCREASES_RISK_OF,D2155
RF1660,INCREASES_RISK_OF,D2155
RF1661,INCREASES_RISK_OF,D2155
RF522,INCREASES_RISK_OF,D2155
D2155,MANAGED_BY,TR3834
D2155,MANAGED_BY,TR3835
D2155,MANAGED_BY,TR3836
D2155,MANAGED_BY,TR3837
D2155,MANAGED_BY,TR3838
D2156,HAS_SYMPTOM,S094
D2156,HAS_SYMPTOM,S132
D2156,HAS_SYMPTOM,S5785
D2156,HAS_SYMPTOM,S041
D2156,HAS_SYMPTOM,S048
D2156,HAS_SYMPTOM,S5786
D2156,HAS_SYMPTOM,S5787
D2156,HAS_SYMPTOM,S5788
D2156,HAS_SYMPTOM,S5789
D2156,HAS_SYMPTOM,S5790
D2157,HAS_SYMPTOM,S5791
RF329,INCREASES_RISK_OF,D2157
D2157,MANAGED_BY,TR3839
D2157,DIAGNOSED_BY,T005
D2157,DIAGNOSED_BY,T066
D2157,DIAGNOSED_BY,T2713
D2157,DIAGNOSED_BY,T2714
D2157,DIAGNOSED_BY,T2715
D2157,DIAGNOSED_BY,T2716
D2157,DIAGNOSED_BY,T111
D2157,DIAGNOSED_BY,T2363
D2157,DIAGNOSED_BY,T2717
D2157,DIAGNOSED_BY,T500
D2157,DIAGNOSED_BY,T2718
D2157,DIAGNOSED_BY,T580
D2158,HAS_SYMPTOM,S1530
D2158,HAS_SYMPTOM,S1531
D2158,HAS_SYMPTOM,S052
D2158,HAS_SYMPTOM,S1532
D2158,HAS_SYMPTOM,S1178
D2158,HAS_SYMPTOM,S042
D2158,HAS_SYMPTOM,S1533
D2158,HAS_SYMPTOM,S5792
D2158,HAS_SYMPTOM,S1535
D2158,HAS_SYMPTOM,S1536
D2159,HAS_SYMPTOM,S1371
D2159,HAS_SYMPTOM,S5793
D2159,HAS_CAUSE,CA4941
D2159,HAS_CAUSE,CA4942
D2160,HAS_CAUSE,CA4943
D2160,HAS_CAUSE,CA4944
D2160,HAS_CAUSE,CA4945
D2160,HAS_CAUSE,CA4946
D2160,HAS_CAUSE,CA4947
D2160,HAS_CAUSE,CA4948
D2160,MANAGED_BY,TR3840
D2160,DIAGNOSED_BY,T188
D2161,HAS_SYMPTOM,S5794
D2161,HAS_SYMPTOM,S5795
D2161,HAS_SYMPTOM,S5796
D2161,DIAGNOSED_BY,T2719
D2161,CAN_CAUSE,C1235
D2161,CAN_CAUSE,C1568
D2162,HAS_SYMPTOM,S127
D2162,HAS_SYMPTOM,S4473
D2162,HAS_SYMPTOM,S5797
D2162,HAS_SYMPTOM,S094
D2162,HAS_SYMPTOM,S5798
D2162,HAS_SYMPTOM,S5799
D2162,HAS_SYMPTOM,S5800
D2162,HAS_SYMPTOM,S5777
D2163,HAS_CAUSE,CA4949
D2163,HAS_CAUSE,CA4950
D2163,HAS_CAUSE,CA1502
D2163,HAS_CAUSE,CA4951
D2163,HAS_CAUSE,CA4952
D2163,HAS_CAUSE,CA4953
D2163,HAS_CAUSE,CA4954
D2167,HAS_SYMPTOM,S5801
D2167,HAS_SYMPTOM,S5802
D2167,HAS_SYMPTOM,S5803
D2167,HAS_SYMPTOM,S5804
D2167,HAS_SYMPTOM,S5805
D2167,HAS_SYMPTOM,S5806
D2167,HAS_SYMPTOM,S5807
D2167,HAS_SYMPTOM,S133
D2167,HAS_CAUSE,CA4955
D2167,HAS_CAUSE,CA4956
D2167,MANAGED_BY,TR3841
D2167,MANAGED_BY,TR3842
D2167,CAN_CAUSE,C1569
D2167,CAN_CAUSE,C1570
D2167,MANAGED_BY,TR3843
D2168,HAS_SYMPTOM,S5808
D2168,HAS_SYMPTOM,S5809
D2168,HAS_SYMPTOM,S5810
D2168,HAS_SYMPTOM,S5811
D2168,HAS_SYMPTOM,S5812
D2168,HAS_SYMPTOM,S5813
D2168,HAS_SYMPTOM,S5814
D2168,HAS_CAUSE,CA4957
D2168,CAN_CAUSE,C1571
D2168,CAN_CAUSE,C013
D2168,CAN_CAUSE,C1572
D2169,HAS_SYMPTOM,S5815
D2169,HAS_SYMPTOM,S5816
D2169,HAS_CAUSE,CA4958
RF1662,INCREASES_RISK_OF,D2169
D2170,HAS_SYMPTOM,S5817
D2170,HAS_SYMPTOM,S5818
D2170,HAS_CAUSE,CA4959
D2170,MANAGED_BY,TR3844
D2171,HAS_CAUSE,CA4960
D2171,HAS_CAUSE,CA4961
D2171,HAS_CAUSE,CA4962
D2172,AFFECTS,O006
D2172,HAS_SYMPTOM,S5819
D2172,HAS_SYMPTOM,S5820
D2172,HAS_SYMPTOM,S5821
D2172,HAS_CAUSE,CA4963
D2172,HAS_CAUSE,CA4964
D2172,HAS_CAUSE,CA4965
D2173,HAS_SYMPTOM,S5822
D2173,HAS_SYMPTOM,S513
D2173,HAS_SYMPTOM,S514
D2173,HAS_SYMPTOM,S518
D2173,HAS_SYMPTOM,S3319
D2173,HAS_SYMPTOM,S5823
D2173,HAS_SYMPTOM,S5824
D2173,HAS_SYMPTOM,S5825
D2173,HAS_SYMPTOM,S1101
D2173,HAS_SYMPTOM,S056
D2173,HAS_SYMPTOM,S5826
D2173,HAS_SYMPTOM,S5827
D2174,HAS_SYMPTOM,S663
D2174,HAS_SYMPTOM,S5828
D2174,HAS_SYMPTOM,S5829
D2174,HAS_CAUSE,CA1598
D2174,HAS_CAUSE,CA4966
RF1663,INCREASES_RISK_OF,D2174
D2176,HAS_SYMPTOM,S5830
D2176,HAS_SYMPTOM,S5831
D2176,MANAGED_BY,TR3845
D2176,DIAGNOSED_BY,T2720
D2176,CAN_CAUSE,C1573
D2176,CAN_CAUSE,C1574
D2176,CAN_CAUSE,C1575
D2176,MANAGED_BY,TR3846
D2176,MANAGED_BY,TR3847
D2176,MANAGED_BY,TR3848
D2177,AFFECTS,O017
D2177,HAS_SYMPTOM,S5832
D2177,HAS_SYMPTOM,S5833
D2177,HAS_CAUSE,CA4967
D2177,HAS_CAUSE,CA4968
RF1664,INCREASES_RISK_OF,D2177
RF1665,INCREASES_RISK_OF,D2177
D2177,MANAGED_BY,TR1543
D2177,MANAGED_BY,TR3849
D2177,MANAGED_BY,TR1545
D2177,MANAGED_BY,TR3850
D2177,MANAGED_BY,TR3851
D2177,MANAGED_BY,TR3852
D2177,MANAGED_BY,TR059
D2177,MANAGED_BY,TR3853
D2177,MANAGED_BY,TR3854
D2177,MANAGED_BY,TR3855
D2177,MANAGED_BY,TR3856
D2178,HAS_SYMPTOM,S5834
D2178,HAS_SYMPTOM,S5835
D2178,HAS_CAUSE,CA4969
D2178,MANAGED_BY,TR3857
D2178,MANAGED_BY,TR3858
D2178,MANAGED_BY,TR3859
D2178,DIAGNOSED_BY,T2721
D2178,MANAGED_BY,TR3860
D2179,HAS_SYMPTOM,S324
D2179,HAS_SYMPTOM,S5836
D2180,HAS_SYMPTOM,S5837
D2180,HAS_SYMPTOM,S5838
D2180,HAS_SYMPTOM,S079
D2180,HAS_SYMPTOM,S5839
D2180,HAS_SYMPTOM,S1630
D2180,HAS_SYMPTOM,S5840
D2180,HAS_SYMPTOM,S4116
D2180,HAS_SYMPTOM,S4118
D2180,HAS_SYMPTOM,S098
D2180,HAS_SYMPTOM,S4119
D2180,HAS_SYMPTOM,S186
D2180,HAS_SYMPTOM,S5841
D2181,AFFECTS,O002
D2181,HAS_SYMPTOM,S5842
D2181,HAS_SYMPTOM,S5843
D2181,HAS_CAUSE,CA4970
D2181,HAS_CAUSE,CA189
D2181,HAS_CAUSE,CA1018
D2181,HAS_CAUSE,CA4971
D2181,HAS_CAUSE,CA4972
D2181,MANAGED_BY,TR3861
D2181,MANAGED_BY,TR3862
D2181,MANAGED_BY,TR3863
D2181,MANAGED_BY,TR3864
D2181,DIAGNOSED_BY,T567
D2181,DIAGNOSED_BY,T005
D2181,DIAGNOSED_BY,T207
D2181,DIAGNOSED_BY,T2722
D2181,DIAGNOSED_BY,T2723
D2181,DIAGNOSED_BY,T2724
D2182,HAS_SYMPTOM,S5844
D2182,HAS_SYMPTOM,S5845
D2182,HAS_SYMPTOM,S5846
D2182,HAS_SYMPTOM,S5847
D2182,HAS_CAUSE,CA4973
D2182,MANAGED_BY,TR3865
D2182,DIAGNOSED_BY,T040
D2182,DIAGNOSED_BY,T2725
D2182,DIAGNOSED_BY,T2726
D2182,DIAGNOSED_BY,T1392
D2182,DIAGNOSED_BY,T2727
D2182,DIAGNOSED_BY,T2728
D2182,DIAGNOSED_BY,T2729
D2182,DIAGNOSED_BY,T2730
D2182,CAN_CAUSE,C1576
D2183,HAS_SYMPTOM,S5848
D2183,HAS_CAUSE,CA4974
D2183,HAS_CAUSE,CA4975
RF1666,INCREASES_RISK_OF,D2183
RF1667,INCREASES_RISK_OF,D2183
RF1668,INCREASES_RISK_OF,D2183
D2183,MANAGED_BY,TR3866
D2184,HAS_SYMPTOM,S5849
D2184,HAS_SYMPTOM,S5850
D2184,HAS_SYMPTOM,S5851
D2184,HAS_SYMPTOM,S5852
D2184,MANAGED_BY,TR3867
D2184,MANAGED_BY,TR3868
D2184,MANAGED_BY,TR3869
D2184,MANAGED_BY,TR3870
D2184,MANAGED_BY,TR3871
D2184,MANAGED_BY,TR3872
D2184,MANAGED_BY,TR996
D2184,DIAGNOSED_BY,T2731
D2184,DIAGNOSED_BY,T2732
D2184,DIAGNOSED_BY,T2733
D2185,HAS_SYMPTOM,S663
D2185,HAS_SYMPTOM,S133
D2185,HAS_SYMPTOM,S331
D2185,HAS_SYMPTOM,S5853
RF1669,INCREASES_RISK_OF,D2185
RF1670,INCREASES_RISK_OF,D2185
RF1671,INCREASES_RISK_OF,D2185
RF1672,INCREASES_RISK_OF,D2185
D2185,MANAGED_BY,TR3873
D2185,MANAGED_BY,TR3874
D2185,DIAGNOSED_BY,T2734
D2186,HAS_SYMPTOM,S5854
D2186,HAS_CAUSE,CA4976
D2186,HAS_CAUSE,CA4977
D2186,MANAGED_BY,TR3875
D2186,DIAGNOSED_BY,T2735
D2187,HAS_SYMPTOM,S5855
D2187,HAS_CAUSE,CA4978
D2187,HAS_CAUSE,CA4979
D2187,HAS_CAUSE,CA4980
D2188,HAS_SYMPTOM,S5856
D2188,HAS_CAUSE,CA4981
D2188,HAS_CAUSE,CA4982
D2188,HAS_CAUSE,CA4983
D2188,HAS_CAUSE,CA4984
D2188,HAS_CAUSE,CA4985
RF1673,INCREASES_RISK_OF,D2188
RF1674,INCREASES_RISK_OF,D2188
RF1675,INCREASES_RISK_OF,D2188
RF1676,INCREASES_RISK_OF,D2188
RF1677,INCREASES_RISK_OF,D2188
RF1678,INCREASES_RISK_OF,D2188
RF236,INCREASES_RISK_OF,D2188
RF1679,INCREASES_RISK_OF,D2188
D2188,MANAGED_BY,TR1562
D2188,MANAGED_BY,TR3876
D2188,MANAGED_BY,TR3877
D2188,MANAGED_BY,TR3878
D2188,MANAGED_BY,TR3879
D2188,MANAGED_BY,TR3880
D2188,MANAGED_BY,TR3881
D2188,MANAGED_BY,TR3882
D2188,MANAGED_BY,TR3883
D2188,DIAGNOSED_BY,T2736
D2189,HAS_SYMPTOM,S5857
D2189,HAS_SYMPTOM,S189
D2189,HAS_SYMPTOM,S5858
D2189,HAS_SYMPTOM,S5859
RF1680,INCREASES_RISK_OF,D2189
RF1681,INCREASES_RISK_OF,D2189
RF1682,INCREASES_RISK_OF,D2189
RF236,INCREASES_RISK_OF,D2189
RF1683,INCREASES_RISK_OF,D2189
D2189,MANAGED_BY,TR3884
D2189,MANAGED_BY,TR3885
D2190,HAS_SYMPTOM,S5860
D2190,HAS_SYMPTOM,S5861
D2190,HAS_SYMPTOM,S5862
D2190,HAS_SYMPTOM,S5863
D2190,HAS_SYMPTOM,S5864
D2190,HAS_CAUSE,CA189
D2190,HAS_CAUSE,CA4986
D2190,HAS_CAUSE,CA4987
D2190,HAS_CAUSE,CA2575
D2190,HAS_CAUSE,CA4988
D2190,MANAGED_BY,TR3886
D2190,MANAGED_BY,TR3887
D2190,DIAGNOSED_BY,T2737
D2190,DIAGNOSED_BY,T2738
D2190,CAN_CAUSE,C1066
D2190,CAN_CAUSE,C1577
D2190,CAN_CAUSE,C1578
D2190,CAN_CAUSE,C1579
D2190,CAN_CAUSE,C1580
D2191,AFFECTS,O014
D2191,HAS_SYMPTOM,S473
D2191,HAS_SYMPTOM,S5865
D2191,HAS_SYMPTOM,S2091
D2191,HAS_SYMPTOM,S095
D2191,HAS_SYMPTOM,S5866
D2191,HAS_SYMPTOM,S052
D2191,HAS_SYMPTOM,S041
D2191,HAS_SYMPTOM,S3796
D2191,HAS_SYMPTOM,S5867
D2191,HAS_SYMPTOM,S5868
D2191,HAS_SYMPTOM,S5869
D2191,HAS_SYMPTOM,S056
D2191,HAS_CAUSE,CA4989
D2191,HAS_CAUSE,CA4990
D2191,HAS_CAUSE,CA4991
D2191,HAS_CAUSE,CA4992
D2191,HAS_CAUSE,CA4993
D2191,HAS_CAUSE,CA210
D2191,HAS_CAUSE,CA4994
RF1684,INCREASES_RISK_OF,D2191
D2191,MANAGED_BY,TR1594
D2191,MANAGED_BY,TR800
D2191,MANAGED_BY,TR802
D2191,MANAGED_BY,TR3888
D2191,MANAGED_BY,TR3889
D2191,DIAGNOSED_BY,T327
D2191,DIAGNOSED_BY,T2739
D2191,DIAGNOSED_BY,T005
D2191,DIAGNOSED_BY,T051
D2191,MANAGED_BY,TR3890
D2191,MANAGED_BY,TR3891
D2192,HAS_SYMPTOM,S5870
D2192,HAS_SYMPTOM,S046
D2192,HAS_SYMPTOM,S5871
D2192,HAS_SYMPTOM,S2760
D2192,HAS_SYMPTOM,S5872
D2192,HAS_SYMPTOM,S5873
D2192,HAS_SYMPTOM,S127
D2192,HAS_SYMPTOM,S5874
D2193,AFFECTS,O009
D2193,HAS_SYMPTOM,S101
D2193,HAS_CAUSE,CA4995
D2193,HAS_CAUSE,CA4996
D2193,HAS_CAUSE,CA4997
D2193,HAS_CAUSE,CA4998
D2193,HAS_CAUSE,CA4999
D2193,MANAGED_BY,TR3892
D2193,MANAGED_BY,TR3893
D2193,MANAGED_BY,TR3894
D2193,MANAGED_BY,TR3895
D2193,DIAGNOSED_BY,T2740
D2193,DIAGNOSED_BY,T2741
D2193,DIAGNOSED_BY,T2742
D2193,DIAGNOSED_BY,T2743
D2193,DIAGNOSED_BY,T2744
D2193,DIAGNOSED_BY,T1046
D2193,DIAGNOSED_BY,T2745
D2193,MANAGED_BY,TR3896
D2194,AFFECTS,O004
D2194,HAS_SYMPTOM,S5875
D2194,HAS_SYMPTOM,S5876
D2194,HAS_SYMPTOM,S5877
D2194,HAS_SYMPTOM,S5878
D2194,HAS_SYMPTOM,S5879
D2194,HAS_CAUSE,CA5000
D2194,HAS_CAUSE,CA5001
RF1685,INCREASES_RISK_OF,D2194
RF1686,INCREASES_RISK_OF,D2194
D2194,MANAGED_BY,TR2170
D2194,MANAGED_BY,TR1705
D2194,MANAGED_BY,TR233
D2195,AFFECTS,O019
D2196,HAS_SYMPTOM,S5880
D2196,HAS_SYMPTOM,S574
D2196,HAS_SYMPTOM,S439
D2196,HAS_SYMPTOM,S5881
D2196,HAS_SYMPTOM,S514
D2196,HAS_SYMPTOM,S5882
D2196,HAS_SYMPTOM,S5883
D2196,HAS_SYMPTOM,S441
D2196,HAS_SYMPTOM,S5884
D2196,HAS_SYMPTOM,S5885
D2196,HAS_SYMPTOM,S760
D2196,HAS_SYMPTOM,S898
D2197,HAS_SYMPTOM,S5880
D2197,HAS_SYMPTOM,S574
D2197,HAS_SYMPTOM,S439
D2197,HAS_SYMPTOM,S5881
D2197,HAS_SYMPTOM,S514
D2197,HAS_SYMPTOM,S5883
D2197,HAS_SYMPTOM,S441
D2197,HAS_SYMPTOM,S517
D2197,HAS_SYMPTOM,S5886
D2197,HAS_SYMPTOM,S760
D2197,HAS_SYMPTOM,S898
D2197,HAS_SYMPTOM,S2532
D2198,AFFECTS,O007
RF1687,INCREASES_RISK_OF,D2198
D2199,AFFECTS,O007
D2199,HAS_SYMPTOM,S5887
D2199,HAS_SYMPTOM,S5888
D2199,HAS_CAUSE,CA3640
D2199,HAS_CAUSE,CA5002
D2199,HAS_CAUSE,CA5003
D2199,HAS_CAUSE,CA5004
RF1688,INCREASES_RISK_OF,D2199
RF1689,INCREASES_RISK_OF,D2199
RF1690,INCREASES_RISK_OF,D2199
D2199,DIAGNOSED_BY,T051
D2199,DIAGNOSED_BY,T005
D2199,DIAGNOSED_BY,T225
D2199,DIAGNOSED_BY,T411
D2199,DIAGNOSED_BY,T2746
D2199,CAN_CAUSE,C1581
D2199,CAN_CAUSE,C1582
D2199,MANAGED_BY,TR3897
D2200,AFFECTS,O006
D2200,HAS_SYMPTOM,S5889
D2200,HAS_SYMPTOM,S5890
D2200,HAS_SYMPTOM,S968
D2200,HAS_SYMPTOM,S5891
D2200,HAS_SYMPTOM,S5892
D2200,HAS_SYMPTOM,S5893
RF1691,INCREASES_RISK_OF,D2200
RF1692,INCREASES_RISK_OF,D2200
RF1693,INCREASES_RISK_OF,D2200
D2201,HAS_SYMPTOM,S416
D2201,HAS_SYMPTOM,S5894
D2201,HAS_CAUSE,CA307
D2201,CAN_CAUSE,C1583
D2201,MANAGED_BY,TR3898
D2203,AFFECTS,O006
D2203,HAS_SYMPTOM,S473
D2203,HAS_SYMPTOM,S3546
D2203,HAS_SYMPTOM,S042
D2203,HAS_SYMPTOM,S3547
D2203,HAS_SYMPTOM,S4799
D2203,HAS_SYMPTOM,S3549
D2203,HAS_SYMPTOM,S3550
D2203,HAS_SYMPTOM,S2637
D2203,HAS_SYMPTOM,S3551
D2203,HAS_SYMPTOM,S077
D2203,HAS_CAUSE,CA390
D2203,HAS_CAUSE,CA381
D2203,HAS_CAUSE,CA5005
D2203,HAS_CAUSE,CA5006
D2203,HAS_CAUSE,CA5007
D2203,HAS_CAUSE,CA5008
D2203,HAS_CAUSE,CA5009
D2203,HAS_CAUSE,CA5010
D2203,HAS_CAUSE,CA5011
D2203,HAS_CAUSE,CA5012
D2203,HAS_CAUSE,CA5013
D2203,MANAGED_BY,TR3899
D2203,MANAGED_BY,TR3900
D2203,DIAGNOSED_BY,T327
D2203,DIAGNOSED_BY,T005
D2203,DIAGNOSED_BY,T051
D2203,DIAGNOSED_BY,T191
D2203,DIAGNOSED_BY,T1616
D2203,CAN_CAUSE,C181
D2203,CAN_CAUSE,C004
D2203,MANAGED_BY,TR3901
D2203,MANAGED_BY,TR3902
D2203,MANAGED_BY,TR3903
D2203,MANAGED_BY,TR3904
D2205,AFFECTS,O007
D2205,HAS_SYMPTOM,S5895
D2205,HAS_SYMPTOM,S041
D2205,HAS_SYMPTOM,S077
D2205,HAS_SYMPTOM,S5896
D2205,HAS_CAUSE,CA5014
D2205,HAS_CAUSE,CA5015
D2205,HAS_CAUSE,CA5016
D2205,HAS_CAUSE,CA5017
D2205,HAS_CAUSE,CA5018
D2205,HAS_CAUSE,CA5019
D2205,HAS_CAUSE,CA5020
D2205,MANAGED_BY,TR3905
D2205,DIAGNOSED_BY,T2747
D2205,DIAGNOSED_BY,T005
D2205,DIAGNOSED_BY,T051
D2205,DIAGNOSED_BY,T2748
D2205,DIAGNOSED_BY,T2749
D2205,DIAGNOSED_BY,T836
D2205,DIAGNOSED_BY,T2064
D2205,CAN_CAUSE,C1584
D2205,MANAGED_BY,TR3906
D2205,MANAGED_BY,TR3907
D2205,MANAGED_BY,TR3908
D2205,MANAGED_BY,TR3909
D2205,MANAGED_BY,TR3910
D2205,MANAGED_BY,TR3911
D2205,MANAGED_BY,TR3912
D2205,MANAGED_BY,TR3913
D2206,HAS_SYMPTOM,S5897
D2206,HAS_SYMPTOM,S5898
D2206,HAS_CAUSE,CA5021
D2206,HAS_CAUSE,CA3475
D2206,HAS_CAUSE,CA5022
D2206,HAS_CAUSE,CA5023
D2206,HAS_CAUSE,CA3651
D2206,HAS_CAUSE,CA5024
D2206,HAS_CAUSE,CA5025
D2206,MANAGED_BY,TR115
D2206,DIAGNOSED_BY,T159
D2206,CAN_CAUSE,C1585
D2206,CAN_CAUSE,C1586
D2206,CAN_CAUSE,C1587
D2206,CAN_CAUSE,C1588
D2207,AFFECTS,O007
D2207,HAS_SYMPTOM,S5899
D2207,HAS_SYMPTOM,S5900
D2207,HAS_SYMPTOM,S133
D2207,HAS_SYMPTOM,S5901
D2207,MANAGED_BY,TR3914
D2208,AFFECTS,O007
D2208,AFFECTS,O014
D2208,HAS_SYMPTOM,S133
D2208,HAS_SYMPTOM,S041
D2208,HAS_SYMPTOM,S5902
D2208,HAS_SYMPTOM,S093
D2208,HAS_SYMPTOM,S042
D2208,HAS_SYMPTOM,S5903
D2208,HAS_SYMPTOM,S5904
D2208,HAS_SYMPTOM,S5905
D2208,HAS_CAUSE,CA5026
D2208,HAS_CAUSE,CA5027
D2208,HAS_CAUSE,CA3582
D2208,DIAGNOSED_BY,T155
D2208,DIAGNOSED_BY,T2750
D2208,DIAGNOSED_BY,T327
D2208,DIAGNOSED_BY,T2751
D2208,DIAGNOSED_BY,T2752
D2208,DIAGNOSED_BY,T051
D2208,DIAGNOSED_BY,T2647
D2208,DIAGNOSED_BY,T2753
D2208,DIAGNOSED_BY,T836
D2208,DIAGNOSED_BY,T2754
D2208,DIAGNOSED_BY,T2755
D2208,DIAGNOSED_BY,T2756
D2208,CAN_CAUSE,C1589
D2208,CAN_CAUSE,C013
D2209,AFFECTS,O007
D2209,HAS_SYMPTOM,S5906
D2209,HAS_CAUSE,CA5028
D2209,HAS_CAUSE,CA1070
D2209,HAS_CAUSE,CA5029
D2209,HAS_CAUSE,CA5030
D2209,HAS_CAUSE,CA5031
D2209,HAS_CAUSE,CA5032
D2209,HAS_CAUSE,CA5033
D2209,MANAGED_BY,TR3915
D2209,MANAGED_BY,TR3916
D2209,DIAGNOSED_BY,T2757
D2209,DIAGNOSED_BY,T2758
D2209,DIAGNOSED_BY,T2759
D2209,DIAGNOSED_BY,T2760
D2209,DIAGNOSED_BY,T005
D2209,DIAGNOSED_BY,T159
D2209,DIAGNOSED_BY,T225
D2209,CAN_CAUSE,C197
D2209,CAN_CAUSE,C1590
D2209,CAN_CAUSE,C1591
D2209,MANAGED_BY,TR3917
D2209,MANAGED_BY,TR1156
D2209,MANAGED_BY,TR637
D2209,MANAGED_BY,TR3918
D2209,MANAGED_BY,TR3919
D2209,MANAGED_BY,TR3920
D2209,MANAGED_BY,TR3921
D2209,MANAGED_BY,TR3922
D2209,MANAGED_BY,TR3923
D2209,MANAGED_BY,TR3924
D2210,AFFECTS,O007
D2210,HAS_SYMPTOM,S5907
D2210,HAS_SYMPTOM,S5908
D2210,HAS_SYMPTOM,S5909
D2210,HAS_SYMPTOM,S1182
D2210,HAS_SYMPTOM,S5910
D2210,HAS_CAUSE,CA5034
D2210,HAS_CAUSE,CA5035
D2210,HAS_CAUSE,CA5036
D2210,MANAGED_BY,TR3925
D2210,MANAGED_BY,TR3926
D2210,DIAGNOSED_BY,T005
D2210,DIAGNOSED_BY,T051
D2210,CAN_CAUSE,C1592
D2210,CAN_CAUSE,C1593
D2211,HAS_SYMPTOM,S5911
D2211,HAS_SYMPTOM,S5912
D2211,HAS_SYMPTOM,S5913
D2211,HAS_CAUSE,CA5037
D2211,HAS_CAUSE,CA5038
RF1694,INCREASES_RISK_OF,D2211
RF1695,INCREASES_RISK_OF,D2211
D2212,HAS_SYMPTOM,S5914
D2212,HAS_SYMPTOM,S1169
D2212,HAS_SYMPTOM,S5915
D2213,HAS_SYMPTOM,S5916
D2213,MANAGED_BY,TR3927
D2213,MANAGED_BY,TR3928
D2214,HAS_SYMPTOM,S5917
D2214,HAS_SYMPTOM,S5918
D2214,HAS_CAUSE,CA5039
D2214,HAS_CAUSE,CA5040
D2214,HAS_CAUSE,CA5041
D2214,HAS_CAUSE,CA5042
D2214,HAS_CAUSE,CA5043
D2214,HAS_CAUSE,CA5044
D2214,HAS_CAUSE,CA5045
D2214,HAS_CAUSE,CA5046
D2214,HAS_CAUSE,CA5047
D2214,HAS_CAUSE,CA5048
RF1696,INCREASES_RISK_OF,D2214
RF1697,INCREASES_RISK_OF,D2214
RF1698,INCREASES_RISK_OF,D2214
RF1699,INCREASES_RISK_OF,D2214
RF1700,INCREASES_RISK_OF,D2214
RF1701,INCREASES_RISK_OF,D2214
RF402,INCREASES_RISK_OF,D2214
RF1702,INCREASES_RISK_OF,D2214
RF1703,INCREASES_RISK_OF,D2214
D2214,MANAGED_BY,TR3929
D2214,MANAGED_BY,TR3930
D2214,MANAGED_BY,TR3931
D2214,MANAGED_BY,TR3932
D2214,MANAGED_BY,TR3933
D2214,MANAGED_BY,TR3934
D2214,MANAGED_BY,TR3935
D2214,MANAGED_BY,TR3936
D2214,MANAGED_BY,TR3937
D2214,MANAGED_BY,TR3938
D2214,MANAGED_BY,TR3939
D2214,MANAGED_BY,TR3940
D2215,HAS_SYMPTOM,S5919
D2215,HAS_SYMPTOM,S201
D2215,HAS_SYMPTOM,S5920
D2216,HAS_SYMPTOM,S127
D2216,HAS_SYMPTOM,S5921
D2216,HAS_SYMPTOM,S132
D2216,HAS_SYMPTOM,S052
D2216,HAS_SYMPTOM,S5922
D2216,HAS_SYMPTOM,S573
D2216,HAS_SYMPTOM,S1282
D2216,HAS_SYMPTOM,S141
D2216,HAS_SYMPTOM,S771
D2216,HAS_SYMPTOM,S096
D2216,HAS_SYMPTOM,S5923
D2216,HAS_SYMPTOM,S913
D2216,HAS_CAUSE,CA5049
D2216,HAS_CAUSE,CA5050
D2216,HAS_CAUSE,CA5051
D2216,HAS_CAUSE,CA5052
D2216,HAS_CAUSE,CA5053
D2216,HAS_CAUSE,CA5054
D2216,HAS_CAUSE,CA5055
D2216,HAS_CAUSE,CA5056
D2216,HAS_CAUSE,CA5057
D2216,HAS_CAUSE,CA5058
D2216,MANAGED_BY,TR2015
D2217,HAS_SYMPTOM,S5924
D2217,HAS_SYMPTOM,S5925
D2217,HAS_SYMPTOM,S969
D2217,HAS_SYMPTOM,S042
D2217,HAS_SYMPTOM,S1542
D2217,HAS_SYMPTOM,S5926
D2217,HAS_SYMPTOM,S1286
D2218,HAS_SYMPTOM,S5927
D2218,HAS_SYMPTOM,S5928
D2218,HAS_SYMPTOM,S331
D2218,HAS_SYMPTOM,S130
D2218,HAS_SYMPTOM,S093
D2218,HAS_SYMPTOM,S127
D2218,HAS_SYMPTOM,S5929
D2218,HAS_SYMPTOM,S5930
D2218,HAS_SYMPTOM,S5931
D2218,HAS_SYMPTOM,S5932
D2218,HAS_SYMPTOM,S416
D2218,HAS_SYMPTOM,S1498
D2218,HAS_CAUSE,CA5059
D2218,HAS_CAUSE,CA5060
D2218,HAS_CAUSE,CA5061
D2218,MANAGED_BY,TR3941
D2218,MANAGED_BY,TR3942
D2218,DIAGNOSED_BY,T2761
D2218,DIAGNOSED_BY,T2762
D2218,DIAGNOSED_BY,T2763
D2218,CAN_CAUSE,C1594
D2218,CAN_CAUSE,C1595
D2218,CAN_CAUSE,C1000
D2218,CAN_CAUSE,C1596
D2218,CAN_CAUSE,C1169
D2218,MANAGED_BY,TR1543
D2218,MANAGED_BY,TR3943
D2218,MANAGED_BY,TR1545
D2218,MANAGED_BY,TR3944
D2218,MANAGED_BY,TR3945
D2218,MANAGED_BY,TR3946
D2218,MANAGED_BY,TR3947
D2218,MANAGED_BY,TR3948
D2218,MANAGED_BY,TR352
D2218,MANAGED_BY,TR353
D2218,MANAGED_BY,TR547
D2218,MANAGED_BY,TR059
D2220,HAS_SYMPTOM,S127
D2220,HAS_SYMPTOM,S309
D2220,HAS_SYMPTOM,S133
D2220,HAS_SYMPTOM,S041
D2220,HAS_SYMPTOM,S1202
D2220,HAS_SYMPTOM,S2091
D2220,HAS_SYMPTOM,S1205
D2220,HAS_SYMPTOM,S056
D2220,HAS_CAUSE,CA444
D2220,HAS_CAUSE,CA5062
D2220,MANAGED_BY,TR3949
D2220,MANAGED_BY,TR3950
D2220,MANAGED_BY,TR3951
D2220,DIAGNOSED_BY,T2764
D2220,DIAGNOSED_BY,T1924
D2220,DIAGNOSED_BY,T2765
D2220,DIAGNOSED_BY,T2766
D2220,DIAGNOSED_BY,T2767
D2220,DIAGNOSED_BY,T2768
D2220,DIAGNOSED_BY,T836
D2220,DIAGNOSED_BY,T2769
D2220,DIAGNOSED_BY,T975
D2220,DIAGNOSED_BY,T2770
D2220,DIAGNOSED_BY,T2771
D2220,DIAGNOSED_BY,T327
D2220,CAN_CAUSE,C041
D2220,CAN_CAUSE,C1597
D2220,CAN_CAUSE,C011
D2220,CAN_CAUSE,C016
D2220,MANAGED_BY,TR3410
D2220,MANAGED_BY,TR3952
D2221,AFFECTS,O008
D2221,HAS_SYMPTOM,S5933
D2221,MANAGED_BY,TR3171
D2221,MANAGED_BY,TR3953
D2221,DIAGNOSED_BY,T726
D2221,DIAGNOSED_BY,T2772
D2221,DIAGNOSED_BY,T2773
D2221,DIAGNOSED_BY,T125
D2221,DIAGNOSED_BY,T2774
D2221,DIAGNOSED_BY,T066
D2221,DIAGNOSED_BY,T005
D2221,DIAGNOSED_BY,T111
D2221,DIAGNOSED_BY,T210
D2221,DIAGNOSED_BY,T2775
D2221,DIAGNOSED_BY,T2776
D2221,DIAGNOSED_BY,T2777
D2221,CAN_CAUSE,C126
D2221,CAN_CAUSE,C1598
D2221,CAN_CAUSE,C1599
D2221,CAN_CAUSE,C032
D2221,CAN_CAUSE,C1600
D2221,CAN_CAUSE,C584
D2221,CAN_CAUSE,C1601
D2221,MANAGED_BY,TR3954
D2222,AFFECTS,O003
D2222,HAS_SYMPTOM,S5934
D2222,HAS_SYMPTOM,S5935
D2222,HAS_CAUSE,CA5063
D2222,HAS_CAUSE,CA5064
D2222,HAS_CAUSE,CA5065
RF1704,INCREASES_RISK_OF,D2222
RF1705,INCREASES_RISK_OF,D2222
RF1706,INCREASES_RISK_OF,D2222
RF1707,INCREASES_RISK_OF,D2222
RF1708,INCREASES_RISK_OF,D2222
D2223,AFFECTS,O002
D2223,HAS_SYMPTOM,S5936
D2223,HAS_SYMPTOM,S583
D2223,HAS_CAUSE,CA5066
D2223,HAS_CAUSE,CA5067
D2223,DIAGNOSED_BY,T2778
D2223,DIAGNOSED_BY,T2779
D2223,DIAGNOSED_BY,T2780
D2223,DIAGNOSED_BY,T123
D2223,DIAGNOSED_BY,T125
D2223,DIAGNOSED_BY,T2781
D2223,CAN_CAUSE,C1602
D2223,CAN_CAUSE,C011
D2223,CAN_CAUSE,C182
D2223,CAN_CAUSE,C016
D2224,AFFECTS,O002
D2224,HAS_SYMPTOM,S367
D2224,HAS_SYMPTOM,S5937
D2224,HAS_SYMPTOM,S3373
D2224,HAS_SYMPTOM,S5938
D2224,HAS_SYMPTOM,S1627
D2224,HAS_SYMPTOM,S5939
D2224,HAS_SYMPTOM,S5940
D2224,DIAGNOSED_BY,T2782
D2224,DIAGNOSED_BY,T1058
D2224,DIAGNOSED_BY,T040
D2224,DIAGNOSED_BY,T2783
D2224,DIAGNOSED_BY,T2784
D2224,DIAGNOSED_BY,T1079
D2224,DIAGNOSED_BY,T2785
D2224,DIAGNOSED_BY,T2786
D2224,CAN_CAUSE,C1603
D2224,CAN_CAUSE,C1604
D2225,AFFECTS,O004
D2225,HAS_CAUSE,CA5068
D2225,HAS_CAUSE,CA001
D2225,HAS_CAUSE,CA5069
D2225,HAS_CAUSE,CA2288
D2225,HAS_CAUSE,CA5070
D2225,HAS_CAUSE,CA5071
D2225,HAS_CAUSE,CA2374
D2225,HAS_CAUSE,CA3902
D2225,HAS_CAUSE,CA1651
D2226,HAS_CAUSE,CA5072
D2226,HAS_CAUSE,CA5073
RF1709,INCREASES_RISK_OF,D2226
RF1710,INCREASES_RISK_OF,D2226
RF1711,INCREASES_RISK_OF,D2226
RF1712,INCREASES_RISK_OF,D2226
RF1713,INCREASES_RISK_OF,D2226
RF1714,INCREASES_RISK_OF,D2227
D2227,MANAGED_BY,TR3955
D2227,DIAGNOSED_BY,T2787
D2227,MANAGED_BY,TR3956
D2228,AFFECTS,O005
D2228,HAS_SYMPTOM,S5941
D2228,HAS_SYMPTOM,S5942
D2228,HAS_CAUSE,CA5074
D2228,HAS_CAUSE,CA5075
D2228,HAS_CAUSE,CA5076
D2228,HAS_CAUSE,CA5077
RF083,INCREASES_RISK_OF,D2228
D2228,MANAGED_BY,TR3957
D2228,MANAGED_BY,TR3958
D2228,MANAGED_BY,TR3959
D2228,MANAGED_BY,TR3960
D2228,DIAGNOSED_BY,T2788
D2228,DIAGNOSED_BY,T2789
D2228,MANAGED_BY,TR150
D2229,AFFECTS,O005
D2229,HAS_SYMPTOM,S041
D2229,HAS_SYMPTOM,S1202
D2229,HAS_SYMPTOM,S093
D2229,HAS_SYMPTOM,S5943
D2229,HAS_SYMPTOM,S474
D2229,HAS_SYMPTOM,S5944
D2229,HAS_CAUSE,CA943
D2229,HAS_CAUSE,CA5078
D2229,MANAGED_BY,TR149
D2229,MANAGED_BY,TR3961
D2229,MANAGED_BY,TR3962
D2229,DIAGNOSED_BY,T2790
D2229,DIAGNOSED_BY,T2791
D2229,DIAGNOSED_BY,T2792
D2229,DIAGNOSED_BY,T494
D2229,DIAGNOSED_BY,T2793
D2229,DIAGNOSED_BY,T2794
D2229,DIAGNOSED_BY,T1088
D2229,DIAGNOSED_BY,T225
D2229,DIAGNOSED_BY,T226
D2229,DIAGNOSED_BY,T2795
D2229,DIAGNOSED_BY,T2796
D2229,DIAGNOSED_BY,T2797
D2229,CAN_CAUSE,C1605
D2229,CAN_CAUSE,C1606
D2229,CAN_CAUSE,C1607
D2230,HAS_SYMPTOM,S5945
D2230,HAS_SYMPTOM,S5946
D2230,HAS_SYMPTOM,S525
D2230,HAS_CAUSE,CA5079
D2230,HAS_CAUSE,CA5080
D2230,HAS_CAUSE,CA5081
D2230,HAS_CAUSE,CA5082
D2230,MANAGED_BY,TR3447
D2230,MANAGED_BY,TR3963
D2230,MANAGED_BY,TR3964
D2230,MANAGED_BY,TR3965
D2230,DIAGNOSED_BY,T2798
D2231,AFFECTS,O001
D2231,HAS_SYMPTOM,S5947
D2231,HAS_SYMPTOM,S5948
D2231,HAS_CAUSE,CA5083
RF1715,INCREASES_RISK_OF,D2231
D2232,HAS_SYMPTOM,S2091
D2232,HAS_SYMPTOM,S5949
D2232,HAS_SYMPTOM,S2885
D2232,HAS_SYMPTOM,S4330
D2232,HAS_SYMPTOM,S5950
D2232,HAS_SYMPTOM,S5951
D2232,HAS_SYMPTOM,S5952
D2232,HAS_SYMPTOM,S5953
D2232,HAS_SYMPTOM,S356
RF1716,INCREASES_RISK_OF,D2232
RF1717,INCREASES_RISK_OF,D2232
D2232,MANAGED_BY,TR3966
D2232,MANAGED_BY,TR3967
D2232,MANAGED_BY,TR3968
D2232,MANAGED_BY,TR3969
D2232,MANAGED_BY,TR3970
D2232,MANAGED_BY,TR3971
D2232,MANAGED_BY,TR3972
D2232,MANAGED_BY,TR3973
D2232,MANAGED_BY,TR3974
D2232,MANAGED_BY,TR3975
D2232,MANAGED_BY,TR3976
D2232,DIAGNOSED_BY,T641
D2232,DIAGNOSED_BY,T1058
D2232,DIAGNOSED_BY,T125
D2232,DIAGNOSED_BY,T2799
D2232,CAN_CAUSE,C263
D2232,CAN_CAUSE,C1027
D2232,CAN_CAUSE,C158
D2232,CAN_CAUSE,C1608
D2232,MANAGED_BY,TR3977
D2233,HAS_SYMPTOM,S5954
D2233,HAS_SYMPTOM,S5955
D2233,HAS_CAUSE,CA5084
D2233,HAS_CAUSE,CA5085
D2233,MANAGED_BY,TR3978
D2233,MANAGED_BY,TR3979
D2233,MANAGED_BY,TR583
D2233,MANAGED_BY,TR3980
D2233,DIAGNOSED_BY,T2800
D2233,DIAGNOSED_BY,T207
D2233,DIAGNOSED_BY,T2801
D2233,CAN_CAUSE,C1609
D2233,CAN_CAUSE,C1610
D2233,CAN_CAUSE,C1611
D2234,AFFECTS,O001
D2235,AFFECTS,O001
D2235,HAS_SYMPTOM,S5956
D2235,HAS_SYMPTOM,S5957
D2235,HAS_SYMPTOM,S5958
D2235,HAS_SYMPTOM,S5959
RF1718,INCREASES_RISK_OF,D2235
D2235,MANAGED_BY,TR3981
D2235,MANAGED_BY,TR3982
D2237,HAS_SYMPTOM,S5960
D2237,HAS_SYMPTOM,S5961
D2237,HAS_SYMPTOM,S5962
D2238,HAS_SYMPTOM,S5963
D2238,HAS_SYMPTOM,S5964
D2238,HAS_SYMPTOM,S5965
D2238,HAS_SYMPTOM,S5966
D2238,HAS_SYMPTOM,S5967
D2238,HAS_SYMPTOM,S5968
D2238,HAS_SYMPTOM,S5969
D2238,HAS_SYMPTOM,S5970
D2238,HAS_SYMPTOM,S5971
D2238,HAS_SYMPTOM,S5972
D2238,HAS_SYMPTOM,S5973
D2238,HAS_SYMPTOM,S5974
D2238,HAS_CAUSE,CA5086
D2238,HAS_CAUSE,CA5087
D2238,HAS_CAUSE,CA1197
D2238,HAS_CAUSE,CA5088
D2238,HAS_CAUSE,CA5089
D2238,HAS_CAUSE,CA5090
D2238,HAS_CAUSE,CA5091
D2238,DIAGNOSED_BY,T2802
D2239,HAS_SYMPTOM,S5975
D2239,HAS_SYMPTOM,S5976
D2239,HAS_SYMPTOM,S5977
D2239,HAS_SYMPTOM,S5978
D2239,HAS_SYMPTOM,S5979
RF1719,INCREASES_RISK_OF,D2239
D2240,AFFECTS,O006
D2240,HAS_SYMPTOM,S5980
D2240,HAS_CAUSE,CA5092
RF1720,INCREASES_RISK_OF,D2240
RF1721,INCREASES_RISK_OF,D2240
D2241,HAS_SYMPTOM,S5981
D2241,HAS_SYMPTOM,S5982
D2241,HAS_SYMPTOM,S970
D2241,HAS_SYMPTOM,S448
D2241,HAS_SYMPTOM,S146
D2241,HAS_SYMPTOM,S5983
D2241,HAS_SYMPTOM,S5984
D2241,HAS_SYMPTOM,S5311
D2241,HAS_SYMPTOM,S124
D2241,HAS_CAUSE,CA5093
D2241,HAS_CAUSE,CA5094
D2241,MANAGED_BY,TR3983
D2241,MANAGED_BY,TR3984
D2241,DIAGNOSED_BY,T2803
D2241,DIAGNOSED_BY,T2804
D2241,CAN_CAUSE,C1612
D2241,CAN_CAUSE,C542
D2241,CAN_CAUSE,C1613
D2242,AFFECTS,O003
D2242,HAS_SYMPTOM,S5985
D2242,HAS_SYMPTOM,S5986
D2242,HAS_SYMPTOM,S5987
D2242,HAS_SYMPTOM,S5988
D2242,HAS_CAUSE,CA5095
D2242,HAS_CAUSE,CA5096
D2242,HAS_CAUSE,CA5097
D2242,HAS_CAUSE,CA5098
D2242,HAS_CAUSE,CA3200
RF1722,INCREASES_RISK_OF,D2242
RF1723,INCREASES_RISK_OF,D2242
RF1724,INCREASES_RISK_OF,D2242
D2242,MANAGED_BY,TR3985
D2243,AFFECTS,O006
D2243,HAS_SYMPTOM,S5989
D2243,HAS_CAUSE,CA5099
RF1725,INCREASES_RISK_OF,D2243
D2243,MANAGED_BY,TR059
D2243,MANAGED_BY,TR3986
D2243,MANAGED_BY,TR352
D2243,MANAGED_BY,TR353
D2243,MANAGED_BY,TR3987
D2243,MANAGED_BY,TR3988
D2244,HAS_SYMPTOM,S5990
D2244,HAS_SYMPTOM,S5991
D2244,HAS_SYMPTOM,S5992
D2244,HAS_SYMPTOM,S5993
D2244,HAS_SYMPTOM,S392
D2244,HAS_SYMPTOM,S5994
D2244,HAS_CAUSE,CA5100
D2244,HAS_CAUSE,CA5101
D2244,HAS_CAUSE,CA5102
D2244,HAS_CAUSE,CA5103
D2244,HAS_CAUSE,CA5104
D2244,HAS_CAUSE,CA5105
RF1726,INCREASES_RISK_OF,D2244
RF1727,INCREASES_RISK_OF,D2244
RF1728,INCREASES_RISK_OF,D2244
RF1729,INCREASES_RISK_OF,D2244
D2244,MANAGED_BY,TR3989
D2244,CAN_CAUSE,C206
D2244,MANAGED_BY,TR3990
D2244,MANAGED_BY,TR3991
D2245,HAS_SYMPTOM,S5995
D2245,HAS_SYMPTOM,S5996
D2245,HAS_SYMPTOM,S5997
D2245,HAS_SYMPTOM,S5998
D2245,HAS_SYMPTOM,S5999
D2245,HAS_SYMPTOM,S042
D2245,HAS_SYMPTOM,S6000
D2245,HAS_CAUSE,CA5106
D2245,MANAGED_BY,TR3992
D2245,MANAGED_BY,TR3993
D2246,AFFECTS,O008
D2246,HAS_SYMPTOM,S1115
D2246,HAS_SYMPTOM,S190
D2246,HAS_SYMPTOM,S1202
D2246,HAS_SYMPTOM,S6001
D2246,HAS_CAUSE,CA5107
D2246,HAS_CAUSE,CA5108
D2246,MANAGED_BY,TR3994
D2246,DIAGNOSED_BY,T2805
D2246,DIAGNOSED_BY,T2806
D2246,DIAGNOSED_BY,T2807
D2246,DIAGNOSED_BY,T2808
D2246,DIAGNOSED_BY,T123
D2246,DIAGNOSED_BY,T125
D2246,DIAGNOSED_BY,T2809
D2246,CAN_CAUSE,C031
D2246,CAN_CAUSE,C1614
D2246,MANAGED_BY,TR3995
D2247,HAS_SYMPTOM,S6002
D2247,HAS_SYMPTOM,S1371
D2247,HAS_SYMPTOM,S439
D2248,HAS_SYMPTOM,S6003
D2248,HAS_SYMPTOM,S4334
D2248,HAS_SYMPTOM,S6004
D2248,HAS_SYMPTOM,S663
D2248,HAS_SYMPTOM,S1173
D2248,HAS_SYMPTOM,S4336
D2248,HAS_SYMPTOM,S1174
D2248,HAS_SYMPTOM,S356
D2248,HAS_SYMPTOM,S4337
D2248,HAS_SYMPTOM,S328
D2248,HAS_SYMPTOM,S3226
D2249,HAS_SYMPTOM,S6005
D2249,HAS_SYMPTOM,S2485
D2249,HAS_SYMPTOM,S324
D2249,HAS_CAUSE,CA2174
D2249,DIAGNOSED_BY,T024
D2249,DIAGNOSED_BY,T2810
D2249,MANAGED_BY,TR150
D2250,HAS_SYMPTOM,S6006
D2250,HAS_SYMPTOM,S6007
D2250,HAS_SYMPTOM,S6008
D2250,HAS_SYMPTOM,S6009
D2250,HAS_SYMPTOM,S6010
D2250,HAS_SYMPTOM,S2010
D2250,HAS_SYMPTOM,S6011
D2250,HAS_SYMPTOM,S6012
D2250,HAS_CAUSE,CA001
D2250,HAS_CAUSE,CA5109
D2250,HAS_CAUSE,CA5110
RF1730,INCREASES_RISK_OF,D2250
RF1731,INCREASES_RISK_OF,D2250
D2250,MANAGED_BY,TR3996
D2250,MANAGED_BY,TR3997
D2250,MANAGED_BY,TR3998
D2250,MANAGED_BY,TR3999
D2250,MANAGED_BY,TR4000
D2250,MANAGED_BY,TR4001
D2250,DIAGNOSED_BY,T2811
D2250,DIAGNOSED_BY,T2812
D2250,DIAGNOSED_BY,T2813
D2250,CAN_CAUSE,C1615
D2250,CAN_CAUSE,C1616
D2250,MANAGED_BY,TR4002
D2250,MANAGED_BY,TR4003
D2251,HAS_SYMPTOM,S6013
D2251,HAS_SYMPTOM,S6014
D2251,HAS_SYMPTOM,S6015
D2251,HAS_SYMPTOM,S6016
D2251,HAS_SYMPTOM,S6017
D2251,HAS_CAUSE,CA5111
D2251,MANAGED_BY,TR4004
D2251,DIAGNOSED_BY,T2814
D2251,DIAGNOSED_BY,T028
D2251,DIAGNOSED_BY,T2815
D2251,CAN_CAUSE,C1617
D2252,AFFECTS,O015
D2252,HAS_SYMPTOM,S6018
D2252,HAS_SYMPTOM,S968
D2252,HAS_SYMPTOM,S6019
D2252,HAS_SYMPTOM,S133
D2252,HAS_SYMPTOM,S6020
D2252,HAS_SYMPTOM,S254
D2252,HAS_SYMPTOM,S6021
D2252,HAS_SYMPTOM,S3466
D2252,HAS_CAUSE,CA5112
D2252,HAS_CAUSE,CA5113
RF076,INCREASES_RISK_OF,D2252
RF077,INCREASES_RISK_OF,D2252
RF654,INCREASES_RISK_OF,D2252
RF655,INCREASES_RISK_OF,D2252
RF656,INCREASES_RISK_OF,D2252
RF506,INCREASES_RISK_OF,D2252
RF1732,INCREASES_RISK_OF,D2252
D2252,MANAGED_BY,TR2430
D2252,MANAGED_BY,TR4005
D2252,MANAGED_BY,TR4006
D2252,MANAGED_BY,TR4007
D2252,MANAGED_BY,TR1775
D2253,HAS_SYMPTOM,S6022
D2253,HAS_SYMPTOM,S6023
D2253,HAS_SYMPTOM,S6024
D2253,HAS_SYMPTOM,S5998
D2253,HAS_SYMPTOM,S6025
D2253,HAS_SYMPTOM,S5999
D2253,HAS_SYMPTOM,S243
RF1733,INCREASES_RISK_OF,D2253
RF1734,INCREASES_RISK_OF,D2253
RF1735,INCREASES_RISK_OF,D2253
RF1270,INCREASES_RISK_OF,D2253
RF1736,INCREASES_RISK_OF,D2253
RF1737,INCREASES_RISK_OF,D2253
RF882,INCREASES_RISK_OF,D2253
RF1738,INCREASES_RISK_OF,D2253
RF1739,INCREASES_RISK_OF,D2253
RF1740,INCREASES_RISK_OF,D2253
RF1741,INCREASES_RISK_OF,D2253
RF1742,INCREASES_RISK_OF,D2253
D2253,MANAGED_BY,TR4008
D2253,MANAGED_BY,TR4009
D2253,MANAGED_BY,TR4010
D2253,MANAGED_BY,TR4011
D2253,MANAGED_BY,TR4012
D2253,DIAGNOSED_BY,T2816
D2253,DIAGNOSED_BY,T2817
D2253,DIAGNOSED_BY,T2818
D2253,DIAGNOSED_BY,T2819
D2253,DIAGNOSED_BY,T2820
D2253,DIAGNOSED_BY,T2821
D2253,CAN_CAUSE,C896
D2253,CAN_CAUSE,C1618
D2253,CAN_CAUSE,C1619
D2253,CAN_CAUSE,C582
D2253,CAN_CAUSE,C1045
D2253,CAN_CAUSE,C1620
D2253,MANAGED_BY,TR2369
D2254,AFFECTS,O003
D2255,AFFECTS,O004
D2255,AFFECTS,O003
D2255,HAS_SYMPTOM,S6026
D2255,HAS_SYMPTOM,S2949
D2255,HAS_SYMPTOM,S6027
D2255,HAS_SYMPTOM,S1286
D2255,HAS_SYMPTOM,S6028
D2255,HAS_SYMPTOM,S6029
D2255,HAS_SYMPTOM,S6030
D2255,HAS_CAUSE,CA5114
D2255,HAS_CAUSE,CA5115
D2255,DIAGNOSED_BY,T2822
D2255,DIAGNOSED_BY,T604
D2255,DIAGNOSED_BY,T2823
D2255,DIAGNOSED_BY,T2824
D2255,DIAGNOSED_BY,T2825
D2255,DIAGNOSED_BY,T251
D2256,AFFECTS,O003
D2257,HAS_SYMPTOM,S6031
D2257,HAS_SYMPTOM,S6032
D2257,HAS_SYMPTOM,S6033
D2257,MANAGED_BY,TR4013
D2258,MANAGED_BY,TR4014
D2258,MANAGED_BY,TR4015
D2258,MANAGED_BY,TR4016
D2258,CAN_CAUSE,C1621
D2258,CAN_CAUSE,C1622
D2258,MANAGED_BY,TR2898
D2259,HAS_SYMPTOM,S6034
D2259,HAS_CAUSE,CA5116
D2259,HAS_CAUSE,CA943
D2259,HAS_CAUSE,CA818
D2259,HAS_CAUSE,CA5117
D2259,HAS_CAUSE,CA5118
D2259,HAS_CAUSE,CA5119
D2259,MANAGED_BY,TR4017
D2259,DIAGNOSED_BY,T2826
D2259,DIAGNOSED_BY,T051
D2259,DIAGNOSED_BY,T2827
D2259,CAN_CAUSE,C1623
D2259,CAN_CAUSE,C1624
D2259,CAN_CAUSE,C1625
D2260,AFFECTS,O003
D2260,HAS_SYMPTOM,S6035
D2260,HAS_SYMPTOM,S2897
D2260,HAS_SYMPTOM,S6036
D2260,HAS_SYMPTOM,S241
D2260,HAS_SYMPTOM,S072
D2260,HAS_SYMPTOM,S6037
D2260,MANAGED_BY,TR4018
D2260,DIAGNOSED_BY,T2828
D2262,AFFECTS,O003
D2262,HAS_CAUSE,CA2776
D2262,HAS_CAUSE,CA286
D2262,HAS_CAUSE,CA5120
D2263,AFFECTS,O003
D2263,HAS_SYMPTOM,S6038
D2263,HAS_SYMPTOM,S6039
D2263,HAS_SYMPTOM,S6040
D2263,HAS_SYMPTOM,S6041
D2263,HAS_SYMPTOM,S6042
D2263,HAS_SYMPTOM,S6043
D2263,HAS_SYMPTOM,S6044
D2263,HAS_SYMPTOM,S6045
D2263,HAS_SYMPTOM,S6046
D2263,HAS_CAUSE,CA1955
D2263,HAS_CAUSE,CA2465
D2263,HAS_CAUSE,CA3200
D2263,HAS_CAUSE,CA5121
D2263,MANAGED_BY,TR4019
D2263,MANAGED_BY,TR4020
D2263,DIAGNOSED_BY,T2829
D2263,DIAGNOSED_BY,T2830
D2263,CAN_CAUSE,C1626
D2264,AFFECTS,O003
D2264,HAS_SYMPTOM,S6047
D2264,HAS_SYMPTOM,S6048
D2264,HAS_SYMPTOM,S6049
D2264,HAS_SYMPTOM,S6050
D2264,HAS_SYMPTOM,S6051
D2264,HAS_SYMPTOM,S6052
D2264,HAS_SYMPTOM,S2701
D2264,HAS_SYMPTOM,S6053
D2264,HAS_SYMPTOM,S6054
D2264,HAS_CAUSE,CA5122
D2264,HAS_CAUSE,CA5123
D2264,MANAGED_BY,TR4021
D2264,MANAGED_BY,TR4022
D2264,DIAGNOSED_BY,T2831
D2264,DIAGNOSED_BY,T2832
D2265,AFFECTS,O008
D2265,HAS_SYMPTOM,S132
D2265,HAS_SYMPTOM,S6055
D2265,HAS_SYMPTOM,S6056
D2265,HAS_SYMPTOM,S1542
D2265,HAS_SYMPTOM,S133
D2265,HAS_SYMPTOM,S565
D2265,HAS_SYMPTOM,S1393
D2265,HAS_CAUSE,CA092
D2265,HAS_CAUSE,CA5124
D2265,HAS_CAUSE,CA5125
D2265,HAS_CAUSE,CA5126
D2265,HAS_CAUSE,CA5127
D2265,HAS_CAUSE,CA4916
D2265,MANAGED_BY,TR4023
D2265,MANAGED_BY,TR2796
D2265,MANAGED_BY,TR2369
D2265,DIAGNOSED_BY,T2833
D2265,DIAGNOSED_BY,T2834
D2265,DIAGNOSED_BY,T2835
D2265,DIAGNOSED_BY,T347
D2265,DIAGNOSED_BY,T2836
D2265,DIAGNOSED_BY,T2837
D2265,DIAGNOSED_BY,T2838
D2265,DIAGNOSED_BY,T2839
D2265,DIAGNOSED_BY,T2840
D2265,DIAGNOSED_BY,T2841
D2265,DIAGNOSED_BY,T2842
D2265,CAN_CAUSE,C030
D2265,CAN_CAUSE,C1627
D2266,HAS_SYMPTOM,S6057
D2266,HAS_SYMPTOM,S6058
RF1743,INCREASES_RISK_OF,D2266
RF1744,INCREASES_RISK_OF,D2266
RF1745,INCREASES_RISK_OF,D2266
D2266,MANAGED_BY,TR4024
D2266,MANAGED_BY,TR4025
D2266,MANAGED_BY,TR4026
D2266,MANAGED_BY,TR4027
D2266,DIAGNOSED_BY,T2843
D2266,DIAGNOSED_BY,T2844
D2266,DIAGNOSED_BY,T2845
D2266,DIAGNOSED_BY,T932
D2266,CAN_CAUSE,C1628
D2266,MANAGED_BY,TR4028
D2269,HAS_SYMPTOM,S6059
D2269,HAS_CAUSE,CA5128
D2269,HAS_CAUSE,CA5129
D2269,HAS_CAUSE,CA5130
D2269,HAS_CAUSE,CA5131
D2269,HAS_CAUSE,CA5132
D2269,HAS_CAUSE,CA5133
D2269,HAS_CAUSE,CA5134
D2269,HAS_CAUSE,CA5135
D2269,HAS_CAUSE,CA5136
D2269,HAS_CAUSE,CA5137
D2269,HAS_CAUSE,CA376
D2269,HAS_CAUSE,CA422
RF1746,INCREASES_RISK_OF,D2269
D2269,MANAGED_BY,TR4029
D2269,MANAGED_BY,TR4030
D2269,MANAGED_BY,TR4031
D2270,HAS_SYMPTOM,S6060
D2270,HAS_SYMPTOM,S6061
D2270,HAS_SYMPTOM,S6062
D2270,HAS_SYMPTOM,S6063
D2270,MANAGED_BY,TR4032
D2270,MANAGED_BY,TR4033
D2271,HAS_SYMPTOM,S6064
D2271,HAS_SYMPTOM,S6065
D2271,HAS_SYMPTOM,S1206
D2271,HAS_CAUSE,CA1918
D2271,HAS_CAUSE,CA607
D2271,HAS_CAUSE,CA5138
D2271,HAS_CAUSE,CA5139
D2271,HAS_CAUSE,CA5140
D2271,HAS_CAUSE,CA5141
D2271,HAS_CAUSE,CA5142
D2271,HAS_CAUSE,CA5143
D2271,HAS_CAUSE,CA5144
D2271,HAS_CAUSE,CA5145
D2271,HAS_CAUSE,CA5146
D2271,MANAGED_BY,TR4034
D2271,MANAGED_BY,TR4035
D2272,HAS_SYMPTOM,S6066
D2272,HAS_SYMPTOM,S133
D2272,HAS_SYMPTOM,S6067
D2272,HAS_SYMPTOM,S5719
D2272,HAS_SYMPTOM,S6068
D2272,HAS_SYMPTOM,S6069
D2272,MANAGED_BY,TR4036
D2272,DIAGNOSED_BY,T2846
D2272,DIAGNOSED_BY,T159
D2272,DIAGNOSED_BY,T2847
D2272,DIAGNOSED_BY,T226
D2272,DIAGNOSED_BY,T2848
D2273,HAS_SYMPTOM,S4069
D2273,HAS_SYMPTOM,S133
D2273,HAS_SYMPTOM,S6070
D2273,HAS_SYMPTOM,S6071
D2273,HAS_SYMPTOM,S684
D2273,HAS_SYMPTOM,S6072
D2273,HAS_SYMPTOM,S6073
D2273,HAS_SYMPTOM,S4774
D2273,HAS_SYMPTOM,S6074
D2273,HAS_SYMPTOM,S6075
D2273,HAS_SYMPTOM,S052
D2273,HAS_SYMPTOM,S5155
D2273,HAS_CAUSE,CA5147
D2273,HAS_CAUSE,CA5148
D2273,HAS_CAUSE,CA2665
D2273,HAS_CAUSE,CA1253
D2273,MANAGED_BY,TR4037
D2273,MANAGED_BY,TR4038
D2273,DIAGNOSED_BY,T2849
D2273,DIAGNOSED_BY,T2850
D2273,DIAGNOSED_BY,T2851
D2273,DIAGNOSED_BY,T004
D2273,DIAGNOSED_BY,T2852
D2273,DIAGNOSED_BY,T2853
D2273,MANAGED_BY,TR4039
D2274,HAS_SYMPTOM,S227
D2274,HAS_SYMPTOM,S6076
D2274,HAS_SYMPTOM,S6077
D2274,HAS_SYMPTOM,S141
D2274,HAS_SYMPTOM,S970
D2274,HAS_CAUSE,CA5149
D2274,HAS_CAUSE,CA5150
D2274,MANAGED_BY,TR4040
D2274,DIAGNOSED_BY,T005
D2274,DIAGNOSED_BY,T066
D2274,DIAGNOSED_BY,T2854
D2274,DIAGNOSED_BY,T2855
D2274,DIAGNOSED_BY,T097
D2274,DIAGNOSED_BY,T2856
D2274,DIAGNOSED_BY,T282
D2274,DIAGNOSED_BY,T2857
D2274,CAN_CAUSE,C1629
D2274,CAN_CAUSE,C1630
D2274,CAN_CAUSE,C1631
D2274,CAN_CAUSE,C049
D2275,AFFECTS,O009
D2275,AFFECTS,O010
D2275,HAS_SYMPTOM,S6078
D2275,HAS_CAUSE,CA5151
D2275,HAS_CAUSE,CA5152
D2275,HAS_CAUSE,CA5153
D2275,HAS_CAUSE,CA5154
D2275,HAS_CAUSE,CA5155
RF1747,INCREASES_RISK_OF,D2275
RF1748,INCREASES_RISK_OF,D2275
RF1749,INCREASES_RISK_OF,D2275
RF1750,INCREASES_RISK_OF,D2275
RF1567,INCREASES_RISK_OF,D2275
RF083,INCREASES_RISK_OF,D2275
D2276,AFFECTS,O014
D2276,HAS_SYMPTOM,S6079
D2276,HAS_SYMPTOM,S6080
D2276,HAS_SYMPTOM,S6081
D2276,HAS_SYMPTOM,S6082
D2276,HAS_SYMPTOM,S6083
D2276,HAS_SYMPTOM,S6084
D2276,HAS_SYMPTOM,S6085
D2276,HAS_SYMPTOM,S6086
D2276,HAS_SYMPTOM,S093
D2276,HAS_SYMPTOM,S6087
D2276,HAS_SYMPTOM,S6088
D2276,HAS_SYMPTOM,S6089
D2276,HAS_CAUSE,CA5156
D2276,HAS_CAUSE,CA5157
D2276,HAS_CAUSE,CA3504
D2276,HAS_CAUSE,CA5158
RF1751,INCREASES_RISK_OF,D2276
D2276,MANAGED_BY,TR3384
D2276,MANAGED_BY,TR3386
RF1752,INCREASES_RISK_OF,D2277
D2278,AFFECTS,O006
D2278,HAS_SYMPTOM,S6090
D2278,HAS_SYMPTOM,S6091
D2278,HAS_SYMPTOM,S583
D2278,HAS_SYMPTOM,S6092
D2278,HAS_SYMPTOM,S6093
D2278,HAS_SYMPTOM,S6094
D2278,HAS_SYMPTOM,S4901
D2278,HAS_SYMPTOM,S131
D2278,HAS_CAUSE,CA5159
D2278,MANAGED_BY,TR4041
D2278,DIAGNOSED_BY,T005
D2278,DIAGNOSED_BY,T2858
D2278,DIAGNOSED_BY,T2859
D2278,DIAGNOSED_BY,T2860
D2278,CAN_CAUSE,C1632
D2278,CAN_CAUSE,C1633
D2278,CAN_CAUSE,C1634
D2279,HAS_SYMPTOM,S6095
D2279,HAS_CAUSE,CA5160
D2279,HAS_CAUSE,CA5161
D2279,HAS_CAUSE,CA5162
RF1753,INCREASES_RISK_OF,D2279
RF1754,INCREASES_RISK_OF,D2279
RF1755,INCREASES_RISK_OF,D2279
D2280,AFFECTS,O003
D2280,HAS_SYMPTOM,S6096
D2280,HAS_CAUSE,CA660
D2280,HAS_CAUSE,CA5163
D2281,HAS_CAUSE,CA5164
D2281,HAS_CAUSE,CA5165
D2281,HAS_CAUSE,CA5166
D2281,HAS_CAUSE,CA5167
D2281,HAS_CAUSE,CA5168
RF1756,INCREASES_RISK_OF,D2281
D2282,HAS_CAUSE,CA5169
D2282,MANAGED_BY,TR1321
D2282,DIAGNOSED_BY,T2861
D2282,DIAGNOSED_BY,T2862
D2282,DIAGNOSED_BY,T2863
D2282,DIAGNOSED_BY,T2864
D2282,CAN_CAUSE,C1635
D2282,CAN_CAUSE,C126
D2282,CAN_CAUSE,C1636
D2283,HAS_SYMPTOM,S6097
D2283,HAS_SYMPTOM,S6098
D2283,HAS_SYMPTOM,S6099
D2283,HAS_SYMPTOM,S6100
D2283,HAS_SYMPTOM,S6101
D2283,HAS_SYMPTOM,S6102
D2283,HAS_SYMPTOM,S6103
D2283,HAS_CAUSE,CA5170
D2283,HAS_CAUSE,CA5171
RF1757,INCREASES_RISK_OF,D2283
RF1758,INCREASES_RISK_OF,D2283
D2283,CAN_CAUSE,C1637
D2285,AFFECTS,O006
D2285,HAS_SYMPTOM,S6104
D2285,HAS_SYMPTOM,S4901
D2285,HAS_CAUSE,CA5172
D2285,HAS_CAUSE,CA309
D2285,MANAGED_BY,TR4042
D2285,MANAGED_BY,TR4043
D2285,MANAGED_BY,TR4044
D2285,MANAGED_BY,TR4045
D2285,DIAGNOSED_BY,T2865
D2285,DIAGNOSED_BY,T2866
D2285,DIAGNOSED_BY,T2867
D2286,HAS_SYMPTOM,S3335
D2286,HAS_SYMPTOM,S6105
D2286,HAS_SYMPTOM,S6106
D2286,HAS_SYMPTOM,S6107
D2286,HAS_CAUSE,CA5173
D2286,HAS_CAUSE,CA5174
D2286,MANAGED_BY,TR4046
D2286,MANAGED_BY,TR4047
D2286,MANAGED_BY,TR4048
D2286,DIAGNOSED_BY,T2868
D2286,DIAGNOSED_BY,T2869
D2286,DIAGNOSED_BY,T2870
D2286,DIAGNOSED_BY,T2871
D2286,DIAGNOSED_BY,T2872
D2286,DIAGNOSED_BY,T2873
D2286,DIAGNOSED_BY,T1211
D2286,DIAGNOSED_BY,T2874
D2286,CAN_CAUSE,C1638
D2286,CAN_CAUSE,C406
D2286,CAN_CAUSE,C1639
D2286,CAN_CAUSE,C1640
D2286,CAN_CAUSE,C1641
D2286,CAN_CAUSE,C1642
D2287,HAS_SYMPTOM,S6108
D2287,HAS_SYMPTOM,S6109
D2287,HAS_SYMPTOM,S6110
D2287,HAS_SYMPTOM,S6111
D2287,MANAGED_BY,TR4049
D2287,MANAGED_BY,TR4050
D2287,MANAGED_BY,TR4051
D2287,MANAGED_BY,TR4052
D2287,MANAGED_BY,TR4053
D2287,MANAGED_BY,TR4054
D2287,DIAGNOSED_BY,T2875
D2287,DIAGNOSED_BY,T133
D2287,DIAGNOSED_BY,T2876
D2287,DIAGNOSED_BY,T2877
D2288,HAS_SYMPTOM,S6112
D2288,HAS_SYMPTOM,S6113
D2288,HAS_SYMPTOM,S6114
D2288,HAS_SYMPTOM,S6115
D2288,HAS_SYMPTOM,S616
D2288,HAS_SYMPTOM,S041
D2288,HAS_SYMPTOM,S4769
D2288,HAS_SYMPTOM,S6116
D2288,HAS_SYMPTOM,S095
D2288,HAS_SYMPTOM,S6117
D2288,HAS_SYMPTOM,S6118
D2288,HAS_SYMPTOM,S6119
D2289,HAS_SYMPTOM,S6120
D2289,HAS_SYMPTOM,S095
D2289,HAS_SYMPTOM,S052
D2289,HAS_SYMPTOM,S046
D2289,HAS_SYMPTOM,S041
D2289,HAS_SYMPTOM,S352
D2289,HAS_SYMPTOM,S663
D2289,HAS_SYMPTOM,S497
D2289,HAS_SYMPTOM,S187
D2289,HAS_SYMPTOM,S6121
D2289,HAS_SYMPTOM,S1107
D2289,HAS_SYMPTOM,S6122
D2290,HAS_SYMPTOM,S127
D2290,HAS_SYMPTOM,S6123
D2290,HAS_SYMPTOM,S663
D2290,HAS_SYMPTOM,S042
D2290,HAS_SYMPTOM,S6124
D2290,HAS_SYMPTOM,S329
D2290,HAS_SYMPTOM,S6125
D2290,HAS_SYMPTOM,S651
D2291,AFFECTS,O020
D2292,AFFECTS,O020
D2292,HAS_SYMPTOM,S151
D2292,HAS_SYMPTOM,S6126
RF216,INCREASES_RISK_OF,D2292
RF1402,INCREASES_RISK_OF,D2292
RF1403,INCREASES_RISK_OF,D2292
RF1404,INCREASES_RISK_OF,D2292
RF135,INCREASES_RISK_OF,D2292
RF1405,INCREASES_RISK_OF,D2292
D2292,MANAGED_BY,TR4055
D2292,DIAGNOSED_BY,T2878
D2292,DIAGNOSED_BY,T2879
D2292,DIAGNOSED_BY,T2880
D2292,DIAGNOSED_BY,T2881
D2292,DIAGNOSED_BY,T2882
D2292,DIAGNOSED_BY,T2883
D2292,DIAGNOSED_BY,T2884
D2292,DIAGNOSED_BY,T2885
D2292,DIAGNOSED_BY,T2886
D2292,DIAGNOSED_BY,T500
D2292,DIAGNOSED_BY,T2887
D2292,DIAGNOSED_BY,T2888
D2292,MANAGED_BY,TR4056
D2292,MANAGED_BY,TR627
D2292,MANAGED_BY,TR4057
D2292,MANAGED_BY,TR4058
D2293,AFFECTS,O020
RF1759,INCREASES_RISK_OF,D2293
RF1760,INCREASES_RISK_OF,D2293
D2293,MANAGED_BY,TR4059
D2293,MANAGED_BY,TR4060
D2294,AFFECTS,O020
D2295,AFFECTS,O020
D2295,HAS_SYMPTOM,S6127
D2295,HAS_SYMPTOM,S6128
D2295,HAS_SYMPTOM,S6129
D2295,HAS_SYMPTOM,S6130
D2295,HAS_SYMPTOM,S6131
D2295,HAS_SYMPTOM,S6132
D2295,HAS_SYMPTOM,S1412
D2295,HAS_SYMPTOM,S6133
D2295,HAS_CAUSE,CA5175
RF1224,INCREASES_RISK_OF,D2295
D2296,AFFECTS,O020
D2296,HAS_SYMPTOM,S151
D2296,HAS_SYMPTOM,S6134
D2296,HAS_SYMPTOM,S6135
D2296,HAS_SYMPTOM,S6136
D2296,HAS_SYMPTOM,S2946
D2296,HAS_SYMPTOM,S6137
D2296,HAS_SYMPTOM,S3747
D2296,MANAGED_BY,TR4061
D2296,MANAGED_BY,TR1389
D2296,MANAGED_BY,TR4062
D2296,DIAGNOSED_BY,T2889
D2296,DIAGNOSED_BY,T2890
D2296,CAN_CAUSE,C1643
D2296,CAN_CAUSE,C1644
D2297,AFFECTS,O016
D2297,HAS_SYMPTOM,S052
D2297,HAS_SYMPTOM,S041
D2297,HAS_SYMPTOM,S127
D2297,HAS_SYMPTOM,S6138
D2297,HAS_CAUSE,CA378
D2297,HAS_CAUSE,CA1509
D2297,HAS_CAUSE,CA044
D2297,HAS_CAUSE,CA1031
D2297,HAS_CAUSE,CA5176
D2297,HAS_CAUSE,CA5177
D2297,HAS_CAUSE,CA5178
D2297,MANAGED_BY,TR4063
D2297,DIAGNOSED_BY,T089
D2297,DIAGNOSED_BY,T2891
D2297,DIAGNOSED_BY,T836
D2297,DIAGNOSED_BY,T2892
D2297,DIAGNOSED_BY,T2893
D2297,DIAGNOSED_BY,T2203
D2297,DIAGNOSED_BY,T028
D2298,HAS_SYMPTOM,S6139
D2298,HAS_SYMPTOM,S1217
D2298,HAS_SYMPTOM,S6140
D2298,HAS_SYMPTOM,S6141
D2298,HAS_SYMPTOM,S221
D2298,HAS_SYMPTOM,S6142
D2298,HAS_SYMPTOM,S1220
D2298,HAS_CAUSE,CA5179
D2298,HAS_CAUSE,CA5180
D2298,HAS_CAUSE,CA5181
D2298,DIAGNOSED_BY,T2894
D2298,DIAGNOSED_BY,T902
D2298,DIAGNOSED_BY,T2895
D2298,DIAGNOSED_BY,T2896
D2298,CAN_CAUSE,C1645
D2298,MANAGED_BY,TR1965
D2298,MANAGED_BY,TR1966
D2300,HAS_SYMPTOM,S6143
D2300,HAS_SYMPTOM,S6144
D2300,HAS_SYMPTOM,S6145
D2300,HAS_SYMPTOM,S6146
D2300,HAS_SYMPTOM,S6147
D2300,HAS_CAUSE,CA5182
D2300,MANAGED_BY,TR4064
D2300,DIAGNOSED_BY,T2897
D2300,DIAGNOSED_BY,T2898
D2300,DIAGNOSED_BY,T2899
D2300,DIAGNOSED_BY,T2900
D2300,CAN_CAUSE,C1646
D2301,HAS_SYMPTOM,S6148
D2301,HAS_SYMPTOM,S6149
D2301,HAS_SYMPTOM,S6150
D2301,HAS_SYMPTOM,S6151
D2301,HAS_CAUSE,CA5183
D2301,HAS_CAUSE,CA5184
D2301,HAS_CAUSE,CA5185
D2301,MANAGED_BY,TR4065
D2301,DIAGNOSED_BY,T2901
D2301,DIAGNOSED_BY,T2902
D2301,DIAGNOSED_BY,T2903
D2301,DIAGNOSED_BY,T005
D2301,DIAGNOSED_BY,T2904
D2301,DIAGNOSED_BY,T2905
D2301,DIAGNOSED_BY,T057
D2301,CAN_CAUSE,C1647
D2301,MANAGED_BY,TR4066
D2301,MANAGED_BY,TR4067
D2302,HAS_SYMPTOM,S6152
D2302,HAS_CAUSE,CA5186
RF1761,INCREASES_RISK_OF,D2302
RF1762,INCREASES_RISK_OF,D2302
RF1763,INCREASES_RISK_OF,D2302
RF1764,INCREASES_RISK_OF,D2302
RF1765,INCREASES_RISK_OF,D2302
D2302,MANAGED_BY,TR4068
D2302,MANAGED_BY,TR4069
D2303,HAS_SYMPTOM,S6153
D2303,HAS_CAUSE,CA5187
RF1766,INCREASES_RISK_OF,D2303
D2303,MANAGED_BY,TR3423
D2304,HAS_SYMPTOM,S6154
D2304,HAS_SYMPTOM,S6155
D2304,HAS_SYMPTOM,S6156
D2304,HAS_SYMPTOM,S6157
D2304,HAS_SYMPTOM,S6158
RF1767,INCREASES_RISK_OF,D2304
RF1768,INCREASES_RISK_OF,D2304
RF1769,INCREASES_RISK_OF,D2304
D2305,AFFECTS,O016
D2305,HAS_SYMPTOM,S6159
D2305,HAS_SYMPTOM,S6160
D2305,HAS_SYMPTOM,S6161
D2305,HAS_SYMPTOM,S6162
D2305,HAS_CAUSE,CA5188
D2305,HAS_CAUSE,CA5189
RF1770,INCREASES_RISK_OF,D2305
D2305,MANAGED_BY,TR4070
D2305,DIAGNOSED_BY,T2906
D2305,DIAGNOSED_BY,T2907
D2305,DIAGNOSED_BY,T005
D2305,DIAGNOSED_BY,T2908
D2305,CAN_CAUSE,C1648
D2305,CAN_CAUSE,C1649
D2305,CAN_CAUSE,C1650
D2305,CAN_CAUSE,C013
D2305,MANAGED_BY,TR4071
D2306,AFFECTS,O001
D2306,AFFECTS,O006
D2306,HAS_SYMPTOM,S6163
D2306,HAS_CAUSE,CA5190
D2306,HAS_CAUSE,CA5191
RF1771,INCREASES_RISK_OF,D2306
RF1772,INCREASES_RISK_OF,D2306
D2307,HAS_SYMPTOM,S6164
D2307,HAS_SYMPTOM,S6165
D2307,HAS_SYMPTOM,S6166
D2307,HAS_CAUSE,CA5192
D2307,HAS_CAUSE,CA5193
D2307,HAS_CAUSE,CA5194
D2307,HAS_CAUSE,CA2510
D2307,HAS_CAUSE,CA5195
D2307,MANAGED_BY,TR4072
D2307,MANAGED_BY,TR4073
D2307,MANAGED_BY,TR4074
D2307,MANAGED_BY,TR4075
D2307,MANAGED_BY,TR4076
D2307,MANAGED_BY,TR4077
D2307,MANAGED_BY,TR4078
D2307,MANAGED_BY,TR4079
D2308,AFFECTS,O005
D2308,HAS_CAUSE,CA5196
RF1773,INCREASES_RISK_OF,D2308
RF1774,INCREASES_RISK_OF,D2308
D2308,MANAGED_BY,TR149
D2308,MANAGED_BY,TR4080
D2308,MANAGED_BY,TR328
D2308,DIAGNOSED_BY,T2909
D2308,DIAGNOSED_BY,T2910
D2308,DIAGNOSED_BY,T2911
D2308,DIAGNOSED_BY,T2912
D2308,DIAGNOSED_BY,T2913
D2308,DIAGNOSED_BY,T2914
D2308,DIAGNOSED_BY,T2915
D2308,DIAGNOSED_BY,T2916
D2308,DIAGNOSED_BY,T2917
D2308,DIAGNOSED_BY,T2918
D2309,HAS_SYMPTOM,S6167
D2309,HAS_SYMPTOM,S6168
D2309,HAS_SYMPTOM,S6169
D2309,HAS_CAUSE,CA5197
D2309,HAS_CAUSE,CA346
D2309,HAS_CAUSE,CA5198
D2309,HAS_CAUSE,CA5199
D2309,MANAGED_BY,TR1321
D2310,HAS_SYMPTOM,S6170
D2310,HAS_SYMPTOM,S6171
D2310,HAS_CAUSE,CA5200
D2310,HAS_CAUSE,CA5201
D2310,MANAGED_BY,TR4081
D2310,MANAGED_BY,TR4082
D2311,AFFECTS,O007
D2311,HAS_SYMPTOM,S6172
D2311,HAS_SYMPTOM,S6173
D2311,HAS_SYMPTOM,S6174
D2311,HAS_SYMPTOM,S2641
D2311,HAS_SYMPTOM,S6175
D2311,HAS_CAUSE,CA1031
D2311,HAS_CAUSE,CA5202
D2311,MANAGED_BY,TR4083
D2311,DIAGNOSED_BY,T2919
D2311,DIAGNOSED_BY,T2920
D2311,DIAGNOSED_BY,T005
D2311,DIAGNOSED_BY,T051
D2311,DIAGNOSED_BY,T225
D2311,DIAGNOSED_BY,T982
D2311,DIAGNOSED_BY,T2921
D2311,DIAGNOSED_BY,T2922
D2311,DIAGNOSED_BY,T2923
D2311,DIAGNOSED_BY,T1603
D2311,DIAGNOSED_BY,T793
D2311,DIAGNOSED_BY,T2924
D2311,CAN_CAUSE,C801
D2311,CAN_CAUSE,C1651
D2311,CAN_CAUSE,C1652
D2311,CAN_CAUSE,C1653
D2311,MANAGED_BY,TR4084
D2311,MANAGED_BY,TR062
D2312,AFFECTS,O007
D2312,HAS_SYMPTOM,S1438
D2312,HAS_SYMPTOM,S133
D2312,HAS_SYMPTOM,S6176
D2312,HAS_SYMPTOM,S6177
D2312,HAS_SYMPTOM,S6178
D2312,HAS_SYMPTOM,S6179
D2312,HAS_CAUSE,CA5203
D2312,MANAGED_BY,TR4085
D2312,DIAGNOSED_BY,T051
D2312,DIAGNOSED_BY,T005
D2312,DIAGNOSED_BY,T225
D2312,DIAGNOSED_BY,T226
D2312,DIAGNOSED_BY,T2925
D2313,AFFECTS,O007
D2313,HAS_SYMPTOM,S045
D2313,HAS_SYMPTOM,S6180
D2313,HAS_SYMPTOM,S133
D2313,HAS_SYMPTOM,S041
D2313,HAS_SYMPTOM,S1205
D2313,HAS_CAUSE,CA2763
D2313,HAS_CAUSE,CA235
D2313,HAS_CAUSE,CA2765
D2313,HAS_CAUSE,CA2300
D2313,HAS_CAUSE,CA1223
D2313,HAS_CAUSE,CA2529
D2313,HAS_CAUSE,CA5204
D2313,MANAGED_BY,TR4086
D2313,DIAGNOSED_BY,T2926
D2313,DIAGNOSED_BY,T225
D2313,DIAGNOSED_BY,T330
D2313,CAN_CAUSE,C1654
D2313,CAN_CAUSE,C1655
D2313,CAN_CAUSE,C1589
D2314,AFFECTS,O007
D2314,HAS_SYMPTOM,S2389
D2314,HAS_SYMPTOM,S077
D2314,HAS_SYMPTOM,S133
D2314,HAS_SYMPTOM,S6181
D2314,HAS_CAUSE,CA5205
RF1775,INCREASES_RISK_OF,D2314
RF1776,INCREASES_RISK_OF,D2314
D2314,DIAGNOSED_BY,T2927
D2314,DIAGNOSED_BY,T051
D2314,DIAGNOSED_BY,T052
D2314,DIAGNOSED_BY,T2928
D2314,DIAGNOSED_BY,T2929
D2314,CAN_CAUSE,C1656
D2314,CAN_CAUSE,C182
D2314,CAN_CAUSE,C1657
D2314,CAN_CAUSE,C134
D2314,CAN_CAUSE,C013
D2314,MANAGED_BY,TR4087
D2315,AFFECTS,O007
D2315,HAS_CAUSE,CA5206
D2315,HAS_CAUSE,CA5207
D2316,AFFECTS,O007
D2316,HAS_SYMPTOM,S6182
D2316,HAS_SYMPTOM,S6183
D2316,HAS_SYMPTOM,S6184
D2316,HAS_SYMPTOM,S6185
D2316,HAS_SYMPTOM,S6186
D2316,HAS_SYMPTOM,S045
D2316,HAS_SYMPTOM,S3762
D2316,HAS_SYMPTOM,S6187
RF1777,INCREASES_RISK_OF,D2316
RF1778,INCREASES_RISK_OF,D2316
RF1035,INCREASES_RISK_OF,D2316
RF1779,INCREASES_RISK_OF,D2316
RF682,INCREASES_RISK_OF,D2316
RF775,INCREASES_RISK_OF,D2316
RF1780,INCREASES_RISK_OF,D2316
D2316,MANAGED_BY,TR4088
D2316,DIAGNOSED_BY,T2930
D2316,DIAGNOSED_BY,T2931
D2316,DIAGNOSED_BY,T051
D2316,DIAGNOSED_BY,T2932
D2316,DIAGNOSED_BY,T2933
D2316,MANAGED_BY,TR4089
D2317,AFFECTS,O007
D2317,HAS_SYMPTOM,S6188
D2317,HAS_SYMPTOM,S1359
D2317,HAS_SYMPTOM,S6189
D2317,HAS_SYMPTOM,S833
D2317,HAS_SYMPTOM,S041
D2317,HAS_SYMPTOM,S6190
D2317,HAS_SYMPTOM,S6191
D2317,HAS_CAUSE,CA5208
D2317,HAS_CAUSE,CA5209
RF1781,INCREASES_RISK_OF,D2317
RF1782,INCREASES_RISK_OF,D2317
RF1783,INCREASES_RISK_OF,D2317
D2317,MANAGED_BY,TR4090
D2317,MANAGED_BY,TR4091
D2317,MANAGED_BY,TR4092
D2317,MANAGED_BY,TR4093
D2317,MANAGED_BY,TR4094
D2318,AFFECTS,O007
D2318,HAS_SYMPTOM,S6192
D2318,HAS_CAUSE,CA5210
D2318,HAS_CAUSE,CA5211
D2318,HAS_CAUSE,CA5212
RF1784,INCREASES_RISK_OF,D2318
D2319,AFFECTS,O001
D2319,AFFECTS,O007
D2319,HAS_SYMPTOM,S101
D2319,HAS_CAUSE,CA5213
D2319,HAS_CAUSE,CA5214
D2319,HAS_CAUSE,CA1031
D2319,HAS_CAUSE,CA5215
D2319,HAS_CAUSE,CA5216
D2319,HAS_CAUSE,CA5217
D2319,MANAGED_BY,TR4095
D2319,MANAGED_BY,TR4096
D2319,MANAGED_BY,TR4097
D2319,DIAGNOSED_BY,T132
D2319,DIAGNOSED_BY,T431
D2319,DIAGNOSED_BY,T005
D2319,DIAGNOSED_BY,T051
D2319,DIAGNOSED_BY,T225
D2319,DIAGNOSED_BY,T052
D2319,DIAGNOSED_BY,T721
D2319,DIAGNOSED_BY,T2934
D2319,DIAGNOSED_BY,T2935
D2319,DIAGNOSED_BY,T1981
D2319,DIAGNOSED_BY,T2936
D2320,AFFECTS,O007
D2320,HAS_SYMPTOM,S6193
D2320,HAS_SYMPTOM,S6194
D2320,HAS_SYMPTOM,S6195
D2320,HAS_SYMPTOM,S1205
D2320,HAS_SYMPTOM,S130
D2320,HAS_SYMPTOM,S6196
D2320,HAS_SYMPTOM,S6197
D2320,HAS_SYMPTOM,S077
D2320,HAS_SYMPTOM,S6198
D2320,HAS_SYMPTOM,S6199
D2320,HAS_SYMPTOM,S132
D2320,HAS_SYMPTOM,S046
D2320,HAS_CAUSE,CA222
D2320,HAS_CAUSE,CA378
D2320,HAS_CAUSE,CA1938
D2320,HAS_CAUSE,CA1532
D2320,MANAGED_BY,TR4098
D2320,DIAGNOSED_BY,T005
D2320,DIAGNOSED_BY,T051
D2320,DIAGNOSED_BY,T225
D2320,DIAGNOSED_BY,T351
D2320,DIAGNOSED_BY,T2937
D2320,DIAGNOSED_BY,T2938
D2320,CAN_CAUSE,C801
D2320,CAN_CAUSE,C1658
D2320,CAN_CAUSE,C1659
D2320,MANAGED_BY,TR4099
D2321,AFFECTS,O007
D2321,HAS_SYMPTOM,S3379
D2321,HAS_SYMPTOM,S6200
D2321,HAS_SYMPTOM,S6201
D2321,HAS_SYMPTOM,S133
D2321,HAS_SYMPTOM,S041
D2321,HAS_SYMPTOM,S474
D2321,HAS_SYMPTOM,S079
D2321,HAS_CAUSE,CA5218
D2321,HAS_CAUSE,CA3803
D2321,HAS_CAUSE,CA5219
D2321,HAS_CAUSE,CA5220
D2321,HAS_CAUSE,CA5221
D2321,HAS_CAUSE,CA5222
D2321,HAS_CAUSE,CA2036
D2321,DIAGNOSED_BY,T2939
D2321,DIAGNOSED_BY,T225
D2321,DIAGNOSED_BY,T005
D2321,DIAGNOSED_BY,T051
D2321,DIAGNOSED_BY,T2940
D2321,DIAGNOSED_BY,T2941
D2321,DIAGNOSED_BY,T2942
D2321,CAN_CAUSE,C184
D2321,CAN_CAUSE,C1660
D2321,CAN_CAUSE,C697
D2321,CAN_CAUSE,C698
D2321,MANAGED_BY,TR4100
D2322,AFFECTS,O007
D2322,HAS_SYMPTOM,S6202
D2322,HAS_CAUSE,CA3320
D2322,HAS_CAUSE,CA5223
D2322,HAS_CAUSE,CA5224
RF1785,INCREASES_RISK_OF,D2322
RF1786,INCREASES_RISK_OF,D2322
D2323,AFFECTS,O007
D2323,HAS_SYMPTOM,S6203
D2323,HAS_CAUSE,CA5225
RF197,INCREASES_RISK_OF,D2323
RF1787,INCREASES_RISK_OF,D2323
RF1788,INCREASES_RISK_OF,D2323
D2324,AFFECTS,O001
D2324,AFFECTS,O007
D2324,HAS_SYMPTOM,S6204
D2324,HAS_SYMPTOM,S6205
D2324,HAS_SYMPTOM,S347
D2324,HAS_SYMPTOM,S246
D2324,HAS_SYMPTOM,S6206
D2324,HAS_CAUSE,CA5226
D2324,HAS_CAUSE,CA5227
D2324,HAS_CAUSE,CA410
D2324,MANAGED_BY,TR4101
D2324,DIAGNOSED_BY,T2943
D2324,DIAGNOSED_BY,T2944
D2324,DIAGNOSED_BY,T2945
D2324,DIAGNOSED_BY,T005
D2324,DIAGNOSED_BY,T051
D2324,DIAGNOSED_BY,T225
D2324,DIAGNOSED_BY,T431
D2324,DIAGNOSED_BY,T226
D2324,DIAGNOSED_BY,T052
D2324,DIAGNOSED_BY,T982
D2324,CAN_CAUSE,C1661
D2324,CAN_CAUSE,C1662
D2325,AFFECTS,O001
D2325,AFFECTS,O007
D2325,HAS_SYMPTOM,S917
D2325,HAS_SYMPTOM,S6207
D2325,HAS_SYMPTOM,S093
D2325,HAS_SYMPTOM,S045
D2325,HAS_SYMPTOM,S347
D2325,HAS_SYMPTOM,S133
D2325,HAS_SYMPTOM,S6208
D2325,HAS_SYMPTOM,S6209
D2325,HAS_CAUSE,CA5228
D2325,DIAGNOSED_BY,T431
D2325,DIAGNOSED_BY,T005
D2325,DIAGNOSED_BY,T051
D2325,DIAGNOSED_BY,T426
D2325,DIAGNOSED_BY,T359
D2325,DIAGNOSED_BY,T2946
D2325,CAN_CAUSE,C1663
D2325,CAN_CAUSE,C1664
D2325,CAN_CAUSE,C1665
D2326,HAS_CAUSE,CA2575
D2326,HAS_CAUSE,CA558
D2326,HAS_CAUSE,CA5229
D2326,HAS_CAUSE,CA1099
D2326,HAS_CAUSE,CA5230
D2327,HAS_CAUSE,CA5231
D2327,HAS_CAUSE,CA5232
D2327,HAS_CAUSE,CA5233
D2328,HAS_CAUSE,CA3120
D2328,HAS_CAUSE,CA5234
D2328,HAS_CAUSE,CA292
D2328,HAS_CAUSE,CA5235
D2328,HAS_CAUSE,CA5236
D2328,HAS_CAUSE,CA5237
D2328,HAS_CAUSE,CA5238
D2328,HAS_CAUSE,CA5239
D2328,HAS_CAUSE,CA5240
D2328,HAS_CAUSE,CA5241
D2329,HAS_SYMPTOM,S6210
D2329,HAS_SYMPTOM,S6211
D2329,HAS_SYMPTOM,S3207
D2329,HAS_CAUSE,CA5242
D2330,HAS_SYMPTOM,S6212
D2330,HAS_SYMPTOM,S6213
D2330,HAS_SYMPTOM,S6214
D2330,HAS_SYMPTOM,S6215
D2330,HAS_CAUSE,CA5243
D2330,HAS_CAUSE,CA5244
D2330,MANAGED_BY,TR4102
D2330,DIAGNOSED_BY,T005
D2330,DIAGNOSED_BY,T2947
D2330,DIAGNOSED_BY,T2948
D2330,CAN_CAUSE,C1666
D2330,CAN_CAUSE,C1667
D2332,AFFECTS,O004
D2332,HAS_SYMPTOM,S6216
RF1789,INCREASES_RISK_OF,D2332
D2332,MANAGED_BY,TR4103
D2332,MANAGED_BY,TR4104
D2333,HAS_SYMPTOM,S6217
D2333,HAS_SYMPTOM,S6218
D2333,HAS_CAUSE,CA5245
D2333,MANAGED_BY,TR4105
D2333,MANAGED_BY,TR996
D2333,MANAGED_BY,TR4106
D2333,CAN_CAUSE,C1668
D2333,CAN_CAUSE,C1669
D2334,AFFECTS,O009
D2334,HAS_SYMPTOM,S6219
D2334,HAS_SYMPTOM,S1122
D2334,HAS_SYMPTOM,S6220
D2334,HAS_SYMPTOM,S093
D2334,HAS_SYMPTOM,S186
D2334,HAS_SYMPTOM,S1205
D2334,HAS_SYMPTOM,S3681
D2334,HAS_SYMPTOM,S6221
D2334,HAS_CAUSE,CA5246
D2334,HAS_CAUSE,CA5247
D2334,HAS_CAUSE,CA5248
D2334,HAS_CAUSE,CA5249
D2334,MANAGED_BY,TR4107
D2334,MANAGED_BY,TR4108
D2334,MANAGED_BY,TR4109
D2334,DIAGNOSED_BY,T005
D2334,DIAGNOSED_BY,T066
D2334,DIAGNOSED_BY,T210
D2334,DIAGNOSED_BY,T2949
D2334,DIAGNOSED_BY,T2950
D2334,DIAGNOSED_BY,T2951
D2334,DIAGNOSED_BY,T251
D2334,MANAGED_BY,TR4110
D2335,HAS_SYMPTOM,S6222
D2335,HAS_CAUSE,CA5250
D2335,HAS_CAUSE,CA5251
D2335,MANAGED_BY,TR4111
D2335,DIAGNOSED_BY,T2952
D2335,DIAGNOSED_BY,T132
D2335,DIAGNOSED_BY,T2953
D2335,DIAGNOSED_BY,T1680
D2335,DIAGNOSED_BY,T2954
D2335,DIAGNOSED_BY,T2955
D2335,DIAGNOSED_BY,T2956
D2335,CAN_CAUSE,C1670
D2336,HAS_SYMPTOM,S127
D2336,HAS_SYMPTOM,S045
D2336,HAS_SYMPTOM,S6223
D2336,HAS_CAUSE,CA2570
D2336,HAS_CAUSE,CA5252
D2336,HAS_CAUSE,CA5253
D2336,DIAGNOSED_BY,T005
D2336,DIAGNOSED_BY,T2957
D2336,DIAGNOSED_BY,T2958
D2336,DIAGNOSED_BY,T2959
D2336,DIAGNOSED_BY,T251
D2336,DIAGNOSED_BY,T2960
D2336,DIAGNOSED_BY,T2961
D2336,DIAGNOSED_BY,T2962
D2336,MANAGED_BY,TR4112
D2336,MANAGED_BY,TR4113
D2336,MANAGED_BY,TR4114
D2337,HAS_SYMPTOM,S1498
D2337,HAS_SYMPTOM,S663
D2337,HAS_SYMPTOM,S095
D2337,HAS_SYMPTOM,S6224
D2337,HAS_SYMPTOM,S3434
D2337,HAS_SYMPTOM,S284
D2337,HAS_SYMPTOM,S6225
D2337,HAS_SYMPTOM,S6226
D2337,HAS_SYMPTOM,S1372
D2337,HAS_SYMPTOM,S6227
D2337,HAS_SYMPTOM,S1182
D2337,HAS_SYMPTOM,S6228
D2337,HAS_CAUSE,CA5254
D2337,HAS_CAUSE,CA5255
RF1790,INCREASES_RISK_OF,D2337
RF1791,INCREASES_RISK_OF,D2337
RF1792,INCREASES_RISK_OF,D2337
RF1793,INCREASES_RISK_OF,D2337
D2337,MANAGED_BY,TR4115
D2337,MANAGED_BY,TR4116
D2337,DIAGNOSED_BY,T616
D2337,DIAGNOSED_BY,T191
D2337,CAN_CAUSE,C1671
D2337,CAN_CAUSE,C1672
D2337,CAN_CAUSE,C1673
D2337,MANAGED_BY,TR4117
D2337,MANAGED_BY,TR4118
D2337,MANAGED_BY,TR4119
D2338,AFFECTS,O016
D2338,HAS_SYMPTOM,S6229
D2338,HAS_SYMPTOM,S6230
D2338,HAS_SYMPTOM,S6231
D2338,HAS_SYMPTOM,S6232
D2338,HAS_SYMPTOM,S284
D2338,HAS_SYMPTOM,S4868
D2338,HAS_SYMPTOM,S6233
D2338,HAS_CAUSE,CA5256
D2338,MANAGED_BY,TR4120
D2338,MANAGED_BY,TR4121
D2338,MANAGED_BY,TR4122
D2338,MANAGED_BY,TR4123
D2338,MANAGED_BY,TR4124
D2338,MANAGED_BY,TR4125
D2338,MANAGED_BY,TR4126
D2338,MANAGED_BY,TR4127
D2338,MANAGED_BY,TR4128
D2338,MANAGED_BY,TR4129
D2338,MANAGED_BY,TR4130
D2338,MANAGED_BY,TR4131
D2338,DIAGNOSED_BY,T2963
D2338,DIAGNOSED_BY,T2039
D2338,CAN_CAUSE,C1674
D2338,CAN_CAUSE,C725
D2338,CAN_CAUSE,C1675
D2338,CAN_CAUSE,C1676
D2338,CAN_CAUSE,C1677
D2338,CAN_CAUSE,C119
D2339,HAS_SYMPTOM,S6234
D2339,HAS_SYMPTOM,S6235
D2339,HAS_SYMPTOM,S6236
D2339,HAS_SYMPTOM,S181
D2339,HAS_SYMPTOM,S6237
D2339,HAS_SYMPTOM,S041
D2339,HAS_SYMPTOM,S1692
D2339,HAS_SYMPTOM,S6238
D2339,HAS_SYMPTOM,S6239
D2339,MANAGED_BY,TR4132
D2339,MANAGED_BY,TR2174
D2339,MANAGED_BY,TR4133
D2341,AFFECTS,O020
D2344,HAS_SYMPTOM,S6240
D2344,HAS_CAUSE,CA001
D2344,HAS_CAUSE,CA5257
D2344,HAS_CAUSE,CA5258
RF1794,INCREASES_RISK_OF,D2344
RF1795,INCREASES_RISK_OF,D2344
RF1796,INCREASES_RISK_OF,D2344
D2344,MANAGED_BY,TR4134
D2344,MANAGED_BY,TR4135
D2344,DIAGNOSED_BY,T2964
D2344,DIAGNOSED_BY,T2965
D2344,CAN_CAUSE,C1678
D2344,CAN_CAUSE,C1679
D2344,CAN_CAUSE,C1680
D2344,CAN_CAUSE,C1681
D2344,CAN_CAUSE,C1682
D2344,CAN_CAUSE,C1683
D2344,CAN_CAUSE,C1684
D2344,MANAGED_BY,TR4136
D2344,MANAGED_BY,TR4137
D2345,HAS_CAUSE,CA1056
D2345,HAS_CAUSE,CA5259
D2345,HAS_CAUSE,CA5260
D2345,HAS_CAUSE,CA1099
D2345,HAS_CAUSE,CA5261
D2345,HAS_CAUSE,CA5262
D2347,HAS_SYMPTOM,S1412
D2347,HAS_SYMPTOM,S041
D2347,HAS_SYMPTOM,S6241
D2347,HAS_SYMPTOM,S6242
D2347,HAS_SYMPTOM,S6243
D2347,HAS_CAUSE,CA4989
D2347,HAS_CAUSE,CA5263
D2347,HAS_CAUSE,CA5264
D2347,MANAGED_BY,TR4138
D2347,DIAGNOSED_BY,T2966
D2347,DIAGNOSED_BY,T2967
D2347,DIAGNOSED_BY,T2058
D2347,DIAGNOSED_BY,T2968
D2347,CAN_CAUSE,C1685
D2347,CAN_CAUSE,C961
D2347,CAN_CAUSE,C1686
D2347,CAN_CAUSE,C1326
D2348,HAS_CAUSE,CA5265
D2348,HAS_CAUSE,CA5266
D2348,HAS_CAUSE,CA5267
D2348,HAS_CAUSE,CA5268
D2348,HAS_CAUSE,CA410
D2348,HAS_CAUSE,CA2630
D2348,HAS_CAUSE,CA5269
D2348,MANAGED_BY,TR4139
D2348,MANAGED_BY,TR4140
D2348,DIAGNOSED_BY,T2969
D2348,DIAGNOSED_BY,T2970
D2348,DIAGNOSED_BY,T2971
D2349,HAS_CAUSE,CA5270
RF1797,INCREASES_RISK_OF,D2349
D2349,MANAGED_BY,TR4141
D2350,AFFECTS,O005
D2350,HAS_SYMPTOM,S6244
D2350,HAS_SYMPTOM,S6245
D2350,HAS_SYMPTOM,S6246
D2350,HAS_SYMPTOM,S6247
D2350,HAS_SYMPTOM,S6248
D2350,HAS_CAUSE,CA5271
RF1798,INCREASES_RISK_OF,D2350
D2350,DIAGNOSED_BY,T2972
D2350,DIAGNOSED_BY,T2061
D2350,DIAGNOSED_BY,T2973
D2350,DIAGNOSED_BY,T2974
D2350,DIAGNOSED_BY,T2975
D2350,DIAGNOSED_BY,T2976
D2350,DIAGNOSED_BY,T2977
D2350,DIAGNOSED_BY,T2978
D2350,MANAGED_BY,TR4142
D2351,HAS_SYMPTOM,S6249
D2351,HAS_SYMPTOM,S6250
D2351,HAS_SYMPTOM,S6251
D2351,HAS_SYMPTOM,S6252
D2351,HAS_SYMPTOM,S6253
D2351,HAS_SYMPTOM,S6254
D2351,HAS_SYMPTOM,S6255
D2351,HAS_CAUSE,CA5272
D2351,HAS_CAUSE,CA5273
D2351,HAS_CAUSE,CA5274
D2351,HAS_CAUSE,CA5275
RF1799,INCREASES_RISK_OF,D2351
D2351,MANAGED_BY,TR4143
D2351,MANAGED_BY,TR4144
D2351,MANAGED_BY,TR4145
D2351,MANAGED_BY,TR4146
D2351,MANAGED_BY,TR4147
D2351,MANAGED_BY,TR4148
D2351,MANAGED_BY,TR4149
D2352,HAS_SYMPTOM,S6256
D2352,HAS_SYMPTOM,S6257
D2352,HAS_SYMPTOM,S6258
D2352,HAS_SYMPTOM,S6259
D2352,HAS_SYMPTOM,S6260
D2352,HAS_CAUSE,CA347
D2352,HAS_CAUSE,CA5276
D2352,HAS_CAUSE,CA5277
D2352,HAS_CAUSE,CA5278
D2352,HAS_CAUSE,CA5279
D2352,HAS_CAUSE,CA5280
D2352,MANAGED_BY,TR4150
D2352,MANAGED_BY,TR4151
D2352,MANAGED_BY,TR4152
D2352,MANAGED_BY,TR4153
D2352,DIAGNOSED_BY,T2979
D2352,CAN_CAUSE,C323
D2352,CAN_CAUSE,C1687
D2352,CAN_CAUSE,C1688
D2355,AFFECTS,O006
D2356,AFFECTS,O002
D2356,HAS_CAUSE,CA5281
D2356,HAS_CAUSE,CA5282
D2357,HAS_SYMPTOM,S6261
D2357,HAS_CAUSE,CA235
D2357,HAS_CAUSE,CA5283
D2357,HAS_CAUSE,CA5284
D2357,MANAGED_BY,TR4154
D2357,MANAGED_BY,TR4155
D2357,MANAGED_BY,TR4156
D2357,MANAGED_BY,TR4157
D2357,MANAGED_BY,TR4158
D2357,DIAGNOSED_BY,T2980
D2357,DIAGNOSED_BY,T2981
D2357,MANAGED_BY,TR4159
D2357,MANAGED_BY,TR4160
D2359,AFFECTS,O003
D2359,HAS_CAUSE,CA5285
D2359,HAS_CAUSE,CA5286
RF958,INCREASES_RISK_OF,D2359
RF1800,INCREASES_RISK_OF,D2359
RF960,INCREASES_RISK_OF,D2359
RF1801,INCREASES_RISK_OF,D2359
RF1802,INCREASES_RISK_OF,D2359
RF1803,INCREASES_RISK_OF,D2359
RF216,INCREASES_RISK_OF,D2359
RF1804,INCREASES_RISK_OF,D2359
RF1805,INCREASES_RISK_OF,D2359
RF1806,INCREASES_RISK_OF,D2359
RF1807,INCREASES_RISK_OF,D2359
RF1808,INCREASES_RISK_OF,D2359
D2359,MANAGED_BY,TR4161
D2360,AFFECTS,O018
D2360,HAS_SYMPTOM,S6262
D2360,HAS_CAUSE,CA5287
D2360,HAS_CAUSE,CA5210
D2360,HAS_CAUSE,CA5288
D2360,HAS_CAUSE,CA5289
RF1809,INCREASES_RISK_OF,D2360
D2361,HAS_SYMPTOM,S6263
D2361,HAS_SYMPTOM,S6264
D2361,MANAGED_BY,TR078
D2361,MANAGED_BY,TR4162
D2361,MANAGED_BY,TR4163
D2361,DIAGNOSED_BY,T178
D2361,DIAGNOSED_BY,T005
D2361,DIAGNOSED_BY,T2982
D2361,CAN_CAUSE,C1689
D2361,MANAGED_BY,TR4164
D2362,AFFECTS,O008
D2362,HAS_SYMPTOM,S6265
D2362,HAS_SYMPTOM,S1191
D2362,HAS_CAUSE,CA5290
D2362,HAS_CAUSE,CA4626
D2362,HAS_CAUSE,CA5291
D2362,HAS_CAUSE,CA5292
D2362,MANAGED_BY,TR4165
D2362,MANAGED_BY,TR4166
D2362,MANAGED_BY,TR4167
D2362,DIAGNOSED_BY,T2983
D2362,DIAGNOSED_BY,T2984
D2362,DIAGNOSED_BY,T2985
D2362,DIAGNOSED_BY,T066
D2362,DIAGNOSED_BY,T2986
D2362,DIAGNOSED_BY,T005
D2362,DIAGNOSED_BY,T2987
D2362,DIAGNOSED_BY,T2988
D2362,DIAGNOSED_BY,T2989
D2362,CAN_CAUSE,C1690
D2362,CAN_CAUSE,C031
D2362,CAN_CAUSE,C1691
D2362,CAN_CAUSE,C032
D2362,CAN_CAUSE,C890
D2362,CAN_CAUSE,C1692
D2362,CAN_CAUSE,C1693
D2363,HAS_SYMPTOM,S6266
D2363,HAS_SYMPTOM,S514
D2363,HAS_SYMPTOM,S439
D2363,HAS_SYMPTOM,S126
D2363,HAS_SYMPTOM,S441
D2363,HAS_SYMPTOM,S130
D2363,HAS_SYMPTOM,S6267
D2363,HAS_SYMPTOM,S219
D2363,HAS_SYMPTOM,S298
D2363,HAS_SYMPTOM,S770
D2363,HAS_SYMPTOM,S760
D2363,HAS_SYMPTOM,S3401
D2364,HAS_SYMPTOM,S2382
D2364,HAS_SYMPTOM,S663
D2364,HAS_SYMPTOM,S6268
D2364,HAS_SYMPTOM,S201
D2364,HAS_SYMPTOM,S6269
D2364,HAS_SYMPTOM,S6270
D2364,HAS_SYMPTOM,S094
D2364,HAS_CAUSE,CA5293
D2364,HAS_CAUSE,CA185
D2364,HAS_CAUSE,CA5294
D2364,HAS_CAUSE,CA5295
D2364,HAS_CAUSE,CA5296
D2364,HAS_CAUSE,CA184
D2364,HAS_CAUSE,CA210
D2364,HAS_CAUSE,CA1582
D2364,HAS_CAUSE,CA5297
D2364,HAS_CAUSE,CA5298
D2364,HAS_CAUSE,CA5299
D2364,HAS_CAUSE,CA733
D2364,MANAGED_BY,TR1844
D2364,MANAGED_BY,TR4168
D2364,MANAGED_BY,TR4169
D2364,DIAGNOSED_BY,T2990
D2364,DIAGNOSED_BY,T2991
D2364,CAN_CAUSE,C1694
D2364,CAN_CAUSE,C263
D2364,CAN_CAUSE,C1695
D2364,CAN_CAUSE,C1696
D2364,CAN_CAUSE,C1697
D2364,CAN_CAUSE,C117
D2364,CAN_CAUSE,C004
D2364,CAN_CAUSE,C1698
D2364,CAN_CAUSE,C1699
D2364,CAN_CAUSE,C1700
D2364,CAN_CAUSE,C1701
D2364,CAN_CAUSE,C1702
D2364,MANAGED_BY,TR4170
D2364,MANAGED_BY,TR4171
D2365,HAS_SYMPTOM,S6271
D2365,HAS_SYMPTOM,S6272
D2365,HAS_CAUSE,CA5300
D2365,HAS_CAUSE,CA5301
D2367,AFFECTS,O008
D2367,HAS_SYMPTOM,S6273
D2367,HAS_SYMPTOM,S6274
D2367,HAS_SYMPTOM,S6275
D2367,HAS_SYMPTOM,S6276
D2367,HAS_SYMPTOM,S1185
D2367,HAS_SYMPTOM,S6277
D2367,HAS_CAUSE,CA5302
D2367,HAS_CAUSE,CA5303
D2367,HAS_CAUSE,CA5304
D2367,HAS_CAUSE,CA203
D2367,MANAGED_BY,TR4172
D2367,DIAGNOSED_BY,T1078
D2367,DIAGNOSED_BY,T2992
D2367,DIAGNOSED_BY,T278
D2367,DIAGNOSED_BY,T2993
D2367,CAN_CAUSE,C1659
D2367,CAN_CAUSE,C584
D2367,CAN_CAUSE,C1703
D2367,MANAGED_BY,TR4173
D2368,AFFECTS,O008
D2368,AFFECTS,O005
D2368,HAS_SYMPTOM,S6278
D2368,HAS_SYMPTOM,S190
D2368,HAS_SYMPTOM,S6279
D2368,HAS_SYMPTOM,S133
D2368,HAS_SYMPTOM,S1664
D2368,HAS_SYMPTOM,S2919
D2368,HAS_SYMPTOM,S093
D2368,HAS_SYMPTOM,S1680
D2368,HAS_SYMPTOM,S6280
D2368,HAS_CAUSE,CA410
D2368,HAS_CAUSE,CA5305
D2368,DIAGNOSED_BY,T005
D2368,DIAGNOSED_BY,T066
D2368,DIAGNOSED_BY,T051
D2368,DIAGNOSED_BY,T2994
D2368,DIAGNOSED_BY,T2995
D2368,DIAGNOSED_BY,T111
D2368,DIAGNOSED_BY,T818
D2368,DIAGNOSED_BY,T2996
D2368,CAN_CAUSE,C011
D2368,CAN_CAUSE,C1704
D2368,CAN_CAUSE,C1705
D2368,MANAGED_BY,TR4174
D2369,AFFECTS,O001
D2369,AFFECTS,O008
D2369,AFFECTS,O002
D2369,HAS_SYMPTOM,S6281
D2369,HAS_SYMPTOM,S243
D2369,HAS_SYMPTOM,S132
D2369,HAS_SYMPTOM,S3226
D2369,HAS_SYMPTOM,S229
D2369,HAS_CAUSE,CA410
D2369,HAS_CAUSE,CA381
D2369,HAS_CAUSE,CA383
D2369,HAS_CAUSE,CA1946
D2369,HAS_CAUSE,CA5306
D2369,HAS_CAUSE,CA5307
D2369,MANAGED_BY,TR4175
D2369,MANAGED_BY,TR4176
D2369,DIAGNOSED_BY,T005
D2369,DIAGNOSED_BY,T2997
D2369,DIAGNOSED_BY,T2998
D2369,DIAGNOSED_BY,T2999
D2369,CAN_CAUSE,C134
D2369,CAN_CAUSE,C031
D2369,CAN_CAUSE,C1706
D2369,CAN_CAUSE,C1707
D2373,HAS_SYMPTOM,S6282
D2373,HAS_SYMPTOM,S6283
D2373,HAS_CAUSE,CA5308
D2373,HAS_CAUSE,CA5309
D2373,HAS_CAUSE,CA5310
RF1810,INCREASES_RISK_OF,D2373
RF1811,INCREASES_RISK_OF,D2373
RF1812,INCREASES_RISK_OF,D2373
D2373,MANAGED_BY,TR4177
D2373,MANAGED_BY,TR4178
D2373,MANAGED_BY,TR4179
D2373,MANAGED_BY,TR4180
D2374,AFFECTS,O007
D2374,HAS_SYMPTOM,S132
D2374,HAS_SYMPTOM,S1176
D2374,HAS_SYMPTOM,S163
D2374,HAS_SYMPTOM,S2641
D2374,HAS_SYMPTOM,S6284
D2374,HAS_SYMPTOM,S098
D2374,HAS_CAUSE,CA5311
D2374,HAS_CAUSE,CA5312
D2374,MANAGED_BY,TR274
D2374,MANAGED_BY,TR4181
D2374,MANAGED_BY,TR4182
D2374,MANAGED_BY,TR4183
D2374,DIAGNOSED_BY,T3000
D2374,DIAGNOSED_BY,T005
D2374,DIAGNOSED_BY,T051
D2374,DIAGNOSED_BY,T225
D2374,DIAGNOSED_BY,T3001
D2374,DIAGNOSED_BY,T3002
D2374,CAN_CAUSE,C1708
D2374,CAN_CAUSE,C196
D2374,CAN_CAUSE,C198
D2375,AFFECTS,O007
D2375,HAS_SYMPTOM,S046
D2375,HAS_SYMPTOM,S6285
D2375,HAS_SYMPTOM,S6286
D2375,HAS_SYMPTOM,S1410
D2375,HAS_CAUSE,CA5313
D2375,HAS_CAUSE,CA2570
D2375,HAS_CAUSE,CA5314
D2375,HAS_CAUSE,CA111
D2375,HAS_CAUSE,CA292
D2375,HAS_CAUSE,CA5315
D2375,HAS_CAUSE,CA330
D2375,MANAGED_BY,TR4184
D2375,DIAGNOSED_BY,T3003
D2375,DIAGNOSED_BY,T1800
D2375,DIAGNOSED_BY,T005
D2375,DIAGNOSED_BY,T051
D2375,DIAGNOSED_BY,T225
D2375,DIAGNOSED_BY,T3004
D2376,AFFECTS,O007
D2376,HAS_SYMPTOM,S6287
D2376,HAS_SYMPTOM,S3633
D2376,HAS_SYMPTOM,S6288
D2376,HAS_SYMPTOM,S2090
D2376,HAS_SYMPTOM,S663
D2376,HAS_SYMPTOM,S6289
D2376,HAS_SYMPTOM,S6290
D2376,HAS_SYMPTOM,S6291
D2376,HAS_SYMPTOM,S6292
D2376,HAS_SYMPTOM,S6293
D2376,HAS_SYMPTOM,S6294
D2376,HAS_SYMPTOM,S605
RF1813,INCREASES_RISK_OF,D2376
RF1814,INCREASES_RISK_OF,D2376
RF1815,INCREASES_RISK_OF,D2376
RF1816,INCREASES_RISK_OF,D2376
D2376,MANAGED_BY,TR4185
D2376,MANAGED_BY,TR4186
D2376,DIAGNOSED_BY,T3005
D2376,DIAGNOSED_BY,T3006
D2376,CAN_CAUSE,C1709
D2376,CAN_CAUSE,C117
D2376,MANAGED_BY,TR4187
D2376,MANAGED_BY,TR4188
D2376,MANAGED_BY,TR4189
D2376,MANAGED_BY,TR4190
D2376,MANAGED_BY,TR4191
D2376,MANAGED_BY,TR4192
D2376,MANAGED_BY,TR4193
D2377,AFFECTS,O007
D2378,HAS_CAUSE,CA5316
D2378,HAS_CAUSE,CA189
D2378,HAS_CAUSE,CA5317
D2378,HAS_CAUSE,CA5318
D2378,HAS_CAUSE,CA801
D2378,HAS_CAUSE,CA5319
D2378,HAS_CAUSE,CA008
D2378,HAS_CAUSE,CA175
D2378,HAS_CAUSE,CA5320
D2378,HAS_CAUSE,CA5321
D2378,HAS_CAUSE,CA5322
RF1817,INCREASES_RISK_OF,D2378
RF1818,INCREASES_RISK_OF,D2378
RF1819,INCREASES_RISK_OF,D2378
RF1820,INCREASES_RISK_OF,D2378
RF1821,INCREASES_RISK_OF,D2378
D2378,MANAGED_BY,TR3340
D2378,MANAGED_BY,TR4194
D2378,DIAGNOSED_BY,T3007
D2378,DIAGNOSED_BY,T3008
D2378,CAN_CAUSE,C1710
D2378,MANAGED_BY,TR086
D2378,MANAGED_BY,TR4195
D2379,AFFECTS,O001
D2379,AFFECTS,O005
D2379,HAS_SYMPTOM,S045
D2379,HAS_SYMPTOM,S1317
D2379,HAS_SYMPTOM,S3737
D2379,HAS_SYMPTOM,S6295
D2379,HAS_CAUSE,CA5323
D2379,HAS_CAUSE,CA5324
D2379,HAS_CAUSE,CA5325
D2379,HAS_CAUSE,CA5326
D2379,HAS_CAUSE,CA2529
D2379,HAS_CAUSE,CA5327
D2379,HAS_CAUSE,CA1251
D2379,MANAGED_BY,TR4196
D2379,MANAGED_BY,TR4197
D2379,DIAGNOSED_BY,T3009
D2379,DIAGNOSED_BY,T005
D2379,DIAGNOSED_BY,T225
D2379,DIAGNOSED_BY,T051
D2379,DIAGNOSED_BY,T3010
D2379,DIAGNOSED_BY,T2620
D2379,DIAGNOSED_BY,T359
D2379,DIAGNOSED_BY,T3011
D2379,DIAGNOSED_BY,T3012
D2380,AFFECTS,O001
D2380,AFFECTS,O017
D2380,HAS_SYMPTOM,S6296
D2380,HAS_CAUSE,CA381
D2380,HAS_CAUSE,CA5328
D2380,HAS_CAUSE,CA5329
D2380,HAS_CAUSE,CA5330
D2380,DIAGNOSED_BY,T3013
D2380,DIAGNOSED_BY,T3014
D2380,DIAGNOSED_BY,T3015
D2380,DIAGNOSED_BY,T2430
D2380,DIAGNOSED_BY,T3016
D2380,DIAGNOSED_BY,T3017
D2380,DIAGNOSED_BY,T3018
D2380,DIAGNOSED_BY,T3019
D2380,DIAGNOSED_BY,T021
D2380,DIAGNOSED_BY,T3020
D2380,CAN_CAUSE,C1711
D2380,CAN_CAUSE,C1712
D2380,MANAGED_BY,TR4198
D2380,MANAGED_BY,TR1865
D2380,MANAGED_BY,TR1262
D2380,MANAGED_BY,TR3256
D2381,AFFECTS,O017
D2381,HAS_SYMPTOM,S6297
D2381,HAS_SYMPTOM,S6298
D2381,HAS_SYMPTOM,S6299
RF1822,INCREASES_RISK_OF,D2381
RF1823,INCREASES_RISK_OF,D2381
D2381,MANAGED_BY,TR4199
D2381,MANAGED_BY,TR4200
D2382,AFFECTS,O017
D2383,AFFECTS,O017
D2383,HAS_SYMPTOM,S6300
D2384,AFFECTS,O017
D2384,HAS_SYMPTOM,S363
D2384,MANAGED_BY,TR4201
D2384,DIAGNOSED_BY,T3021
D2384,DIAGNOSED_BY,T3022
D2384,DIAGNOSED_BY,T3023
D2384,DIAGNOSED_BY,T3024
D2384,DIAGNOSED_BY,T932
D2384,MANAGED_BY,TR4202
D2385,AFFECTS,O017
D2385,HAS_SYMPTOM,S6301
D2385,HAS_SYMPTOM,S6302
D2385,HAS_SYMPTOM,S6303
D2385,HAS_SYMPTOM,S6304
D2385,HAS_SYMPTOM,S6305
D2385,HAS_CAUSE,CA5331
D2385,HAS_CAUSE,CA5332
D2385,MANAGED_BY,TR4203
D2385,DIAGNOSED_BY,T191
D2385,DIAGNOSED_BY,T3025
D2385,DIAGNOSED_BY,T3026
D2385,CAN_CAUSE,C1713
D2386,AFFECTS,O017
D2386,HAS_SYMPTOM,S6306
D2386,HAS_SYMPTOM,S587
D2386,HAS_SYMPTOM,S4729
D2386,HAS_SYMPTOM,S6307
D2386,HAS_CAUSE,CA5333
D2386,HAS_CAUSE,CA5334
D2386,HAS_CAUSE,CA222
D2386,HAS_CAUSE,CA5335
D2386,HAS_CAUSE,CA3741
D2386,HAS_CAUSE,CA5336
D2386,HAS_CAUSE,CA5337
D2386,DIAGNOSED_BY,T3027
D2386,DIAGNOSED_BY,T3028
D2386,CAN_CAUSE,C1714
D2386,MANAGED_BY,TR4204
D2387,AFFECTS,O020
D2387,HAS_CAUSE,CA5338
D2387,HAS_CAUSE,CA5339
RF958,INCREASES_RISK_OF,D2387
RF1824,INCREASES_RISK_OF,D2387
RF960,INCREASES_RISK_OF,D2387
RF1825,INCREASES_RISK_OF,D2387
RF1826,INCREASES_RISK_OF,D2387
RF1827,INCREASES_RISK_OF,D2387
RF1828,INCREASES_RISK_OF,D2387
RF1829,INCREASES_RISK_OF,D2387
RF1830,INCREASES_RISK_OF,D2387
RF1831,INCREASES_RISK_OF,D2387
RF1832,INCREASES_RISK_OF,D2387
RF1833,INCREASES_RISK_OF,D2387
D2388,HAS_SYMPTOM,S6308
D2388,HAS_CAUSE,CA5340
D2388,HAS_CAUSE,CA5341
RF1834,INCREASES_RISK_OF,D2388
RF1835,INCREASES_RISK_OF,D2388
RF1836,INCREASES_RISK_OF,D2388
RF1837,INCREASES_RISK_OF,D2388
D2388,CAN_CAUSE,C1715
D2388,MANAGED_BY,TR4205
D2388,MANAGED_BY,TR4206
D2388,MANAGED_BY,TR4207
D2388,MANAGED_BY,TR4208
D2389,HAS_SYMPTOM,S6309
D2389,HAS_SYMPTOM,S6310
D2389,HAS_SYMPTOM,S6311
D2389,HAS_SYMPTOM,S6312
D2389,HAS_CAUSE,CA5342
D2389,DIAGNOSED_BY,T132
D2389,DIAGNOSED_BY,T1119
D2389,DIAGNOSED_BY,T3029
D2389,DIAGNOSED_BY,T282
D2389,DIAGNOSED_BY,T005
D2389,DIAGNOSED_BY,T111
D2389,DIAGNOSED_BY,T3030
D2389,DIAGNOSED_BY,T3031
D2389,CAN_CAUSE,C1716
D2389,CAN_CAUSE,C889
D2389,MANAGED_BY,TR4209
D2390,AFFECTS,O012
D2390,HAS_SYMPTOM,S3944
D2390,HAS_SYMPTOM,S1498
D2390,HAS_SYMPTOM,S184
D2390,HAS_SYMPTOM,S6313
D2390,DIAGNOSED_BY,T394
D2390,DIAGNOSED_BY,T3032
D2390,DIAGNOSED_BY,T3033
D2390,CAN_CAUSE,C1717
D2391,AFFECTS,O005
D2391,AFFECTS,O015
D2392,AFFECTS,O003
D2392,HAS_SYMPTOM,S6314
D2392,HAS_SYMPTOM,S6315
D2392,HAS_CAUSE,CA5343
D2392,HAS_CAUSE,CA5344
D2392,MANAGED_BY,TR4210
D2392,MANAGED_BY,TR4211
D2392,MANAGED_BY,TR4212
D2392,DIAGNOSED_BY,T3034
D2392,CAN_CAUSE,C1718
D2392,CAN_CAUSE,C1719
D2392,CAN_CAUSE,C215
D2392,CAN_CAUSE,C1720
D2392,CAN_CAUSE,C1721
D2393,HAS_CAUSE,CA001
D2393,HAS_CAUSE,CA5345
D2393,HAS_CAUSE,CA5346
D2393,HAS_CAUSE,CA5347
D2393,HAS_CAUSE,CA5348
D2393,HAS_CAUSE,CA5349
RF057,INCREASES_RISK_OF,D2393
RF1838,INCREASES_RISK_OF,D2393
D2393,MANAGED_BY,TR4213
D2393,MANAGED_BY,TR4214
D2393,MANAGED_BY,TR4215
D2393,MANAGED_BY,TR4216
D2393,DIAGNOSED_BY,T3035
D2393,MANAGED_BY,TR2568
D2394,AFFECTS,O005
D2395,HAS_SYMPTOM,S6316
D2395,HAS_SYMPTOM,S6317
D2395,HAS_CAUSE,CA5350
D2395,HAS_CAUSE,CA5351
D2395,HAS_CAUSE,CA5352
D2395,HAS_CAUSE,CA5353
D2395,HAS_CAUSE,CA5354
D2395,HAS_CAUSE,CA5355
D2395,MANAGED_BY,TR4217
D2395,MANAGED_BY,TR4218
D2395,DIAGNOSED_BY,T3036
D2395,DIAGNOSED_BY,T3037
D2395,DIAGNOSED_BY,T3038
D2395,CAN_CAUSE,C1722
D2395,CAN_CAUSE,C1723
D2395,CAN_CAUSE,C1724
D2395,MANAGED_BY,TR4219
D2395,MANAGED_BY,TR4220
D2395,MANAGED_BY,TR4221
D2395,MANAGED_BY,TR4222
D2395,MANAGED_BY,TR4223
D2395,MANAGED_BY,TR4224
D2395,MANAGED_BY,TR4225
D2395,MANAGED_BY,TR4226
D2395,MANAGED_BY,TR4227
D2395,MANAGED_BY,TR4228
D2395,MANAGED_BY,TR4229
D2395,MANAGED_BY,TR4230
D2396,AFFECTS,O005
D2396,HAS_SYMPTOM,S6318
D2396,HAS_SYMPTOM,S1115
D2396,HAS_SYMPTOM,S6319
D2396,HAS_SYMPTOM,S6320
D2396,HAS_SYMPTOM,S6321
D2396,HAS_SYMPTOM,S6322
D2396,HAS_SYMPTOM,S1202
D2396,HAS_SYMPTOM,S095
D2396,HAS_SYMPTOM,S6323
D2396,HAS_CAUSE,CA5356
D2396,HAS_CAUSE,CA5357
D2396,HAS_CAUSE,CA5358
D2396,HAS_CAUSE,CA5359
D2396,HAS_CAUSE,CA5360
D2396,HAS_CAUSE,CA5361
D2396,HAS_CAUSE,CA3120
D2396,HAS_CAUSE,CA5362
D2396,HAS_CAUSE,CA5363
D2396,HAS_CAUSE,CA5364
D2396,HAS_CAUSE,CA5365
D2396,DIAGNOSED_BY,T3039
D2396,DIAGNOSED_BY,T2094
D2396,DIAGNOSED_BY,T125
D2396,DIAGNOSED_BY,T3040
D2396,DIAGNOSED_BY,T3041
D2396,DIAGNOSED_BY,T3042
D2396,DIAGNOSED_BY,T3043
D2396,CAN_CAUSE,C1725
D2396,CAN_CAUSE,C030
D2396,CAN_CAUSE,C1726
D2396,CAN_CAUSE,C1727
D2397,HAS_SYMPTOM,S101
D2397,HAS_SYMPTOM,S3458
RF1839,INCREASES_RISK_OF,D2397
RF309,INCREASES_RISK_OF,D2397
RF1840,INCREASES_RISK_OF,D2397
RF1841,INCREASES_RISK_OF,D2397
D2397,MANAGED_BY,TR4231
D2397,MANAGED_BY,TR4232
D2397,MANAGED_BY,TR4233
D2397,DIAGNOSED_BY,T005
D2397,DIAGNOSED_BY,T051
D2397,DIAGNOSED_BY,T3044
D2397,DIAGNOSED_BY,T3045
D2397,DIAGNOSED_BY,T3046
D2397,DIAGNOSED_BY,T500
D2397,DIAGNOSED_BY,T3047
D2397,DIAGNOSED_BY,T3048
D2397,CAN_CAUSE,C1728
D2397,CAN_CAUSE,C1729
D2398,AFFECTS,O005
D2398,HAS_SYMPTOM,S041
D2398,HAS_SYMPTOM,S229
D2398,HAS_SYMPTOM,S127
D2398,HAS_SYMPTOM,S6324
D2398,HAS_SYMPTOM,S6325
D2398,HAS_SYMPTOM,S6326
D2398,HAS_SYMPTOM,S6327
D2398,HAS_SYMPTOM,S6328
D2398,HAS_SYMPTOM,S6329
D2398,HAS_SYMPTOM,S6330
D2398,HAS_CAUSE,CA5366
D2398,MANAGED_BY,TR4234
D2398,MANAGED_BY,TR4235
D2398,MANAGED_BY,TR4236
D2398,DIAGNOSED_BY,T3049
D2398,DIAGNOSED_BY,T3050
D2398,DIAGNOSED_BY,T3051
D2398,DIAGNOSED_BY,T3052
D2398,DIAGNOSED_BY,T3053
D2398,DIAGNOSED_BY,T3054
D2398,DIAGNOSED_BY,T3055
D2398,DIAGNOSED_BY,T2911
D2398,CAN_CAUSE,C1730
D2399,AFFECTS,O005
D2399,HAS_SYMPTOM,S6331
D2399,HAS_SYMPTOM,S133
D2399,HAS_SYMPTOM,S6332
D2399,HAS_SYMPTOM,S6333
D2399,HAS_SYMPTOM,S6334
D2399,HAS_SYMPTOM,S6335
D2399,HAS_SYMPTOM,S6336
D2399,HAS_CAUSE,CA2369
D2399,HAS_CAUSE,CA5367
RF1842,INCREASES_RISK_OF,D2399
D2399,MANAGED_BY,TR2369
D2399,MANAGED_BY,TR499
D2399,MANAGED_BY,TR1865
D2399,MANAGED_BY,TR4237
D2399,MANAGED_BY,TR4238
D2399,MANAGED_BY,TR4239
D2399,MANAGED_BY,TR4240
D2399,MANAGED_BY,TR4241
D2399,DIAGNOSED_BY,T3056
D2399,DIAGNOSED_BY,T3057
D2399,DIAGNOSED_BY,T1923
D2399,DIAGNOSED_BY,T005
D2399,DIAGNOSED_BY,T2061
D2399,DIAGNOSED_BY,T3058
D2399,DIAGNOSED_BY,T3059
D2399,CAN_CAUSE,C1731
D2399,CAN_CAUSE,C1732
D2399,CAN_CAUSE,C1733
D2399,CAN_CAUSE,C1734
D2399,CAN_CAUSE,C1735
D2399,MANAGED_BY,TR4242
D2400,AFFECTS,O007
D2400,HAS_SYMPTOM,S6337
D2400,HAS_SYMPTOM,S6338
D2400,HAS_CAUSE,CA5368
D2400,MANAGED_BY,TR2746
D2400,MANAGED_BY,TR4243
D2400,DIAGNOSED_BY,T005
D2400,DIAGNOSED_BY,T051
D2400,DIAGNOSED_BY,T225
D2400,DIAGNOSED_BY,T2061
D2400,DIAGNOSED_BY,T226
D2400,DIAGNOSED_BY,T3060
D2400,CAN_CAUSE,C1736
D2400,CAN_CAUSE,C1737
D2400,MANAGED_BY,TR4244
D2401,HAS_SYMPTOM,S6339
D2401,HAS_SYMPTOM,S6340
D2401,HAS_SYMPTOM,S6341
D2401,DIAGNOSED_BY,T242
D2401,CAN_CAUSE,C1738
D2402,AFFECTS,O012
D2403,HAS_SYMPTOM,S6342
D2403,HAS_SYMPTOM,S6343
D2403,HAS_SYMPTOM,S6344
D2403,HAS_SYMPTOM,S6345
D2403,HAS_SYMPTOM,S1178
D2403,HAS_SYMPTOM,S201
D2403,HAS_SYMPTOM,S6346
D2403,HAS_SYMPTOM,S1286
D2403,HAS_SYMPTOM,S1536
D2404,HAS_CAUSE,CA5369
D2404,HAS_CAUSE,CA5370
D2404,HAS_CAUSE,CA5371
D2404,HAS_CAUSE,CA5372
D2405,AFFECTS,O005
D2405,HAS_SYMPTOM,S6347
D2405,HAS_SYMPTOM,S6348
D2405,HAS_SYMPTOM,S303
D2405,HAS_CAUSE,CA1959
D2405,HAS_CAUSE,CA5373
D2405,HAS_CAUSE,CA5374
D2405,HAS_CAUSE,CA5375
D2405,HAS_CAUSE,CA5376
D2405,HAS_CAUSE,CA5377
D2405,HAS_CAUSE,CA5378
D2405,HAS_CAUSE,CA5379
D2405,HAS_CAUSE,CA5380
RF1843,INCREASES_RISK_OF,D2405
RF1844,INCREASES_RISK_OF,D2405
RF1845,INCREASES_RISK_OF,D2405
RF1846,INCREASES_RISK_OF,D2405
RF1847,INCREASES_RISK_OF,D2405
RF1848,INCREASES_RISK_OF,D2405
D2405,MANAGED_BY,TR4245
D2405,DIAGNOSED_BY,T3061
D2405,DIAGNOSED_BY,T3062
D2405,CAN_CAUSE,C1739
D2405,CAN_CAUSE,C1740
D2405,MANAGED_BY,TR4246
D2405,MANAGED_BY,TR4247
D2405,MANAGED_BY,TR4248
D2405,MANAGED_BY,TR4249
D2405,MANAGED_BY,TR4250
D2405,MANAGED_BY,TR4251
D2405,MANAGED_BY,TR4252
D2405,MANAGED_BY,TR4253
D2406,HAS_SYMPTOM,S6349
D2406,HAS_SYMPTOM,S663
D2406,HAS_SYMPTOM,S2091
D2406,HAS_SYMPTOM,S6350
D2406,HAS_SYMPTOM,S098
D2406,HAS_SYMPTOM,S934
D2406,HAS_SYMPTOM,S331
D2406,HAS_SYMPTOM,S6351
D2406,HAS_SYMPTOM,S093
D2406,HAS_SYMPTOM,S243
D2406,HAS_SYMPTOM,S6352
D2406,HAS_CAUSE,CA5381
D2406,HAS_CAUSE,CA5382
D2406,HAS_CAUSE,CA5383
D2406,HAS_CAUSE,CA5384
D2406,HAS_CAUSE,CA5385
D2406,HAS_CAUSE,CA5386
D2406,HAS_CAUSE,CA4252
D2406,HAS_CAUSE,CA5387
D2406,MANAGED_BY,TR4254
D2406,CAN_CAUSE,C1741
D2406,MANAGED_BY,TR4255
D2407,AFFECTS,O004
D2407,HAS_SYMPTOM,S6353
D2407,HAS_SYMPTOM,S6354
D2407,HAS_CAUSE,CA5388
D2407,MANAGED_BY,TR4256
D2407,MANAGED_BY,TR4257
D2407,MANAGED_BY,TR683
D2407,MANAGED_BY,TR4258
D2407,DIAGNOSED_BY,T3063
D2407,DIAGNOSED_BY,T3064
D2408,AFFECTS,O005
D2408,AFFECTS,O004
D2408,HAS_SYMPTOM,S6355
D2408,HAS_SYMPTOM,S367
D2408,HAS_SYMPTOM,S6356
D2408,HAS_SYMPTOM,S6357
D2408,HAS_SYMPTOM,S6358
D2408,HAS_CAUSE,CA5389
D2408,HAS_CAUSE,CA3027
D2408,HAS_CAUSE,CA5390
D2408,HAS_CAUSE,CA5391
RF1849,INCREASES_RISK_OF,D2408
RF1850,INCREASES_RISK_OF,D2408
RF1851,INCREASES_RISK_OF,D2408
RF1852,INCREASES_RISK_OF,D2408
RF1853,INCREASES_RISK_OF,D2408
D2408,MANAGED_BY,TR4259
D2408,MANAGED_BY,TR4260
D2408,MANAGED_BY,TR4261
D2408,MANAGED_BY,TR683
D2408,MANAGED_BY,TR4262
D2408,MANAGED_BY,TR4263
D2409,AFFECTS,O004
D2409,HAS_SYMPTOM,S6359
D2409,HAS_SYMPTOM,S6360
D2409,HAS_SYMPTOM,S6361
D2409,HAS_SYMPTOM,S6362
D2409,HAS_SYMPTOM,S6363
D2409,HAS_CAUSE,CA5392
D2409,HAS_CAUSE,CA5393
D2409,HAS_CAUSE,CA3027
D2409,HAS_CAUSE,CA5394
D2409,HAS_CAUSE,CA5395
RF1854,INCREASES_RISK_OF,D2409
RF1855,INCREASES_RISK_OF,D2409
D2409,MANAGED_BY,TR4264
D2409,MANAGED_BY,TR4265
D2409,MANAGED_BY,TR4266
D2409,MANAGED_BY,TR4267
D2409,MANAGED_BY,TR4259
D2409,MANAGED_BY,TR4260
D2409,MANAGED_BY,TR683
D2409,MANAGED_BY,TR4262
D2409,MANAGED_BY,TR4268
D2412,AFFECTS,O012
D2412,HAS_SYMPTOM,S6364
D2412,HAS_SYMPTOM,S245
D2412,HAS_SYMPTOM,S663
D2412,HAS_SYMPTOM,S2091
D2412,HAS_SYMPTOM,S6365
D2412,HAS_SYMPTOM,S093
D2412,HAS_SYMPTOM,S042
D2412,HAS_SYMPTOM,S127
D2412,HAS_SYMPTOM,S4855
D2412,HAS_CAUSE,CA5396
D2412,HAS_CAUSE,CA184
D2412,HAS_CAUSE,CA210
D2412,HAS_CAUSE,CA5397
D2412,HAS_CAUSE,CA5398
D2412,HAS_CAUSE,CA131
D2412,HAS_CAUSE,CA5399
D2412,HAS_CAUSE,CA5400
D2412,HAS_CAUSE,CA5401
D2412,HAS_CAUSE,CA5402
D2412,HAS_CAUSE,CA5403
D2412,HAS_CAUSE,CA5404
D2412,MANAGED_BY,TR4269
D2412,DIAGNOSED_BY,T3065
D2412,DIAGNOSED_BY,T1331
D2412,DIAGNOSED_BY,T069
D2412,DIAGNOSED_BY,T3066
D2412,DIAGNOSED_BY,T3067
D2412,DIAGNOSED_BY,T3068
D2412,CAN_CAUSE,C1742
D2412,CAN_CAUSE,C1743
D2412,CAN_CAUSE,C134
D2412,CAN_CAUSE,C011
D2412,CAN_CAUSE,C117
D2412,CAN_CAUSE,C237
D2412,CAN_CAUSE,C1744
D2412,MANAGED_BY,TR4270
D2412,MANAGED_BY,TR4271
D2414,HAS_SYMPTOM,S6366
D2414,HAS_SYMPTOM,S6367
D2414,HAS_SYMPTOM,S760
D2414,HAS_SYMPTOM,S6368
D2414,HAS_SYMPTOM,S6369
D2414,HAS_CAUSE,CA5405
D2414,HAS_CAUSE,CA5406
D2414,MANAGED_BY,TR4272
D2414,MANAGED_BY,TR4273
D2414,MANAGED_BY,TR4274
D2414,MANAGED_BY,TR4275
D2414,MANAGED_BY,TR4276
D2414,CAN_CAUSE,C1745
D2414,CAN_CAUSE,C1746
D2415,HAS_SYMPTOM,S6370
D2415,HAS_SYMPTOM,S6371
D2415,HAS_CAUSE,CA5407
D2415,HAS_CAUSE,CA5408
D2415,HAS_CAUSE,CA5409
D2415,MANAGED_BY,TR4277
D2415,CAN_CAUSE,C1747
D2415,MANAGED_BY,TR4278
D2415,MANAGED_BY,TR4279
RF1856,INCREASES_RISK_OF,D2416
D2417,HAS_SYMPTOM,S6372
D2417,HAS_SYMPTOM,S6373
D2417,HAS_SYMPTOM,S6374
D2417,HAS_SYMPTOM,S6375
D2417,HAS_SYMPTOM,S6376
D2417,HAS_SYMPTOM,S6377
D2417,HAS_SYMPTOM,S6378
D2417,HAS_CAUSE,CA5410
D2417,HAS_CAUSE,CA5411
D2417,HAS_CAUSE,CA509
D2417,HAS_CAUSE,CA5412
D2417,MANAGED_BY,TR4280
D2417,MANAGED_BY,TR4281
D2417,MANAGED_BY,TR4282
D2417,DIAGNOSED_BY,T126
D2417,DIAGNOSED_BY,T956
D2419,HAS_SYMPTOM,S6379
D2419,HAS_CAUSE,CA5413
D2419,HAS_CAUSE,CA1591
D2419,HAS_CAUSE,CA5414
D2419,HAS_CAUSE,CA5415
RF1276,INCREASES_RISK_OF,D2419
RF216,INCREASES_RISK_OF,D2419
RF1857,INCREASES_RISK_OF,D2419
D2419,MANAGED_BY,TR4283
D2419,MANAGED_BY,TR059
D2421,AFFECTS,O007
D2422,HAS_SYMPTOM,S439
D2422,HAS_SYMPTOM,S6380
D2422,HAS_SYMPTOM,S770
D2422,HAS_SYMPTOM,S4885
D2422,HAS_SYMPTOM,S127
D2422,HAS_SYMPTOM,S042
D2422,HAS_SYMPTOM,S6381
D2422,HAS_SYMPTOM,S663
D2422,HAS_SYMPTOM,S5086
D2422,HAS_SYMPTOM,S6382
D2422,HAS_SYMPTOM,S6383
D2422,HAS_SYMPTOM,S760
D2423,HAS_CAUSE,CA5416
D2423,HAS_CAUSE,CA5417
D2423,HAS_CAUSE,CA5418
RF1858,INCREASES_RISK_OF,D2423
D2423,MANAGED_BY,TR4284
D2423,MANAGED_BY,TR4285
D2423,MANAGED_BY,TR4286
D2423,MANAGED_BY,TR3351
D2423,MANAGED_BY,TR059
D2423,MANAGED_BY,TR3352
D2423,MANAGED_BY,TR3353
D2423,MANAGED_BY,TR3354
D2423,MANAGED_BY,TR697
D2423,MANAGED_BY,TR352
D2423,MANAGED_BY,TR353
D2423,MANAGED_BY,TR4287
D2424,HAS_SYMPTOM,S6384
D2424,HAS_SYMPTOM,S6385
D2424,HAS_SYMPTOM,S6386
D2424,HAS_SYMPTOM,S6387
D2424,HAS_SYMPTOM,S6388
D2424,HAS_SYMPTOM,S6389
D2424,HAS_SYMPTOM,S6390
D2424,HAS_CAUSE,CA5419
D2424,HAS_CAUSE,CA5420
D2424,MANAGED_BY,TR2746
D2424,DIAGNOSED_BY,T3069
D2424,CAN_CAUSE,C1748
D2424,CAN_CAUSE,C1749
D2424,CAN_CAUSE,C1750
D2424,CAN_CAUSE,C040
D2424,CAN_CAUSE,C1751
D2425,HAS_CAUSE,CA5421
D2425,HAS_CAUSE,CA5422
D2425,DIAGNOSED_BY,T3070
D2425,DIAGNOSED_BY,T882
D2425,DIAGNOSED_BY,T3071
D2425,DIAGNOSED_BY,T3072
D2425,CAN_CAUSE,C1752
D2425,CAN_CAUSE,C1753
D2425,CAN_CAUSE,C419
D2425,MANAGED_BY,TR3410
D2426,HAS_SYMPTOM,S6391
D2426,HAS_CAUSE,CA5423
D2427,HAS_CAUSE,CA698
D2427,MANAGED_BY,TR4288
D2428,AFFECTS,O017
D2428,HAS_SYMPTOM,S6392
D2429,AFFECTS,O017
D2429,AFFECTS,O014
D2429,HAS_SYMPTOM,S6393
D2429,HAS_SYMPTOM,S6394
D2429,HAS_CAUSE,CA5424
D2429,HAS_CAUSE,CA5425
D2429,HAS_CAUSE,CA5426
D2429,MANAGED_BY,TR4289
D2429,MANAGED_BY,TR4290
D2430,HAS_SYMPTOM,S4215
D2430,HAS_SYMPTOM,S052
D2430,HAS_SYMPTOM,S416
D2430,HAS_SYMPTOM,S042
D2430,HAS_SYMPTOM,S077
D2430,HAS_SYMPTOM,S294
D2430,HAS_SYMPTOM,S1169
D2430,HAS_SYMPTOM,S6395
D2431,HAS_CAUSE,CA5427
D2431,HAS_CAUSE,CA5428
RF1859,INCREASES_RISK_OF,D2431
RF1860,INCREASES_RISK_OF,D2431
D2432,HAS_SYMPTOM,S101
D2432,HAS_CAUSE,CA5429
D2432,HAS_CAUSE,CA5430
D2432,HAS_CAUSE,CA5431
D2432,HAS_CAUSE,CA5432
D2435,HAS_SYMPTOM,S6396
D2435,HAS_SYMPTOM,S495
D2435,HAS_SYMPTOM,S6397
D2435,HAS_CAUSE,CA5433
D2435,MANAGED_BY,TR103
D2435,MANAGED_BY,TR4291
D2435,DIAGNOSED_BY,T3073
D2435,DIAGNOSED_BY,T1016
D2435,DIAGNOSED_BY,T3074
D2436,HAS_SYMPTOM,S6398
D2436,HAS_SYMPTOM,S6399
D2436,HAS_SYMPTOM,S495
D2436,HAS_SYMPTOM,S041
D2436,HAS_SYMPTOM,S6400
D2436,HAS_CAUSE,CA285
D2436,HAS_CAUSE,CA1913
D2436,HAS_CAUSE,CA3119
D2436,DIAGNOSED_BY,T1015
D2436,CAN_CAUSE,C1754
D2436,CAN_CAUSE,C1755
D2436,CAN_CAUSE,C1756
D2436,CAN_CAUSE,C1757
D2436,MANAGED_BY,TR067
D2437,HAS_SYMPTOM,S6401
D2437,HAS_CAUSE,CA5434
D2437,HAS_CAUSE,CA5435
D2437,HAS_CAUSE,CA5436
D2437,HAS_CAUSE,CA096
D2437,HAS_CAUSE,CA2529
D2437,HAS_CAUSE,CA001
D2437,HAS_CAUSE,CA1317
D2437,DIAGNOSED_BY,T005
D2437,DIAGNOSED_BY,T3075
D2437,DIAGNOSED_BY,T3076
D2437,DIAGNOSED_BY,T1527
D2437,DIAGNOSED_BY,T028
D2437,CAN_CAUSE,C1758
D2438,AFFECTS,O016
D2438,HAS_SYMPTOM,S6402
D2438,HAS_SYMPTOM,S052
D2438,HAS_SYMPTOM,S041
D2438,HAS_SYMPTOM,S2091
D2438,HAS_SYMPTOM,S393
D2438,HAS_SYMPTOM,S130
D2438,HAS_CAUSE,CA5437
D2438,HAS_CAUSE,CA5438
D2438,HAS_CAUSE,CA5439
D2438,HAS_CAUSE,CA5440
D2438,HAS_CAUSE,CA5441
D2438,HAS_CAUSE,CA5442
D2438,HAS_CAUSE,CA5443
D2438,HAS_CAUSE,CA5444
D2438,HAS_CAUSE,CA2826
D2438,HAS_CAUSE,CA5445
D2438,MANAGED_BY,TR4292
D2438,MANAGED_BY,TR4293
D2438,MANAGED_BY,TR4294
D2438,MANAGED_BY,TR4295
D2438,DIAGNOSED_BY,T327
D2438,DIAGNOSED_BY,T3077
D2438,DIAGNOSED_BY,T3078
D2438,DIAGNOSED_BY,T3079
D2438,DIAGNOSED_BY,T3080
D2438,DIAGNOSED_BY,T3081
D2438,MANAGED_BY,TR4296
D2439,HAS_SYMPTOM,S052
D2439,HAS_SYMPTOM,S6403
D2439,HAS_SYMPTOM,S393
D2439,HAS_SYMPTOM,S6404
D2439,HAS_SYMPTOM,S141
D2439,HAS_SYMPTOM,S4548
RF1861,INCREASES_RISK_OF,D2439
RF1862,INCREASES_RISK_OF,D2439
RF1863,INCREASES_RISK_OF,D2439
RF1864,INCREASES_RISK_OF,D2439
RF1865,INCREASES_RISK_OF,D2439
RF1866,INCREASES_RISK_OF,D2439
RF1867,INCREASES_RISK_OF,D2439
D2439,MANAGED_BY,TR4297
D2439,MANAGED_BY,TR059
D2439,MANAGED_BY,TR4298
D2439,MANAGED_BY,TR4299
D2439,MANAGED_BY,TR4300
D2439,MANAGED_BY,TR4301
D2439,MANAGED_BY,TR4302
D2439,MANAGED_BY,TR4303
D2440,HAS_SYMPTOM,S133
D2440,HAS_SYMPTOM,S041
D2440,HAS_SYMPTOM,S6405
D2440,HAS_SYMPTOM,S6406
D2440,HAS_SYMPTOM,S6407
D2440,HAS_SYMPTOM,S6408
D2440,HAS_SYMPTOM,S6409
D2440,HAS_SYMPTOM,S095
D2440,HAS_SYMPTOM,S6410
D2440,HAS_SYMPTOM,S6411
D2440,HAS_SYMPTOM,S3006
D2440,HAS_SYMPTOM,S292
D2440,HAS_CAUSE,CA943
D2440,HAS_CAUSE,CA5446
D2440,HAS_CAUSE,CA5447
RF1868,INCREASES_RISK_OF,D2440
RF083,INCREASES_RISK_OF,D2440
RF1869,INCREASES_RISK_OF,D2440
RF506,INCREASES_RISK_OF,D2440
D2440,MANAGED_BY,TR4304
D2440,DIAGNOSED_BY,T225
D2440,DIAGNOSED_BY,T3082
D2440,DIAGNOSED_BY,T005
D2440,DIAGNOSED_BY,T3083
D2440,DIAGNOSED_BY,T359
D2440,DIAGNOSED_BY,T3084
D2440,DIAGNOSED_BY,T2369
D2440,DIAGNOSED_BY,T3085
D2440,DIAGNOSED_BY,T3086
D2440,CAN_CAUSE,C1759
D2440,CAN_CAUSE,C1760
D2441,HAS_SYMPTOM,S6412
D2441,HAS_SYMPTOM,S6413
D2441,HAS_SYMPTOM,S6414
D2441,HAS_CAUSE,CA376
D2441,HAS_CAUSE,CA5448
RF1870,INCREASES_RISK_OF,D2441
D2442,HAS_SYMPTOM,S127
D2442,HAS_SYMPTOM,S052
D2442,HAS_SYMPTOM,S042
D2442,HAS_SYMPTOM,S1488
D2442,HAS_SYMPTOM,S4145
D2442,HAS_SYMPTOM,S4830
D2442,HAS_SYMPTOM,S6415
D2442,HAS_SYMPTOM,S1101
D2442,HAS_SYMPTOM,S6416
D2443,HAS_CAUSE,CA5449
D2443,HAS_CAUSE,CA5450
D2443,HAS_CAUSE,CA5451
D2443,HAS_CAUSE,CA5452
D2443,HAS_CAUSE,CA5453
D2443,HAS_CAUSE,CA5454
D2444,HAS_SYMPTOM,S6417
D2444,HAS_SYMPTOM,S6418
D2444,HAS_SYMPTOM,S6419
D2444,HAS_SYMPTOM,S6420
RF1871,INCREASES_RISK_OF,D2444
RF1872,INCREASES_RISK_OF,D2444
D2444,MANAGED_BY,TR4305
D2444,MANAGED_BY,TR4306
D2444,MANAGED_BY,TR683
D2444,MANAGED_BY,TR4307
D2444,MANAGED_BY,TR4308
D2444,DIAGNOSED_BY,T3087
D2444,DIAGNOSED_BY,T3088
D2444,DIAGNOSED_BY,T2733
D2444,CAN_CAUSE,C1761
D2444,CAN_CAUSE,C1762
D2444,MANAGED_BY,TR4309
D2444,MANAGED_BY,TR4310
D2445,AFFECTS,O004
D2445,HAS_SYMPTOM,S1280
D2445,HAS_SYMPTOM,S041
D2445,HAS_SYMPTOM,S6421
D2445,HAS_SYMPTOM,S6422
D2445,HAS_SYMPTOM,S6423
D2445,MANAGED_BY,TR4311
D2445,DIAGNOSED_BY,T3089
D2445,DIAGNOSED_BY,T3090
D2445,DIAGNOSED_BY,T3091
D2445,CAN_CAUSE,C1763
D2446,HAS_CAUSE,CA5455
D2446,HAS_CAUSE,CA5456
D2446,HAS_CAUSE,CA3663
D2446,HAS_CAUSE,CA5457
D2446,HAS_CAUSE,CA3662
D2446,HAS_CAUSE,CA5458
D2446,HAS_CAUSE,CA5459
D2448,HAS_SYMPTOM,S6424
D2448,HAS_SYMPTOM,S416
D2448,HAS_SYMPTOM,S6425
D2448,HAS_SYMPTOM,S243
D2448,HAS_CAUSE,CA5460
D2448,HAS_CAUSE,CA5461
RF1873,INCREASES_RISK_OF,D2448
RF1874,INCREASES_RISK_OF,D2448
D2448,MANAGED_BY,TR4312
D2448,DIAGNOSED_BY,T3092
D2448,DIAGNOSED_BY,T3093
D2448,CAN_CAUSE,C1764
D2448,CAN_CAUSE,C502
D2448,CAN_CAUSE,C157
D2448,CAN_CAUSE,C389
D2448,CAN_CAUSE,C117
D2448,CAN_CAUSE,C886
D2448,CAN_CAUSE,C1765
D2449,HAS_SYMPTOM,S6426
D2449,HAS_SYMPTOM,S1412
D2449,HAS_SYMPTOM,S6427
D2449,HAS_CAUSE,CA2336
D2449,HAS_CAUSE,CA2335
D2449,HAS_CAUSE,CA2334
D2449,HAS_CAUSE,CA5462
D2449,HAS_CAUSE,CA2004
D2449,HAS_CAUSE,CA279
D2449,HAS_CAUSE,CA5463
D2449,HAS_CAUSE,CA5464
D2449,MANAGED_BY,TR4313
D2449,DIAGNOSED_BY,T3094
D2449,DIAGNOSED_BY,T804
D2449,DIAGNOSED_BY,T3095
D2449,DIAGNOSED_BY,T3096
D2449,DIAGNOSED_BY,T323
D2449,DIAGNOSED_BY,T251
D2449,DIAGNOSED_BY,T3097
D2449,DIAGNOSED_BY,T3098
D2449,CAN_CAUSE,C1766
D2449,CAN_CAUSE,C530
D2449,CAN_CAUSE,C1767
D2449,CAN_CAUSE,C1768
D2449,CAN_CAUSE,C015
D2449,CAN_CAUSE,C004
D2450,HAS_SYMPTOM,S6428
D2450,HAS_SYMPTOM,S6429
D2450,HAS_SYMPTOM,S6430
D2450,HAS_SYMPTOM,S6431
D2450,HAS_SYMPTOM,S6432
D2450,HAS_SYMPTOM,S6433
D2450,HAS_SYMPTOM,S6434
RF1875,INCREASES_RISK_OF,D2450
RF713,INCREASES_RISK_OF,D2450
RF1876,INCREASES_RISK_OF,D2450
RF1877,INCREASES_RISK_OF,D2450
D2450,MANAGED_BY,TR4314
D2450,MANAGED_BY,TR4315
D2450,DIAGNOSED_BY,T3099
D2450,CAN_CAUSE,C1769
D2451,HAS_SYMPTOM,S6435
D2451,HAS_SYMPTOM,S6436
D2451,HAS_CAUSE,CA5465
D2451,HAS_CAUSE,CA5466
RF1878,INCREASES_RISK_OF,D2451
RF1879,INCREASES_RISK_OF,D2451
RF1880,INCREASES_RISK_OF,D2451
D2451,MANAGED_BY,TR4316
D2452,HAS_SYMPTOM,S6437
D2452,HAS_SYMPTOM,S6438
D2452,HAS_SYMPTOM,S6439
D2452,HAS_SYMPTOM,S6440
D2452,HAS_SYMPTOM,S6441
D2452,HAS_CAUSE,CA1401
RF1881,INCREASES_RISK_OF,D2452
RF1882,INCREASES_RISK_OF,D2452
RF1883,INCREASES_RISK_OF,D2452
D2452,MANAGED_BY,TR4317
D2452,MANAGED_BY,TR4318
D2452,MANAGED_BY,TR4319
D2452,MANAGED_BY,TR4320
D2452,MANAGED_BY,TR4321
D2452,MANAGED_BY,TR1531
D2452,MANAGED_BY,TR1298
D2452,MANAGED_BY,TR4322
D2452,MANAGED_BY,TR4323
D2452,DIAGNOSED_BY,T3100
D2452,DIAGNOSED_BY,T3101
D2452,DIAGNOSED_BY,T3102
D2452,DIAGNOSED_BY,T3103
D2452,DIAGNOSED_BY,T3104
D2452,DIAGNOSED_BY,T3105
D2452,DIAGNOSED_BY,T3106
D2452,DIAGNOSED_BY,T028
D2452,DIAGNOSED_BY,T3107
D2455,HAS_SYMPTOM,S2803
D2455,HAS_CAUSE,CA5467
D2455,HAS_CAUSE,CA5468
D2455,HAS_CAUSE,CA5469
RF1884,INCREASES_RISK_OF,D2455
D2455,MANAGED_BY,TR4324
D2455,MANAGED_BY,TR4325
D2456,AFFECTS,O006
D2456,HAS_SYMPTOM,S6442
D2456,HAS_SYMPTOM,S6443
D2456,HAS_SYMPTOM,S6444
D2456,HAS_SYMPTOM,S6445
D2456,HAS_CAUSE,CA5470
D2456,HAS_CAUSE,CA5471
D2456,HAS_CAUSE,CA001
D2456,HAS_CAUSE,CA5472
D2456,HAS_CAUSE,CA111
D2456,HAS_CAUSE,CA5473
D2456,HAS_CAUSE,CA5474
RF422,INCREASES_RISK_OF,D2456
D2456,MANAGED_BY,TR566
D2456,MANAGED_BY,TR4326
D2456,DIAGNOSED_BY,T005
D2456,DIAGNOSED_BY,T3108
D2456,DIAGNOSED_BY,T132
D2456,CAN_CAUSE,C1770
D2456,MANAGED_BY,TR4327
D2456,MANAGED_BY,TR4328
D2457,AFFECTS,O015
D2457,HAS_SYMPTOM,S6446
D2457,HAS_SYMPTOM,S6447
D2457,HAS_SYMPTOM,S6448
D2457,HAS_CAUSE,CA5475
D2457,HAS_CAUSE,CA5476
D2457,HAS_CAUSE,CA5477
D2457,MANAGED_BY,TR2369
D2457,MANAGED_BY,TR4329
D2457,DIAGNOSED_BY,T1006
D2457,DIAGNOSED_BY,T3109
D2458,HAS_SYMPTOM,S1630
D2458,HAS_SYMPTOM,S6449
D2458,HAS_SYMPTOM,S6450
D2458,HAS_SYMPTOM,S6451
D2458,HAS_SYMPTOM,S2991
D2458,HAS_SYMPTOM,S6452
D2458,MANAGED_BY,TR216
D2458,MANAGED_BY,TR4330
D2458,MANAGED_BY,TR1632
D2458,MANAGED_BY,TR4331
D2458,MANAGED_BY,TR4332
D2458,DIAGNOSED_BY,T3110
D2458,CAN_CAUSE,C1771
D2458,CAN_CAUSE,C1772
D2458,CAN_CAUSE,C1773
D2459,HAS_SYMPTOM,S6453
D2459,HAS_SYMPTOM,S6454
D2459,HAS_SYMPTOM,S1692
D2459,HAS_SYMPTOM,S6455
D2459,HAS_SYMPTOM,S6456
D2459,HAS_SYMPTOM,S6457
D2459,HAS_SYMPTOM,S6458
D2459,HAS_SYMPTOM,S766
D2459,HAS_SYMPTOM,S6459
D2459,HAS_SYMPTOM,S6460
D2459,HAS_SYMPTOM,S6461
D2459,HAS_SYMPTOM,S6462
D2459,HAS_CAUSE,CA5478
D2459,HAS_CAUSE,CA5479
RF604,INCREASES_RISK_OF,D2459
D2459,DIAGNOSED_BY,T3111
D2459,DIAGNOSED_BY,T3112
D2459,DIAGNOSED_BY,T3113
D2459,DIAGNOSED_BY,T3114
D2459,DIAGNOSED_BY,T125
D2459,DIAGNOSED_BY,T2572
D2459,DIAGNOSED_BY,T051
D2459,DIAGNOSED_BY,T005
D2459,DIAGNOSED_BY,T378
D2459,DIAGNOSED_BY,T426
D2459,DIAGNOSED_BY,T3115
D2459,DIAGNOSED_BY,T178
D2460,AFFECTS,O009
D2460,AFFECTS,O010
D2460,HAS_SYMPTOM,S3426
D2460,HAS_SYMPTOM,S3425
D2460,HAS_SYMPTOM,S237
D2460,HAS_CAUSE,CA5480
D2460,HAS_CAUSE,CA044
D2460,HAS_CAUSE,CA3582
D2460,MANAGED_BY,TR4333
D2460,MANAGED_BY,TR4334
D2460,MANAGED_BY,TR4335
D2460,MANAGED_BY,TR4336
D2460,MANAGED_BY,TR4337
D2460,MANAGED_BY,TR4338
D2460,MANAGED_BY,TR4339
D2460,MANAGED_BY,TR4340
D2460,DIAGNOSED_BY,T005
D2460,DIAGNOSED_BY,T066
D2460,DIAGNOSED_BY,T210
D2460,DIAGNOSED_BY,T3116
D2460,CAN_CAUSE,C1774
D2460,CAN_CAUSE,C1775
D2460,CAN_CAUSE,C1776
D2460,CAN_CAUSE,C476
D2461,HAS_SYMPTOM,S6463
D2461,HAS_SYMPTOM,S130
D2461,HAS_SYMPTOM,S468
D2461,HAS_SYMPTOM,S6464
D2461,HAS_CAUSE,CA5481
D2461,HAS_CAUSE,CA376
D2461,HAS_CAUSE,CA422
D2461,HAS_CAUSE,CA3478
D2461,HAS_CAUSE,CA5482
D2461,HAS_CAUSE,CA3341
D2461,HAS_CAUSE,CA5483
D2461,HAS_CAUSE,CA5484
D2461,HAS_CAUSE,CA5485
D2461,HAS_CAUSE,CA5486
D2461,HAS_CAUSE,CA5487
D2461,HAS_CAUSE,CA210
D2462,AFFECTS,O005
D2462,HAS_CAUSE,CA5488
D2462,HAS_CAUSE,CA5489
D2462,HAS_CAUSE,CA805
D2462,HAS_CAUSE,CA5490
D2462,MANAGED_BY,TR4341
D2462,MANAGED_BY,TR4342
D2462,DIAGNOSED_BY,T3117
D2462,DIAGNOSED_BY,T3118
D2462,DIAGNOSED_BY,T005
D2462,DIAGNOSED_BY,T1149
D2462,DIAGNOSED_BY,T3119
D2462,CAN_CAUSE,C1777
D2462,CAN_CAUSE,C1778
D2462,CAN_CAUSE,C1779
D2462,CAN_CAUSE,C1780
D2462,CAN_CAUSE,C1781
D2462,CAN_CAUSE,C1782
D2463,AFFECTS,O005
D2464,HAS_SYMPTOM,S6465
D2464,HAS_SYMPTOM,S2594
D2464,HAS_SYMPTOM,S6466
D2464,HAS_SYMPTOM,S6467
D2464,HAS_SYMPTOM,S6468
D2464,HAS_SYMPTOM,S324
D2464,HAS_SYMPTOM,S042
D2464,HAS_CAUSE,CA5491
RF076,INCREASES_RISK_OF,D2464
RF1885,INCREASES_RISK_OF,D2464
RF1886,INCREASES_RISK_OF,D2464
RF1887,INCREASES_RISK_OF,D2464
RF1888,INCREASES_RISK_OF,D2464
RF1889,INCREASES_RISK_OF,D2464
RF465,INCREASES_RISK_OF,D2464
RF1890,INCREASES_RISK_OF,D2464
D2464,MANAGED_BY,TR4343
D2464,MANAGED_BY,TR4344
D2464,MANAGED_BY,TR4345
D2464,MANAGED_BY,TR4346
D2464,MANAGED_BY,TR4347
D2464,MANAGED_BY,TR4348
D2464,MANAGED_BY,TR4349
D2465,HAS_SYMPTOM,S6469
D2465,HAS_SYMPTOM,S6470
D2465,HAS_SYMPTOM,S6471
D2465,HAS_SYMPTOM,S6472
D2465,HAS_SYMPTOM,S6473
D2465,HAS_SYMPTOM,S6474
D2465,HAS_SYMPTOM,S497
D2465,HAS_SYMPTOM,S6475
D2465,HAS_SYMPTOM,S1115
D2465,HAS_SYMPTOM,S4490
D2465,HAS_SYMPTOM,S6476
D2465,HAS_SYMPTOM,S6477
D2467,HAS_CAUSE,CA5492
D2467,MANAGED_BY,TR4350
D2467,MANAGED_BY,TR4351
D2467,MANAGED_BY,TR803
D2467,MANAGED_BY,TR905
D2467,DIAGNOSED_BY,T3120
D2467,DIAGNOSED_BY,T005
D2467,DIAGNOSED_BY,T051
D2467,DIAGNOSED_BY,T3121
D2467,DIAGNOSED_BY,T132
D2467,DIAGNOSED_BY,T3122
D2467,DIAGNOSED_BY,T3123
D2467,CAN_CAUSE,C1783
D2467,MANAGED_BY,TR4352
D2467,MANAGED_BY,TR4353
D2468,HAS_SYMPTOM,S6478
D2468,HAS_SYMPTOM,S6479
D2468,HAS_SYMPTOM,S6480
D2468,HAS_SYMPTOM,S6481
D2468,HAS_CAUSE,CA5493
D2468,HAS_CAUSE,CA5494
D2468,HAS_CAUSE,CA5495
D2468,HAS_CAUSE,CA5496
D2468,HAS_CAUSE,CA5497
D2468,HAS_CAUSE,CA5498
D2468,HAS_CAUSE,CA5499
D2468,HAS_CAUSE,CA5500
D2468,HAS_CAUSE,CA5501
D2468,HAS_CAUSE,CA5502
D2468,HAS_CAUSE,CA5503
D2468,MANAGED_BY,TR4354
D2468,MANAGED_BY,TR4355
D2468,MANAGED_BY,TR4356
D2468,MANAGED_BY,TR4357
D2468,MANAGED_BY,TR4358
D2468,MANAGED_BY,TR4359
D2468,DIAGNOSED_BY,T3124
D2468,DIAGNOSED_BY,T3125
D2468,DIAGNOSED_BY,T125
D2468,DIAGNOSED_BY,T560
D2468,DIAGNOSED_BY,T2140
D2468,CAN_CAUSE,C1784
D2468,MANAGED_BY,TR4360
D2469,HAS_CAUSE,CA5504
D2469,HAS_CAUSE,CA5505
D2469,HAS_CAUSE,CA5506
D2469,HAS_CAUSE,CA5507
D2469,HAS_CAUSE,CA292
D2469,HAS_CAUSE,CA5508
D2469,HAS_CAUSE,CA5509
D2469,HAS_CAUSE,CA5510
D2469,HAS_CAUSE,CA5511
D2469,HAS_CAUSE,CA3918
D2469,HAS_CAUSE,CA5512
D2470,HAS_SYMPTOM,S6482
D2470,HAS_SYMPTOM,S6483
D2470,HAS_SYMPTOM,S6484
D2470,HAS_SYMPTOM,S6485
D2470,HAS_SYMPTOM,S6486
D2470,HAS_SYMPTOM,S6487
D2470,HAS_SYMPTOM,S6488
D2470,HAS_SYMPTOM,S6489
D2470,HAS_SYMPTOM,S6490
D2470,HAS_SYMPTOM,S6491
D2470,HAS_SYMPTOM,S6492
D2470,HAS_SYMPTOM,S3781
RF1891,INCREASES_RISK_OF,D2470
RF1892,INCREASES_RISK_OF,D2470
RF1893,INCREASES_RISK_OF,D2470
RF1894,INCREASES_RISK_OF,D2470
RF1895,INCREASES_RISK_OF,D2470
RF1896,INCREASES_RISK_OF,D2470
D2472,HAS_SYMPTOM,S6493
D2472,HAS_SYMPTOM,S6494
D2472,HAS_SYMPTOM,S6495
D2472,HAS_SYMPTOM,S4577
D2472,HAS_SYMPTOM,S6496
RF957,INCREASES_RISK_OF,D2472
RF1897,INCREASES_RISK_OF,D2472
RF061,INCREASES_RISK_OF,D2472
RF062,INCREASES_RISK_OF,D2472
RF063,INCREASES_RISK_OF,D2472
D2473,AFFECTS,O004
D2473,HAS_SYMPTOM,S6497
D2473,HAS_SYMPTOM,S6498
D2473,HAS_CAUSE,CA5513
D2473,HAS_CAUSE,CA5514
D2473,HAS_CAUSE,CA5515
D2473,HAS_CAUSE,CA5516
D2473,HAS_CAUSE,CA187
D2473,HAS_CAUSE,CA5517
D2473,HAS_CAUSE,CA5518
D2473,HAS_CAUSE,CA4977
RF1004,INCREASES_RISK_OF,D2473
RF1898,INCREASES_RISK_OF,D2473
RF1899,INCREASES_RISK_OF,D2473
RF1900,INCREASES_RISK_OF,D2473
RF1589,INCREASES_RISK_OF,D2473
RF1901,INCREASES_RISK_OF,D2473
RF1902,INCREASES_RISK_OF,D2473
RF1903,INCREASES_RISK_OF,D2473
RF1904,INCREASES_RISK_OF,D2473
RF061,INCREASES_RISK_OF,D2473
RF062,INCREASES_RISK_OF,D2473
RF063,INCREASES_RISK_OF,D2473
D2473,MANAGED_BY,TR4361
D2473,MANAGED_BY,TR4362
D2473,MANAGED_BY,TR4363
D2473,MANAGED_BY,TR4364
D2473,MANAGED_BY,TR4365
D2473,DIAGNOSED_BY,T3126
D2473,DIAGNOSED_BY,T3127
D2473,DIAGNOSED_BY,T3128
D2473,CAN_CAUSE,C1785
D2473,CAN_CAUSE,C1786
D2474,HAS_SYMPTOM,S6499
D2474,HAS_SYMPTOM,S6500
D2474,HAS_SYMPTOM,S6501
D2474,HAS_SYMPTOM,S6502
D2474,HAS_SYMPTOM,S367
D2474,HAS_CAUSE,CA5519
D2474,HAS_CAUSE,CA5520
D2474,CAN_CAUSE,C1787
D2474,CAN_CAUSE,C1788
D2475,AFFECTS,O001
D2475,HAS_SYMPTOM,S6503
D2475,HAS_SYMPTOM,S6504
D2475,HAS_SYMPTOM,S6505
D2475,HAS_SYMPTOM,S6506
D2475,HAS_SYMPTOM,S6507
RF1905,INCREASES_RISK_OF,D2475
RF1906,INCREASES_RISK_OF,D2475
RF1907,INCREASES_RISK_OF,D2475
RF1908,INCREASES_RISK_OF,D2475
D2476,AFFECTS,O006
D2476,HAS_SYMPTOM,S6508
D2476,HAS_SYMPTOM,S6509
D2476,HAS_SYMPTOM,S6510
D2476,HAS_SYMPTOM,S1100
D2476,HAS_SYMPTOM,S6511
D2476,HAS_SYMPTOM,S6512
D2476,HAS_SYMPTOM,S6513
D2476,HAS_CAUSE,CA1930
D2476,HAS_CAUSE,CA378
D2476,HAS_CAUSE,CA5521
D2476,HAS_CAUSE,CA5522
D2476,HAS_CAUSE,CA5523
D2476,HAS_CAUSE,CA5524
D2476,HAS_CAUSE,CA5525
D2476,HAS_CAUSE,CA2580
D2476,HAS_CAUSE,CA5526
D2476,HAS_CAUSE,CA5527
D2476,HAS_CAUSE,CA5528
D2476,MANAGED_BY,TR4366
D2476,MANAGED_BY,TR3340
D2476,DIAGNOSED_BY,T3129
D2476,DIAGNOSED_BY,T3130
D2476,CAN_CAUSE,C1789
D2476,CAN_CAUSE,C1790
D2476,CAN_CAUSE,C1791
D2476,CAN_CAUSE,C1792
D2476,MANAGED_BY,TR4367
D2476,MANAGED_BY,TR4368
D2477,HAS_SYMPTOM,S6514
D2477,HAS_SYMPTOM,S133
D2477,HAS_SYMPTOM,S497
D2477,HAS_SYMPTOM,S6515
D2477,HAS_SYMPTOM,S440
D2477,HAS_SYMPTOM,S3944
D2477,HAS_SYMPTOM,S6516
D2477,HAS_SYMPTOM,S6073
D2477,HAS_SYMPTOM,S4774
D2477,HAS_SYMPTOM,S474
D2477,HAS_CAUSE,CA5529
D2477,HAS_CAUSE,CA5530
D2477,HAS_CAUSE,CA2570
D2477,HAS_CAUSE,CA2571
D2477,HAS_CAUSE,CA365
D2477,HAS_CAUSE,CA5531
D2477,HAS_CAUSE,CA5532
D2477,HAS_CAUSE,CA378
D2477,HAS_CAUSE,CA5533
D2477,HAS_CAUSE,CA085
D2477,HAS_CAUSE,CA5534
D2477,HAS_CAUSE,CA5535
D2477,MANAGED_BY,TR4369
D2477,MANAGED_BY,TR4370
D2477,DIAGNOSED_BY,T1804
D2477,DIAGNOSED_BY,T178
D2477,DIAGNOSED_BY,T004
D2477,DIAGNOSED_BY,T3131
D2477,DIAGNOSED_BY,T3132
D2477,DIAGNOSED_BY,T3133
D2477,DIAGNOSED_BY,T125
D2477,DIAGNOSED_BY,T3134
D2477,CAN_CAUSE,C1793
D2477,CAN_CAUSE,C134
D2477,CAN_CAUSE,C011
D2477,CAN_CAUSE,C1279
D2477,CAN_CAUSE,C196
D2477,MANAGED_BY,TR4371
D2477,MANAGED_BY,TR4372
D2478,AFFECTS,O006
D2478,HAS_SYMPTOM,S6517
D2478,HAS_SYMPTOM,S6518
D2478,HAS_CAUSE,CA5536
D2478,HAS_CAUSE,CA5537
D2478,HAS_CAUSE,CA145
D2478,HAS_CAUSE,CA5538
D2478,HAS_CAUSE,CA5539
D2478,HAS_CAUSE,CA5540
D2478,HAS_CAUSE,CA1774
D2478,HAS_CAUSE,CA5541
D2478,HAS_CAUSE,CA5542
D2478,HAS_CAUSE,CA5543
RF1909,INCREASES_RISK_OF,D2478
D2478,MANAGED_BY,TR4373
D2479,HAS_CAUSE,CA3190
D2479,HAS_CAUSE,CA5544
D2479,MANAGED_BY,TR4374
D2479,MANAGED_BY,TR4375
D2479,MANAGED_BY,TR4376
D2479,DIAGNOSED_BY,T3135
D2479,DIAGNOSED_BY,T3136
D2479,DIAGNOSED_BY,T3137
D2479,CAN_CAUSE,C1794
D2479,MANAGED_BY,TR4377
D2479,MANAGED_BY,TR4378
D2480,HAS_SYMPTOM,S6519
D2480,HAS_SYMPTOM,S6520
D2480,HAS_SYMPTOM,S6521
D2480,HAS_SYMPTOM,S6522
D2480,HAS_CAUSE,CA1598
D2480,HAS_CAUSE,CA5545
D2480,HAS_CAUSE,CA5546
D2480,CAN_CAUSE,C1795
D2481,HAS_SYMPTOM,S6523
D2481,HAS_SYMPTOM,S6524
D2481,HAS_SYMPTOM,S6525
D2481,HAS_SYMPTOM,S3448
D2481,HAS_SYMPTOM,S6526
D2481,HAS_SYMPTOM,S6527
D2481,HAS_SYMPTOM,S6528
D2481,HAS_CAUSE,CA5547
D2481,HAS_CAUSE,CA5548
D2481,HAS_CAUSE,CA5549
D2481,HAS_CAUSE,CA5550
D2481,HAS_CAUSE,CA5551
RF1910,INCREASES_RISK_OF,D2481
RF1911,INCREASES_RISK_OF,D2481
RF1912,INCREASES_RISK_OF,D2481
RF073,INCREASES_RISK_OF,D2481
RF1913,INCREASES_RISK_OF,D2481
D2481,MANAGED_BY,TR4379
D2481,MANAGED_BY,TR4380
D2481,MANAGED_BY,TR4381
D2482,AFFECTS,O006
D2482,HAS_SYMPTOM,S6529
D2482,HAS_SYMPTOM,S4875
D2482,HAS_SYMPTOM,S3052
D2482,HAS_CAUSE,CA5552
D2482,HAS_CAUSE,CA5553
D2482,HAS_CAUSE,CA5554
D2482,HAS_CAUSE,CA1317
D2482,HAS_CAUSE,CA554
D2482,HAS_CAUSE,CA5555
D2482,HAS_CAUSE,CA098
D2482,HAS_CAUSE,CA5556
D2482,HAS_CAUSE,CA5557
D2482,HAS_CAUSE,CA5558
D2482,HAS_CAUSE,CA5559
D2482,HAS_CAUSE,CA5560
D2482,MANAGED_BY,TR4382
D2482,MANAGED_BY,TR199
D2482,MANAGED_BY,TR4383
D2482,MANAGED_BY,TR3058
D2482,MANAGED_BY,TR4384
D2482,MANAGED_BY,TR4385
D2482,MANAGED_BY,TR498
D2482,MANAGED_BY,TR4386
D2482,MANAGED_BY,TR499
D2482,MANAGED_BY,TR4387
D2482,MANAGED_BY,TR4388
D2482,MANAGED_BY,TR4389
D2482,DIAGNOSED_BY,T3138
D2482,DIAGNOSED_BY,T456
D2482,DIAGNOSED_BY,T3139
D2482,DIAGNOSED_BY,T005
D2482,DIAGNOSED_BY,T3140
D2482,DIAGNOSED_BY,T3141
D2482,DIAGNOSED_BY,T3142
D2482,CAN_CAUSE,C1213
D2482,CAN_CAUSE,C1796
D2482,CAN_CAUSE,C456
D2482,CAN_CAUSE,C1043
D2482,CAN_CAUSE,C008
D2482,CAN_CAUSE,C1797
D2483,AFFECTS,O006
D2483,HAS_CAUSE,CA5561
D2483,HAS_CAUSE,CA5562
D2483,HAS_CAUSE,CA5563
D2483,HAS_CAUSE,CA5564
D2483,HAS_CAUSE,CA5565
D2483,HAS_CAUSE,CA378
D2483,HAS_CAUSE,CA4613
D2483,HAS_CAUSE,CA5566
D2483,HAS_CAUSE,CA101
D2483,HAS_CAUSE,CA5567
D2483,HAS_CAUSE,CA5568
D2484,HAS_SYMPTOM,S6530
D2484,HAS_SYMPTOM,S6531
D2484,HAS_SYMPTOM,S6532
D2484,HAS_CAUSE,CA5569
D2484,HAS_CAUSE,CA5570
RF1914,INCREASES_RISK_OF,D2484
D2484,MANAGED_BY,TR233
D2485,HAS_SYMPTOM,S6533
D2485,HAS_SYMPTOM,S6534
D2485,HAS_SYMPTOM,S6535
D2485,HAS_SYMPTOM,S6536
D2485,HAS_SYMPTOM,S6537
D2485,HAS_SYMPTOM,S6538
D2485,HAS_CAUSE,CA5571
D2485,HAS_CAUSE,CA5572
D2485,HAS_CAUSE,CA5573
D2485,HAS_CAUSE,CA5574
D2485,HAS_CAUSE,CA5575
D2485,MANAGED_BY,TR4390
D2485,MANAGED_BY,TR4391
D2485,MANAGED_BY,TR4392
D2485,MANAGED_BY,TR4393
D2486,HAS_SYMPTOM,S6539
D2486,HAS_SYMPTOM,S6540
D2486,HAS_CAUSE,CA5576
RF1915,INCREASES_RISK_OF,D2486
RF904,INCREASES_RISK_OF,D2486
RF1916,INCREASES_RISK_OF,D2486
RF1917,INCREASES_RISK_OF,D2486
D2486,MANAGED_BY,TR4394
D2486,MANAGED_BY,TR4395
D2486,MANAGED_BY,TR4396
D2486,MANAGED_BY,TR4397
D2486,DIAGNOSED_BY,T641
D2486,DIAGNOSED_BY,T323
D2486,DIAGNOSED_BY,T3143
D2486,DIAGNOSED_BY,T3144
D2486,DIAGNOSED_BY,T3145
D2487,AFFECTS,O005
D2487,HAS_SYMPTOM,S6541
D2487,HAS_CAUSE,CA5577
D2487,HAS_CAUSE,CA5578
D2487,HAS_CAUSE,CA5579
D2487,HAS_CAUSE,CA5580
D2487,HAS_CAUSE,CA5581
D2487,HAS_CAUSE,CA5582
D2487,HAS_CAUSE,CA5583
D2487,HAS_CAUSE,CA5584
D2487,HAS_CAUSE,CA5585
D2487,HAS_CAUSE,CA5586
D2487,HAS_CAUSE,CA5587
RF1918,INCREASES_RISK_OF,D2487
RF1919,INCREASES_RISK_OF,D2487
D2487,MANAGED_BY,TR4398
D2487,MANAGED_BY,TR4399
D2487,DIAGNOSED_BY,T3146
D2487,DIAGNOSED_BY,T2279
D2487,DIAGNOSED_BY,T327
D2487,DIAGNOSED_BY,T005
D2487,DIAGNOSED_BY,T3147
D2487,DIAGNOSED_BY,T3148
D2487,MANAGED_BY,TR4400
D2488,HAS_SYMPTOM,S6542
D2488,HAS_SYMPTOM,S6543
D2488,HAS_SYMPTOM,S046
D2488,HAS_SYMPTOM,S6544
D2488,HAS_SYMPTOM,S6545
D2488,HAS_SYMPTOM,S419
D2488,HAS_SYMPTOM,S187
D2488,HAS_SYMPTOM,S6546
D2488,HAS_SYMPTOM,S6547
D2488,HAS_SYMPTOM,S6548
D2488,HAS_CAUSE,CA189
D2488,HAS_CAUSE,CA5588
D2488,HAS_CAUSE,CA5589
D2488,HAS_CAUSE,CA5590
D2488,HAS_CAUSE,CA3940
D2488,HAS_CAUSE,CA5591
D2488,HAS_CAUSE,CA5592
D2488,HAS_CAUSE,CA5593
D2488,HAS_CAUSE,CA5594
D2488,MANAGED_BY,TR4401
D2488,MANAGED_BY,TR4402
D2488,MANAGED_BY,TR4403
D2488,MANAGED_BY,TR4404
D2488,MANAGED_BY,TR4405
D2488,DIAGNOSED_BY,T005
D2488,DIAGNOSED_BY,T3149
D2488,DIAGNOSED_BY,T3150
D2488,CAN_CAUSE,C196
D2488,CAN_CAUSE,C1798
D2488,CAN_CAUSE,C1799
D2488,MANAGED_BY,TR2532
D2490,HAS_SYMPTOM,S184
D2490,HAS_SYMPTOM,S1100
D2490,HAS_SYMPTOM,S095
D2490,HAS_SYMPTOM,S497
D2490,HAS_SYMPTOM,S1101
D2490,HAS_CAUSE,CA5595
D2490,HAS_CAUSE,CA5596
D2490,HAS_CAUSE,CA5597
D2490,HAS_CAUSE,CA5598
RF1920,INCREASES_RISK_OF,D2490
RF1921,INCREASES_RISK_OF,D2490
RF1922,INCREASES_RISK_OF,D2490
D2490,MANAGED_BY,TR4406
D2490,MANAGED_BY,TR4407
D2490,MANAGED_BY,TR4408
D2490,DIAGNOSED_BY,T3151
D2490,DIAGNOSED_BY,T133
D2490,DIAGNOSED_BY,T3152
D2490,DIAGNOSED_BY,T3153
D2490,DIAGNOSED_BY,T3154
D2490,DIAGNOSED_BY,T013
D2490,MANAGED_BY,TR4409
D2490,MANAGED_BY,TR4410
D2491,HAS_SYMPTOM,S6549
D2491,HAS_SYMPTOM,S6550
D2491,HAS_SYMPTOM,S6551
D2491,HAS_SYMPTOM,S6552
D2491,HAS_SYMPTOM,S6553
D2491,MANAGED_BY,TR4411
D2491,MANAGED_BY,TR4412
D2491,DIAGNOSED_BY,T3155
D2492,HAS_SYMPTOM,S041
D2492,HAS_SYMPTOM,S6554
D2492,HAS_SYMPTOM,S2730
D2492,HAS_SYMPTOM,S367
D2492,HAS_SYMPTOM,S6555
D2492,HAS_SYMPTOM,S440
D2492,HAS_SYMPTOM,S6556
D2492,HAS_CAUSE,CA5599
D2492,HAS_CAUSE,CA5600
D2492,MANAGED_BY,TR4413
D2492,MANAGED_BY,TR3081
D2492,MANAGED_BY,TR4414
D2492,DIAGNOSED_BY,T1078
D2492,DIAGNOSED_BY,T132
D2492,CAN_CAUSE,C1800
D2492,CAN_CAUSE,C1801
D2493,AFFECTS,O007
D2493,HAS_SYMPTOM,S6557
D2493,HAS_SYMPTOM,S046
D2493,HAS_CAUSE,CA5601
D2493,HAS_CAUSE,CA5602
D2493,HAS_CAUSE,CA5603
D2493,HAS_CAUSE,CA5604
D2493,HAS_CAUSE,CA5605
D2493,HAS_CAUSE,CA5606
D2493,HAS_CAUSE,CA5607
D2493,HAS_CAUSE,CA5608
RF1923,INCREASES_RISK_OF,D2493
RF1924,INCREASES_RISK_OF,D2493
D2493,MANAGED_BY,TR4415
D2493,DIAGNOSED_BY,T3156
D2493,DIAGNOSED_BY,T1740
D2493,DIAGNOSED_BY,T938
D2493,DIAGNOSED_BY,T005
D2493,DIAGNOSED_BY,T159
D2493,DIAGNOSED_BY,T225
D2493,DIAGNOSED_BY,T3157
D2493,DIAGNOSED_BY,T3158
D2493,DIAGNOSED_BY,T3159
D2493,DIAGNOSED_BY,T3160
D2493,DIAGNOSED_BY,T3161
D2493,CAN_CAUSE,C196
D2493,CAN_CAUSE,C289
D2493,CAN_CAUSE,C134
D2493,CAN_CAUSE,C898
D2493,MANAGED_BY,TR4416
D2493,MANAGED_BY,TR4417
D2493,MANAGED_BY,TR4418
D2493,MANAGED_BY,TR4419
D2493,MANAGED_BY,TR352
D2493,MANAGED_BY,TR353
D2493,MANAGED_BY,TR4420
D2494,HAS_SYMPTOM,S6558
D2494,HAS_SYMPTOM,S6559
D2494,HAS_SYMPTOM,S6560
D2494,HAS_SYMPTOM,S6561
D2494,HAS_CAUSE,CA5609
D2494,HAS_CAUSE,CA5610
D2499,HAS_SYMPTOM,S6562
D2499,HAS_CAUSE,CA606
RF1925,INCREASES_RISK_OF,D2499
RF1926,INCREASES_RISK_OF,D2499
RF1927,INCREASES_RISK_OF,D2499
D2499,MANAGED_BY,TR4421
D2499,MANAGED_BY,TR192
D2499,MANAGED_BY,TR4422
D2499,MANAGED_BY,TR4423
D2499,MANAGED_BY,TR4424
D2500,HAS_SYMPTOM,S6563
D2500,HAS_SYMPTOM,S6564
D2500,HAS_SYMPTOM,S6565
D2500,HAS_SYMPTOM,S6566
D2500,HAS_SYMPTOM,S6567
D2500,HAS_SYMPTOM,S6568
D2500,HAS_CAUSE,CA5611
D2500,HAS_CAUSE,CA5612
D2500,HAS_CAUSE,CA5613
D2500,HAS_CAUSE,CA5614
D2500,HAS_CAUSE,CA5615
RF1694,INCREASES_RISK_OF,D2500
RF1928,INCREASES_RISK_OF,D2500
RF1929,INCREASES_RISK_OF,D2500
D2501,HAS_SYMPTOM,S6569
D2501,HAS_SYMPTOM,S6570
D2501,HAS_SYMPTOM,S6571
D2501,HAS_SYMPTOM,S3980
D2501,HAS_SYMPTOM,S439
D2501,HAS_SYMPTOM,S6572
D2501,HAS_SYMPTOM,S6573
D2501,HAS_SYMPTOM,S130
D2501,HAS_CAUSE,CA5616
D2501,HAS_CAUSE,CA5617
D2501,HAS_CAUSE,CA5618
D2501,HAS_CAUSE,CA5619
D2501,HAS_CAUSE,CA5620
D2501,HAS_CAUSE,CA5621
RF1930,INCREASES_RISK_OF,D2501
D2502,HAS_SYMPTOM,S130
D2502,HAS_SYMPTOM,S052
D2503,HAS_SYMPTOM,S1630
D2503,HAS_SYMPTOM,S4473
D2503,HAS_SYMPTOM,S6574
D2503,HAS_SYMPTOM,S6575
D2503,HAS_SYMPTOM,S440
D2503,HAS_SYMPTOM,S130
D2504,HAS_SYMPTOM,S2783
D2504,HAS_SYMPTOM,S6576
D2504,HAS_SYMPTOM,S1488
D2504,HAS_SYMPTOM,S6577
D2504,HAS_SYMPTOM,S056
D2504,HAS_SYMPTOM,S2807
D2504,HAS_SYMPTOM,S6578
D2504,HAS_SYMPTOM,S6579
D2504,HAS_SYMPTOM,S6580
D2504,HAS_SYMPTOM,S6581
D2504,HAS_SYMPTOM,S6582
D2504,HAS_SYMPTOM,S133
D2505,HAS_SYMPTOM,S2730
D2505,HAS_SYMPTOM,S6583
D2505,HAS_SYMPTOM,S5418
D2505,HAS_SYMPTOM,S6584
RF1931,INCREASES_RISK_OF,D2505
RF1932,INCREASES_RISK_OF,D2505
RF1933,INCREASES_RISK_OF,D2505
D2505,MANAGED_BY,TR4425
D2506,HAS_CAUSE,CA1031
RF1934,INCREASES_RISK_OF,D2506
D2506,MANAGED_BY,TR4426
D2506,MANAGED_BY,TR4427
D2506,MANAGED_BY,TR4428
D2507,HAS_SYMPTOM,S6585
D2507,HAS_SYMPTOM,S6586
D2507,HAS_SYMPTOM,S6587
D2507,HAS_SYMPTOM,S042
D2507,HAS_SYMPTOM,S6588
D2507,HAS_CAUSE,CA5622
D2507,HAS_CAUSE,CA5623
D2507,HAS_CAUSE,CA5624
D2507,HAS_CAUSE,CA5625
D2507,HAS_CAUSE,CA5626
D2507,HAS_CAUSE,CA5627
D2507,HAS_CAUSE,CA210
D2507,DIAGNOSED_BY,T3162
D2507,DIAGNOSED_BY,T3163
D2507,DIAGNOSED_BY,T3164
D2507,CAN_CAUSE,C1802
D2507,CAN_CAUSE,C1803
D2507,MANAGED_BY,TR4429
D2508,HAS_SYMPTOM,S6589
D2508,HAS_SYMPTOM,S6590
D2508,HAS_SYMPTOM,S6591
D2508,HAS_CAUSE,CA5628
D2508,HAS_CAUSE,CA5629
RF1935,INCREASES_RISK_OF,D2508
RF1936,INCREASES_RISK_OF,D2508
RF1937,INCREASES_RISK_OF,D2508
RF1938,INCREASES_RISK_OF,D2508
RF1939,INCREASES_RISK_OF,D2508
D2508,MANAGED_BY,TR4430
D2508,MANAGED_BY,TR4431
D2508,MANAGED_BY,TR4432
D2508,MANAGED_BY,TR4433
D2509,HAS_SYMPTOM,S6592
D2509,HAS_SYMPTOM,S6593
D2509,HAS_SYMPTOM,S6594
D2509,HAS_SYMPTOM,S6595
D2509,HAS_SYMPTOM,S367
D2509,HAS_SYMPTOM,S6596
D2509,HAS_SYMPTOM,S141
D2509,HAS_SYMPTOM,S363
D2509,HAS_SYMPTOM,S133
D2509,MANAGED_BY,TR4434
D2509,MANAGED_BY,TR4435
D2509,MANAGED_BY,TR4436
D2509,CAN_CAUSE,C1804
D2509,CAN_CAUSE,C1040
D2509,CAN_CAUSE,C1805
D2509,CAN_CAUSE,C086
D2509,CAN_CAUSE,C1806
D2509,CAN_CAUSE,C1807
D2509,MANAGED_BY,TR4437
D2509,MANAGED_BY,TR4438
D2509,MANAGED_BY,TR4439
D2509,MANAGED_BY,TR754
D2509,MANAGED_BY,TR755
D2509,MANAGED_BY,TR756
D2509,MANAGED_BY,TR4440
D2509,MANAGED_BY,TR4441
D2509,MANAGED_BY,TR4442
D2509,MANAGED_BY,TR4443
D2509,MANAGED_BY,TR4444
D2509,MANAGED_BY,TR4445
D2510,HAS_SYMPTOM,S6597
D2510,HAS_SYMPTOM,S045
D2510,HAS_SYMPTOM,S132
D2510,HAS_SYMPTOM,S6584
D2510,HAS_SYMPTOM,S6598
D2510,HAS_SYMPTOM,S6599
D2510,HAS_SYMPTOM,S6600
D2510,HAS_SYMPTOM,S6601
D2510,HAS_SYMPTOM,S294
D2510,HAS_SYMPTOM,S6602
D2510,HAS_CAUSE,CA5630
D2510,MANAGED_BY,TR4446
D2510,MANAGED_BY,TR4447
D2510,MANAGED_BY,TR4448
D2511,AFFECTS,O016
D2511,HAS_SYMPTOM,S6603
D2511,HAS_SYMPTOM,S6604
D2511,HAS_SYMPTOM,S3217
D2511,HAS_SYMPTOM,S6605
D2511,HAS_CAUSE,CA5631
D2511,HAS_CAUSE,CA5632
D2511,HAS_CAUSE,CA5633
D2511,HAS_CAUSE,CA5634
D2511,MANAGED_BY,TR4449
D2511,MANAGED_BY,TR4450
D2511,DIAGNOSED_BY,T005
D2511,DIAGNOSED_BY,T3165
D2511,DIAGNOSED_BY,T3166
D2511,CAN_CAUSE,C1808
D2511,CAN_CAUSE,C1809
D2511,CAN_CAUSE,C1810
D2511,CAN_CAUSE,C1811
D2511,CAN_CAUSE,C725
D2511,CAN_CAUSE,C419
D2511,CAN_CAUSE,C1812
D2512,HAS_CAUSE,CA5635
D2512,HAS_CAUSE,CA5636
D2512,HAS_CAUSE,CA392
D2512,HAS_CAUSE,CA5637
D2513,HAS_CAUSE,CA5638
D2513,HAS_CAUSE,CA5639
D2513,HAS_CAUSE,CA5640
D2513,HAS_CAUSE,CA5641
D2513,HAS_CAUSE,CA5642
D2513,HAS_CAUSE,CA5643
D2513,HAS_CAUSE,CA5644
D2513,HAS_CAUSE,CA5645
D2513,HAS_CAUSE,CA5646
D2513,HAS_CAUSE,CA5647
D2514,AFFECTS,O005
D2515,HAS_SYMPTOM,S6606
D2515,HAS_SYMPTOM,S132
D2515,HAS_SYMPTOM,S182
D2515,HAS_SYMPTOM,S6607
D2515,HAS_SYMPTOM,S133
D2515,HAS_SYMPTOM,S6608
D2515,HAS_CAUSE,CA5648
D2515,HAS_CAUSE,CA5649
D2515,HAS_CAUSE,CA1964
D2515,HAS_CAUSE,CA5650
D2515,HAS_CAUSE,CA5651
D2515,HAS_CAUSE,CA5652
D2515,HAS_CAUSE,CA370
D2515,HAS_CAUSE,CA5653
D2515,HAS_CAUSE,CA5654
D2515,HAS_CAUSE,CA5655
RF775,INCREASES_RISK_OF,D2515
RF1067,INCREASES_RISK_OF,D2515
RF1940,INCREASES_RISK_OF,D2515
RF1941,INCREASES_RISK_OF,D2515
D2515,DIAGNOSED_BY,T3167
D2515,DIAGNOSED_BY,T3168
D2515,DIAGNOSED_BY,T3169
D2515,CAN_CAUSE,C1813
D2515,CAN_CAUSE,C1814
D2515,CAN_CAUSE,C1815
D2515,CAN_CAUSE,C134
D2515,CAN_CAUSE,C1816
D2515,MANAGED_BY,TR116
D2516,AFFECTS,O002
D2516,HAS_SYMPTOM,S6609
D2516,HAS_SYMPTOM,S6610
D2516,HAS_SYMPTOM,S6611
D2516,HAS_SYMPTOM,S6612
D2516,HAS_CAUSE,CA5656
RF1942,INCREASES_RISK_OF,D2516
RF216,INCREASES_RISK_OF,D2516
RF1943,INCREASES_RISK_OF,D2516
RF1944,INCREASES_RISK_OF,D2516
RF264,INCREASES_RISK_OF,D2516
RF1945,INCREASES_RISK_OF,D2516
RF260,INCREASES_RISK_OF,D2516
D2516,MANAGED_BY,TR4451
D2516,MANAGED_BY,TR4452
D2517,AFFECTS,O002
D2517,HAS_SYMPTOM,S6613
D2517,HAS_SYMPTOM,S6614
D2517,HAS_SYMPTOM,S6615
D2517,HAS_CAUSE,CA305
D2517,HAS_CAUSE,CA2571
D2517,HAS_CAUSE,CA365
D2517,HAS_CAUSE,CA5657
D2517,HAS_CAUSE,CA5658
D2517,HAS_CAUSE,CA5659
D2517,HAS_CAUSE,CA1790
D2517,MANAGED_BY,TR4453
D2517,MANAGED_BY,TR1068
D2517,MANAGED_BY,TR4454
D2517,MANAGED_BY,TR4455
D2517,MANAGED_BY,TR4456
D2517,MANAGED_BY,TR4457
D2517,MANAGED_BY,TR4458
D2517,MANAGED_BY,TR4459
D2517,MANAGED_BY,TR4460
D2517,DIAGNOSED_BY,T109
D2517,DIAGNOSED_BY,T3170
D2517,DIAGNOSED_BY,T3171
D2517,DIAGNOSED_BY,T2094
D2517,DIAGNOSED_BY,T3172
D2518,AFFECTS,O015
D2518,HAS_SYMPTOM,S133
D2518,HAS_SYMPTOM,S128
D2518,HAS_SYMPTOM,S2278
D2518,HAS_SYMPTOM,S6616
D2518,HAS_SYMPTOM,S3781
D2518,HAS_SYMPTOM,S6617
D2518,DIAGNOSED_BY,T3173
D2518,DIAGNOSED_BY,T3174
D2518,DIAGNOSED_BY,T3175
D2519,AFFECTS,O007
D2519,HAS_SYMPTOM,S2920
D2519,HAS_CAUSE,CA5660
D2519,HAS_CAUSE,CA5661
D2519,HAS_CAUSE,CA5662
D2519,HAS_CAUSE,CA5663
D2519,HAS_CAUSE,CA5664
D2519,HAS_CAUSE,CA5665
D2519,HAS_CAUSE,CA5666
D2519,HAS_CAUSE,CA4266
D2519,HAS_CAUSE,CA5667
D2519,HAS_CAUSE,CA4195
D2519,DIAGNOSED_BY,T005
D2519,DIAGNOSED_BY,T051
D2519,DIAGNOSED_BY,T225
D2519,DIAGNOSED_BY,T226
D2519,DIAGNOSED_BY,T3176
D2519,DIAGNOSED_BY,T3177
D2519,CAN_CAUSE,C1817
D2519,CAN_CAUSE,C1818
D2519,CAN_CAUSE,C196
D2519,CAN_CAUSE,C1819
D2519,MANAGED_BY,TR4461
D2520,HAS_SYMPTOM,S6618
D2520,HAS_SYMPTOM,S6619
D2520,HAS_SYMPTOM,S2173
D2520,HAS_SYMPTOM,S6620
D2520,HAS_CAUSE,CA5668
D2520,MANAGED_BY,TR4462
D2520,MANAGED_BY,TR4463
D2520,MANAGED_BY,TR4464
D2520,MANAGED_BY,TR4465
D2520,DIAGNOSED_BY,T3178
D2520,CAN_CAUSE,C1820
D2520,CAN_CAUSE,C1821
D2521,HAS_SYMPTOM,S6621
D2521,HAS_SYMPTOM,S2985
D2521,HAS_SYMPTOM,S6622
D2521,HAS_SYMPTOM,S6623
D2521,HAS_CAUSE,CA5669
D2521,HAS_CAUSE,CA5670
D2521,HAS_CAUSE,CA5671
D2521,MANAGED_BY,TR4466
D2521,MANAGED_BY,TR4467
D2521,MANAGED_BY,TR4468
D2521,MANAGED_BY,TR4469
D2521,MANAGED_BY,TR4470
D2521,DIAGNOSED_BY,T3179
D2521,DIAGNOSED_BY,T2358
D2521,DIAGNOSED_BY,T3180
D2521,MANAGED_BY,TR4471
D2522,AFFECTS,O020
D2523,AFFECTS,O007
D2523,AFFECTS,O002
D2523,HAS_SYMPTOM,S045
D2523,HAS_SYMPTOM,S3633
D2523,HAS_SYMPTOM,S041
D2523,HAS_SYMPTOM,S5635
D2523,HAS_SYMPTOM,S1590
D2523,HAS_SYMPTOM,S077
D2523,HAS_SYMPTOM,S440
D2523,HAS_SYMPTOM,S766
D2523,HAS_SYMPTOM,S6624
D2523,HAS_CAUSE,CA5672
D2523,HAS_CAUSE,CA5673
D2523,HAS_CAUSE,CA5674
D2523,HAS_CAUSE,CA5675
D2523,HAS_CAUSE,CA5676
D2523,HAS_CAUSE,CA5677
D2523,HAS_CAUSE,CA5678
D2523,MANAGED_BY,TR4472
D2523,MANAGED_BY,TR4473
D2523,MANAGED_BY,TR4474
D2523,MANAGED_BY,TR4475
D2523,MANAGED_BY,TR4476
D2523,MANAGED_BY,TR4477
D2524,HAS_CAUSE,CA001
D2524,HAS_CAUSE,CA465
D2524,HAS_CAUSE,CA5679
D2524,HAS_CAUSE,CA5680
D2524,HAS_CAUSE,CA2371
D2524,HAS_CAUSE,CA5681
D2524,HAS_CAUSE,CA2305
D2524,HAS_CAUSE,CA1670
D2524,HAS_CAUSE,CA4222
D2524,HAS_CAUSE,CA5682
D2524,HAS_CAUSE,CA4160
D2525,HAS_SYMPTOM,S6625
D2525,HAS_SYMPTOM,S6626
D2525,HAS_SYMPTOM,S487
D2525,HAS_SYMPTOM,S133
D2525,HAS_SYMPTOM,S6627
D2525,HAS_SYMPTOM,S6628
D2525,HAS_SYMPTOM,S6629
D2525,HAS_SYMPTOM,S6630
RF1946,INCREASES_RISK_OF,D2525
RF1947,INCREASES_RISK_OF,D2525
D2525,MANAGED_BY,TR4478
D2525,MANAGED_BY,TR4479
D2525,MANAGED_BY,TR4480
D2525,MANAGED_BY,TR4481
D2525,MANAGED_BY,TR4482
D2525,MANAGED_BY,TR4483
D2526,AFFECTS,O012
D2526,HAS_SYMPTOM,S6631
D2526,HAS_SYMPTOM,S6632
D2526,HAS_SYMPTOM,S6633
D2526,HAS_CAUSE,CA235
D2526,HAS_CAUSE,CA2977
D2526,HAS_CAUSE,CA5683
D2526,HAS_CAUSE,CA5684
D2526,HAS_CAUSE,CA410
D2526,HAS_CAUSE,CA5685
D2526,HAS_CAUSE,CA5686
D2526,MANAGED_BY,TR4484
D2526,MANAGED_BY,TR4485
D2526,MANAGED_BY,TR4486
D2526,MANAGED_BY,TR4487
D2526,DIAGNOSED_BY,T1365
D2526,DIAGNOSED_BY,T3181
D2526,DIAGNOSED_BY,T3182
D2526,DIAGNOSED_BY,T3183
D2526,DIAGNOSED_BY,T3184
D2526,DIAGNOSED_BY,T3185
D2526,DIAGNOSED_BY,T3186
D2526,CAN_CAUSE,C1521
D2526,CAN_CAUSE,C1822
D2526,CAN_CAUSE,C1823
D2527,HAS_SYMPTOM,S101
D2527,HAS_CAUSE,CA5687
D2527,HAS_CAUSE,CA5688
D2527,HAS_CAUSE,CA4324
D2527,HAS_CAUSE,CA556
D2527,HAS_CAUSE,CA5689
D2527,HAS_CAUSE,CA5690
D2527,HAS_CAUSE,CA5691
D2527,HAS_CAUSE,CA2149
RF1948,INCREASES_RISK_OF,D2527
RF1949,INCREASES_RISK_OF,D2527
RF1950,INCREASES_RISK_OF,D2527
D2527,MANAGED_BY,TR4488
D2527,MANAGED_BY,TR4489
D2527,MANAGED_BY,TR4490
D2527,MANAGED_BY,TR4491
D2527,MANAGED_BY,TR4492
D2527,MANAGED_BY,TR4493
D2527,MANAGED_BY,TR4494
D2527,MANAGED_BY,TR4495
D2527,MANAGED_BY,TR4496
D2527,DIAGNOSED_BY,T3187
D2527,DIAGNOSED_BY,T3188
D2527,DIAGNOSED_BY,T3189
D2527,DIAGNOSED_BY,T3190
D2527,DIAGNOSED_BY,T3191
D2527,DIAGNOSED_BY,T3192
D2527,DIAGNOSED_BY,T2274
D2527,DIAGNOSED_BY,T3193
D2527,DIAGNOSED_BY,T904
D2527,DIAGNOSED_BY,T3194
D2527,DIAGNOSED_BY,T836
D2527,DIAGNOSED_BY,T3195
D2527,CAN_CAUSE,C1824
D2527,CAN_CAUSE,C144
D2527,CAN_CAUSE,C1825
D2527,CAN_CAUSE,C653
D2527,CAN_CAUSE,C1826
D2527,CAN_CAUSE,C1827
D2528,AFFECTS,O005
D2528,HAS_CAUSE,CA391
D2528,HAS_CAUSE,CA5692
D2528,HAS_CAUSE,CA5693
D2528,HAS_CAUSE,CA5694
D2528,HAS_CAUSE,CA5695
D2528,HAS_CAUSE,CA5696
D2528,HAS_CAUSE,CA5697
D2528,HAS_CAUSE,CA1504
D2528,HAS_CAUSE,CA392
D2528,HAS_CAUSE,CA798
D2529,AFFECTS,O004
D2529,HAS_CAUSE,CA5698
D2529,HAS_CAUSE,CA1074
D2529,HAS_CAUSE,CA5699
D2529,HAS_CAUSE,CA5700
D2529,HAS_CAUSE,CA2943
D2529,HAS_CAUSE,CA5701
D2529,HAS_CAUSE,CA5702
D2530,AFFECTS,O004
D2530,HAS_SYMPTOM,S6634
D2530,HAS_SYMPTOM,S6635
D2530,HAS_SYMPTOM,S6636
D2530,HAS_SYMPTOM,S6637
D2530,HAS_SYMPTOM,S6638
D2530,HAS_SYMPTOM,S6639
D2530,HAS_CAUSE,CA5703
D2530,MANAGED_BY,TR4497
D2530,CAN_CAUSE,C1828
D2530,CAN_CAUSE,C1829
D2531,AFFECTS,O004
D2531,HAS_CAUSE,CA390
D2531,HAS_CAUSE,CA5704
D2531,HAS_CAUSE,CA3301
D2531,HAS_CAUSE,CA5705
D2531,HAS_CAUSE,CA5706
D2531,HAS_CAUSE,CA5707
D2532,AFFECTS,O004
D2533,AFFECTS,O004
D2534,AFFECTS,O004
D2535,AFFECTS,O004
D2535,HAS_SYMPTOM,S2949
D2535,HAS_SYMPTOM,S6640
D2535,HAS_SYMPTOM,S6641
D2535,HAS_CAUSE,CA5708
D2535,HAS_CAUSE,CA818
D2535,HAS_CAUSE,CA5709
D2535,HAS_CAUSE,CA5710
D2535,HAS_CAUSE,CA5711
D2535,HAS_CAUSE,CA5712
D2535,HAS_CAUSE,CA210
D2535,HAS_CAUSE,CA5713
D2535,HAS_CAUSE,CA5714
D2535,HAS_CAUSE,CA5715
D2535,MANAGED_BY,TR4498
D2535,CAN_CAUSE,C1830
D2535,CAN_CAUSE,C1831
D2535,CAN_CAUSE,C1832
D2535,CAN_CAUSE,C1833
D2536,AFFECTS,O004
D2537,AFFECTS,O004
D2537,HAS_CAUSE,CA5716
D2537,HAS_CAUSE,CA5717
D2537,HAS_CAUSE,CA5718
D2537,HAS_CAUSE,CA5719
D2537,HAS_CAUSE,CA5720
D2538,AFFECTS,O004
D2538,HAS_CAUSE,CA5721
D2538,HAS_CAUSE,CA096
D2538,HAS_CAUSE,CA045
D2538,HAS_CAUSE,CA381
D2538,HAS_CAUSE,CA5722
D2538,HAS_CAUSE,CA5723
D2538,HAS_CAUSE,CA5724
D2539,HAS_CAUSE,CA5725
RF1951,INCREASES_RISK_OF,D2539
RF1952,INCREASES_RISK_OF,D2539
RF1953,INCREASES_RISK_OF,D2539
RF1954,INCREASES_RISK_OF,D2539
RF1955,INCREASES_RISK_OF,D2539
RF1956,INCREASES_RISK_OF,D2539
RF1957,INCREASES_RISK_OF,D2539
D2540,HAS_SYMPTOM,S1722
D2540,HAS_SYMPTOM,S6642
D2540,HAS_CAUSE,CA5726
D2540,HAS_CAUSE,CA5727
D2540,HAS_CAUSE,CA5728
RF1958,INCREASES_RISK_OF,D2540
RF1959,INCREASES_RISK_OF,D2540
RF1960,INCREASES_RISK_OF,D2540
D2541,HAS_SYMPTOM,S6643
D2541,HAS_SYMPTOM,S6644
D2541,HAS_SYMPTOM,S6146
D2541,HAS_SYMPTOM,S5651
D2541,HAS_SYMPTOM,S6645
D2541,HAS_SYMPTOM,S6646
D2541,HAS_SYMPTOM,S6647
D2541,HAS_CAUSE,CA5729
D2541,HAS_CAUSE,CA5730
D2541,HAS_CAUSE,CA5731
D2541,HAS_CAUSE,CA5732
D2541,HAS_CAUSE,CA5733
D2541,HAS_CAUSE,CA5734
D2541,HAS_CAUSE,CA5735
D2542,HAS_SYMPTOM,S6648
D2542,HAS_SYMPTOM,S6649
D2542,HAS_SYMPTOM,S6650
D2542,HAS_CAUSE,CA378
D2542,HAS_CAUSE,CA370
D2542,HAS_CAUSE,CA390
D2542,HAS_CAUSE,CA5736
D2542,HAS_CAUSE,CA5737
D2542,HAS_CAUSE,CA5738
D2542,HAS_CAUSE,CA5739
D2542,HAS_CAUSE,CA5740
D2542,HAS_CAUSE,CA5741
D2542,HAS_CAUSE,CA5742
D2542,MANAGED_BY,TR4499
D2542,MANAGED_BY,TR4500
D2542,CAN_CAUSE,C1834
D2542,CAN_CAUSE,C1835
D2542,CAN_CAUSE,C1836
D2543,HAS_SYMPTOM,S6651
D2543,HAS_CAUSE,CA5743
D2543,HAS_CAUSE,CA5744
D2543,HAS_CAUSE,CA5745
D2543,HAS_CAUSE,CA5746
D2543,DIAGNOSED_BY,T3196
D2544,HAS_SYMPTOM,S6652
D2544,HAS_SYMPTOM,S6653
D2544,HAS_SYMPTOM,S6654
D2544,HAS_CAUSE,CA5747
D2544,HAS_CAUSE,CA5748
D2544,HAS_CAUSE,CA5749
D2545,HAS_SYMPTOM,S6655
D2545,HAS_SYMPTOM,S4593
D2545,HAS_SYMPTOM,S663
D2545,HAS_SYMPTOM,S056
D2545,HAS_SYMPTOM,S6656
D2545,HAS_CAUSE,CA5750
D2545,HAS_CAUSE,CA5751
D2545,HAS_CAUSE,CA5752
D2545,HAS_CAUSE,CA304
D2545,HAS_CAUSE,CA5753
D2545,HAS_CAUSE,CA5754
D2545,HAS_CAUSE,CA5755
D2545,MANAGED_BY,TR4501
D2545,MANAGED_BY,TR4502
D2545,MANAGED_BY,TR4503
D2545,MANAGED_BY,TR4504
D2545,DIAGNOSED_BY,T3197
D2545,CAN_CAUSE,C1837
D2545,CAN_CAUSE,C1838
D2545,CAN_CAUSE,C1839
D2545,CAN_CAUSE,C263
D2545,MANAGED_BY,TR1361
D2545,MANAGED_BY,TR4505
D2545,MANAGED_BY,TR4506
D2546,HAS_SYMPTOM,S6657
D2546,HAS_SYMPTOM,S6658
D2546,HAS_SYMPTOM,S6659
D2546,HAS_CAUSE,CA5756
D2546,HAS_CAUSE,CA5757
RF1961,INCREASES_RISK_OF,D2546
D2546,DIAGNOSED_BY,T776
D2546,DIAGNOSED_BY,T3198
D2546,MANAGED_BY,TR4507
D2546,MANAGED_BY,TR4508
D2547,AFFECTS,O005
D2547,HAS_SYMPTOM,S6660
D2547,HAS_SYMPTOM,S4501
D2547,HAS_SYMPTOM,S6661
D2547,HAS_SYMPTOM,S6662
D2547,HAS_SYMPTOM,S6663
D2547,HAS_SYMPTOM,S6664
D2547,HAS_CAUSE,CA5758
D2547,HAS_CAUSE,CA5759
D2547,DIAGNOSED_BY,T3199
D2547,DIAGNOSED_BY,T3200
D2547,CAN_CAUSE,C1840
D2547,MANAGED_BY,TR4509
D2548,AFFECTS,O005
D2548,HAS_SYMPTOM,S6665
D2548,HAS_SYMPTOM,S3517
D2548,HAS_SYMPTOM,S957
D2548,HAS_SYMPTOM,S6666
D2548,HAS_CAUSE,CA5760
D2548,HAS_CAUSE,CA5761
D2548,MANAGED_BY,TR4510
D2548,MANAGED_BY,TR4511
D2548,MANAGED_BY,TR4512
D2548,MANAGED_BY,TR1288
D2548,MANAGED_BY,TR1289
D2548,MANAGED_BY,TR4513
D2548,MANAGED_BY,TR4514
D2548,MANAGED_BY,TR4515
D2548,MANAGED_BY,TR4516
D2548,MANAGED_BY,TR4517
D2548,DIAGNOSED_BY,T3201
D2548,CAN_CAUSE,C1841
D2549,AFFECTS,O016
D2549,HAS_SYMPTOM,S6667
D2549,HAS_SYMPTOM,S474
D2549,HAS_CAUSE,CA5762
D2549,HAS_CAUSE,CA5763
D2549,HAS_CAUSE,CA5764
D2549,MANAGED_BY,TR1844
D2549,MANAGED_BY,TR4518
D2549,MANAGED_BY,TR4519
D2549,MANAGED_BY,TR4520
D2549,DIAGNOSED_BY,T3202
D2549,DIAGNOSED_BY,T3166
D2549,DIAGNOSED_BY,T3203
D2549,DIAGNOSED_BY,T3204
D2549,CAN_CAUSE,C725
D2549,CAN_CAUSE,C1842
D2549,CAN_CAUSE,C071
D2549,CAN_CAUSE,C1843
D2549,CAN_CAUSE,C1844
D2550,AFFECTS,O016
D2550,HAS_SYMPTOM,S101
D2550,HAS_SYMPTOM,S3458
RF1962,INCREASES_RISK_OF,D2550
RF104,INCREASES_RISK_OF,D2550
RF105,INCREASES_RISK_OF,D2550
D2550,MANAGED_BY,TR4521
D2550,MANAGED_BY,TR4522
D2550,MANAGED_BY,TR4523
D2550,MANAGED_BY,TR4524
D2550,MANAGED_BY,TR4525
D2550,MANAGED_BY,TR174
D2550,MANAGED_BY,TR175
D2550,MANAGED_BY,TR4526
D2551,AFFECTS,O016
D2551,HAS_SYMPTOM,S6668
D2551,HAS_SYMPTOM,S6669
D2551,HAS_SYMPTOM,S6670
D2551,HAS_CAUSE,CA5765
D2551,HAS_CAUSE,CA5766
D2551,HAS_CAUSE,CA5767
D2551,HAS_CAUSE,CA5098
D2551,HAS_CAUSE,CA645
RF076,INCREASES_RISK_OF,D2551
RF077,INCREASES_RISK_OF,D2551
D2551,MANAGED_BY,TR4527
D2552,AFFECTS,O016
D2552,HAS_SYMPTOM,S093
D2552,HAS_SYMPTOM,S127
D2552,HAS_SYMPTOM,S393
D2552,HAS_SYMPTOM,S468
D2552,HAS_SYMPTOM,S6671
D2552,HAS_SYMPTOM,S052
D2552,HAS_SYMPTOM,S1205
D2552,HAS_SYMPTOM,S3858
D2552,HAS_CAUSE,CA277
RF1963,INCREASES_RISK_OF,D2552
RF1964,INCREASES_RISK_OF,D2552
RF1965,INCREASES_RISK_OF,D2552
RF1966,INCREASES_RISK_OF,D2552
RF116,INCREASES_RISK_OF,D2552
RF1967,INCREASES_RISK_OF,D2552
RF1968,INCREASES_RISK_OF,D2552
RF1779,INCREASES_RISK_OF,D2552
RF1969,INCREASES_RISK_OF,D2552
RF1970,INCREASES_RISK_OF,D2552
D2553,AFFECTS,O001
D2553,AFFECTS,O016
D2553,AFFECTS,O002
D2553,HAS_SYMPTOM,S052
D2553,HAS_SYMPTOM,S041
D2553,HAS_SYMPTOM,S2951
D2553,HAS_CAUSE,CA5768
D2553,MANAGED_BY,TR1321
D2553,DIAGNOSED_BY,T3205
D2553,DIAGNOSED_BY,T005
D2553,DIAGNOSED_BY,T066
D2553,DIAGNOSED_BY,T021
D2553,DIAGNOSED_BY,T3206
D2553,MANAGED_BY,TR4528
D2553,MANAGED_BY,TR1775
D2553,MANAGED_BY,TR4529
D2553,MANAGED_BY,TR4530
D2554,HAS_SYMPTOM,S893
D2554,HAS_SYMPTOM,S1952
D2554,HAS_SYMPTOM,S6672
RF507,INCREASES_RISK_OF,D2554
RF508,INCREASES_RISK_OF,D2554
RF509,INCREASES_RISK_OF,D2554
RF1971,INCREASES_RISK_OF,D2554
RF1972,INCREASES_RISK_OF,D2554
D2555,AFFECTS,O002
D2555,HAS_SYMPTOM,S6673
D2555,HAS_SYMPTOM,S6674
D2555,HAS_CAUSE,CA5769
D2555,HAS_CAUSE,CA383
D2555,HAS_CAUSE,CA5770
RF1973,INCREASES_RISK_OF,D2555
RF1974,INCREASES_RISK_OF,D2555
RF1975,INCREASES_RISK_OF,D2555
RF1976,INCREASES_RISK_OF,D2555
RF1977,INCREASES_RISK_OF,D2555
RF776,INCREASES_RISK_OF,D2555
RF1978,INCREASES_RISK_OF,D2555
RF1979,INCREASES_RISK_OF,D2555
D2555,MANAGED_BY,TR4531
D2555,MANAGED_BY,TR4532
D2555,MANAGED_BY,TR3263
D2555,MANAGED_BY,TR4533
D2555,MANAGED_BY,TR4534
D2555,MANAGED_BY,TR700
D2555,MANAGED_BY,TR4535
D2555,MANAGED_BY,TR4536
D2556,HAS_SYMPTOM,S6675
D2556,HAS_SYMPTOM,S6676
D2556,HAS_SYMPTOM,S6677
D2556,HAS_SYMPTOM,S6678
D2556,HAS_SYMPTOM,S6679
D2556,HAS_SYMPTOM,S6680
D2556,HAS_SYMPTOM,S6681
D2556,HAS_CAUSE,CA5771
D2556,MANAGED_BY,TR4537
D2556,MANAGED_BY,TR4538
D2556,MANAGED_BY,TR4539
D2556,DIAGNOSED_BY,T3207
D2556,DIAGNOSED_BY,T2390
D2556,DIAGNOSED_BY,T3208
D2556,CAN_CAUSE,C1845
D2556,CAN_CAUSE,C1846
D2556,CAN_CAUSE,C742
D2556,CAN_CAUSE,C117
D2556,CAN_CAUSE,C1308
D2556,CAN_CAUSE,C947
D2556,CAN_CAUSE,C1847
D2556,MANAGED_BY,TR4540
D2556,MANAGED_BY,TR4541
D2556,MANAGED_BY,TR4542
D2556,MANAGED_BY,TR4543
D2558,HAS_SYMPTOM,S6682
D2558,HAS_SYMPTOM,S6683
D2558,HAS_SYMPTOM,S6684
D2558,HAS_SYMPTOM,S6685
D2558,HAS_SYMPTOM,S1393
D2558,HAS_SYMPTOM,S6686
D2558,HAS_CAUSE,CA5772
D2558,HAS_CAUSE,CA5773
D2558,HAS_CAUSE,CA5774
D2558,HAS_CAUSE,CA5775
D2558,MANAGED_BY,TR4544
D2559,HAS_CAUSE,CA5776
D2559,HAS_CAUSE,CA5777
D2559,HAS_CAUSE,CA4071
D2559,HAS_CAUSE,CA1914
D2559,HAS_CAUSE,CA5778
D2559,HAS_CAUSE,CA5779
D2559,HAS_CAUSE,CA386
D2559,HAS_CAUSE,CA5780
D2559,HAS_CAUSE,CA5781
D2561,HAS_SYMPTOM,S2382
D2561,HAS_SYMPTOM,S6687
D2561,HAS_SYMPTOM,S048
D2561,HAS_SYMPTOM,S042
D2561,HAS_SYMPTOM,S6688
D2561,HAS_SYMPTOM,S1174
D2561,HAS_SYMPTOM,S1542
D2561,HAS_SYMPTOM,S1214
D2561,HAS_SYMPTOM,S6689
D2561,HAS_SYMPTOM,S6690
D2561,HAS_SYMPTOM,S4855
D2561,HAS_SYMPTOM,S133
D2561,HAS_CAUSE,CA5782
D2561,HAS_CAUSE,CA5783
D2561,HAS_CAUSE,CA5784
D2561,HAS_CAUSE,CA5785
D2561,MANAGED_BY,TR4545
D2561,MANAGED_BY,TR4546
D2562,HAS_CAUSE,CA5786
D2563,HAS_SYMPTOM,S3104
D2563,HAS_SYMPTOM,S6067
D2563,HAS_SYMPTOM,S6691
D2563,HAS_SYMPTOM,S5653
D2563,HAS_SYMPTOM,S6692
D2563,HAS_SYMPTOM,S227
D2563,HAS_SYMPTOM,S6693
D2563,HAS_CAUSE,CA5787
D2563,HAS_CAUSE,CA5788
D2563,HAS_CAUSE,CA5789
D2563,HAS_CAUSE,CA5790
D2563,HAS_CAUSE,CA4170
D2563,HAS_CAUSE,CA4071
D2563,HAS_CAUSE,CA5791
D2563,HAS_CAUSE,CA5792
D2563,HAS_CAUSE,CA5793
RF1980,INCREASES_RISK_OF,D2563
D2564,HAS_SYMPTOM,S6694
D2564,HAS_SYMPTOM,S6695
D2564,HAS_SYMPTOM,S6696
D2564,HAS_SYMPTOM,S6697
D2564,HAS_SYMPTOM,S6698
D2564,HAS_SYMPTOM,S6699
D2564,HAS_SYMPTOM,S5152
D2564,HAS_SYMPTOM,S393
D2564,HAS_SYMPTOM,S087
D2564,HAS_SYMPTOM,S1100
D2564,MANAGED_BY,TR4547
D2564,MANAGED_BY,TR4548
D2564,MANAGED_BY,TR4549
D2564,MANAGED_BY,TR4550
D2564,DIAGNOSED_BY,T3209
D2565,HAS_SYMPTOM,S6700
D2565,HAS_SYMPTOM,S6701
D2565,HAS_SYMPTOM,S6702
D2565,HAS_SYMPTOM,S6703
D2565,HAS_SYMPTOM,S6704
D2565,HAS_SYMPTOM,S6705
D2565,HAS_CAUSE,CA5794
RF1981,INCREASES_RISK_OF,D2565
D2565,MANAGED_BY,TR4551
D2565,MANAGED_BY,TR165
D2565,MANAGED_BY,TR364
D2566,HAS_SYMPTOM,S1280
D2566,HAS_SYMPTOM,S5827
D2566,HAS_SYMPTOM,S6706
D2566,HAS_SYMPTOM,S6707
D2566,HAS_SYMPTOM,S574
D2566,HAS_SYMPTOM,S6708
D2567,HAS_SYMPTOM,S6709
D2567,HAS_SYMPTOM,S6710
D2567,HAS_SYMPTOM,S4710
D2567,HAS_SYMPTOM,S6711
D2567,HAS_SYMPTOM,S6712
D2567,HAS_SYMPTOM,S048
D2567,HAS_SYMPTOM,S6713
D2567,HAS_SYMPTOM,S6714
D2567,HAS_SYMPTOM,S6715
D2567,HAS_SYMPTOM,S6716
D2567,HAS_SYMPTOM,S6717
D2567,HAS_SYMPTOM,S1286
D2568,AFFECTS,O019
D2568,HAS_CAUSE,CA5795
RF1982,INCREASES_RISK_OF,D2568
D2568,MANAGED_BY,TR4552
D2569,HAS_SYMPTOM,S6718
D2569,HAS_SYMPTOM,S6719
RF1983,INCREASES_RISK_OF,D2569
D2570,HAS_SYMPTOM,S6720
D2570,HAS_SYMPTOM,S6721
D2570,HAS_CAUSE,CA586
D2570,HAS_CAUSE,CA5796
D2570,MANAGED_BY,TR4553
D2570,DIAGNOSED_BY,T005
D2570,DIAGNOSED_BY,T225
D2570,DIAGNOSED_BY,T3210
D2570,DIAGNOSED_BY,T3211
D2570,CAN_CAUSE,C1848
D2571,AFFECTS,O007
D2571,HAS_SYMPTOM,S6722
D2571,HAS_CAUSE,CA5797
D2571,HAS_CAUSE,CA5798
D2571,MANAGED_BY,TR4554
D2571,MANAGED_BY,TR4555
D2571,DIAGNOSED_BY,T3212
D2571,DIAGNOSED_BY,T159
D2571,DIAGNOSED_BY,T400
D2571,DIAGNOSED_BY,T395
D2571,DIAGNOSED_BY,T3213
D2571,DIAGNOSED_BY,T3214
D2571,DIAGNOSED_BY,T3215
D2572,HAS_SYMPTOM,S6723
D2572,HAS_SYMPTOM,S6724
D2572,HAS_CAUSE,CA5799
RF1984,INCREASES_RISK_OF,D2572
RF1985,INCREASES_RISK_OF,D2572
D2573,AFFECTS,O005
D2573,HAS_SYMPTOM,S6725
D2573,HAS_SYMPTOM,S6726
D2573,HAS_SYMPTOM,S6727
D2573,HAS_SYMPTOM,S6728
D2573,HAS_SYMPTOM,S6729
D2573,HAS_CAUSE,CA5800
D2573,HAS_CAUSE,CA5801
D2573,HAS_CAUSE,CA2846
D2573,HAS_CAUSE,CA5802
RF1986,INCREASES_RISK_OF,D2573
RF1987,INCREASES_RISK_OF,D2573
RF1988,INCREASES_RISK_OF,D2573
D2573,MANAGED_BY,TR4556
D2573,MANAGED_BY,TR4557
D2573,MANAGED_BY,TR4558
D2573,MANAGED_BY,TR4559
D2573,MANAGED_BY,TR4560
D2573,MANAGED_BY,TR4561
D2573,CAN_CAUSE,C1849
D2573,CAN_CAUSE,C1850
D2573,CAN_CAUSE,C1851
D2573,MANAGED_BY,TR4562
D2574,HAS_SYMPTOM,S6730
D2574,HAS_SYMPTOM,S6731
D2574,HAS_SYMPTOM,S6732
D2574,HAS_SYMPTOM,S6733
D2574,HAS_CAUSE,CA5803
D2574,HAS_CAUSE,CA5804
D2574,CAN_CAUSE,C1852
D2574,MANAGED_BY,TR4563
D2575,HAS_SYMPTOM,S4485
D2575,MANAGED_BY,TR4564
D2575,MANAGED_BY,TR4565
D2575,MANAGED_BY,TR4566
D2575,MANAGED_BY,TR4567
D2575,DIAGNOSED_BY,T005
D2575,DIAGNOSED_BY,T191
D2575,DIAGNOSED_BY,T177
D2575,DIAGNOSED_BY,T3216
D2576,HAS_CAUSE,CA5805
D2576,HAS_CAUSE,CA5806
D2576,HAS_CAUSE,CA5807
D2576,HAS_CAUSE,CA5808
D2576,HAS_CAUSE,CA5809
D2576,HAS_CAUSE,CA5810
D2577,HAS_CAUSE,CA5811
RF1989,INCREASES_RISK_OF,D2577
RF1990,INCREASES_RISK_OF,D2577
RF1991,INCREASES_RISK_OF,D2577
D2578,HAS_CAUSE,CA370
D2578,HAS_CAUSE,CA5812
D2578,HAS_CAUSE,CA386
D2578,HAS_CAUSE,CA5813
D2578,HAS_CAUSE,CA751
D2578,HAS_CAUSE,CA5814
D2578,HAS_CAUSE,CA5815
D2578,HAS_CAUSE,CA5816
D2578,HAS_CAUSE,CA5817
D2578,HAS_CAUSE,CA5818
D2578,HAS_CAUSE,CA5819
D2579,HAS_SYMPTOM,S6734
D2580,AFFECTS,O002
D2580,HAS_SYMPTOM,S6735
D2580,HAS_SYMPTOM,S6736
D2580,HAS_SYMPTOM,S6737
D2580,HAS_SYMPTOM,S6738
D2580,HAS_CAUSE,CA5820
D2580,HAS_CAUSE,CA5821
D2580,MANAGED_BY,TR4568
D2580,MANAGED_BY,TR4569
D2580,DIAGNOSED_BY,T3217
D2581,HAS_SYMPTOM,S6739
D2581,HAS_CAUSE,CA5822
RF1992,INCREASES_RISK_OF,D2581
RF1993,INCREASES_RISK_OF,D2581
RF1994,INCREASES_RISK_OF,D2581
RF1995,INCREASES_RISK_OF,D2581
RF1996,INCREASES_RISK_OF,D2581
RF1997,INCREASES_RISK_OF,D2581
RF1998,INCREASES_RISK_OF,D2581
RF1999,INCREASES_RISK_OF,D2581
RF216,INCREASES_RISK_OF,D2581
RF689,INCREASES_RISK_OF,D2581
RF087,INCREASES_RISK_OF,D2581
RF2000,INCREASES_RISK_OF,D2581
D2582,AFFECTS,O004
D2582,HAS_CAUSE,CA5823
RF2001,INCREASES_RISK_OF,D2582
RF076,INCREASES_RISK_OF,D2582
RF077,INCREASES_RISK_OF,D2582
D2584,AFFECTS,O001
D2584,AFFECTS,O005
D2584,HAS_SYMPTOM,S6740
D2584,HAS_SYMPTOM,S6741
D2584,HAS_CAUSE,CA5824
D2585,HAS_SYMPTOM,S6742
D2585,HAS_SYMPTOM,S6743
D2585,HAS_SYMPTOM,S6744
D2585,HAS_SYMPTOM,S6745
D2585,HAS_CAUSE,CA611
D2585,HAS_CAUSE,CA5825
D2585,HAS_CAUSE,CA5826
D2585,DIAGNOSED_BY,T394
D2585,DIAGNOSED_BY,T3218
D2585,DIAGNOSED_BY,T3219
D2585,DIAGNOSED_BY,T1149
D2585,CAN_CAUSE,C1853
D2585,CAN_CAUSE,C1216
D2585,CAN_CAUSE,C1854
D2585,CAN_CAUSE,C1755
D2585,CAN_CAUSE,C1855
D2585,MANAGED_BY,TR4570
D2586,HAS_SYMPTOM,S6746
D2586,HAS_SYMPTOM,S6747
D2586,HAS_SYMPTOM,S6748
D2586,HAS_SYMPTOM,S6749
D2586,HAS_SYMPTOM,S6750
D2586,HAS_CAUSE,CA5827
D2586,HAS_CAUSE,CA5828
D2586,HAS_CAUSE,CA1136
D2586,HAS_CAUSE,CA5829
D2586,HAS_CAUSE,CA2543
D2586,HAS_CAUSE,CA5830
D2586,HAS_CAUSE,CA5831
D2586,HAS_CAUSE,CA5832
D2586,HAS_CAUSE,CA5833
D2586,DIAGNOSED_BY,T005
D2586,DIAGNOSED_BY,T028
D2586,DIAGNOSED_BY,T1149
D2586,DIAGNOSED_BY,T3220
D2586,DIAGNOSED_BY,T3221
D2586,DIAGNOSED_BY,T087
D2586,DIAGNOSED_BY,T3222
D2586,DIAGNOSED_BY,T379
D2586,DIAGNOSED_BY,T3223
D2586,DIAGNOSED_BY,T3224
D2586,CAN_CAUSE,C1856
D2586,CAN_CAUSE,C1092
D2586,CAN_CAUSE,C1857
D2586,CAN_CAUSE,C1858
D2586,CAN_CAUSE,C198
D2586,CAN_CAUSE,C323
D2586,CAN_CAUSE,C1859
D2586,MANAGED_BY,TR4571
D2586,MANAGED_BY,TR4572
D2588,HAS_SYMPTOM,S6751
D2588,HAS_SYMPTOM,S6752
RF329,INCREASES_RISK_OF,D2588
RF1581,INCREASES_RISK_OF,D2588
D2589,AFFECTS,O005
D2590,AFFECTS,O005
D2590,HAS_SYMPTOM,S6753
D2590,HAS_SYMPTOM,S6754
D2590,HAS_SYMPTOM,S6755
D2590,HAS_SYMPTOM,S6756
D2590,HAS_SYMPTOM,S3101
D2590,HAS_SYMPTOM,S6757
D2590,HAS_SYMPTOM,S6758
D2590,HAS_SYMPTOM,S583
D2590,HAS_CAUSE,CA5834
RF2002,INCREASES_RISK_OF,D2590
RF2003,INCREASES_RISK_OF,D2590
RF2004,INCREASES_RISK_OF,D2590
D2591,AFFECTS,O005
D2591,HAS_SYMPTOM,S6759
D2591,HAS_SYMPTOM,S6760
D2591,HAS_SYMPTOM,S6761
D2591,HAS_SYMPTOM,S6762
D2591,HAS_SYMPTOM,S6763
D2591,HAS_SYMPTOM,S6764
D2591,HAS_CAUSE,CA5835
D2591,HAS_CAUSE,CA5836
D2591,HAS_CAUSE,CA5837
D2591,HAS_CAUSE,CA5838
D2591,MANAGED_BY,TR4573
D2591,MANAGED_BY,TR4574
D2591,MANAGED_BY,TR4575
D2591,DIAGNOSED_BY,T132
D2591,DIAGNOSED_BY,T3225
D2591,DIAGNOSED_BY,T3226
D2591,DIAGNOSED_BY,T3227
D2591,DIAGNOSED_BY,T836
D2591,DIAGNOSED_BY,T3228
D2591,DIAGNOSED_BY,T3229
D2591,DIAGNOSED_BY,T3230
D2591,DIAGNOSED_BY,T494
D2591,DIAGNOSED_BY,T1775
D2591,DIAGNOSED_BY,T3231
D2591,DIAGNOSED_BY,T226
D2591,CAN_CAUSE,C1860
D2591,CAN_CAUSE,C134
D2591,CAN_CAUSE,C212
D2591,MANAGED_BY,TR2923
D2591,MANAGED_BY,TR4576
D2592,AFFECTS,O005
D2592,HAS_SYMPTOM,S6765
D2592,HAS_SYMPTOM,S6766
D2592,DIAGNOSED_BY,T3218
D2592,DIAGNOSED_BY,T005
D2592,DIAGNOSED_BY,T087
D2592,DIAGNOSED_BY,T3232
D2593,AFFECTS,O005
D2593,HAS_SYMPTOM,S6767
D2593,HAS_SYMPTOM,S526
D2593,HAS_SYMPTOM,S6768
D2593,MANAGED_BY,TR4577
D2594,AFFECTS,O017
D2594,AFFECTS,O014
D2595,AFFECTS,O001
D2595,AFFECTS,O017
D2595,AFFECTS,O002
D2595,AFFECTS,O014
D2595,HAS_CAUSE,CA5839
D2595,HAS_CAUSE,CA5840
D2595,HAS_CAUSE,CA5841
D2595,HAS_CAUSE,CA5842
D2596,AFFECTS,O017
D2596,AFFECTS,O014
D2596,HAS_CAUSE,CA222
D2596,HAS_CAUSE,CA330
D2596,HAS_CAUSE,CA5843
D2596,HAS_CAUSE,CA391
D2597,HAS_SYMPTOM,S6769
D2597,HAS_SYMPTOM,S6770
D2597,HAS_SYMPTOM,S6771
D2597,HAS_SYMPTOM,S4799
D2597,HAS_SYMPTOM,S6772
D2597,HAS_SYMPTOM,S6773
D2597,HAS_CAUSE,CA5844
D2597,HAS_CAUSE,CA5845
D2597,HAS_CAUSE,CA512
D2597,HAS_CAUSE,CA5846
D2597,HAS_CAUSE,CA410
D2597,HAS_CAUSE,CA5847
D2597,HAS_CAUSE,CA5848
D2597,HAS_CAUSE,CA5849
RF1293,INCREASES_RISK_OF,D2597
D2597,MANAGED_BY,TR4578
D2597,MANAGED_BY,TR4579
D2597,MANAGED_BY,TR465
D2597,MANAGED_BY,TR4580
D2597,MANAGED_BY,TR4581
D2597,MANAGED_BY,TR4582
D2597,MANAGED_BY,TR4583
D2597,MANAGED_BY,TR4584
D2597,MANAGED_BY,TR4585
D2597,MANAGED_BY,TR4586
D2597,DIAGNOSED_BY,T3233
D2597,DIAGNOSED_BY,T005
D2597,DIAGNOSED_BY,T3234
D2597,DIAGNOSED_BY,T3235
D2597,DIAGNOSED_BY,T3236
D2597,CAN_CAUSE,C1073
D2597,CAN_CAUSE,C507
D2597,CAN_CAUSE,C182
D2597,CAN_CAUSE,C016
D2597,MANAGED_BY,TR4587
D2597,MANAGED_BY,TR4588
D2597,MANAGED_BY,TR4589
D2597,MANAGED_BY,TR4590
D2599,HAS_SYMPTOM,S3170
D2599,HAS_SYMPTOM,S6774
D2599,HAS_SYMPTOM,S6775
D2599,HAS_SYMPTOM,S6776
D2599,HAS_SYMPTOM,S6777
D2599,HAS_SYMPTOM,S6778
D2599,HAS_CAUSE,CA5850
D2599,HAS_CAUSE,CA5851
D2599,HAS_CAUSE,CA5852
D2599,HAS_CAUSE,CA5853
D2599,MANAGED_BY,TR4591
D2599,MANAGED_BY,TR4592
D2599,MANAGED_BY,TR4593
D2599,DIAGNOSED_BY,T3237
D2599,DIAGNOSED_BY,T956
D2599,CAN_CAUSE,C1861
D2599,CAN_CAUSE,C1862
D2599,CAN_CAUSE,C1863
D2600,AFFECTS,O001
D2600,HAS_SYMPTOM,S6779
D2600,HAS_SYMPTOM,S928
D2600,HAS_CAUSE,CA5854
RF2005,INCREASES_RISK_OF,D2600
RF2006,INCREASES_RISK_OF,D2600
RF2007,INCREASES_RISK_OF,D2600
RF2008,INCREASES_RISK_OF,D2600
D2602,HAS_SYMPTOM,S6780
D2602,HAS_SYMPTOM,S4598
D2602,HAS_SYMPTOM,S6781
D2602,HAS_SYMPTOM,S6782
D2602,HAS_SYMPTOM,S6783
D2602,HAS_CAUSE,CA5855
D2602,HAS_CAUSE,CA5856
D2602,MANAGED_BY,TR4594
D2602,DIAGNOSED_BY,T3238
D2602,DIAGNOSED_BY,T3239
D2602,CAN_CAUSE,C1864
D2602,CAN_CAUSE,C313
D2602,CAN_CAUSE,C1865
D2603,HAS_SYMPTOM,S294
D2603,HAS_SYMPTOM,S6784
D2603,HAS_SYMPTOM,S6785
D2603,HAS_SYMPTOM,S439
D2603,HAS_SYMPTOM,S6786
D2603,HAS_SYMPTOM,S4855
D2603,HAS_SYMPTOM,S1709
D2603,HAS_SYMPTOM,S5571
D2603,HAS_SYMPTOM,S498
D2603,HAS_SYMPTOM,S1491
D2603,HAS_SYMPTOM,S499
D2603,HAS_SYMPTOM,S4093
D2604,AFFECTS,O017
D2604,HAS_SYMPTOM,S6787
D2604,HAS_SYMPTOM,S6788
D2604,HAS_SYMPTOM,S1366
D2604,HAS_SYMPTOM,S6789
D2604,HAS_SYMPTOM,S6790
D2604,HAS_CAUSE,CA5857
D2604,HAS_CAUSE,CA5858
D2604,HAS_CAUSE,CA5859
D2604,HAS_CAUSE,CA5136
D2604,HAS_CAUSE,CA5860
RF2009,INCREASES_RISK_OF,D2604
RF2010,INCREASES_RISK_OF,D2604
RF2011,INCREASES_RISK_OF,D2604
RF2012,INCREASES_RISK_OF,D2604
RF344,INCREASES_RISK_OF,D2604
D2604,MANAGED_BY,TR4595
D2605,HAS_SYMPTOM,S292
D2605,HAS_SYMPTOM,S1366
D2605,HAS_CAUSE,CA5861
D2605,HAS_CAUSE,CA5862
D2605,MANAGED_BY,TR4596
D2605,MANAGED_BY,TR3370
D2605,MANAGED_BY,TR3371
D2605,MANAGED_BY,TR4597
D2605,MANAGED_BY,TR3373
D2605,MANAGED_BY,TR4598
D2606,AFFECTS,O004
D2606,HAS_SYMPTOM,S6791
D2606,HAS_SYMPTOM,S6501
D2606,MANAGED_BY,TR580
D2606,MANAGED_BY,TR585
D2607,HAS_SYMPTOM,S6792
D2607,HAS_SYMPTOM,S6793
D2607,HAS_SYMPTOM,S6794
D2607,HAS_SYMPTOM,S6795
D2607,HAS_SYMPTOM,S6796
D2607,HAS_CAUSE,CA381
D2607,HAS_CAUSE,CA5863
D2607,HAS_CAUSE,CA5864
D2607,HAS_CAUSE,CA5865
D2607,HAS_CAUSE,CA5866
D2607,HAS_CAUSE,CA5867
D2607,HAS_CAUSE,CA400
D2607,HAS_CAUSE,CA410
D2607,MANAGED_BY,TR4599
D2607,MANAGED_BY,TR4600
D2607,MANAGED_BY,TR4601
D2607,DIAGNOSED_BY,T3240
D2607,CAN_CAUSE,C1866
D2607,CAN_CAUSE,C134
D2607,MANAGED_BY,TR1262
D2607,MANAGED_BY,TR161
D2607,MANAGED_BY,TR1263
D2607,MANAGED_BY,TR1264
D2608,AFFECTS,O016
D2608,HAS_SYMPTOM,S6797
D2608,HAS_SYMPTOM,S6798
D2608,HAS_SYMPTOM,S6799
D2608,HAS_SYMPTOM,S6800
D2608,HAS_SYMPTOM,S6086
D2608,HAS_SYMPTOM,S468
D2608,HAS_SYMPTOM,S6801
D2608,HAS_SYMPTOM,S6802
D2608,HAS_SYMPTOM,S6803
D2608,HAS_SYMPTOM,S6804
D2608,HAS_SYMPTOM,S3058
D2608,HAS_SYMPTOM,S6805
D2608,HAS_CAUSE,CA5868
D2608,HAS_CAUSE,CA5869
D2608,HAS_CAUSE,CA5870
RF2013,INCREASES_RISK_OF,D2608
RF2014,INCREASES_RISK_OF,D2608
RF2015,INCREASES_RISK_OF,D2609
RF2016,INCREASES_RISK_OF,D2609
RF2017,INCREASES_RISK_OF,D2609
RF2018,INCREASES_RISK_OF,D2609
RF2019,INCREASES_RISK_OF,D2609
RF2020,INCREASES_RISK_OF,D2609
RF506,INCREASES_RISK_OF,D2609
RF2021,INCREASES_RISK_OF,D2609
D2610,AFFECTS,O006
D2610,HAS_SYMPTOM,S473
D2610,HAS_SYMPTOM,S3546
D2610,HAS_SYMPTOM,S042
D2610,HAS_SYMPTOM,S3547
D2610,HAS_SYMPTOM,S6806
D2610,HAS_SYMPTOM,S3550
D2610,HAS_SYMPTOM,S4165
D2610,HAS_SYMPTOM,S4800
D2610,HAS_SYMPTOM,S077
D2610,HAS_SYMPTOM,S3552
D2610,HAS_CAUSE,CA5871
D2610,HAS_CAUSE,CA5872
D2610,HAS_CAUSE,CA5873
D2610,HAS_CAUSE,CA5874
D2610,HAS_CAUSE,CA5875
D2610,HAS_CAUSE,CA292
D2610,HAS_CAUSE,CA5876
D2610,HAS_CAUSE,CA2698
D2610,DIAGNOSED_BY,T327
D2610,DIAGNOSED_BY,T005
D2610,DIAGNOSED_BY,T051
D2610,DIAGNOSED_BY,T191
D2610,DIAGNOSED_BY,T1616
D2610,CAN_CAUSE,C181
D2610,CAN_CAUSE,C004
D2610,CAN_CAUSE,C1867
D2610,MANAGED_BY,TR4602
D2611,HAS_SYMPTOM,S2485
D2611,HAS_SYMPTOM,S6807
D2611,HAS_SYMPTOM,S041
D2611,HAS_SYMPTOM,S048
D2611,HAS_SYMPTOM,S6808
D2611,HAS_SYMPTOM,S6809
D2611,HAS_SYMPTOM,S6810
D2611,HAS_SYMPTOM,S6811
D2611,HAS_SYMPTOM,S052
D2611,HAS_SYMPTOM,S6812
D2611,HAS_SYMPTOM,S6813
D2612,AFFECTS,O004
D2612,HAS_SYMPTOM,S6814
D2612,HAS_SYMPTOM,S6815
D2612,HAS_SYMPTOM,S6816
D2612,HAS_SYMPTOM,S6817
D2612,MANAGED_BY,TR4603
D2612,MANAGED_BY,TR3634
D2612,CAN_CAUSE,C1040
D2612,CAN_CAUSE,C313
D2612,CAN_CAUSE,C217
D2612,CAN_CAUSE,C1868
D2612,MANAGED_BY,TR4604
D2612,MANAGED_BY,TR4605
D2612,MANAGED_BY,TR4606
D2613,HAS_SYMPTOM,S6818
D2613,HAS_SYMPTOM,S6819
D2613,HAS_SYMPTOM,S439
D2613,HAS_SYMPTOM,S126
D2613,HAS_SYMPTOM,S219
D2613,HAS_SYMPTOM,S6820
D2613,HAS_SYMPTOM,S052
D2613,HAS_SYMPTOM,S6821
D2613,HAS_SYMPTOM,S441
D2613,HAS_SYMPTOM,S6822
D2613,HAS_SYMPTOM,S6823
D2613,HAS_SYMPTOM,S6824
D2617,HAS_SYMPTOM,S6825
D2617,HAS_SYMPTOM,S6826
D2617,HAS_SYMPTOM,S6827
D2617,HAS_SYMPTOM,S6828
D2617,HAS_SYMPTOM,S6829
D2617,HAS_SYMPTOM,S6830
D2617,HAS_SYMPTOM,S6831
D2617,HAS_CAUSE,CA5877
D2617,HAS_CAUSE,CA5878
D2617,HAS_CAUSE,CA5879
D2617,HAS_CAUSE,CA5880
D2617,MANAGED_BY,TR4607
D2617,DIAGNOSED_BY,T3241
D2617,DIAGNOSED_BY,T3242
D2617,DIAGNOSED_BY,T3243
D2617,CAN_CAUSE,C1869
D2619,AFFECTS,O005
D2620,AFFECTS,O005
D2621,HAS_SYMPTOM,S041
D2621,HAS_SYMPTOM,S4276
D2621,HAS_SYMPTOM,S133
D2621,HAS_SYMPTOM,S6832
D2621,HAS_SYMPTOM,S6833
D2621,HAS_SYMPTOM,S6834
D2621,HAS_SYMPTOM,S6835
D2621,HAS_SYMPTOM,S4678
D2621,HAS_CAUSE,CA5881
D2621,HAS_CAUSE,CA5882
D2621,HAS_CAUSE,CA5883
D2621,HAS_CAUSE,CA001
D2621,HAS_CAUSE,CA5884
D2621,HAS_CAUSE,CA205
RF1276,INCREASES_RISK_OF,D2621
RF2022,INCREASES_RISK_OF,D2621
RF2023,INCREASES_RISK_OF,D2621
RF2024,INCREASES_RISK_OF,D2621
RF2025,INCREASES_RISK_OF,D2621
D2621,MANAGED_BY,TR4608
D2621,MANAGED_BY,TR755
D2621,MANAGED_BY,TR756
D2621,MANAGED_BY,TR757
D2621,MANAGED_BY,TR059
D2621,MANAGED_BY,TR4609
D2621,MANAGED_BY,TR4610
D2621,MANAGED_BY,TR4611
D2621,MANAGED_BY,TR4612
D2622,HAS_SYMPTOM,S6836
D2622,HAS_SYMPTOM,S497
D2622,HAS_SYMPTOM,S048
D2622,HAS_SYMPTOM,S6837
D2622,HAS_SYMPTOM,S6838
D2622,HAS_SYMPTOM,S663
D2622,HAS_SYMPTOM,S1372
D2622,HAS_SYMPTOM,S1174
D2622,HAS_SYMPTOM,S1102
D2622,HAS_SYMPTOM,S6839
D2622,HAS_SYMPTOM,S6840
D2622,HAS_SYMPTOM,S6841
D2623,AFFECTS,O004
D2623,HAS_SYMPTOM,S6842
D2623,HAS_SYMPTOM,S6843
D2623,HAS_SYMPTOM,S513
D2623,HAS_SYMPTOM,S6844
D2623,HAS_SYMPTOM,S439
D2623,HAS_SYMPTOM,S126
D2623,HAS_SYMPTOM,S127
D2623,HAS_SYMPTOM,S648
D2623,HAS_SYMPTOM,S6845
D2623,HAS_SYMPTOM,S5195
D2623,HAS_SYMPTOM,S6846
D2623,HAS_SYMPTOM,S3104
D2624,AFFECTS,O016
D2624,HAS_SYMPTOM,S416
D2624,HAS_SYMPTOM,S127
D2624,HAS_SYMPTOM,S6847
D2624,HAS_SYMPTOM,S6848
D2624,HAS_SYMPTOM,S6849
D2624,HAS_SYMPTOM,S273
D2624,HAS_SYMPTOM,S393
D2624,HAS_SYMPTOM,S130
D2624,HAS_SYMPTOM,S6850
D2624,HAS_SYMPTOM,S5735
D2624,HAS_SYMPTOM,S6851
RF911,INCREASES_RISK_OF,D2624
RF2026,INCREASES_RISK_OF,D2624
RF2027,INCREASES_RISK_OF,D2624
D2624,MANAGED_BY,TR4613
D2624,MANAGED_BY,TR4614
D2624,MANAGED_BY,TR4615
D2625,AFFECTS,O016
D2625,HAS_SYMPTOM,S6852
D2625,HAS_CAUSE,CA5885
D2625,HAS_CAUSE,CA5886
D2625,HAS_CAUSE,CA5887
D2626,HAS_SYMPTOM,S497
D2626,HAS_SYMPTOM,S048
D2626,HAS_SYMPTOM,S6853
D2626,HAS_SYMPTOM,S127
D2626,HAS_SYMPTOM,S052
D2626,HAS_SYMPTOM,S042
D2626,HAS_SYMPTOM,S4223
D2626,HAS_SYMPTOM,S6854
D2626,HAS_SYMPTOM,S2557
D2626,HAS_SYMPTOM,S6855
D2626,HAS_SYMPTOM,S1174
D2626,HAS_SYMPTOM,S095
D2627,HAS_CAUSE,CA5888
D2627,HAS_CAUSE,CA044
D2627,HAS_CAUSE,CA049
D2627,HAS_CAUSE,CA5889
D2627,HAS_CAUSE,CA235
D2627,HAS_CAUSE,CA5890
D2627,HAS_CAUSE,CA5891
D2627,HAS_CAUSE,CA5892
D2627,HAS_CAUSE,CA5893
D2628,HAS_CAUSE,CA5894
D2628,HAS_CAUSE,CA5895
D2628,HAS_CAUSE,CA5896
D2628,HAS_CAUSE,CA5897
D2628,HAS_CAUSE,CA035
D2628,HAS_CAUSE,CA057
D2628,HAS_CAUSE,CA5898
D2628,HAS_CAUSE,CA5899
D2629,HAS_CAUSE,CA5900
D2629,HAS_CAUSE,CA5901
D2629,HAS_CAUSE,CA5902
D2629,HAS_CAUSE,CA5903
D2631,HAS_SYMPTOM,S2294
D2631,HAS_SYMPTOM,S427
D2631,HAS_SYMPTOM,S6856
D2631,MANAGED_BY,TR4616
D2631,MANAGED_BY,TR4617
D2631,MANAGED_BY,TR150
D2632,AFFECTS,O017
D2632,HAS_SYMPTOM,S587
D2632,HAS_SYMPTOM,S573
D2632,HAS_SYMPTOM,S6857
D2632,HAS_CAUSE,CA001
D2632,HAS_CAUSE,CA2690
D2632,HAS_CAUSE,CA1484
D2632,HAS_CAUSE,CA5904
D2632,HAS_CAUSE,CA5905
D2632,HAS_CAUSE,CA1667
D2632,HAS_CAUSE,CA3470
D2632,HAS_CAUSE,CA5906
D2632,HAS_CAUSE,CA5907
D2632,HAS_CAUSE,CA1439
D2632,HAS_CAUSE,CA5908
D2632,HAS_CAUSE,CA4340
D2632,MANAGED_BY,TR4618
D2632,MANAGED_BY,TR4619
D2632,MANAGED_BY,TR4620
D2632,MANAGED_BY,TR4621
D2632,MANAGED_BY,TR4622
D2632,MANAGED_BY,TR4623
D2632,MANAGED_BY,TR4624
D2632,DIAGNOSED_BY,T3244
D2632,DIAGNOSED_BY,T3245
D2632,DIAGNOSED_BY,T932
D2632,DIAGNOSED_BY,T3246
D2633,AFFECTS,O012
D2633,HAS_SYMPTOM,S6858
D2633,HAS_SYMPTOM,S4194
D2633,HAS_SYMPTOM,S663
D2633,HAS_SYMPTOM,S440
D2633,HAS_SYMPTOM,S6859
D2633,HAS_CAUSE,CA5909
D2633,HAS_CAUSE,CA5910
D2633,HAS_CAUSE,CA5911
RF2028,INCREASES_RISK_OF,D2633
D2633,MANAGED_BY,TR3830
D2633,MANAGED_BY,TR3831
D2633,DIAGNOSED_BY,T3247
D2633,CAN_CAUSE,C1870
D2633,CAN_CAUSE,C1871
D2633,CAN_CAUSE,C1872
D2633,MANAGED_BY,TR4625
D2633,MANAGED_BY,TR4626
D2633,MANAGED_BY,TR4627
D2633,MANAGED_BY,TR4628
D2633,MANAGED_BY,TR4629
D2634,HAS_CAUSE,CA5912
D2634,HAS_CAUSE,CA5913
D2634,HAS_CAUSE,CA5914
D2634,HAS_CAUSE,CA5915
D2634,HAS_CAUSE,CA5916
D2634,HAS_CAUSE,CA5917
D2634,HAS_CAUSE,CA5918
D2634,HAS_CAUSE,CA5919
D2634,HAS_CAUSE,CA5920
D2634,HAS_CAUSE,CA5921
D2634,HAS_CAUSE,CA5922
D2635,AFFECTS,O005
D2635,HAS_SYMPTOM,S4272
RF2029,INCREASES_RISK_OF,D2635
D2635,MANAGED_BY,TR4630
D2637,HAS_SYMPTOM,S6860
RF2030,INCREASES_RISK_OF,D2637
RF2031,INCREASES_RISK_OF,D2637
RF2032,INCREASES_RISK_OF,D2637
D2638,HAS_SYMPTOM,S6861
D2638,HAS_SYMPTOM,S6862
D2638,HAS_SYMPTOM,S6863
D2638,HAS_SYMPTOM,S6864
D2638,HAS_CAUSE,CA5923
D2638,HAS_CAUSE,CA5924
D2638,HAS_CAUSE,CA3301
D2638,HAS_CAUSE,CA3199
D2638,HAS_CAUSE,CA5925
D2638,HAS_CAUSE,CA5926
D2638,HAS_CAUSE,CA5927
D2638,HAS_CAUSE,CA057
D2638,HAS_CAUSE,CA5928
D2638,HAS_CAUSE,CA5929
D2638,MANAGED_BY,TR4631
D2638,MANAGED_BY,TR583
D2638,DIAGNOSED_BY,T3248
D2638,DIAGNOSED_BY,T3249
D2638,DIAGNOSED_BY,T3250
D2638,CAN_CAUSE,C1169
D2638,CAN_CAUSE,C1873
D2638,CAN_CAUSE,C1874
D2638,CAN_CAUSE,C1875
D2638,CAN_CAUSE,C1876
D2638,CAN_CAUSE,C1877
D2638,CAN_CAUSE,C154
D2638,CAN_CAUSE,C287
D2638,CAN_CAUSE,C1878
D2638,CAN_CAUSE,C1879
D2638,CAN_CAUSE,C1880
D2638,MANAGED_BY,TR4632
D2638,MANAGED_BY,TR4633
D2638,MANAGED_BY,TR4634
D2639,AFFECTS,O004
D2639,HAS_SYMPTOM,S6865
D2639,HAS_SYMPTOM,S6866
D2639,HAS_SYMPTOM,S6867
RF2033,INCREASES_RISK_OF,D2639
RF2034,INCREASES_RISK_OF,D2639
RF2035,INCREASES_RISK_OF,D2639
RF2036,INCREASES_RISK_OF,D2639
RF2037,INCREASES_RISK_OF,D2639
RF2038,INCREASES_RISK_OF,D2639
RF2039,INCREASES_RISK_OF,D2639
RF2040,INCREASES_RISK_OF,D2639
RF1304,INCREASES_RISK_OF,D2639
D2640,HAS_CAUSE,CA5930
D2640,HAS_CAUSE,CA5931
D2640,HAS_CAUSE,CA5932
D2640,HAS_CAUSE,CA5933
D2640,HAS_CAUSE,CA5934
D2640,HAS_CAUSE,CA5935
D2641,AFFECTS,O006
D2641,HAS_SYMPTOM,S6868
D2641,HAS_SYMPTOM,S6869
D2641,HAS_SYMPTOM,S6870
D2641,HAS_SYMPTOM,S6871
D2641,HAS_SYMPTOM,S1327
D2641,HAS_SYMPTOM,S6872
D2641,HAS_SYMPTOM,S1329
D2641,HAS_CAUSE,CA410
D2641,HAS_CAUSE,CA5936
D2641,HAS_CAUSE,CA383
D2641,HAS_CAUSE,CA5937
D2641,HAS_CAUSE,CA5938
D2641,HAS_CAUSE,CA943
D2641,HAS_CAUSE,CA5939
D2641,MANAGED_BY,TR4635
D2641,DIAGNOSED_BY,T132
D2641,DIAGNOSED_BY,T3251
D2641,DIAGNOSED_BY,T3252
D2641,MANAGED_BY,TR253
D2641,MANAGED_BY,TR254
D2642,HAS_SYMPTOM,S6873
D2642,HAS_SYMPTOM,S052
D2642,HAS_SYMPTOM,S440
D2642,HAS_SYMPTOM,S6874
D2642,HAS_SYMPTOM,S130
D2642,HAS_SYMPTOM,S474
D2642,HAS_SYMPTOM,S041
D2642,HAS_CAUSE,CA5940
D2642,HAS_CAUSE,CA210
D2642,HAS_CAUSE,CA5941
D2642,HAS_CAUSE,CA5942
D2642,HAS_CAUSE,CA5943
D2642,HAS_CAUSE,CA304
D2642,HAS_CAUSE,CA5944
D2642,MANAGED_BY,TR4636
D2642,MANAGED_BY,TR4637
D2642,MANAGED_BY,TR4638
D2642,DIAGNOSED_BY,T3253
D2642,DIAGNOSED_BY,T3254
D2642,DIAGNOSED_BY,T3255
D2642,DIAGNOSED_BY,T3256
D2642,DIAGNOSED_BY,T3257
D2642,CAN_CAUSE,C1881
D2642,CAN_CAUSE,C1882
D2642,CAN_CAUSE,C1883
D2642,CAN_CAUSE,C1884
D2642,CAN_CAUSE,C1885
D2643,AFFECTS,O012
D2643,HAS_CAUSE,CA5945
D2643,HAS_CAUSE,CA1156
D2643,HAS_CAUSE,CA1051
D2643,HAS_CAUSE,CA008
D2643,HAS_CAUSE,CA5946
D2643,HAS_CAUSE,CA5947
D2644,AFFECTS,O012
D2644,HAS_CAUSE,CA5948
D2644,HAS_CAUSE,CA1156
D2644,HAS_CAUSE,CA1051
D2644,HAS_CAUSE,CA008
D2644,HAS_CAUSE,CA5946
D2645,HAS_SYMPTOM,S6875
D2645,HAS_SYMPTOM,S663
D2645,HAS_SYMPTOM,S6876
D2645,HAS_SYMPTOM,S2850
D2645,HAS_SYMPTOM,S6877
D2645,HAS_CAUSE,CA5949
D2645,HAS_CAUSE,CA5950
D2645,MANAGED_BY,TR4639
D2645,MANAGED_BY,TR4640
D2645,MANAGED_BY,TR4641
D2645,MANAGED_BY,TR4642
D2645,DIAGNOSED_BY,T005
D2645,DIAGNOSED_BY,T022
D2645,DIAGNOSED_BY,T023
D2645,DIAGNOSED_BY,T057
D2645,CAN_CAUSE,C1886
D2645,CAN_CAUSE,C572
D2645,CAN_CAUSE,C1887
D2645,CAN_CAUSE,C1888
D2645,CAN_CAUSE,C158
D2645,CAN_CAUSE,C182
D2645,MANAGED_BY,TR150
D2646,HAS_SYMPTOM,S6878
D2646,HAS_SYMPTOM,S6879
D2646,HAS_SYMPTOM,S6880
D2646,HAS_SYMPTOM,S6881
D2646,HAS_SYMPTOM,S6882
D2646,HAS_SYMPTOM,S6883
D2646,HAS_SYMPTOM,S6884
D2646,HAS_SYMPTOM,S030
D2646,HAS_CAUSE,CA5951
RF2041,INCREASES_RISK_OF,D2646
RF2042,INCREASES_RISK_OF,D2646
RF2043,INCREASES_RISK_OF,D2646
D2646,MANAGED_BY,TR4643
D2646,DIAGNOSED_BY,T2106
D2646,DIAGNOSED_BY,T3258
D2646,CAN_CAUSE,C1889
D2646,CAN_CAUSE,C1890
D2647,AFFECTS,O017
RF2044,INCREASES_RISK_OF,D2647
RF2045,INCREASES_RISK_OF,D2647
D2647,MANAGED_BY,TR4644
D2648,HAS_SYMPTOM,S6885
D2648,HAS_SYMPTOM,S6886
D2648,HAS_SYMPTOM,S6887
D2648,HAS_SYMPTOM,S096
D2648,HAS_CAUSE,CA5952
D2648,HAS_CAUSE,CA5953
D2648,HAS_CAUSE,CA044
D2648,MANAGED_BY,TR194
D2648,DIAGNOSED_BY,T3259
D2648,DIAGNOSED_BY,T3260
D2648,DIAGNOSED_BY,T3261
D2648,DIAGNOSED_BY,T3262
D2648,MANAGED_BY,TR4645
D2648,MANAGED_BY,TR4646
D2648,MANAGED_BY,TR4647
D2649,AFFECTS,O006
D2649,HAS_SYMPTOM,S6888
D2649,HAS_CAUSE,CA5954
D2649,DIAGNOSED_BY,T3263
D2649,DIAGNOSED_BY,T3264
D2649,DIAGNOSED_BY,T3265
D2649,DIAGNOSED_BY,T3266
D2649,MANAGED_BY,TR4648
D2649,MANAGED_BY,TR4649
D2649,MANAGED_BY,TR4650
D2649,MANAGED_BY,TR697
D2649,MANAGED_BY,TR2075
D2649,MANAGED_BY,TR4651
D2649,MANAGED_BY,TR059
D2649,MANAGED_BY,TR4652
D2649,MANAGED_BY,TR4653
D2650,AFFECTS,O015
D2650,HAS_SYMPTOM,S6889
D2650,HAS_SYMPTOM,S1692
D2650,HAS_SYMPTOM,S6890
D2650,HAS_SYMPTOM,S6891
D2650,HAS_SYMPTOM,S6892
D2650,HAS_SYMPTOM,S6893
D2650,HAS_SYMPTOM,S128
D2650,HAS_SYMPTOM,S133
D2650,HAS_SYMPTOM,S6894
D2650,HAS_SYMPTOM,S2278
D2650,HAS_SYMPTOM,S3434
D2650,HAS_CAUSE,CA5955
D2650,HAS_CAUSE,CA5956
D2650,MANAGED_BY,TR4654
D2650,MANAGED_BY,TR4655
D2650,DIAGNOSED_BY,T3267
D2650,DIAGNOSED_BY,T3268
D2650,DIAGNOSED_BY,T3269
D2650,DIAGNOSED_BY,T3270
D2650,DIAGNOSED_BY,T3271
D2651,AFFECTS,O018
D2651,HAS_SYMPTOM,S473
D2651,HAS_SYMPTOM,S6895
D2651,HAS_CAUSE,CA189
D2651,HAS_CAUSE,CA5957
D2651,HAS_CAUSE,CA410
D2651,DIAGNOSED_BY,T3272
D2652,HAS_CAUSE,CA5958
D2652,HAS_CAUSE,CA5959
D2652,HAS_CAUSE,CA5960
D2652,HAS_CAUSE,CA3640
D2652,HAS_CAUSE,CA5961
D2652,MANAGED_BY,TR4656
D2652,DIAGNOSED_BY,T3273
D2652,CAN_CAUSE,C1718
D2652,MANAGED_BY,TR150
D2653,AFFECTS,O017
D2653,AFFECTS,O002
D2653,HAS_SYMPTOM,S6896
D2653,HAS_CAUSE,CA5962
D2653,HAS_CAUSE,CA5963
RF2046,INCREASES_RISK_OF,D2653
RF2047,INCREASES_RISK_OF,D2653
D2653,MANAGED_BY,TR4657
D2653,MANAGED_BY,TR4658
D2653,MANAGED_BY,TR4659
D2653,MANAGED_BY,TR4660
D2654,AFFECTS,O004
D2654,HAS_CAUSE,CA5964
D2654,HAS_CAUSE,CA5965
D2654,HAS_CAUSE,CA5966
D2655,AFFECTS,O001
D2655,AFFECTS,O004
D2656,HAS_SYMPTOM,S6897
D2656,HAS_SYMPTOM,S095
D2656,HAS_SYMPTOM,S130
D2656,HAS_SYMPTOM,S6898
D2656,MANAGED_BY,TR4661
D2656,MANAGED_BY,TR4662
D2656,MANAGED_BY,TR4663
D2656,DIAGNOSED_BY,T005
D2656,DIAGNOSED_BY,T191
D2656,DIAGNOSED_BY,T3274
D2656,DIAGNOSED_BY,T500
D2656,DIAGNOSED_BY,T177
D2656,DIAGNOSED_BY,T2577
D2656,CAN_CAUSE,C154
D2656,CAN_CAUSE,C181
D2656,CAN_CAUSE,C287
D2657,AFFECTS,O002
D2657,HAS_SYMPTOM,S583
D2657,HAS_SYMPTOM,S6899
D2657,HAS_SYMPTOM,S6900
D2657,HAS_SYMPTOM,S6901
D2657,HAS_CAUSE,CA5967
D2657,MANAGED_BY,TR4664
D2657,MANAGED_BY,TR4665
D2657,DIAGNOSED_BY,T830
D2657,DIAGNOSED_BY,T831
D2657,DIAGNOSED_BY,T832
D2657,DIAGNOSED_BY,T833
D2657,DIAGNOSED_BY,T834
D2657,DIAGNOSED_BY,T028
D2657,DIAGNOSED_BY,T3275
D2657,CAN_CAUSE,C182
D2657,CAN_CAUSE,C1891
D2658,HAS_SYMPTOM,S1512
D2658,HAS_SYMPTOM,S6902
D2658,HAS_SYMPTOM,S6903
D2658,HAS_SYMPTOM,S6904
D2658,HAS_SYMPTOM,S6905
D2658,HAS_SYMPTOM,S6906
D2658,HAS_SYMPTOM,S093
D2658,HAS_SYMPTOM,S6907
D2658,HAS_SYMPTOM,S6908
D2658,HAS_SYMPTOM,S6909
D2658,HAS_SYMPTOM,S6910
D2658,MANAGED_BY,TR4666
D2658,MANAGED_BY,TR4667
D2658,MANAGED_BY,TR4668
D2658,DIAGNOSED_BY,T3276
D2660,AFFECTS,O001
D2660,HAS_SYMPTOM,S6911
D2661,HAS_SYMPTOM,S6912
D2661,HAS_CAUSE,CA5968
D2661,HAS_CAUSE,CA5969
D2661,HAS_CAUSE,CA5970
D2661,HAS_CAUSE,CA5971
D2661,HAS_CAUSE,CA5972
D2661,HAS_CAUSE,CA5973
D2661,HAS_CAUSE,CA5974
D2661,HAS_CAUSE,CA5975
D2661,HAS_CAUSE,CA5976
D2661,DIAGNOSED_BY,T3277
D2661,MANAGED_BY,TR4669
D2661,MANAGED_BY,TR4670
D2661,MANAGED_BY,TR4671
D2662,HAS_SYMPTOM,S6913
D2662,HAS_SYMPTOM,S6914
D2662,HAS_SYMPTOM,S6915
D2662,HAS_SYMPTOM,S6916
D2662,HAS_SYMPTOM,S6917
D2662,HAS_SYMPTOM,S6918
D2662,HAS_SYMPTOM,S6919
D2662,HAS_CAUSE,CA5977
D2662,HAS_CAUSE,CA5978
D2662,HAS_CAUSE,CA5979
D2662,HAS_CAUSE,CA5980
D2662,HAS_CAUSE,CA5981
D2662,MANAGED_BY,TR4672
D2662,MANAGED_BY,TR4673
D2662,MANAGED_BY,TR4674
D2662,MANAGED_BY,TR4675
D2662,MANAGED_BY,TR4676
D2662,MANAGED_BY,TR4677
D2662,MANAGED_BY,TR4678
D2662,MANAGED_BY,TR4679
D2662,MANAGED_BY,TR4680
D2663,HAS_SYMPTOM,S6920
D2663,HAS_SYMPTOM,S6921
D2663,HAS_SYMPTOM,S6922
D2663,HAS_SYMPTOM,S6923
D2663,HAS_SYMPTOM,S6924
D2663,HAS_CAUSE,CA5982
D2663,HAS_CAUSE,CA5983
D2663,HAS_CAUSE,CA5984
RF2048,INCREASES_RISK_OF,D2663
RF2049,INCREASES_RISK_OF,D2663
D2663,MANAGED_BY,TR231
D2663,MANAGED_BY,TR4681
D2664,HAS_SYMPTOM,S6925
D2664,HAS_SYMPTOM,S246
D2664,HAS_SYMPTOM,S046
D2664,HAS_SYMPTOM,S048
D2664,HAS_SYMPTOM,S1542
D2664,HAS_SYMPTOM,S6926
D2664,HAS_SYMPTOM,S6927
D2664,HAS_SYMPTOM,S439
D2665,AFFECTS,O004
D2665,HAS_SYMPTOM,S6928
D2665,HAS_SYMPTOM,S079
D2665,HAS_SYMPTOM,S5839
D2665,HAS_SYMPTOM,S1630
D2665,HAS_SYMPTOM,S5840
D2665,HAS_SYMPTOM,S6929
D2665,HAS_SYMPTOM,S4118
D2665,HAS_SYMPTOM,S098
D2665,HAS_SYMPTOM,S4119
D2665,HAS_SYMPTOM,S6930
D2666,HAS_SYMPTOM,S6931
D2666,HAS_SYMPTOM,S6932
D2666,HAS_SYMPTOM,S6933
D2666,HAS_SYMPTOM,S6934
D2666,HAS_SYMPTOM,S6935
RF2050,INCREASES_RISK_OF,D2666
D2666,MANAGED_BY,TR755
D2666,MANAGED_BY,TR756
D2666,MANAGED_BY,TR757
D2666,MANAGED_BY,TR059
D2666,MANAGED_BY,TR4682
D2666,MANAGED_BY,TR4683
D2667,HAS_SYMPTOM,S6936
D2667,MANAGED_BY,TR4684
D2667,MANAGED_BY,TR4685
D2667,MANAGED_BY,TR4686
D2667,MANAGED_BY,TR755
D2667,MANAGED_BY,TR756
D2667,MANAGED_BY,TR4687
D2668,AFFECTS,O001
D2668,AFFECTS,O002
D2668,HAS_SYMPTOM,S6937
D2668,HAS_SYMPTOM,S6938
D2668,HAS_SYMPTOM,S6939
D2668,HAS_CAUSE,CA391
D2668,HAS_CAUSE,CA5985
D2668,HAS_CAUSE,CA5986
D2668,HAS_CAUSE,CA330
D2668,HAS_CAUSE,CA008
D2668,HAS_CAUSE,CA5987
D2668,HAS_CAUSE,CA5988
D2668,HAS_CAUSE,CA5989
D2668,MANAGED_BY,TR4688
D2668,MANAGED_BY,TR4689
D2668,MANAGED_BY,TR4690
D2668,DIAGNOSED_BY,T1266
D2668,DIAGNOSED_BY,T3278
D2668,DIAGNOSED_BY,T3279
D2669,AFFECTS,O018
D2669,HAS_CAUSE,CA5990
D2669,HAS_CAUSE,CA5991
D2670,AFFECTS,O017
D2670,HAS_SYMPTOM,S6940
D2670,HAS_SYMPTOM,S6941
D2670,HAS_SYMPTOM,S6942
D2670,HAS_CAUSE,CA5992
D2670,MANAGED_BY,TR4691
D2671,AFFECTS,O001
D2671,HAS_SYMPTOM,S6943
D2671,HAS_SYMPTOM,S6944
D2671,HAS_CAUSE,CA5993
D2671,HAS_CAUSE,CA5994
D2671,HAS_CAUSE,CA5995
D2671,HAS_CAUSE,CA5996
RF2051,INCREASES_RISK_OF,D2671
D2671,MANAGED_BY,TR4692
D2671,DIAGNOSED_BY,T3280
D2671,DIAGNOSED_BY,T3281
D2671,CAN_CAUSE,C1892
D2671,CAN_CAUSE,C1893
D2671,MANAGED_BY,TR713
D2671,MANAGED_BY,TR059
D2672,AFFECTS,O011
D2674,HAS_CAUSE,CA5997
D2674,HAS_CAUSE,CA5998
D2674,HAS_CAUSE,CA5999
D2674,HAS_CAUSE,CA645
D2674,HAS_CAUSE,CA6000
D2674,HAS_CAUSE,CA6001
D2674,HAS_CAUSE,CA6002
D2674,MANAGED_BY,TR4693
D2675,AFFECTS,O018
D2675,HAS_SYMPTOM,S6945
D2675,HAS_CAUSE,CA6003
D2675,HAS_CAUSE,CA6004
RF2052,INCREASES_RISK_OF,D2675
RF2053,INCREASES_RISK_OF,D2675
D2675,MANAGED_BY,TR2450
D2675,MANAGED_BY,TR059
D2676,HAS_CAUSE,CA6005
D2676,HAS_CAUSE,CA6006
D2676,HAS_CAUSE,CA001
D2676,HAS_CAUSE,CA2733
D2676,HAS_CAUSE,CA2690
D2676,HAS_CAUSE,CA6007
D2676,HAS_CAUSE,CA2735
D2677,HAS_CAUSE,CA6008
D2677,HAS_CAUSE,CA1004
D2677,HAS_CAUSE,CA6009
D2677,HAS_CAUSE,CA6010
D2677,HAS_CAUSE,CA1392
D2677,HAS_CAUSE,CA6011
D2677,HAS_CAUSE,CA001
D2677,HAS_CAUSE,CA465
D2677,HAS_CAUSE,CA6012
D2677,HAS_CAUSE,CA6013
D2677,HAS_CAUSE,CA4952
D2677,HAS_CAUSE,CA6014
D2678,HAS_SYMPTOM,S6946
D2678,HAS_SYMPTOM,S6947
D2678,HAS_SYMPTOM,S141
D2678,HAS_SYMPTOM,S6948
D2678,HAS_SYMPTOM,S3226
D2678,HAS_CAUSE,CA3824
D2678,HAS_CAUSE,CA1223
D2678,HAS_CAUSE,CA3940
D2678,HAS_CAUSE,CA6015
D2678,HAS_CAUSE,CA433
D2678,HAS_CAUSE,CA2248
D2678,HAS_CAUSE,CA6016
D2678,HAS_CAUSE,CA6017
D2678,HAS_CAUSE,CA6018
D2678,HAS_CAUSE,CA6019
D2678,DIAGNOSED_BY,T3282
D2678,DIAGNOSED_BY,T3283
D2678,DIAGNOSED_BY,T344
D2678,DIAGNOSED_BY,T351
D2678,DIAGNOSED_BY,T3284
D2678,CAN_CAUSE,C1894
D2678,CAN_CAUSE,C1895
D2678,CAN_CAUSE,C1896
D2678,CAN_CAUSE,C1897
D2678,CAN_CAUSE,C1898
D2678,MANAGED_BY,TR4694
D2678,MANAGED_BY,TR4695
D2679,HAS_SYMPTOM,S127
D2679,HAS_SYMPTOM,S128
D2679,HAS_SYMPTOM,S052
D2679,HAS_SYMPTOM,S042
D2679,HAS_SYMPTOM,S324
D2680,HAS_SYMPTOM,S6949
D2680,HAS_SYMPTOM,S6950
D2680,HAS_CAUSE,CA6020
D2680,HAS_CAUSE,CA6021
D2680,HAS_CAUSE,CA751
D2680,DIAGNOSED_BY,T3285
D2680,DIAGNOSED_BY,T132
D2680,DIAGNOSED_BY,T005
D2680,DIAGNOSED_BY,T051
D2680,DIAGNOSED_BY,T3286
D2681,HAS_SYMPTOM,S052
D2681,HAS_SYMPTOM,S130
D2682,HAS_SYMPTOM,S5600
D2682,HAS_SYMPTOM,S201
D2682,HAS_SYMPTOM,S440
D2683,HAS_CAUSE,CA2138
D2683,HAS_CAUSE,CA6022
D2683,HAS_CAUSE,CA6023
D2683,HAS_CAUSE,CA391
D2683,HAS_CAUSE,CA6024
D2683,HAS_CAUSE,CA3301
D2683,HAS_CAUSE,CA2570
D2683,HAS_CAUSE,CA222
D2683,HAS_CAUSE,CA3379
D2683,HAS_CAUSE,CA6025
D2683,HAS_CAUSE,CA6026
D2684,AFFECTS,O005
D2684,HAS_SYMPTOM,S6951
D2684,HAS_SYMPTOM,S084
D2684,HAS_SYMPTOM,S6952
D2684,HAS_SYMPTOM,S6953
D2684,HAS_SYMPTOM,S6954
D2685,HAS_CAUSE,CA6027
D2685,HAS_CAUSE,CA554
D2685,HAS_CAUSE,CA1099
D2685,HAS_CAUSE,CA6028
D2685,HAS_CAUSE,CA6029
D2685,HAS_CAUSE,CA008
D2685,HAS_CAUSE,CA1322
D2685,HAS_CAUSE,CA6030
D2686,AFFECTS,O012
D2686,HAS_CAUSE,CA6031
RF2054,INCREASES_RISK_OF,D2686
D2686,MANAGED_BY,TR4696
D2686,MANAGED_BY,TR4697
D2686,CAN_CAUSE,C1899
D2687,AFFECTS,O005
D2687,HAS_SYMPTOM,S6955
D2687,HAS_CAUSE,CA6032
D2687,MANAGED_BY,TR4698
D2688,HAS_SYMPTOM,S6956
D2688,HAS_SYMPTOM,S6957
D2688,HAS_SYMPTOM,S6958
D2688,HAS_SYMPTOM,S6959
D2688,HAS_CAUSE,CA6033
D2688,HAS_CAUSE,CA6034
D2688,HAS_CAUSE,CA6035
D2688,HAS_CAUSE,CA6036
D2688,HAS_CAUSE,CA6037
D2688,DIAGNOSED_BY,T3287
D2688,DIAGNOSED_BY,T3288
D2688,DIAGNOSED_BY,T005
D2688,DIAGNOSED_BY,T3289
D2688,CAN_CAUSE,C1900
D2688,MANAGED_BY,TR4699
D2688,MANAGED_BY,TR4700
D2689,HAS_SYMPTOM,S6960
D2689,HAS_SYMPTOM,S6961
D2689,HAS_CAUSE,CA6038
D2689,HAS_CAUSE,CA6039
D2689,HAS_CAUSE,CA6040
RF2055,INCREASES_RISK_OF,D2689
RF2056,INCREASES_RISK_OF,D2689
D2689,MANAGED_BY,TR4701
D2690,AFFECTS,O014
D2690,HAS_CAUSE,CA6041
D2690,HAS_CAUSE,CA6042
D2691,HAS_SYMPTOM,S6962
D2691,HAS_SYMPTOM,S6963
D2691,HAS_SYMPTOM,S6964
D2691,HAS_SYMPTOM,S5181
D2691,HAS_SYMPTOM,S6965
D2691,HAS_SYMPTOM,S229
D2691,HAS_CAUSE,CA6043
D2691,HAS_CAUSE,CA6044
D2691,HAS_CAUSE,CA6045
D2691,HAS_CAUSE,CA6046
D2691,HAS_CAUSE,CA6047
D2691,HAS_CAUSE,CA6048
D2691,HAS_CAUSE,CA6049
D2691,MANAGED_BY,TR4702
D2691,MANAGED_BY,TR4703
D2691,DIAGNOSED_BY,T3290
D2691,DIAGNOSED_BY,T3291
D2691,DIAGNOSED_BY,T3292
D2691,DIAGNOSED_BY,T3293
D2691,DIAGNOSED_BY,T3294
D2691,DIAGNOSED_BY,T3295
D2691,DIAGNOSED_BY,T3296
D2691,CAN_CAUSE,C1901
D2691,MANAGED_BY,TR4704
D2691,MANAGED_BY,TR4705
D2691,MANAGED_BY,TR4706
D2692,HAS_SYMPTOM,S284
D2692,HAS_SYMPTOM,S663
D2692,HAS_SYMPTOM,S6966
D2692,HAS_CAUSE,CA6050
D2692,HAS_CAUSE,CA6051
D2692,HAS_CAUSE,CA6052
D2692,HAS_CAUSE,CA6053
D2692,HAS_CAUSE,CA6054
D2692,HAS_CAUSE,CA6055
D2692,HAS_CAUSE,CA6056
D2692,HAS_CAUSE,CA6057
D2692,DIAGNOSED_BY,T3297
D2692,DIAGNOSED_BY,T3298
D2692,DIAGNOSED_BY,T3299
D2692,DIAGNOSED_BY,T3300
D2692,DIAGNOSED_BY,T3301
D2692,DIAGNOSED_BY,T3302
D2692,CAN_CAUSE,C1239
D2692,CAN_CAUSE,C013
D2694,HAS_SYMPTOM,S6967
D2694,HAS_SYMPTOM,S6968
D2694,HAS_SYMPTOM,S6969
D2694,HAS_SYMPTOM,S041
D2694,HAS_SYMPTOM,S6970
D2694,HAS_SYMPTOM,S3763
D2694,HAS_SYMPTOM,S893
D2694,HAS_SYMPTOM,S3226
D2694,HAS_SYMPTOM,S1692
D2694,HAS_CAUSE,CA6058
D2694,HAS_CAUSE,CA6059
D2694,HAS_CAUSE,CA6060
RF2057,INCREASES_RISK_OF,D2694
D2694,MANAGED_BY,TR1358
D2694,MANAGED_BY,TR559
D2694,MANAGED_BY,TR4707
D2694,MANAGED_BY,TR4708
D2694,MANAGED_BY,TR1011
D2694,MANAGED_BY,TR4709
D2694,DIAGNOSED_BY,T3303
D2694,DIAGNOSED_BY,T3304
D2694,DIAGNOSED_BY,T3305
D2694,DIAGNOSED_BY,T3306
D2694,DIAGNOSED_BY,T3307
D2694,CAN_CAUSE,C1902
D2694,CAN_CAUSE,C1903
D2695,AFFECTS,O006
D2695,HAS_SYMPTOM,S6971
D2695,HAS_SYMPTOM,S041
D2695,HAS_SYMPTOM,S663
D2695,HAS_SYMPTOM,S6972
D2695,HAS_SYMPTOM,S201
D2695,HAS_SYMPTOM,S6973
D2695,HAS_SYMPTOM,S095
D2695,HAS_SYMPTOM,S6974
D2695,HAS_SYMPTOM,S6975
D2695,HAS_CAUSE,CA6061
D2695,DIAGNOSED_BY,T3308
D2695,DIAGNOSED_BY,T3309
D2695,DIAGNOSED_BY,T005
D2695,DIAGNOSED_BY,T191
D2695,DIAGNOSED_BY,T3310
D2695,DIAGNOSED_BY,T3311
D2695,CAN_CAUSE,C934
D2695,CAN_CAUSE,C1904
D2695,CAN_CAUSE,C1905
D2695,CAN_CAUSE,C016
D2696,HAS_SYMPTOM,S663
D2696,HAS_SYMPTOM,S6976
D2696,HAS_SYMPTOM,S6977
D2696,HAS_SYMPTOM,S6978
D2696,HAS_SYMPTOM,S6979
D2696,HAS_SYMPTOM,S6980
D2696,HAS_SYMPTOM,S6981
D2696,HAS_SYMPTOM,S6982
D2696,HAS_SYMPTOM,S6983
D2696,HAS_SYMPTOM,S6984
D2696,HAS_SYMPTOM,S6985
D2696,HAS_CAUSE,CA1392
D2696,DIAGNOSED_BY,T3312
D2696,DIAGNOSED_BY,T005
D2696,DIAGNOSED_BY,T3313
D2696,DIAGNOSED_BY,T3314
D2696,CAN_CAUSE,C287
D2696,CAN_CAUSE,C1906
D2697,AFFECTS,O014
D2697,HAS_SYMPTOM,S6986
D2697,HAS_SYMPTOM,S6987
D2697,HAS_SYMPTOM,S6988
D2697,HAS_SYMPTOM,S6989
D2697,HAS_SYMPTOM,S6990
D2697,HAS_CAUSE,CA2846
D2697,HAS_CAUSE,CA315
D2697,HAS_CAUSE,CA6062
D2697,HAS_CAUSE,CA210
D2697,HAS_CAUSE,CA6063
D2697,HAS_CAUSE,CA943
D2697,HAS_CAUSE,CA2877
D2697,HAS_CAUSE,CA1967
D2697,HAS_CAUSE,CA6064
D2697,HAS_CAUSE,CA6065
D2697,HAS_CAUSE,CA184
D2697,HAS_CAUSE,CA185
D2697,MANAGED_BY,TR4710
D2697,MANAGED_BY,TR4711
D2697,MANAGED_BY,TR4712
D2697,MANAGED_BY,TR4713
D2697,MANAGED_BY,TR4714
D2697,DIAGNOSED_BY,T3315
D2697,DIAGNOSED_BY,T3316
D2697,DIAGNOSED_BY,T125
D2697,DIAGNOSED_BY,T3317
D2697,DIAGNOSED_BY,T3318
D2697,DIAGNOSED_BY,T3319
D2697,DIAGNOSED_BY,T3320
D2697,DIAGNOSED_BY,T3321
D2697,DIAGNOSED_BY,T947
D2697,DIAGNOSED_BY,T3322
D2697,DIAGNOSED_BY,T166
D2697,DIAGNOSED_BY,T3323
D2697,CAN_CAUSE,C1907
D2697,CAN_CAUSE,C1908
D2697,CAN_CAUSE,C1909
D2697,CAN_CAUSE,C1910
D2697,CAN_CAUSE,C1911
D2698,HAS_SYMPTOM,S5049
D2698,HAS_SYMPTOM,S6991
D2698,HAS_SYMPTOM,S6992
D2698,HAS_SYMPTOM,S6993
D2698,HAS_SYMPTOM,S052
D2698,HAS_SYMPTOM,S6994
D2698,HAS_SYMPTOM,S096
D2698,HAS_SYMPTOM,S6995
D2698,HAS_SYMPTOM,S6996
D2698,HAS_CAUSE,CA6066
D2698,HAS_CAUSE,CA6067
D2699,HAS_SYMPTOM,S6997
D2699,HAS_SYMPTOM,S6998
D2699,HAS_SYMPTOM,S970
D2699,HAS_SYMPTOM,S3226
D2699,HAS_SYMPTOM,S6999
D2699,HAS_SYMPTOM,S1950
D2699,MANAGED_BY,TR4715
D2699,MANAGED_BY,TR4716
D2699,DIAGNOSED_BY,T3324
D2699,DIAGNOSED_BY,T3325
D2699,DIAGNOSED_BY,T3311
D2699,DIAGNOSED_BY,T3326
D2699,DIAGNOSED_BY,T3327
D2699,DIAGNOSED_BY,T3328
D2699,CAN_CAUSE,C1912
D2699,MANAGED_BY,TR4717
D2700,AFFECTS,O001
D2700,HAS_SYMPTOM,S7000
D2700,HAS_SYMPTOM,S7001
D2700,HAS_SYMPTOM,S7002
D2700,HAS_CAUSE,CA6068
D2700,HAS_CAUSE,CA6069
D2700,HAS_CAUSE,CA6070
D2700,HAS_CAUSE,CA6071
D2700,HAS_CAUSE,CA6072
D2701,AFFECTS,O005
D2701,HAS_SYMPTOM,S7003
D2701,HAS_SYMPTOM,S7004
D2701,HAS_CAUSE,CA6073
D2701,HAS_CAUSE,CA6074
D2701,HAS_CAUSE,CA6075
D2701,MANAGED_BY,TR4718
D2701,MANAGED_BY,TR4719
D2701,MANAGED_BY,TR4720
D2702,AFFECTS,O001
D2702,HAS_SYMPTOM,S7005
D2702,HAS_SYMPTOM,S7006
D2702,HAS_SYMPTOM,S7007
D2702,HAS_CAUSE,CA6076
RF2058,INCREASES_RISK_OF,D2702
RF2059,INCREASES_RISK_OF,D2702
D2705,HAS_SYMPTOM,S7008
D2705,HAS_SYMPTOM,S6395
D2705,HAS_SYMPTOM,S7009
D2705,HAS_SYMPTOM,S770
D2705,HAS_SYMPTOM,S048
D2705,HAS_SYMPTOM,S3058
D2705,HAS_SYMPTOM,S045
D2705,HAS_SYMPTOM,S7010
D2705,HAS_SYMPTOM,S079
D2705,HAS_SYMPTOM,S6813
D2705,HAS_SYMPTOM,S6808
D2705,HAS_SYMPTOM,S7011
D2706,HAS_SYMPTOM,S7012
D2706,HAS_CAUSE,CA6077
D2706,HAS_CAUSE,CA6078
D2706,MANAGED_BY,TR4721
D2706,MANAGED_BY,TR4722
D2706,DIAGNOSED_BY,T3329
D2706,DIAGNOSED_BY,T3330
D2706,DIAGNOSED_BY,T3331
D2706,DIAGNOSED_BY,T3332
D2706,CAN_CAUSE,C958
D2706,CAN_CAUSE,C1913
D2706,CAN_CAUSE,C1914
D2706,MANAGED_BY,TR4723
D2707,HAS_SYMPTOM,S052
D2707,HAS_SYMPTOM,S7013
D2707,HAS_SYMPTOM,S1201
D2707,HAS_SYMPTOM,S093
D2707,HAS_SYMPTOM,S056
D2707,HAS_CAUSE,CA6079
D2707,HAS_CAUSE,CA6080
D2707,HAS_CAUSE,CA131
D2707,HAS_CAUSE,CA210
D2707,HAS_CAUSE,CA6081
D2707,HAS_CAUSE,CA6082
D2707,MANAGED_BY,TR4724
D2707,DIAGNOSED_BY,T3333
D2707,CAN_CAUSE,C1915
D2707,CAN_CAUSE,C1916
D2707,MANAGED_BY,TR4725
D2708,HAS_SYMPTOM,S439
D2708,HAS_SYMPTOM,S518
D2708,HAS_SYMPTOM,S4885
D2708,HAS_SYMPTOM,S4441
D2708,HAS_SYMPTOM,S4548
D2708,HAS_SYMPTOM,S7014
D2708,HAS_SYMPTOM,S7015
D2708,HAS_SYMPTOM,S046
D2708,HAS_SYMPTOM,S3399
D2708,HAS_SYMPTOM,S7016
D2708,HAS_SYMPTOM,S7017
D2708,HAS_SYMPTOM,S3401
D2709,HAS_SYMPTOM,S367
D2709,HAS_SYMPTOM,S7018
D2709,HAS_SYMPTOM,S890
D2709,HAS_SYMPTOM,S7019
D2709,HAS_SYMPTOM,S7020
D2710,HAS_SYMPTOM,S7021
D2710,HAS_SYMPTOM,S7022
D2710,HAS_SYMPTOM,S7023
D2710,HAS_CAUSE,CA6083
D2710,MANAGED_BY,TR4726
D2710,MANAGED_BY,TR4727
D2710,MANAGED_BY,TR4728
D2710,DIAGNOSED_BY,T3334
D2710,DIAGNOSED_BY,T3335
D2710,CAN_CAUSE,C1917
D2711,HAS_CAUSE,CA6084
D2711,HAS_CAUSE,CA6085
D2711,HAS_CAUSE,CA6086
D2711,HAS_CAUSE,CA6087
D2711,HAS_CAUSE,CA6088
D2711,HAS_CAUSE,CA5436
D2711,HAS_CAUSE,CA386
D2711,HAS_CAUSE,CA6089
D2711,HAS_CAUSE,CA6090
D2711,HAS_CAUSE,CA6091
D2711,HAS_CAUSE,CA6092
D2711,HAS_CAUSE,CA6093
D2712,HAS_SYMPTOM,S2202
D2712,HAS_SYMPTOM,S7024
D2712,HAS_SYMPTOM,S7025
D2712,HAS_SYMPTOM,S7026
D2712,HAS_SYMPTOM,S7027
D2712,HAS_SYMPTOM,S604
D2712,HAS_SYMPTOM,S7028
D2712,HAS_SYMPTOM,S583
D2712,HAS_CAUSE,CA378
D2712,HAS_CAUSE,CA6094
D2712,HAS_CAUSE,CA6095
D2712,HAS_CAUSE,CA6096
D2712,HAS_CAUSE,CA1214
D2712,HAS_CAUSE,CA6097
D2712,HAS_CAUSE,CA6098
D2712,HAS_CAUSE,CA6099
RF2060,INCREASES_RISK_OF,D2712
RF2061,INCREASES_RISK_OF,D2712
RF942,INCREASES_RISK_OF,D2712
RF264,INCREASES_RISK_OF,D2712
RF2062,INCREASES_RISK_OF,D2712
RF545,INCREASES_RISK_OF,D2712
RF2063,INCREASES_RISK_OF,D2712
RF850,INCREASES_RISK_OF,D2712
RF2064,INCREASES_RISK_OF,D2712
RF2065,INCREASES_RISK_OF,D2712
RF2066,INCREASES_RISK_OF,D2712
RF2067,INCREASES_RISK_OF,D2712
D2712,MANAGED_BY,TR4729
D2712,MANAGED_BY,TR4730
D2712,DIAGNOSED_BY,T3336
D2712,CAN_CAUSE,C1918
D2712,CAN_CAUSE,C1919
D2712,MANAGED_BY,TR4731
D2714,HAS_SYMPTOM,S7029
D2714,HAS_CAUSE,CA6100
D2714,HAS_CAUSE,CA6101
D2714,HAS_CAUSE,CA6102
RF2068,INCREASES_RISK_OF,D2714
RF2069,INCREASES_RISK_OF,D2714
D2714,MANAGED_BY,TR4732
D2716,AFFECTS,O019
D2716,HAS_SYMPTOM,S7030
D2716,HAS_SYMPTOM,S7031
D2716,HAS_SYMPTOM,S7032
D2716,HAS_SYMPTOM,S7033
D2716,HAS_SYMPTOM,S7034
D2716,HAS_CAUSE,CA6103
D2716,HAS_CAUSE,CA2510
D2716,HAS_CAUSE,CA5550
RF200,INCREASES_RISK_OF,D2716
D2717,AFFECTS,O019
D2718,HAS_CAUSE,CA509
D2718,HAS_CAUSE,CA6104
D2718,HAS_CAUSE,CA008
D2718,HAS_CAUSE,CA6105
D2718,HAS_CAUSE,CA6106
D2718,HAS_CAUSE,CA6107
D2718,HAS_CAUSE,CA6108
D2718,HAS_CAUSE,CA6109
D2719,AFFECTS,O005
D2720,AFFECTS,O006
D2720,AFFECTS,O005
D2720,HAS_SYMPTOM,S7035
D2720,HAS_SYMPTOM,S7036
D2720,HAS_SYMPTOM,S7037
D2720,HAS_CAUSE,CA6110
D2720,HAS_CAUSE,CA6111
D2720,HAS_CAUSE,CA6112
D2720,HAS_CAUSE,CA6113
D2720,HAS_CAUSE,CA6114
RF2070,INCREASES_RISK_OF,D2720
RF2071,INCREASES_RISK_OF,D2720
D2721,HAS_SYMPTOM,S7038
D2721,HAS_SYMPTOM,S7039
D2721,HAS_SYMPTOM,S7040
RF1276,INCREASES_RISK_OF,D2721
RF2022,INCREASES_RISK_OF,D2721
RF2072,INCREASES_RISK_OF,D2721
RF2073,INCREASES_RISK_OF,D2721
RF2074,INCREASES_RISK_OF,D2721
RF2075,INCREASES_RISK_OF,D2721
D2721,MANAGED_BY,TR4733
D2722,HAS_SYMPTOM,S7041
D2722,HAS_SYMPTOM,S7042
D2722,HAS_SYMPTOM,S7043
D2722,HAS_SYMPTOM,S7044
RF2076,INCREASES_RISK_OF,D2722
RF2077,INCREASES_RISK_OF,D2722
RF2078,INCREASES_RISK_OF,D2722
D2722,DIAGNOSED_BY,T021
D2722,DIAGNOSED_BY,T057
D2722,DIAGNOSED_BY,T663
D2722,CAN_CAUSE,C1920
D2722,CAN_CAUSE,C1921
D2722,MANAGED_BY,TR4734
D2722,MANAGED_BY,TR4735
D2722,MANAGED_BY,TR4736
D2722,MANAGED_BY,TR4737
D2722,MANAGED_BY,TR4738
D2722,MANAGED_BY,TR4739
D2722,MANAGED_BY,TR4740
D2722,MANAGED_BY,TR4741
D2722,MANAGED_BY,TR4742
D2723,HAS_SYMPTOM,S292
D2723,HAS_SYMPTOM,S7045
D2723,HAS_CAUSE,CA6115
D2723,MANAGED_BY,TR4734
D2723,MANAGED_BY,TR4735
D2723,MANAGED_BY,TR4736
D2723,MANAGED_BY,TR4737
D2723,MANAGED_BY,TR4739
D2723,MANAGED_BY,TR4743
D2723,MANAGED_BY,TR4744
D2725,HAS_CAUSE,CA6116
D2725,HAS_CAUSE,CA6117
D2725,HAS_CAUSE,CA378
D2725,HAS_CAUSE,CA044
D2725,HAS_CAUSE,CA6118
D2726,HAS_CAUSE,CA6119
D2726,HAS_CAUSE,CA4033
D2726,HAS_CAUSE,CA4034
D2726,HAS_CAUSE,CA6120
RF2079,INCREASES_RISK_OF,D2726
RF2080,INCREASES_RISK_OF,D2726
RF2081,INCREASES_RISK_OF,D2726
D2726,MANAGED_BY,TR4689
D2726,MANAGED_BY,TR4745
D2726,MANAGED_BY,TR4746
D2726,MANAGED_BY,TR4747
D2726,DIAGNOSED_BY,T3337
D2726,DIAGNOSED_BY,T3338
D2728,HAS_SYMPTOM,S7046
D2728,HAS_SYMPTOM,S7047
D2728,HAS_SYMPTOM,S7048
D2728,HAS_SYMPTOM,S7049
D2728,HAS_SYMPTOM,S7050
D2728,HAS_CAUSE,CA222
D2728,HAS_CAUSE,CA292
D2728,HAS_CAUSE,CA6121
D2728,HAS_CAUSE,CA2510
D2728,MANAGED_BY,TR4748
D2728,MANAGED_BY,TR4749
D2728,CAN_CAUSE,C1922
D2728,CAN_CAUSE,C1923
D2728,MANAGED_BY,TR4750
D2728,MANAGED_BY,TR4751
D2729,HAS_SYMPTOM,S7051
D2729,HAS_CAUSE,CA6122
D2729,HAS_CAUSE,CA390
D2729,HAS_CAUSE,CA6123
D2729,HAS_CAUSE,CA6124
D2729,HAS_CAUSE,CA6125
D2729,HAS_CAUSE,CA6126
D2729,HAS_CAUSE,CA6127
D2729,MANAGED_BY,TR4752
D2729,MANAGED_BY,TR4753
D2729,MANAGED_BY,TR4754
D2729,MANAGED_BY,TR4755
D2729,MANAGED_BY,TR4756
D2729,MANAGED_BY,TR4757
D2729,MANAGED_BY,TR4758
D2729,MANAGED_BY,TR4759
D2729,DIAGNOSED_BY,T3339
D2729,DIAGNOSED_BY,T3340
D2729,DIAGNOSED_BY,T3341
D2729,MANAGED_BY,TR4760
D2729,MANAGED_BY,TR4761
D2729,MANAGED_BY,TR4762
D2729,MANAGED_BY,TR4763
D2730,AFFECTS,O020
D2730,HAS_CAUSE,CA6128
D2730,HAS_CAUSE,CA3918
D2730,HAS_CAUSE,CA5511
D2730,HAS_CAUSE,CA6129
D2731,AFFECTS,O020
D2731,HAS_CAUSE,CA6130
D2732,AFFECTS,O020
D2732,HAS_SYMPTOM,S7052
D2732,HAS_SYMPTOM,S7053
D2732,HAS_SYMPTOM,S4526
D2732,HAS_SYMPTOM,S7054
D2732,HAS_CAUSE,CA6131
D2732,HAS_CAUSE,CA6132
D2732,HAS_CAUSE,CA6133
D2732,HAS_CAUSE,CA1031
D2732,HAS_CAUSE,CA6134
D2732,HAS_CAUSE,CA6135
D2732,HAS_CAUSE,CA4222
D2732,HAS_CAUSE,CA6136
D2732,HAS_CAUSE,CA6137
D2732,HAS_CAUSE,CA001
D2732,HAS_CAUSE,CA465
D2732,HAS_CAUSE,CA943
RF2082,INCREASES_RISK_OF,D2732
D2732,MANAGED_BY,TR4764
D2732,MANAGED_BY,TR4765
D2732,MANAGED_BY,TR2981
D2732,MANAGED_BY,TR2982
D2732,DIAGNOSED_BY,T005
D2732,DIAGNOSED_BY,T3342
D2732,DIAGNOSED_BY,T3343
D2732,DIAGNOSED_BY,T3344
D2732,DIAGNOSED_BY,T051
D2732,DIAGNOSED_BY,T3345
D2732,DIAGNOSED_BY,T3346
D2732,DIAGNOSED_BY,T3347
D2732,CAN_CAUSE,C1924
D2732,CAN_CAUSE,C050
D2732,CAN_CAUSE,C1925
D2732,CAN_CAUSE,C048
D2732,CAN_CAUSE,C1926
D2732,CAN_CAUSE,C1196
D2732,CAN_CAUSE,C031
D2732,CAN_CAUSE,C1927
D2733,AFFECTS,O020
D2733,HAS_SYMPTOM,S7055
D2733,HAS_SYMPTOM,S7056
D2733,HAS_SYMPTOM,S127
D2733,HAS_SYMPTOM,S201
D2733,HAS_SYMPTOM,S7057
D2733,HAS_SYMPTOM,S968
D2733,HAS_SYMPTOM,S041
D2733,HAS_SYMPTOM,S7058
D2733,HAS_CAUSE,CA6138
D2733,HAS_CAUSE,CA6139
D2733,HAS_CAUSE,CA6140
D2733,MANAGED_BY,TR4766
D2733,MANAGED_BY,TR4767
D2733,MANAGED_BY,TR4768
D2734,AFFECTS,O020
D2735,HAS_SYMPTOM,S7059
D2735,HAS_SYMPTOM,S7060
D2735,HAS_SYMPTOM,S7061
D2735,HAS_SYMPTOM,S7062
D2735,HAS_SYMPTOM,S048
D2735,HAS_SYMPTOM,S187
D2735,HAS_SYMPTOM,S041
D2735,HAS_SYMPTOM,S087
D2735,HAS_CAUSE,CA6141
D2735,HAS_CAUSE,CA6142
RF2083,INCREASES_RISK_OF,D2735
RF2084,INCREASES_RISK_OF,D2735
RF2085,INCREASES_RISK_OF,D2735
RF2086,INCREASES_RISK_OF,D2735
D2735,MANAGED_BY,TR1844
D2735,MANAGED_BY,TR2649
D2735,DIAGNOSED_BY,T3348
D2735,DIAGNOSED_BY,T3349
D2735,CAN_CAUSE,C1928
D2735,CAN_CAUSE,C134
D2735,CAN_CAUSE,C117
D2735,CAN_CAUSE,C1929
D2735,CAN_CAUSE,C1084
D2735,CAN_CAUSE,C1930
D2735,MANAGED_BY,TR059
D2735,MANAGED_BY,TR4769
D2735,MANAGED_BY,TR4770
D2735,MANAGED_BY,TR4771
D2735,MANAGED_BY,TR4772
D2735,MANAGED_BY,TR4773
D2735,MANAGED_BY,TR4774
D2735,MANAGED_BY,TR4775
D2735,MANAGED_BY,TR4776
D2735,MANAGED_BY,TR4777
D2736,HAS_SYMPTOM,S7063
D2736,HAS_SYMPTOM,S141
D2736,HAS_SYMPTOM,S096
D2736,HAS_SYMPTOM,S326
D2736,HAS_SYMPTOM,S042
D2736,HAS_SYMPTOM,S7064
D2736,HAS_SYMPTOM,S095
D2736,HAS_SYMPTOM,S1286
D2737,HAS_SYMPTOM,S7065
D2737,HAS_SYMPTOM,S7066
D2737,HAS_SYMPTOM,S7067
D2737,HAS_CAUSE,CA2057
RF2087,INCREASES_RISK_OF,D2737
RF1612,INCREASES_RISK_OF,D2737
RF2088,INCREASES_RISK_OF,D2737
D2737,MANAGED_BY,TR4778
D2737,DIAGNOSED_BY,T005
D2737,DIAGNOSED_BY,T051
D2737,DIAGNOSED_BY,T3350
D2737,DIAGNOSED_BY,T3351
D2737,CAN_CAUSE,C1531
D2737,CAN_CAUSE,C1931
D2737,CAN_CAUSE,C1932
D2738,HAS_SYMPTOM,S133
RF087,INCREASES_RISK_OF,D2738
RF2089,INCREASES_RISK_OF,D2738
RF2090,INCREASES_RISK_OF,D2738
RF2091,INCREASES_RISK_OF,D2738
RF380,INCREASES_RISK_OF,D2738
RF522,INCREASES_RISK_OF,D2738
D2738,MANAGED_BY,TR4779
D2738,MANAGED_BY,TR4780
D2738,CAN_CAUSE,C206
D2738,MANAGED_BY,TR1321
D2738,MANAGED_BY,TR4781
D2739,HAS_SYMPTOM,S132
D2739,HAS_SYMPTOM,S6947
D2739,HAS_SYMPTOM,S7068
D2739,HAS_SYMPTOM,S041
D2739,HAS_SYMPTOM,S7069
D2739,HAS_SYMPTOM,S7070
D2739,HAS_SYMPTOM,S048
D2739,HAS_SYMPTOM,S7071
D2739,HAS_SYMPTOM,S3796
D2739,HAS_SYMPTOM,S440
D2739,HAS_SYMPTOM,S7072
D2739,HAS_SYMPTOM,S328
D2740,AFFECTS,O004
D2740,HAS_SYMPTOM,S7073
D2740,HAS_SYMPTOM,S495
D2740,HAS_SYMPTOM,S487
D2740,HAS_SYMPTOM,S416
D2740,HAS_SYMPTOM,S7074
D2740,HAS_SYMPTOM,S7075
D2740,HAS_SYMPTOM,S5195
D2740,HAS_SYMPTOM,S1528
D2740,HAS_SYMPTOM,S497
D2740,HAS_SYMPTOM,S7076
D2740,HAS_SYMPTOM,S7077
D2740,HAS_SYMPTOM,S7078
D2741,HAS_CAUSE,CA6143
D2741,HAS_CAUSE,CA6144
D2741,HAS_CAUSE,CA6145
D2742,HAS_CAUSE,CA6146
D2742,HAS_CAUSE,CA6147
D2742,HAS_CAUSE,CA6148
D2742,HAS_CAUSE,CA6149
D2742,HAS_CAUSE,CA6150
D2742,HAS_CAUSE,CA6151
D2743,HAS_SYMPTOM,S7079
D2743,HAS_SYMPTOM,S928
D2743,HAS_CAUSE,CA6152
D2743,HAS_CAUSE,CA6153
D2743,HAS_CAUSE,CA6154
D2743,MANAGED_BY,TR4782
D2743,MANAGED_BY,TR4783
D2743,DIAGNOSED_BY,T416
D2743,DIAGNOSED_BY,T3352
D2743,DIAGNOSED_BY,T057
D2743,CAN_CAUSE,C1933
D2743,CAN_CAUSE,C1934
D2743,MANAGED_BY,TR4784
D2743,MANAGED_BY,TR4785
D2743,MANAGED_BY,TR4786
D2744,AFFECTS,O012
D2744,HAS_SYMPTOM,S7080
D2744,HAS_SYMPTOM,S416
D2744,HAS_SYMPTOM,S2815
D2744,HAS_SYMPTOM,S7081
D2744,HAS_SYMPTOM,S331
D2744,HAS_SYMPTOM,S474
RF2092,INCREASES_RISK_OF,D2744
RF2093,INCREASES_RISK_OF,D2744
RF2094,INCREASES_RISK_OF,D2744
RF678,INCREASES_RISK_OF,D2744
D2745,AFFECTS,O012
D2745,HAS_SYMPTOM,S5457
D2745,HAS_SYMPTOM,S246
D2745,HAS_SYMPTOM,S416
D2745,HAS_SYMPTOM,S5460
D2745,HAS_SYMPTOM,S7082
D2745,HAS_SYMPTOM,S7083
D2745,HAS_SYMPTOM,S7084
D2745,HAS_CAUSE,CA6155
D2745,DIAGNOSED_BY,T3353
D2745,DIAGNOSED_BY,T2565
D2745,DIAGNOSED_BY,T2566
D2745,DIAGNOSED_BY,T2567
D2745,DIAGNOSED_BY,T659
D2745,CAN_CAUSE,C1935
D2745,CAN_CAUSE,C1936
D2745,CAN_CAUSE,C1937
D2745,CAN_CAUSE,C1938
D2745,CAN_CAUSE,C1939
D2745,MANAGED_BY,TR4787
D2745,MANAGED_BY,TR4788
D2746,AFFECTS,O001
D2746,HAS_SYMPTOM,S292
D2746,HAS_SYMPTOM,S1393
D2746,HAS_CAUSE,CA1895
D2746,HAS_CAUSE,CA6156
D2746,HAS_CAUSE,CA6157
D2746,HAS_CAUSE,CA6158
D2746,HAS_CAUSE,CA1897
D2746,HAS_CAUSE,CA187
D2746,HAS_CAUSE,CA1898
D2746,HAS_CAUSE,CA285
D2746,HAS_CAUSE,CA6159
D2746,HAS_CAUSE,CA6160
RF2095,INCREASES_RISK_OF,D2746
RF2096,INCREASES_RISK_OF,D2746
RF2097,INCREASES_RISK_OF,D2746
RF2098,INCREASES_RISK_OF,D2746
RF2099,INCREASES_RISK_OF,D2746
RF928,INCREASES_RISK_OF,D2746
RF2100,INCREASES_RISK_OF,D2746
RF236,INCREASES_RISK_OF,D2746
D2746,MANAGED_BY,TR4789
D2746,MANAGED_BY,TR4790
D2746,DIAGNOSED_BY,T021
D2746,DIAGNOSED_BY,T2620
D2746,DIAGNOSED_BY,T3354
D2746,DIAGNOSED_BY,T049
D2746,CAN_CAUSE,C1940
D2746,CAN_CAUSE,C1941
D2746,MANAGED_BY,TR4791
D2746,MANAGED_BY,TR4792
D2747,AFFECTS,O002
D2747,HAS_SYMPTOM,S261
D2747,HAS_SYMPTOM,S229
D2747,HAS_SYMPTOM,S440
D2747,HAS_SYMPTOM,S7085
D2747,HAS_CAUSE,CA6161
D2747,HAS_CAUSE,CA6162
D2747,MANAGED_BY,TR4793
D2747,MANAGED_BY,TR4794
D2747,CAN_CAUSE,C1942
D2747,MANAGED_BY,TR4795
D2748,AFFECTS,O002
D2748,HAS_SYMPTOM,S7086
D2748,HAS_SYMPTOM,S7087
D2748,HAS_SYMPTOM,S7088
D2748,HAS_SYMPTOM,S7089
D2748,HAS_SYMPTOM,S7090
D2748,HAS_CAUSE,CA6163
D2748,HAS_CAUSE,CA6164
D2749,AFFECTS,O002
D2749,HAS_SYMPTOM,S101
D2749,HAS_CAUSE,CA6165
D2749,HAS_CAUSE,CA6166
D2749,HAS_CAUSE,CA6167
D2749,HAS_CAUSE,CA6168
D2750,AFFECTS,O002
D2751,AFFECTS,O002
D2751,HAS_SYMPTOM,S7091
D2751,HAS_SYMPTOM,S245
D2751,HAS_SYMPTOM,S7092
D2751,HAS_SYMPTOM,S041
D2751,HAS_SYMPTOM,S663
D2751,HAS_SYMPTOM,S7093
D2751,HAS_CAUSE,CA6169
D2751,HAS_CAUSE,CA1031
D2751,HAS_CAUSE,CA6170
D2751,HAS_CAUSE,CA6171
D2751,MANAGED_BY,TR2629
D2751,MANAGED_BY,TR4796
D2751,MANAGED_BY,TR4797
D2751,MANAGED_BY,TR4798
D2751,DIAGNOSED_BY,T3355
D2751,DIAGNOSED_BY,T3356
D2751,DIAGNOSED_BY,T2921
D2751,DIAGNOSED_BY,T3357
D2751,DIAGNOSED_BY,T040
D2751,DIAGNOSED_BY,T3358
D2751,DIAGNOSED_BY,T125
D2751,DIAGNOSED_BY,T3359
D2751,DIAGNOSED_BY,T1754
D2751,CAN_CAUSE,C011
D2751,CAN_CAUSE,C1943
D2751,MANAGED_BY,TR4799
D2752,AFFECTS,O019
D2752,HAS_SYMPTOM,S7094
D2752,HAS_SYMPTOM,S7095
D2752,HAS_SYMPTOM,S1533
D2752,HAS_CAUSE,CA6172
D2752,HAS_CAUSE,CA6173
D2752,MANAGED_BY,TR4800
D2752,MANAGED_BY,TR4801
D2752,DIAGNOSED_BY,T3360
D2752,CAN_CAUSE,C1944
D2752,CAN_CAUSE,C1945
D2752,MANAGED_BY,TR4802
D2752,MANAGED_BY,TR4803
D2753,AFFECTS,O005
D2753,HAS_SYMPTOM,S1393
RF2101,INCREASES_RISK_OF,D2753
D2754,AFFECTS,O005
D2754,HAS_SYMPTOM,S7096
D2754,HAS_SYMPTOM,S7097
D2754,HAS_SYMPTOM,S041
D2754,HAS_SYMPTOM,S095
D2754,HAS_SYMPTOM,S7098
D2754,HAS_CAUSE,CA6174
D2754,HAS_CAUSE,CA6175
D2754,HAS_CAUSE,CA6176
D2754,HAS_CAUSE,CA6177
D2754,HAS_CAUSE,CA6178
D2754,HAS_CAUSE,CA6179
D2754,HAS_CAUSE,CA6180
D2755,AFFECTS,O015
D2755,HAS_SYMPTOM,S7099
D2755,HAS_SYMPTOM,S7100
D2755,HAS_CAUSE,CA6181
D2755,HAS_CAUSE,CA6182
D2755,HAS_CAUSE,CA6183
D2755,HAS_CAUSE,CA6184
D2755,MANAGED_BY,TR4804
D2755,MANAGED_BY,TR4805
D2755,MANAGED_BY,TR4806
D2755,DIAGNOSED_BY,T3361
D2755,CAN_CAUSE,C1946
D2755,CAN_CAUSE,C1947
D2755,CAN_CAUSE,C1948
D2756,AFFECTS,O015
D2756,HAS_SYMPTOM,S7101
D2756,HAS_SYMPTOM,S7102
D2756,HAS_SYMPTOM,S2280
D2756,HAS_SYMPTOM,S7103
D2756,HAS_SYMPTOM,S7104
D2756,HAS_SYMPTOM,S7105
D2756,HAS_SYMPTOM,S7106
D2756,HAS_SYMPTOM,S1100
D2756,HAS_SYMPTOM,S131
D2756,HAS_SYMPTOM,S7107
D2756,HAS_SYMPTOM,S419
D2756,HAS_SYMPTOM,S045
D2756,HAS_CAUSE,CA378
D2756,HAS_CAUSE,CA6185
D2756,MANAGED_BY,TR4807
D2756,MANAGED_BY,TR4808
D2756,DIAGNOSED_BY,T3362
D2756,DIAGNOSED_BY,T2358
D2757,AFFECTS,O015
D2757,HAS_CAUSE,CA6186
D2757,HAS_CAUSE,CA6187
D2758,AFFECTS,O015
D2758,HAS_SYMPTOM,S7108
D2758,HAS_SYMPTOM,S5466
D2758,HAS_SYMPTOM,S7109
D2758,HAS_SYMPTOM,S1512
D2758,HAS_SYMPTOM,S7110
D2758,HAS_SYMPTOM,S497
D2758,HAS_SYMPTOM,S7111
D2758,HAS_SYMPTOM,S7112
D2758,HAS_SYMPTOM,S7113
D2758,HAS_SYMPTOM,S7114
D2758,HAS_SYMPTOM,S3796
D2758,HAS_SYMPTOM,S052
D2759,AFFECTS,O015
D2759,HAS_SYMPTOM,S3602
D2759,HAS_SYMPTOM,S7115
D2759,HAS_SYMPTOM,S052
D2759,HAS_SYMPTOM,S7116
D2759,HAS_SYMPTOM,S7117
D2759,HAS_SYMPTOM,S7118
D2759,HAS_SYMPTOM,S7119
D2759,HAS_CAUSE,CA1074
D2759,HAS_CAUSE,CA222
D2759,HAS_CAUSE,CA6188
D2759,HAS_CAUSE,CA6189
D2759,MANAGED_BY,TR4809
D2759,MANAGED_BY,TR4810
D2759,MANAGED_BY,TR4811
D2759,MANAGED_BY,TR4812
D2759,MANAGED_BY,TR4813
D2759,MANAGED_BY,TR4814
D2759,MANAGED_BY,TR4815
D2759,DIAGNOSED_BY,T3363
D2759,DIAGNOSED_BY,T3364
D2759,MANAGED_BY,TR4816
D2759,MANAGED_BY,TR4817
D2760,HAS_SYMPTOM,S7120
D2760,HAS_SYMPTOM,S416
D2760,HAS_SYMPTOM,S3226
D2760,HAS_SYMPTOM,S187
D2760,HAS_SYMPTOM,S133
D2760,HAS_SYMPTOM,S663
D2760,HAS_SYMPTOM,S6890
D2760,HAS_SYMPTOM,S2280
D2760,HAS_SYMPTOM,S7121
D2760,HAS_SYMPTOM,S7122
D2760,HAS_SYMPTOM,S7123
D2760,HAS_SYMPTOM,S474
D2760,HAS_CAUSE,CA6190
D2760,HAS_CAUSE,CA184
D2760,HAS_CAUSE,CA185
D2760,MANAGED_BY,TR4818
D2760,DIAGNOSED_BY,T3365
D2760,DIAGNOSED_BY,T3366
D2760,DIAGNOSED_BY,T3367
D2760,DIAGNOSED_BY,T3368
D2760,DIAGNOSED_BY,T3369
D2760,CAN_CAUSE,C1949
D2760,MANAGED_BY,TR4819
D2761,HAS_SYMPTOM,S440
D2761,HAS_SYMPTOM,S7124
D2761,HAS_SYMPTOM,S7125
D2761,HAS_SYMPTOM,S7126
D2762,HAS_SYMPTOM,S7127
D2762,HAS_SYMPTOM,S7128
D2762,MANAGED_BY,TR4820
D2762,DIAGNOSED_BY,T3370
D2762,DIAGNOSED_BY,T3371
D2762,DIAGNOSED_BY,T3372
D2762,CAN_CAUSE,C1950
D2762,CAN_CAUSE,C1951
D2763,MANAGED_BY,TR4821
D2763,MANAGED_BY,TR1769
D2763,MANAGED_BY,TR4822
D2764,HAS_SYMPTOM,S087
D2764,HAS_SYMPTOM,S7129
D2764,HAS_CAUSE,CA6191
RF2102,INCREASES_RISK_OF,D2764
D2764,DIAGNOSED_BY,T2052
D2765,AFFECTS,O012
D2765,HAS_SYMPTOM,S341
D2765,HAS_SYMPTOM,S7130
D2765,HAS_SYMPTOM,S7131
D2765,HAS_SYMPTOM,S7132
D2765,HAS_SYMPTOM,S7133
D2765,HAS_SYMPTOM,S7134
D2765,HAS_CAUSE,CA2778
D2765,HAS_CAUSE,CA6192
D2765,HAS_CAUSE,CA6193
D2765,HAS_CAUSE,CA378
D2765,HAS_CAUSE,CA6194
D2765,MANAGED_BY,TR067
D2765,MANAGED_BY,TR4823
D2765,MANAGED_BY,TR4824
D2765,MANAGED_BY,TR4825
D2765,MANAGED_BY,TR4826
D2765,MANAGED_BY,TR4827
D2765,MANAGED_BY,TR4828
D2765,MANAGED_BY,TR4829
D2768,HAS_CAUSE,CA6195
D2768,HAS_CAUSE,CA6196
D2768,HAS_CAUSE,CA1298
D2768,HAS_CAUSE,CA6197
RF2103,INCREASES_RISK_OF,D2768
RF2104,INCREASES_RISK_OF,D2768
RF2105,INCREASES_RISK_OF,D2768
RF2106,INCREASES_RISK_OF,D2768
RF2107,INCREASES_RISK_OF,D2768
RF2108,INCREASES_RISK_OF,D2768
D2768,MANAGED_BY,TR4830
D2768,MANAGED_BY,TR4831
D2768,MANAGED_BY,TR4832
D2768,DIAGNOSED_BY,T3373
D2768,DIAGNOSED_BY,T3374
D2768,DIAGNOSED_BY,T3375
D2768,DIAGNOSED_BY,T3376
D2768,DIAGNOSED_BY,T005
D2768,DIAGNOSED_BY,T126
D2768,DIAGNOSED_BY,T3377
D2768,DIAGNOSED_BY,T3378
D2768,CAN_CAUSE,C1952
D2768,CAN_CAUSE,C1953
D2768,MANAGED_BY,TR4833
D2768,MANAGED_BY,TR4834
D2770,HAS_SYMPTOM,S7135
RF2109,INCREASES_RISK_OF,D2770
RF2110,INCREASES_RISK_OF,D2770
D2771,HAS_SYMPTOM,S7136
D2771,HAS_SYMPTOM,S7137
D2771,HAS_SYMPTOM,S439
D2771,HAS_SYMPTOM,S518
D2771,HAS_SYMPTOM,S3623
D2771,HAS_SYMPTOM,S1443
D2771,HAS_SYMPTOM,S7138
D2771,HAS_SYMPTOM,S1588
D2771,HAS_SYMPTOM,S7139
D2771,HAS_SYMPTOM,S7140
D2771,HAS_SYMPTOM,S662
D2771,HAS_SYMPTOM,S663
D2772,HAS_SYMPTOM,S328
D2772,HAS_SYMPTOM,S079
D2772,HAS_SYMPTOM,S7141
D2772,HAS_SYMPTOM,S7142
D2772,HAS_SYMPTOM,S662
D2772,HAS_SYMPTOM,S132
D2772,HAS_SYMPTOM,S095
D2772,HAS_SYMPTOM,S046
D2772,HAS_SYMPTOM,S7143
D2772,HAS_SYMPTOM,S7144
D2772,HAS_SYMPTOM,S127
D2772,HAS_SYMPTOM,S7145
D2773,HAS_SYMPTOM,S146
D2773,HAS_SYMPTOM,S126
D2773,HAS_SYMPTOM,S648
D2773,HAS_SYMPTOM,S7146
D2773,HAS_SYMPTOM,S393
D2773,HAS_SYMPTOM,S7147
D2773,HAS_SYMPTOM,S7148
D2773,HAS_SYMPTOM,S7149
D2773,HAS_SYMPTOM,S3682
D2773,HAS_SYMPTOM,S7150
D2773,HAS_SYMPTOM,S7151
D2773,HAS_SYMPTOM,S7152
D2774,AFFECTS,O019
D2774,HAS_SYMPTOM,S7153
D2774,HAS_CAUSE,CA6198
D2774,HAS_CAUSE,CA6199
D2774,HAS_CAUSE,CA6200
RF2111,INCREASES_RISK_OF,D2774
D2774,MANAGED_BY,TR953
D2774,MANAGED_BY,TR3425
D2774,MANAGED_BY,TR4835
D2775,AFFECTS,O019
D2775,HAS_CAUSE,CA2575
D2775,HAS_CAUSE,CA391
D2775,HAS_CAUSE,CA6201
D2775,HAS_CAUSE,CA6202
D2775,HAS_CAUSE,CA6203
D2775,HAS_CAUSE,CA6204
D2775,HAS_CAUSE,CA6205
D2775,HAS_CAUSE,CA115
D2775,HAS_CAUSE,CA6206
D2775,HAS_CAUSE,CA6207
D2775,HAS_CAUSE,CA293
D2775,HAS_CAUSE,CA6208
D2776,AFFECTS,O019
D2776,HAS_SYMPTOM,S7154
D2776,HAS_SYMPTOM,S7155
D2776,HAS_CAUSE,CA6209
D2776,MANAGED_BY,TR4836
D2776,CAN_CAUSE,C1954
D2776,CAN_CAUSE,C1955
D2776,CAN_CAUSE,C1956
D2777,AFFECTS,O019
D2777,HAS_CAUSE,CA3320
D2777,HAS_CAUSE,CA6210
D2777,HAS_CAUSE,CA6211
D2777,HAS_CAUSE,CA6212
D2777,HAS_CAUSE,CA6213
D2778,AFFECTS,O006
D2778,AFFECTS,O005
D2778,HAS_SYMPTOM,S7156
D2778,HAS_SYMPTOM,S7157
RF2112,INCREASES_RISK_OF,D2778
RF1534,INCREASES_RISK_OF,D2778
D2779,AFFECTS,O004
D2779,AFFECTS,O012
D2779,HAS_SYMPTOM,S7158
D2779,HAS_CAUSE,CA5795
RF2113,INCREASES_RISK_OF,D2779
D2781,HAS_SYMPTOM,S7159
D2781,HAS_CAUSE,CA6214
D2781,CAN_CAUSE,C1870
D2781,CAN_CAUSE,C1957
D2781,CAN_CAUSE,C1958
D2781,MANAGED_BY,TR4837
D2782,AFFECTS,O019
D2782,HAS_CAUSE,CA6215
D2782,HAS_CAUSE,CA6216
D2782,HAS_CAUSE,CA6217
D2782,HAS_CAUSE,CA6218
D2782,HAS_CAUSE,CA6219
D2782,HAS_CAUSE,CA6220
D2783,AFFECTS,O019
D2783,HAS_CAUSE,CA6221
D2783,HAS_CAUSE,CA1484
D2783,HAS_CAUSE,CA6222
D2783,HAS_CAUSE,CA6223
D2783,HAS_CAUSE,CA2651
D2783,HAS_CAUSE,CA001
D2783,HAS_CAUSE,CA2288
D2783,HAS_CAUSE,CA4419
D2784,AFFECTS,O019
D2784,HAS_SYMPTOM,S7160
D2784,HAS_SYMPTOM,S7161
D2784,HAS_SYMPTOM,S7162
D2784,HAS_SYMPTOM,S041
D2784,HAS_SYMPTOM,S7163
D2784,HAS_SYMPTOM,S7164
D2784,HAS_SYMPTOM,S7165
D2784,HAS_CAUSE,CA6224
RF2114,INCREASES_RISK_OF,D2784
RF2115,INCREASES_RISK_OF,D2784
D2784,MANAGED_BY,TR4838
D2784,DIAGNOSED_BY,T3379
D2784,CAN_CAUSE,C646
D2784,CAN_CAUSE,C1959
D2784,CAN_CAUSE,C1960
D2784,CAN_CAUSE,C1961
D2785,AFFECTS,O019
D2786,AFFECTS,O019
D2786,HAS_CAUSE,CA001
D2786,HAS_CAUSE,CA2690
D2786,HAS_CAUSE,CA6225
D2786,HAS_CAUSE,CA465
D2786,HAS_CAUSE,CA6226
D2786,HAS_CAUSE,CA2288
D2786,HAS_CAUSE,CA4419
D2786,HAS_CAUSE,CA4928
D2786,HAS_CAUSE,CA4927
D2786,HAS_CAUSE,CA6227
D2787,AFFECTS,O019
D2787,HAS_CAUSE,CA6228
D2787,HAS_CAUSE,CA6229
D2787,HAS_CAUSE,CA6230
D2787,HAS_CAUSE,CA6231
D2787,HAS_CAUSE,CA1047
D2787,HAS_CAUSE,CA6232
D2788,AFFECTS,O019
D2788,HAS_SYMPTOM,S052
D2788,HAS_SYMPTOM,S7166
D2788,HAS_SYMPTOM,S299
D2788,HAS_SYMPTOM,S7167
D2788,HAS_SYMPTOM,S1528
D2788,HAS_SYMPTOM,S356
D2788,HAS_SYMPTOM,S1100
D2788,HAS_SYMPTOM,S130
D2788,HAS_SYMPTOM,S056
D2789,HAS_SYMPTOM,S7168
D2789,HAS_SYMPTOM,S7169
D2789,HAS_SYMPTOM,S7170
D2789,HAS_SYMPTOM,S7171
D2789,HAS_SYMPTOM,S7172
D2789,HAS_CAUSE,CA6233
D2789,HAS_CAUSE,CA6234
RF2116,INCREASES_RISK_OF,D2789
D2790,HAS_SYMPTOM,S7173
D2790,HAS_SYMPTOM,S7174
D2790,HAS_SYMPTOM,S7175
D2790,HAS_SYMPTOM,S7176
D2790,HAS_CAUSE,CA6235
D2790,HAS_CAUSE,CA6236
D2790,MANAGED_BY,TR4839
D2790,DIAGNOSED_BY,T005
D2790,DIAGNOSED_BY,T3380
D2790,DIAGNOSED_BY,T3381
D2790,DIAGNOSED_BY,T3382
D2790,CAN_CAUSE,C1962
D2790,CAN_CAUSE,C1963
D2790,CAN_CAUSE,C1964
D2790,CAN_CAUSE,C1965
D2791,AFFECTS,O016
D2792,AFFECTS,O001
D2792,AFFECTS,O007
D2792,AFFECTS,O002
D2792,HAS_SYMPTOM,S1958
D2792,HAS_SYMPTOM,S7177
D2792,HAS_SYMPTOM,S3229
D2792,HAS_SYMPTOM,S077
D2792,HAS_SYMPTOM,S7178
D2792,HAS_CAUSE,CA6237
D2792,MANAGED_BY,TR4840
D2792,MANAGED_BY,TR4841
D2792,DIAGNOSED_BY,T3383
D2792,DIAGNOSED_BY,T207
D2792,DIAGNOSED_BY,T3384
D2792,DIAGNOSED_BY,T005
D2792,DIAGNOSED_BY,T3385
D2792,CAN_CAUSE,C1966
D2792,CAN_CAUSE,C1967
D2792,CAN_CAUSE,C1347
D2792,MANAGED_BY,TR1205
D2793,AFFECTS,O005
D2794,AFFECTS,O005
D2795,AFFECTS,O001
D2797,AFFECTS,O016
D2798,AFFECTS,O009
D2798,HAS_SYMPTOM,S1127
D2798,HAS_CAUSE,CA1774
D2798,HAS_CAUSE,CA6238
RF1505,INCREASES_RISK_OF,D2798
D2798,MANAGED_BY,TR4842
D2799,HAS_SYMPTOM,S7179
D2799,HAS_CAUSE,CA6239
D2799,HAS_CAUSE,CA6240
D2799,HAS_CAUSE,CA6241
D2799,MANAGED_BY,TR4843
D2799,MANAGED_BY,TR392
D2799,DIAGNOSED_BY,T3162
D2799,DIAGNOSED_BY,T3386
D2799,DIAGNOSED_BY,T3387
D2799,DIAGNOSED_BY,T3388
D2799,DIAGNOSED_BY,T197
D2799,DIAGNOSED_BY,T347
D2799,DIAGNOSED_BY,T3389
D2799,DIAGNOSED_BY,T3390
D2799,DIAGNOSED_BY,T956
D2799,DIAGNOSED_BY,T3391
D2799,DIAGNOSED_BY,T247
D2799,CAN_CAUSE,C1408
D2799,CAN_CAUSE,C256
D2799,CAN_CAUSE,C198
D2799,CAN_CAUSE,C013
D2799,MANAGED_BY,TR4844
D2799,MANAGED_BY,TR4845
D2800,HAS_SYMPTOM,S7180
D2800,HAS_SYMPTOM,S7181
D2800,HAS_SYMPTOM,S7182
D2800,HAS_SYMPTOM,S7183
D2800,HAS_SYMPTOM,S7184
D2800,HAS_SYMPTOM,S7185
D2800,HAS_CAUSE,CA6242
D2800,HAS_CAUSE,CA6243
D2800,MANAGED_BY,TR4846
D2800,MANAGED_BY,TR4847
D2800,DIAGNOSED_BY,T2358
D2800,CAN_CAUSE,C134
D2800,CAN_CAUSE,C1968
D2800,CAN_CAUSE,C1969
D2800,CAN_CAUSE,C1970
D2800,CAN_CAUSE,C1233
D2800,MANAGED_BY,TR4848
D2800,MANAGED_BY,TR4849
D2801,HAS_SYMPTOM,S132
D2801,HAS_SYMPTOM,S052
D2801,HAS_SYMPTOM,S5635
D2801,HAS_SYMPTOM,S141
D2801,HAS_SYMPTOM,S7186
D2801,HAS_SYMPTOM,S048
D2801,HAS_SYMPTOM,S2091
D2801,HAS_SYMPTOM,S042
D2801,HAS_SYMPTOM,S7187
D2801,HAS_SYMPTOM,S095
D2801,HAS_CAUSE,CA6244
D2801,HAS_CAUSE,CA222
D2801,MANAGED_BY,TR4850
D2801,DIAGNOSED_BY,T347
D2801,DIAGNOSED_BY,T3392
D2801,DIAGNOSED_BY,T3393
D2801,DIAGNOSED_BY,T3394
D2801,DIAGNOSED_BY,T3395
D2801,DIAGNOSED_BY,T3396
D2801,CAN_CAUSE,C1971
D2801,CAN_CAUSE,C198
D2801,CAN_CAUSE,C013
D2801,MANAGED_BY,TR754
D2801,MANAGED_BY,TR755
D2801,MANAGED_BY,TR756
D2801,MANAGED_BY,TR757
D2801,MANAGED_BY,TR059
D2802,HAS_SYMPTOM,S7188
D2802,HAS_SYMPTOM,S7189
D2802,HAS_SYMPTOM,S4501
D2802,HAS_SYMPTOM,S7190
D2802,HAS_SYMPTOM,S7191
D2802,MANAGED_BY,TR4851
D2802,DIAGNOSED_BY,T021
D2802,DIAGNOSED_BY,T005
D2802,DIAGNOSED_BY,T3397
D2802,DIAGNOSED_BY,T3270
D2802,DIAGNOSED_BY,T580
D2802,DIAGNOSED_BY,T663
D2802,CAN_CAUSE,C1972
D2803,HAS_SYMPTOM,S7192
D2803,HAS_SYMPTOM,S041
D2803,HAS_SYMPTOM,S7193
D2803,HAS_SYMPTOM,S2091
D2803,HAS_SYMPTOM,S331
D2803,HAS_SYMPTOM,S7194
D2803,HAS_SYMPTOM,S7195
D2803,HAS_SYMPTOM,S141
D2803,HAS_SYMPTOM,S7196
D2803,HAS_SYMPTOM,S583
D2803,HAS_CAUSE,CA6245
D2803,HAS_CAUSE,CA6246
D2803,HAS_CAUSE,CA6247
D2803,HAS_CAUSE,CA6248
D2803,HAS_CAUSE,CA6249
D2803,HAS_CAUSE,CA6250
D2803,HAS_CAUSE,CA6251
D2803,MANAGED_BY,TR4852
D2803,DIAGNOSED_BY,T3398
D2803,DIAGNOSED_BY,T005
D2803,DIAGNOSED_BY,T191
D2803,DIAGNOSED_BY,T616
D2803,DIAGNOSED_BY,T2346
D2803,DIAGNOSED_BY,T3399
D2803,CAN_CAUSE,C1973
D2803,CAN_CAUSE,C1974
D2803,CAN_CAUSE,C1975
D2803,MANAGED_BY,TR4853
D2803,MANAGED_BY,TR4854
D2803,MANAGED_BY,TR2031
D2804,HAS_SYMPTOM,S246
D2804,HAS_CAUSE,CA6252
D2804,HAS_CAUSE,CA6253
D2804,HAS_CAUSE,CA6254
D2804,MANAGED_BY,TR4855
D2804,DIAGNOSED_BY,T005
D2804,DIAGNOSED_BY,T3400
D2804,DIAGNOSED_BY,T051
D2804,DIAGNOSED_BY,T410
D2804,DIAGNOSED_BY,T701
D2804,DIAGNOSED_BY,T2110
D2804,DIAGNOSED_BY,T3401
D2804,CAN_CAUSE,C287
D2804,CAN_CAUSE,C1976
D2804,CAN_CAUSE,C1977
D2805,HAS_SYMPTOM,S7197
D2805,HAS_SYMPTOM,S7198
D2805,HAS_CAUSE,CA6255
D2805,DIAGNOSED_BY,T3402
D2805,DIAGNOSED_BY,T3403
D2805,DIAGNOSED_BY,T3404
D2805,DIAGNOSED_BY,T005
D2805,DIAGNOSED_BY,T3405
D2807,HAS_SYMPTOM,S7199
D2807,HAS_SYMPTOM,S7200
D2807,HAS_SYMPTOM,S7201
D2807,HAS_SYMPTOM,S7202
D2807,HAS_SYMPTOM,S7203
D2807,HAS_SYMPTOM,S7204
D2807,HAS_CAUSE,CA6256
D2807,HAS_CAUSE,CA6257
D2807,HAS_CAUSE,CA6258
D2807,HAS_CAUSE,CA6259
RF2117,INCREASES_RISK_OF,D2807
RF2118,INCREASES_RISK_OF,D2807
RF2119,INCREASES_RISK_OF,D2807
RF2120,INCREASES_RISK_OF,D2807
D2808,HAS_SYMPTOM,S7205
D2808,HAS_SYMPTOM,S7206
D2808,MANAGED_BY,TR4856
D2808,MANAGED_BY,TR4857
D2808,DIAGNOSED_BY,T3406
D2808,DIAGNOSED_BY,T410
D2808,DIAGNOSED_BY,T005
D2808,DIAGNOSED_BY,T3407
D2808,DIAGNOSED_BY,T1298
D2809,HAS_SYMPTOM,S7207
D2809,MANAGED_BY,TR4858
D2809,MANAGED_BY,TR4859
D2809,MANAGED_BY,TR4860
D2809,DIAGNOSED_BY,T3408
D2809,DIAGNOSED_BY,T3409
D2809,DIAGNOSED_BY,T3410
D2809,DIAGNOSED_BY,T3411
D2809,DIAGNOSED_BY,T005
D2809,DIAGNOSED_BY,T3407
D2809,DIAGNOSED_BY,T1298
D2809,CAN_CAUSE,C1978
D2809,CAN_CAUSE,C1979
D2811,AFFECTS,O017
D2811,HAS_SYMPTOM,S7208
D2811,HAS_SYMPTOM,S7209
D2811,HAS_SYMPTOM,S7210
D2811,HAS_SYMPTOM,S1655
D2811,HAS_SYMPTOM,S439
D2811,HAS_CAUSE,CA6260
RF2121,INCREASES_RISK_OF,D2811
RF2122,INCREASES_RISK_OF,D2811
D2811,MANAGED_BY,TR4861
D2811,MANAGED_BY,TR4862
D2811,DIAGNOSED_BY,T3412
D2811,CAN_CAUSE,C1980
D2811,CAN_CAUSE,C1981
D2811,CAN_CAUSE,C1982
D2811,CAN_CAUSE,C1983
D2811,MANAGED_BY,TR4863
D2811,MANAGED_BY,TR4864
D2813,AFFECTS,O001
D2814,AFFECTS,O002
D2814,HAS_SYMPTOM,S7211
D2814,HAS_SYMPTOM,S7212
D2814,DIAGNOSED_BY,T3413
D2814,MANAGED_BY,TR4865
D2815,AFFECTS,O006
D2815,HAS_SYMPTOM,S7213
D2815,HAS_SYMPTOM,S7214
D2815,HAS_SYMPTOM,S7215
D2815,HAS_SYMPTOM,S7216
D2815,HAS_CAUSE,CA6261
D2815,HAS_CAUSE,CA6262
D2815,HAS_CAUSE,CA6263
D2815,HAS_CAUSE,CA6264
D2816,AFFECTS,O005
D2816,AFFECTS,O002
D2816,HAS_SYMPTOM,S7217
D2816,HAS_CAUSE,CA6265
D2817,HAS_SYMPTOM,S7218
D2817,HAS_SYMPTOM,S7219
D2817,HAS_CAUSE,CA6266
D2817,HAS_CAUSE,CA6267
D2817,MANAGED_BY,TR4866
D2817,DIAGNOSED_BY,T3414
D2817,DIAGNOSED_BY,T005
D2817,DIAGNOSED_BY,T3415
D2817,DIAGNOSED_BY,T3416
D2817,DIAGNOSED_BY,T3417
D2817,DIAGNOSED_BY,T2385
D2818,AFFECTS,O001
D2818,AFFECTS,O009
D2819,HAS_SYMPTOM,S7220
D2819,HAS_SYMPTOM,S7221
D2819,HAS_CAUSE,CA6268
D2819,HAS_CAUSE,CA6269
D2819,HAS_CAUSE,CA6270
D2819,HAS_CAUSE,CA6271
D2819,MANAGED_BY,TR4867
D2819,DIAGNOSED_BY,T066
D2819,DIAGNOSED_BY,T005
D2819,DIAGNOSED_BY,T051
D2819,DIAGNOSED_BY,T052
D2819,DIAGNOSED_BY,T3418
D2819,DIAGNOSED_BY,T282
D2819,DIAGNOSED_BY,T3419
D2819,CAN_CAUSE,C1984
D2819,MANAGED_BY,TR4868
D2819,MANAGED_BY,TR4869
D2821,AFFECTS,O001
D2821,HAS_CAUSE,CA2369
RF2123,INCREASES_RISK_OF,D2821
D2821,MANAGED_BY,TR4870
D2821,MANAGED_BY,TR4871
D2821,DIAGNOSED_BY,T431
D2821,DIAGNOSED_BY,T005
D2821,DIAGNOSED_BY,T051
D2821,CAN_CAUSE,C1985
D2821,CAN_CAUSE,C1986
D2821,CAN_CAUSE,C1987
D2822,AFFECTS,O008
D2822,AFFECTS,O020
D2823,AFFECTS,O009
D2823,HAS_SYMPTOM,S3373
D2823,HAS_SYMPTOM,S1116
D2823,HAS_SYMPTOM,S7222
D2823,HAS_CAUSE,CA378
D2823,HAS_CAUSE,CA2528
D2823,HAS_CAUSE,CA2398
D2823,HAS_CAUSE,CA1568
D2823,HAS_CAUSE,CA6272
D2823,HAS_CAUSE,CA1569
D2823,HAS_CAUSE,CA4671
D2823,HAS_CAUSE,CA6273
D2823,MANAGED_BY,TR4872
D2823,MANAGED_BY,TR4873
D2823,MANAGED_BY,TR4874
D2823,MANAGED_BY,TR4875
D2823,DIAGNOSED_BY,T3420
D2823,CAN_CAUSE,C1988
D2823,CAN_CAUSE,C1989
D2823,CAN_CAUSE,C1990
D2823,CAN_CAUSE,C1991
D2823,CAN_CAUSE,C1992
D2824,HAS_SYMPTOM,S7223
D2824,HAS_SYMPTOM,S7224
D2824,HAS_SYMPTOM,S7225
D2824,HAS_CAUSE,CA6274
D2824,HAS_CAUSE,CA6275
D2824,HAS_CAUSE,CA6276
D2824,HAS_CAUSE,CA6277
D2824,MANAGED_BY,TR4876
D2825,AFFECTS,O006
D2825,HAS_SYMPTOM,S7226
D2825,HAS_SYMPTOM,S243
D2825,HAS_SYMPTOM,S7227
D2825,HAS_SYMPTOM,S7228
D2825,HAS_SYMPTOM,S7229
D2825,HAS_SYMPTOM,S4956
D2825,HAS_SYMPTOM,S7230
D2825,HAS_SYMPTOM,S7231
D2825,HAS_SYMPTOM,S7232
D2825,HAS_SYMPTOM,S7233
D2825,HAS_SYMPTOM,S7234
D2825,HAS_SYMPTOM,S7235
D2825,HAS_CAUSE,CA6278
D2825,HAS_CAUSE,CA6279
D2825,HAS_CAUSE,CA6280
D2825,HAS_CAUSE,CA6281
D2825,HAS_CAUSE,CA6282
D2825,HAS_CAUSE,CA6283
D2825,HAS_CAUSE,CA6284
D2825,HAS_CAUSE,CA6285
D2825,HAS_CAUSE,CA1132
D2825,HAS_CAUSE,CA6286
D2825,HAS_CAUSE,CA6287
D2825,HAS_CAUSE,CA6288
RF2124,INCREASES_RISK_OF,D2825
RF2125,INCREASES_RISK_OF,D2825
RF2126,INCREASES_RISK_OF,D2825
D2825,MANAGED_BY,TR4877
D2825,DIAGNOSED_BY,T456
D2825,DIAGNOSED_BY,T3421
D2825,DIAGNOSED_BY,T3422
D2825,DIAGNOSED_BY,T3423
D2825,DIAGNOSED_BY,T3424
D2825,MANAGED_BY,TR4878
D2825,MANAGED_BY,TR4879
D2825,MANAGED_BY,TR4880
D2825,MANAGED_BY,TR4881
D2825,MANAGED_BY,TR4882
D2825,MANAGED_BY,TR4883
D2825,MANAGED_BY,TR161
D2825,MANAGED_BY,TR4884
D2825,MANAGED_BY,TR4885
D2825,MANAGED_BY,TR4886
D2825,MANAGED_BY,TR4887
D2825,MANAGED_BY,TR4888
D2826,AFFECTS,O008
D2826,HAS_SYMPTOM,S7236
D2826,HAS_SYMPTOM,S7237
D2826,HAS_SYMPTOM,S738
D2826,HAS_SYMPTOM,S018
D2826,HAS_SYMPTOM,S098
D2826,HAS_SYMPTOM,S7238
D2826,HAS_CAUSE,CA6289
D2826,MANAGED_BY,TR295
D2826,MANAGED_BY,TR4889
D2826,DIAGNOSED_BY,T3425
D2826,DIAGNOSED_BY,T3426
D2826,DIAGNOSED_BY,T3427
D2826,DIAGNOSED_BY,T005
D2826,DIAGNOSED_BY,T3428
D2826,DIAGNOSED_BY,T3429
D2826,DIAGNOSED_BY,T3430
D2826,CAN_CAUSE,C1993
D2827,HAS_SYMPTOM,S7239
D2827,HAS_SYMPTOM,S7240
D2827,HAS_SYMPTOM,S184
D2827,HAS_SYMPTOM,S7241
RF2127,INCREASES_RISK_OF,D2827
D2827,MANAGED_BY,TR1543
D2827,MANAGED_BY,TR1544
D2827,MANAGED_BY,TR1545
D2827,MANAGED_BY,TR4890
D2827,MANAGED_BY,TR4891
D2827,MANAGED_BY,TR4892
D2827,MANAGED_BY,TR4893
D2827,MANAGED_BY,TR4894
D2827,MANAGED_BY,TR1547
D2827,MANAGED_BY,TR1548
D2827,MANAGED_BY,TR1549
D2827,MANAGED_BY,TR4895
D2829,HAS_SYMPTOM,S497
D2829,HAS_SYMPTOM,S7242
D2829,HAS_SYMPTOM,S1528
D2829,HAS_SYMPTOM,S7243
D2829,HAS_SYMPTOM,S4939
D2829,HAS_SYMPTOM,S7244
D2829,HAS_SYMPTOM,S978
D2829,HAS_SYMPTOM,S1100
D2830,HAS_SYMPTOM,S7245
D2830,HAS_SYMPTOM,S146
D2830,HAS_SYMPTOM,S7246
D2830,HAS_SYMPTOM,S7247
D2830,HAS_SYMPTOM,S7248
D2830,HAS_SYMPTOM,S7249
D2830,HAS_CAUSE,CA6290
D2830,HAS_CAUSE,CA6291
D2830,HAS_CAUSE,CA6292
D2830,HAS_CAUSE,CA3903
D2830,DIAGNOSED_BY,T3431
D2830,DIAGNOSED_BY,T3432
D2830,DIAGNOSED_BY,T3433
D2830,DIAGNOSED_BY,T3434
D2830,DIAGNOSED_BY,T3435
D2830,DIAGNOSED_BY,T3436
D2830,DIAGNOSED_BY,T3437
D2830,DIAGNOSED_BY,T3438
D2830,DIAGNOSED_BY,T3439
D2830,CAN_CAUSE,C1994
D2830,CAN_CAUSE,C1995
D2830,CAN_CAUSE,C1996
D2830,CAN_CAUSE,C1997
D2830,MANAGED_BY,TR4896
D2831,HAS_CAUSE,CA6293
D2831,HAS_CAUSE,CA6294
D2831,HAS_CAUSE,CA6295
D2831,HAS_CAUSE,CA6296
D2831,HAS_CAUSE,CA6297
D2831,HAS_CAUSE,CA6298
D2831,HAS_CAUSE,CA6299
D2831,HAS_CAUSE,CA115
D2831,HAS_CAUSE,CA6300
D2831,HAS_CAUSE,CA6301
D2832,AFFECTS,O019
D2832,HAS_SYMPTOM,S7250
D2832,HAS_SYMPTOM,S7251
D2832,HAS_SYMPTOM,S041
D2832,HAS_SYMPTOM,S7252
D2832,HAS_SYMPTOM,S7253
D2832,HAS_SYMPTOM,S7254
D2832,HAS_SYMPTOM,S7255
D2832,HAS_SYMPTOM,S7256
D2832,HAS_CAUSE,CA6302
D2832,HAS_CAUSE,CA110
D2832,HAS_CAUSE,CA410
D2832,HAS_CAUSE,CA6303
D2832,HAS_CAUSE,CA6304
D2832,MANAGED_BY,TR4897
D2832,MANAGED_BY,TR4898
D2832,MANAGED_BY,TR1262
D2832,MANAGED_BY,TR4899
D2832,DIAGNOSED_BY,T3440
D2832,DIAGNOSED_BY,T3441
D2832,DIAGNOSED_BY,T3442
D2832,DIAGNOSED_BY,T3443
D2832,CAN_CAUSE,C725
D2832,CAN_CAUSE,C119
D2832,CAN_CAUSE,C646
D2832,CAN_CAUSE,C456
D2832,CAN_CAUSE,C1998
D2832,MANAGED_BY,TR4900
D2832,MANAGED_BY,TR3634
D2832,MANAGED_BY,TR4901
D2832,MANAGED_BY,TR4902
D2832,MANAGED_BY,TR4903
D2833,HAS_SYMPTOM,S7257
D2833,HAS_SYMPTOM,S7258
D2833,HAS_CAUSE,CA6305
D2833,HAS_CAUSE,CA6306
D2833,MANAGED_BY,TR4413
D2833,MANAGED_BY,TR4904
D2833,DIAGNOSED_BY,T3444
D2833,DIAGNOSED_BY,T3445
D2833,CAN_CAUSE,C1999
D2833,CAN_CAUSE,C2000
D2833,CAN_CAUSE,C117
D2833,MANAGED_BY,TR4905
D2833,MANAGED_BY,TR4906
D2834,HAS_CAUSE,CA6307
D2834,HAS_CAUSE,CA6308
D2834,HAS_CAUSE,CA6309
D2834,HAS_CAUSE,CA6310
D2834,HAS_CAUSE,CA6311
RF2128,INCREASES_RISK_OF,D2834
D2834,MANAGED_BY,TR1012
D2834,MANAGED_BY,TR4907
D2834,MANAGED_BY,TR4908
D2834,CAN_CAUSE,C2001
D2835,HAS_SYMPTOM,S7259
D2835,HAS_SYMPTOM,S7260
D2835,HAS_CAUSE,CA001
D2835,HAS_CAUSE,CA6312
D2835,MANAGED_BY,TR4909
D2835,MANAGED_BY,TR4910
D2835,MANAGED_BY,TR4911
D2835,DIAGNOSED_BY,T3446
D2836,HAS_SYMPTOM,S7261
D2836,HAS_SYMPTOM,S7262
D2836,HAS_SYMPTOM,S7263
D2836,HAS_SYMPTOM,S7264
D2836,HAS_SYMPTOM,S7265
D2836,HAS_SYMPTOM,S7266
D2836,HAS_SYMPTOM,S7267
D2836,HAS_SYMPTOM,S7268
D2836,HAS_SYMPTOM,S7269
D2836,HAS_SYMPTOM,S7270
D2836,MANAGED_BY,TR4912
D2836,DIAGNOSED_BY,T3447
D2836,DIAGNOSED_BY,T3448
D2836,DIAGNOSED_BY,T3449
D2837,AFFECTS,O013
D2837,HAS_CAUSE,CA6313
D2837,HAS_CAUSE,CA6314
RF144,INCREASES_RISK_OF,D2837
RF2129,INCREASES_RISK_OF,D2837
RF2130,INCREASES_RISK_OF,D2837
D2838,HAS_SYMPTOM,S2912
D2838,HAS_SYMPTOM,S7271
D2838,HAS_SYMPTOM,S7272
D2838,HAS_SYMPTOM,S7273
RF2131,INCREASES_RISK_OF,D2838
RF2132,INCREASES_RISK_OF,D2838
RF2133,INCREASES_RISK_OF,D2838
RF2134,INCREASES_RISK_OF,D2838
RF2135,INCREASES_RISK_OF,D2838
RF2136,INCREASES_RISK_OF,D2838
D2838,MANAGED_BY,TR735
D2838,MANAGED_BY,TR4913
D2838,MANAGED_BY,TR2678
D2838,DIAGNOSED_BY,T426
D2838,DIAGNOSED_BY,T005
D2838,DIAGNOSED_BY,T051
D2838,DIAGNOSED_BY,T431
D2838,DIAGNOSED_BY,T359
D2838,DIAGNOSED_BY,T050
D2838,CAN_CAUSE,C2002
D2838,CAN_CAUSE,C2003
D2838,CAN_CAUSE,C1121
D2839,HAS_SYMPTOM,S7274
D2839,HAS_SYMPTOM,S7275
D2839,HAS_SYMPTOM,S7276
D2840,AFFECTS,O006
D2840,HAS_SYMPTOM,S7277
D2840,HAS_SYMPTOM,S7278
D2840,HAS_SYMPTOM,S679
D2840,HAS_SYMPTOM,S7279
D2840,HAS_SYMPTOM,S7280
RF2137,INCREASES_RISK_OF,D2840
RF2138,INCREASES_RISK_OF,D2840
D2840,MANAGED_BY,TR4914
D2840,MANAGED_BY,TR4915
D2840,MANAGED_BY,TR4916
D2840,MANAGED_BY,TR4917
D2840,MANAGED_BY,TR4918
D2840,MANAGED_BY,TR4919
D2840,MANAGED_BY,TR4920
D2840,MANAGED_BY,TR4921
D2840,DIAGNOSED_BY,T3450
D2840,DIAGNOSED_BY,T3451
D2840,DIAGNOSED_BY,T3452
D2840,DIAGNOSED_BY,T3453
D2840,DIAGNOSED_BY,T3454
D2840,CAN_CAUSE,C2004
D2840,CAN_CAUSE,C2005
D2841,HAS_SYMPTOM,S101
D2842,HAS_SYMPTOM,S7281
D2842,HAS_SYMPTOM,S7282
D2842,HAS_SYMPTOM,S7283
D2842,HAS_SYMPTOM,S7284
D2842,HAS_SYMPTOM,S7285
D2842,HAS_SYMPTOM,S7286
D2842,HAS_SYMPTOM,S7287
D2842,HAS_SYMPTOM,S3564
D2842,HAS_SYMPTOM,S7288
D2842,HAS_CAUSE,CA6315
D2842,HAS_CAUSE,CA6316
D2842,HAS_CAUSE,CA6317
D2842,HAS_CAUSE,CA6318
D2842,HAS_CAUSE,CA6319
RF2139,INCREASES_RISK_OF,D2842
RF2140,INCREASES_RISK_OF,D2842
D2843,HAS_SYMPTOM,S7289
D2843,HAS_SYMPTOM,S219
D2843,HAS_SYMPTOM,S7290
D2843,HAS_SYMPTOM,S052
D2843,HAS_SYMPTOM,S441
D2843,HAS_SYMPTOM,S517
D2843,HAS_SYMPTOM,S5880
D2843,HAS_SYMPTOM,S513
D2843,HAS_SYMPTOM,S514
D2843,HAS_SYMPTOM,S439
D2843,HAS_SYMPTOM,S7291
D2843,HAS_SYMPTOM,S7292
D2844,HAS_SYMPTOM,S7293
D2844,HAS_SYMPTOM,S7294
D2844,HAS_SYMPTOM,S7295
D2844,HAS_SYMPTOM,S7296
D2844,HAS_SYMPTOM,S7297
D2844,HAS_SYMPTOM,S7298
D2844,HAS_SYMPTOM,S7299
D2844,DIAGNOSED_BY,T3455
D2844,DIAGNOSED_BY,T3456
D2844,CAN_CAUSE,C2006
D2844,CAN_CAUSE,C830
D2844,CAN_CAUSE,C134
D2844,CAN_CAUSE,C182
D2844,CAN_CAUSE,C1283
D2845,HAS_SYMPTOM,S127
D2845,HAS_SYMPTOM,S7300
D2845,HAS_SYMPTOM,S7301
D2845,HAS_SYMPTOM,S041
D2845,HAS_SYMPTOM,S5182
D2845,HAS_SYMPTOM,S474
D2845,HAS_SYMPTOM,S7302
D2845,HAS_CAUSE,CA6320
D2845,DIAGNOSED_BY,T3457
D2845,DIAGNOSED_BY,T2039
D2845,DIAGNOSED_BY,T2102
D2845,DIAGNOSED_BY,T3458
D2845,CAN_CAUSE,C2007
D2845,MANAGED_BY,TR4922
D2845,MANAGED_BY,TR4923
D2846,AFFECTS,O001
D2846,HAS_CAUSE,CA6321
D2846,HAS_CAUSE,CA6322
D2846,HAS_CAUSE,CA6323
D2846,HAS_CAUSE,CA6324
D2846,HAS_CAUSE,CA6325
D2846,HAS_CAUSE,CA6326
D2846,HAS_CAUSE,CA6327
RF2141,INCREASES_RISK_OF,D2846
D2846,DIAGNOSED_BY,T426
D2846,DIAGNOSED_BY,T005
D2846,DIAGNOSED_BY,T051
D2846,DIAGNOSED_BY,T431
D2846,DIAGNOSED_BY,T207
D2846,DIAGNOSED_BY,T3459
D2846,CAN_CAUSE,C134
D2846,CAN_CAUSE,C2008
D2849,AFFECTS,O007
D2849,MANAGED_BY,TR4924
D2850,AFFECTS,O016
D2850,HAS_SYMPTOM,S7303
D2850,HAS_CAUSE,CA6328
RF216,INCREASES_RISK_OF,D2850
RF2142,INCREASES_RISK_OF,D2850
RF2019,INCREASES_RISK_OF,D2850
RF2143,INCREASES_RISK_OF,D2850
RF506,INCREASES_RISK_OF,D2850
RF2144,INCREASES_RISK_OF,D2850
RF545,INCREASES_RISK_OF,D2850
D2851,HAS_SYMPTOM,S7304
D2851,HAS_SYMPTOM,S7305
D2851,HAS_SYMPTOM,S7306
D2851,HAS_SYMPTOM,S7307
D2851,HAS_CAUSE,CA6329
D2851,HAS_CAUSE,CA6330
D2851,HAS_CAUSE,CA6331
D2851,HAS_CAUSE,CA2275
D2851,HAS_CAUSE,CA304
D2851,HAS_CAUSE,CA6332
D2851,HAS_CAUSE,CA210
D2851,HAS_CAUSE,CA6333
D2851,HAS_CAUSE,CA6334
D2851,HAS_CAUSE,CA6335
D2851,HAS_CAUSE,CA6336
D2851,MANAGED_BY,TR802
D2851,DIAGNOSED_BY,T2949
D2851,DIAGNOSED_BY,T3460
D2853,AFFECTS,O002
D2853,HAS_SYMPTOM,S4192
D2853,HAS_SYMPTOM,S7308
D2853,HAS_SYMPTOM,S1460
D2853,DIAGNOSED_BY,T394
D2853,DIAGNOSED_BY,T051
D2854,AFFECTS,O015
D2854,HAS_SYMPTOM,S7309
D2854,HAS_SYMPTOM,S133
D2854,HAS_SYMPTOM,S7310
D2854,HAS_SYMPTOM,S2626
D2854,HAS_CAUSE,CA6337
D2854,HAS_CAUSE,CA6338
D2854,HAS_CAUSE,CA6339
D2854,HAS_CAUSE,CA6340
RF076,INCREASES_RISK_OF,D2854
RF077,INCREASES_RISK_OF,D2854
RF654,INCREASES_RISK_OF,D2854
RF2145,INCREASES_RISK_OF,D2854
RF2146,INCREASES_RISK_OF,D2854
RF545,INCREASES_RISK_OF,D2854
RF639,INCREASES_RISK_OF,D2854
D2854,MANAGED_BY,TR4925
D2854,MANAGED_BY,TR4926
D2854,MANAGED_BY,TR4927
D2854,MANAGED_BY,TR4928
D2854,MANAGED_BY,TR4929
D2854,MANAGED_BY,TR4930
D2854,MANAGED_BY,TR4931
D2854,MANAGED_BY,TR4932
D2854,DIAGNOSED_BY,T1104
D2854,DIAGNOSED_BY,T1105
D2854,DIAGNOSED_BY,T3461
D2854,DIAGNOSED_BY,T1108
D2854,DIAGNOSED_BY,T1109
D2854,DIAGNOSED_BY,T1110
D2854,CAN_CAUSE,C673
D2854,CAN_CAUSE,C674
D2854,CAN_CAUSE,C675
D2854,CAN_CAUSE,C2009
D2854,CAN_CAUSE,C676
D2854,CAN_CAUSE,C677
D2854,CAN_CAUSE,C2010
D2854,MANAGED_BY,TR4933
D2855,AFFECTS,O015
D2855,HAS_SYMPTOM,S968
D2855,HAS_SYMPTOM,S6019
D2855,HAS_SYMPTOM,S133
D2855,HAS_SYMPTOM,S7311
D2855,HAS_CAUSE,CA6341
D2855,HAS_CAUSE,CA6342
RF076,INCREASES_RISK_OF,D2855
RF077,INCREASES_RISK_OF,D2855
RF654,INCREASES_RISK_OF,D2855
RF655,INCREASES_RISK_OF,D2855
RF656,INCREASES_RISK_OF,D2855
RF506,INCREASES_RISK_OF,D2855
D2856,HAS_SYMPTOM,S7312
D2856,HAS_SYMPTOM,S2068
D2856,HAS_SYMPTOM,S2091
D2856,HAS_SYMPTOM,S1180
D2856,HAS_SYMPTOM,S970
D2856,HAS_CAUSE,CA6343
D2856,MANAGED_BY,TR4934
D2856,DIAGNOSED_BY,T3462
D2856,DIAGNOSED_BY,T3463
D2856,DIAGNOSED_BY,T3464
D2856,DIAGNOSED_BY,T2793
D2856,DIAGNOSED_BY,T3465
D2856,DIAGNOSED_BY,T3466
D2856,CAN_CAUSE,C2011
D2858,HAS_SYMPTOM,S7313
D2858,HAS_SYMPTOM,S7314
D2858,HAS_CAUSE,CA6344
RF2147,INCREASES_RISK_OF,D2858
RF825,INCREASES_RISK_OF,D2858
RF087,INCREASES_RISK_OF,D2858
D2858,MANAGED_BY,TR4935
D2858,DIAGNOSED_BY,T132
D2858,DIAGNOSED_BY,T3467
D2858,DIAGNOSED_BY,T3468
D2858,DIAGNOSED_BY,T3469
D2858,DIAGNOSED_BY,T3470
D2858,CAN_CAUSE,C2012
D2858,CAN_CAUSE,C011
D2858,CAN_CAUSE,C133
D2858,MANAGED_BY,TR4936
D2859,HAS_SYMPTOM,S7315
D2859,HAS_SYMPTOM,S7316
D2859,HAS_SYMPTOM,S7317
D2859,HAS_SYMPTOM,S7318
D2859,HAS_CAUSE,CA6345
D2859,HAS_CAUSE,CA131
D2859,HAS_CAUSE,CA210
D2859,HAS_CAUSE,CA5403
D2859,HAS_CAUSE,CA6346
D2859,MANAGED_BY,TR800
D2859,MANAGED_BY,TR4937
D2859,MANAGED_BY,TR4938
D2859,MANAGED_BY,TR4939
D2859,DIAGNOSED_BY,T3471
D2859,CAN_CAUSE,C2013
D2859,MANAGED_BY,TR4940
D2860,AFFECTS,O016
D2860,HAS_SYMPTOM,S6555
D2860,HAS_SYMPTOM,S201
D2860,HAS_SYMPTOM,S7319
D2860,HAS_CAUSE,CA6347
D2860,HAS_CAUSE,CA376
D2860,HAS_CAUSE,CA422
RF545,INCREASES_RISK_OF,D2860
D2860,MANAGED_BY,TR1225
D2860,MANAGED_BY,TR1835
D2860,MANAGED_BY,TR4941
D2860,MANAGED_BY,TR4942
D2860,MANAGED_BY,TR4943
D2860,MANAGED_BY,TR4944
D2860,MANAGED_BY,TR4945
D2860,MANAGED_BY,TR2344
D2860,MANAGED_BY,TR4512
D2860,MANAGED_BY,TR4946
D2860,DIAGNOSED_BY,T857
D2860,DIAGNOSED_BY,T1289
D2860,DIAGNOSED_BY,T3472
D2860,DIAGNOSED_BY,T3473
D2860,DIAGNOSED_BY,T3474
D2860,DIAGNOSED_BY,T3475
D2860,DIAGNOSED_BY,T3476
D2860,DIAGNOSED_BY,T2203
D2860,CAN_CAUSE,C2014
D2860,CAN_CAUSE,C2015
D2860,CAN_CAUSE,C2016
D2860,MANAGED_BY,TR4947
RF2148,INCREASES_RISK_OF,D2861
RF2149,INCREASES_RISK_OF,D2861
RF2150,INCREASES_RISK_OF,D2861
RF2151,INCREASES_RISK_OF,D2861
RF2152,INCREASES_RISK_OF,D2861
D2863,HAS_SYMPTOM,S7320
D2863,HAS_CAUSE,CA943
D2863,HAS_CAUSE,CA465
RF2153,INCREASES_RISK_OF,D2863
RF216,INCREASES_RISK_OF,D2863
D2863,DIAGNOSED_BY,T3477
D2863,MANAGED_BY,TR4948
D2865,HAS_SYMPTOM,S7321
D2865,HAS_SYMPTOM,S7322
D2865,HAS_CAUSE,CA6348
D2865,HAS_CAUSE,CA6349
D2865,MANAGED_BY,TR4949
D2865,MANAGED_BY,TR4950
D2865,MANAGED_BY,TR4951
D2865,MANAGED_BY,TR4952
D2865,MANAGED_BY,TR4953
D2866,AFFECTS,O020
D2866,HAS_SYMPTOM,S7323
D2866,HAS_SYMPTOM,S7324
D2866,HAS_SYMPTOM,S7325
D2866,HAS_CAUSE,CA3320
D2866,HAS_CAUSE,CA6350
RF2154,INCREASES_RISK_OF,D2866
D2866,DIAGNOSED_BY,T3478
D2866,CAN_CAUSE,C2017
D2866,CAN_CAUSE,C2018
D2866,CAN_CAUSE,C2019
D2867,AFFECTS,O020
D2868,HAS_SYMPTOM,S7326
D2868,HAS_SYMPTOM,S7327
D2868,HAS_SYMPTOM,S7328
D2868,HAS_SYMPTOM,S7329
D2868,HAS_SYMPTOM,S7330
D2868,HAS_SYMPTOM,S7331
RF2155,INCREASES_RISK_OF,D2868
RF2156,INCREASES_RISK_OF,D2868
D2869,HAS_SYMPTOM,S151
D2869,HAS_SYMPTOM,S7332
D2869,HAS_SYMPTOM,S7333
RF2157,INCREASES_RISK_OF,D2869
RF2158,INCREASES_RISK_OF,D2869
D2870,HAS_CAUSE,CA6351
D2870,HAS_CAUSE,CA6352
D2870,HAS_CAUSE,CA6353
D2870,HAS_CAUSE,CA6354
RF2159,INCREASES_RISK_OF,D2870
D2872,HAS_SYMPTOM,S127
D2872,HAS_SYMPTOM,S7334
D2872,HAS_SYMPTOM,S7335
D2872,HAS_SYMPTOM,S151
D2872,HAS_SYMPTOM,S7336
D2872,HAS_SYMPTOM,S7337
D2872,HAS_SYMPTOM,S1191
D2872,HAS_SYMPTOM,S7338
D2872,HAS_SYMPTOM,S7339
D2872,HAS_SYMPTOM,S7340
D2872,HAS_SYMPTOM,S1116
D2872,HAS_CAUSE,CA6355
D2872,MANAGED_BY,TR4954
D2872,DIAGNOSED_BY,T005
D2872,DIAGNOSED_BY,T153
D2872,DIAGNOSED_BY,T3479
D2872,CAN_CAUSE,C2020
D2873,AFFECTS,O008
D2873,HAS_SYMPTOM,S7341
D2873,HAS_SYMPTOM,S7342
D2873,HAS_SYMPTOM,S130
D2873,HAS_CAUSE,CA6016
D2873,HAS_CAUSE,CA6356
D2873,DIAGNOSED_BY,T278
D2873,DIAGNOSED_BY,T811
D2873,DIAGNOSED_BY,T005
D2873,DIAGNOSED_BY,T3480
D2873,DIAGNOSED_BY,T3481
D2873,DIAGNOSED_BY,T3482
D2873,DIAGNOSED_BY,T3483
D2873,DIAGNOSED_BY,T3484
D2873,DIAGNOSED_BY,T021
D2873,CAN_CAUSE,C2021
D2875,AFFECTS,O008
D2875,HAS_SYMPTOM,S2975
D2875,HAS_SYMPTOM,S7343
D2875,HAS_SYMPTOM,S7344
D2875,HAS_SYMPTOM,S7345
D2875,HAS_SYMPTOM,S7346
D2875,HAS_SYMPTOM,S913
D2875,HAS_SYMPTOM,S7347
D2875,HAS_SYMPTOM,S7348
D2875,HAS_SYMPTOM,S7349
D2875,HAS_SYMPTOM,S7350
D2875,HAS_CAUSE,CA6357
D2875,HAS_CAUSE,CA6358
D2875,HAS_CAUSE,CA6359
D2875,HAS_CAUSE,CA6360
D2875,HAS_CAUSE,CA6361
D2875,HAS_CAUSE,CA6362
D2875,HAS_CAUSE,CA6363
D2875,HAS_CAUSE,CA6364
D2875,DIAGNOSED_BY,T555
D2875,DIAGNOSED_BY,T3485
D2875,DIAGNOSED_BY,T3486
D2875,DIAGNOSED_BY,T125
D2875,DIAGNOSED_BY,T1301
D2875,DIAGNOSED_BY,T560
D2876,AFFECTS,O008
D2876,HAS_SYMPTOM,S7351
D2876,HAS_SYMPTOM,S7352
D2876,HAS_SYMPTOM,S7353
D2876,HAS_SYMPTOM,S7354
D2876,HAS_SYMPTOM,S7355
D2876,HAS_SYMPTOM,S7356
D2876,HAS_SYMPTOM,S7357
D2876,HAS_SYMPTOM,S473
D2876,HAS_SYMPTOM,S7358
D2876,HAS_SYMPTOM,S1742
D2876,HAS_SYMPTOM,S1010
D2876,HAS_SYMPTOM,S1006
D2876,HAS_CAUSE,CA292
D2876,HAS_CAUSE,CA6365
D2876,HAS_CAUSE,CA6366
D2876,HAS_CAUSE,CA2257
D2876,MANAGED_BY,TR4955
D2876,MANAGED_BY,TR4956
D2876,MANAGED_BY,TR4957
D2876,DIAGNOSED_BY,T3487
D2876,DIAGNOSED_BY,T3488
D2876,DIAGNOSED_BY,T3489
D2876,DIAGNOSED_BY,T3490
D2876,CAN_CAUSE,C2022
D2877,HAS_SYMPTOM,S7359
D2877,HAS_SYMPTOM,S7360
D2877,HAS_SYMPTOM,S7361
D2877,HAS_CAUSE,CA6367
D2877,HAS_CAUSE,CA6368
D2877,HAS_CAUSE,CA6369
D2877,HAS_CAUSE,CA6370
D2877,HAS_CAUSE,CA4626
D2877,HAS_CAUSE,CA222
D2877,MANAGED_BY,TR4958
D2877,MANAGED_BY,TR2369
D2877,MANAGED_BY,TR583
D2877,CAN_CAUSE,C2023
D2877,CAN_CAUSE,C2024
D2877,CAN_CAUSE,C2025
D2877,CAN_CAUSE,C2026
D2877,MANAGED_BY,TR4959
D2880,HAS_SYMPTOM,S7362
D2880,HAS_SYMPTOM,S2090
D2880,HAS_SYMPTOM,S3517
D2880,HAS_SYMPTOM,S7363
D2880,HAS_SYMPTOM,S7364
D2880,HAS_SYMPTOM,S7365
D2880,HAS_SYMPTOM,S7366
D2880,HAS_CAUSE,CA6371
D2880,HAS_CAUSE,CA008
D2880,HAS_CAUSE,CA6372
D2880,HAS_CAUSE,CA6373
D2880,HAS_CAUSE,CA010
D2880,HAS_CAUSE,CA6374
RF2160,INCREASES_RISK_OF,D2880
RF2161,INCREASES_RISK_OF,D2880
RF2162,INCREASES_RISK_OF,D2880
D2880,MANAGED_BY,TR4960
D2880,MANAGED_BY,TR4961
D2882,AFFECTS,O005
D2883,AFFECTS,O003
D2884,AFFECTS,O008
D2885,AFFECTS,O008
D2885,HAS_SYMPTOM,S7367
D2885,HAS_CAUSE,CA6375
D2885,HAS_CAUSE,CA6376
D2885,MANAGED_BY,TR4962
D2886,HAS_CAUSE,CA6377
D2886,HAS_CAUSE,CA6378
D2886,HAS_CAUSE,CA189
D2886,HAS_CAUSE,CA6379
D2886,HAS_CAUSE,CA1099
D2886,HAS_CAUSE,CA6380
D2886,HAS_CAUSE,CA6381
D2886,HAS_CAUSE,CA6382
D2887,HAS_CAUSE,CA6383
D2887,HAS_CAUSE,CA6384
D2887,HAS_CAUSE,CA6385
D2887,HAS_CAUSE,CA6386
D2887,HAS_CAUSE,CA6387
D2887,HAS_CAUSE,CA6388
D2888,HAS_CAUSE,CA498
D2888,HAS_CAUSE,CA6389
D2888,HAS_CAUSE,CA6390
D2888,HAS_CAUSE,CA6391
D2888,HAS_CAUSE,CA4867
D2888,HAS_CAUSE,CA6392
D2888,HAS_CAUSE,CA6393
D2889,HAS_CAUSE,CA6394
D2889,HAS_CAUSE,CA6395
D2890,HAS_CAUSE,CA2679
D2890,HAS_CAUSE,CA6396
D2890,HAS_CAUSE,CA345
D2890,HAS_CAUSE,CA6397
D2890,HAS_CAUSE,CA6398
D2890,HAS_CAUSE,CA6399
D2890,HAS_CAUSE,CA6400
D2890,HAS_CAUSE,CA6401
D2890,HAS_CAUSE,CA6402
D2890,HAS_CAUSE,CA6403
D2890,HAS_CAUSE,CA6404
D2890,HAS_CAUSE,CA6405
D2891,AFFECTS,O002
D2891,HAS_CAUSE,CA6406
D2891,HAS_CAUSE,CA6407
D2892,HAS_SYMPTOM,S7368
D2892,HAS_CAUSE,CA1861
D2892,HAS_CAUSE,CA1862
D2892,HAS_CAUSE,CA6408
RF2163,INCREASES_RISK_OF,D2892
RF2164,INCREASES_RISK_OF,D2892
RF2165,INCREASES_RISK_OF,D2892
RF2166,INCREASES_RISK_OF,D2892
D2893,HAS_CAUSE,CA6409
D2893,HAS_CAUSE,CA2780
D2893,HAS_CAUSE,CA6410
D2894,HAS_CAUSE,CA6411
D2894,HAS_CAUSE,CA6412
D2894,HAS_CAUSE,CA6413
D2894,HAS_CAUSE,CA6414
D2894,HAS_CAUSE,CA6415
D2895,AFFECTS,O004
D2895,HAS_SYMPTOM,S052
D2895,HAS_SYMPTOM,S7369
D2895,HAS_SYMPTOM,S079
D2895,HAS_SYMPTOM,S187
D2895,HAS_SYMPTOM,S127
D2895,HAS_CAUSE,CA6416
D2895,HAS_CAUSE,CA222
D2895,HAS_CAUSE,CA3301
D2895,HAS_CAUSE,CA6417
D2895,HAS_CAUSE,CA6418
D2895,HAS_CAUSE,CA3546
D2895,HAS_CAUSE,CA6419
D2895,HAS_CAUSE,CA6420
D2895,HAS_CAUSE,CA6421
D2895,HAS_CAUSE,CA6422
D2895,MANAGED_BY,TR4963
D2896,AFFECTS,O001
D2896,AFFECTS,O003
D2897,AFFECTS,O003
D2897,HAS_SYMPTOM,S7370
D2897,HAS_SYMPTOM,S7371
D2897,HAS_CAUSE,CA6423
D2897,HAS_CAUSE,CA6424
D2897,HAS_CAUSE,CA6425
D2897,HAS_CAUSE,CA6426
D2897,MANAGED_BY,TR4964
D2897,CAN_CAUSE,C2027
D2897,CAN_CAUSE,C2028
D2897,CAN_CAUSE,C2029
D2897,MANAGED_BY,TR4965
D2898,AFFECTS,O003
D2898,HAS_SYMPTOM,S7372
D2898,HAS_SYMPTOM,S7373
D2898,HAS_SYMPTOM,S7374
D2898,HAS_SYMPTOM,S7375
D2898,HAS_SYMPTOM,S7376
D2898,HAS_CAUSE,CA6299
D2898,HAS_CAUSE,CA6427
D2898,HAS_CAUSE,CA6428
D2898,HAS_CAUSE,CA6429
D2898,HAS_CAUSE,CA6430
D2898,HAS_CAUSE,CA6431
D2898,HAS_CAUSE,CA6432
RF2167,INCREASES_RISK_OF,D2898
RF2168,INCREASES_RISK_OF,D2898
RF2169,INCREASES_RISK_OF,D2898
RF884,INCREASES_RISK_OF,D2898
RF882,INCREASES_RISK_OF,D2898
RF2170,INCREASES_RISK_OF,D2898
RF2171,INCREASES_RISK_OF,D2898
RF2172,INCREASES_RISK_OF,D2898
RF072,INCREASES_RISK_OF,D2898
RF076,INCREASES_RISK_OF,D2898
RF077,INCREASES_RISK_OF,D2898
RF2173,INCREASES_RISK_OF,D2898
D2898,MANAGED_BY,TR4966
D2898,MANAGED_BY,TR4967
D2898,MANAGED_BY,TR4968
D2898,MANAGED_BY,TR4969
D2898,CAN_CAUSE,C2030
D2898,MANAGED_BY,TR4970
D2898,MANAGED_BY,TR4971
D2898,MANAGED_BY,TR1223
D2898,MANAGED_BY,TR1224
D2898,MANAGED_BY,TR4972
D2898,MANAGED_BY,TR4973
D2899,AFFECTS,O003
D2899,HAS_SYMPTOM,S7377
D2899,HAS_SYMPTOM,S7378
D2899,HAS_CAUSE,CA6433
D2899,MANAGED_BY,TR4974
D2899,MANAGED_BY,TR4975
D2899,DIAGNOSED_BY,T3491
D2899,DIAGNOSED_BY,T3492
D2899,DIAGNOSED_BY,T3493
D2899,DIAGNOSED_BY,T3494
D2899,CAN_CAUSE,C2031
D2899,CAN_CAUSE,C2032
D2899,CAN_CAUSE,C2033
D2899,CAN_CAUSE,C2034
D2899,MANAGED_BY,TR4976
D2900,HAS_SYMPTOM,S7379
D2900,HAS_CAUSE,CA378
D2900,HAS_CAUSE,CA6434
D2900,HAS_CAUSE,CA3663
D2900,HAS_CAUSE,CA595
D2900,HAS_CAUSE,CA1272
D2900,HAS_CAUSE,CA2529
D2900,HAS_CAUSE,CA049
D2900,HAS_CAUSE,CA6435
D2900,HAS_CAUSE,CA6436
D2900,HAS_CAUSE,CA222
D2900,HAS_CAUSE,CA2765
D2900,HAS_CAUSE,CA4790
D2900,MANAGED_BY,TR4977
D2900,MANAGED_BY,TR4978
D2900,MANAGED_BY,TR4979
D2900,DIAGNOSED_BY,T3495
D2900,CAN_CAUSE,C2035
D2900,CAN_CAUSE,C2036
D2900,CAN_CAUSE,C2037
D2900,CAN_CAUSE,C2038
D2900,CAN_CAUSE,C2039
D2900,MANAGED_BY,TR4980
D2900,MANAGED_BY,TR4981
D2904,AFFECTS,O003
D2905,AFFECTS,O003
D2905,HAS_SYMPTOM,S7380
D2905,HAS_SYMPTOM,S156
D2905,HAS_SYMPTOM,S7381
D2905,HAS_CAUSE,CA6437
D2905,HAS_CAUSE,CA6438
D2905,HAS_CAUSE,CA6439
D2905,HAS_CAUSE,CA6440
D2905,HAS_CAUSE,CA6441
D2905,HAS_CAUSE,CA5887
D2906,AFFECTS,O003
D2906,HAS_SYMPTOM,S4737
D2906,HAS_SYMPTOM,S7382
D2906,HAS_SYMPTOM,S7383
D2906,HAS_SYMPTOM,S7384
D2906,HAS_SYMPTOM,S7385
D2906,HAS_SYMPTOM,S7386
D2906,HAS_CAUSE,CA6442
RF2174,INCREASES_RISK_OF,D2906
D2906,MANAGED_BY,TR4982
D2906,MANAGED_BY,TR4983
D2906,MANAGED_BY,TR4984
D2907,AFFECTS,O002
D2907,AFFECTS,O003
D2907,HAS_CAUSE,CA6443
D2907,HAS_CAUSE,CA6444
D2907,HAS_CAUSE,CA6445
D2907,HAS_CAUSE,CA6446
D2907,HAS_CAUSE,CA6447
D2907,HAS_CAUSE,CA2510
D2907,HAS_CAUSE,CA6448
D2908,AFFECTS,O002
D2908,AFFECTS,O003
D2908,HAS_CAUSE,CA6449
D2909,AFFECTS,O003
D2909,HAS_SYMPTOM,S7387
D2909,HAS_SYMPTOM,S7388
D2909,HAS_SYMPTOM,S7389
D2909,HAS_SYMPTOM,S7390
D2909,HAS_SYMPTOM,S7391
D2909,HAS_SYMPTOM,S7392
D2909,HAS_CAUSE,CA6450
RF2175,INCREASES_RISK_OF,D2909
D2909,MANAGED_BY,TR4985
D2909,MANAGED_BY,TR4986
D2909,DIAGNOSED_BY,T3496
D2909,DIAGNOSED_BY,T051
D2909,DIAGNOSED_BY,T005
D2909,DIAGNOSED_BY,T480
D2909,DIAGNOSED_BY,T3497
D2909,DIAGNOSED_BY,T500
D2909,DIAGNOSED_BY,T857
D2909,DIAGNOSED_BY,T3498
D2909,DIAGNOSED_BY,T3499
D2909,CAN_CAUSE,C2040
D2909,CAN_CAUSE,C2041
D2909,MANAGED_BY,TR4987
D2909,MANAGED_BY,TR4988
D2910,AFFECTS,O003
D2910,HAS_CAUSE,CA6451
D2910,HAS_CAUSE,CA6452
D2910,MANAGED_BY,TR4989
D2910,DIAGNOSED_BY,T3500
D2910,CAN_CAUSE,C1718
D2911,AFFECTS,O003
D2911,HAS_SYMPTOM,S7393
D2911,HAS_SYMPTOM,S7394
D2911,HAS_SYMPTOM,S1764
D2911,HAS_SYMPTOM,S7395
D2911,HAS_CAUSE,CA6453
D2911,HAS_CAUSE,CA1868
D2911,HAS_CAUSE,CA6454
D2911,HAS_CAUSE,CA1903
D2911,HAS_CAUSE,CA410
D2911,MANAGED_BY,TR4990
D2911,MANAGED_BY,TR4991
D2911,MANAGED_BY,TR4992
D2911,MANAGED_BY,TR4993
D2911,DIAGNOSED_BY,T3501
D2912,AFFECTS,O003
D2912,HAS_SYMPTOM,S7396
D2912,HAS_SYMPTOM,S7397
RF2176,INCREASES_RISK_OF,D2912
RF063,INCREASES_RISK_OF,D2912
RF2177,INCREASES_RISK_OF,D2912
RF2178,INCREASES_RISK_OF,D2912
RF2179,INCREASES_RISK_OF,D2912
RF960,INCREASES_RISK_OF,D2912
RF2180,INCREASES_RISK_OF,D2912
RF2181,INCREASES_RISK_OF,D2912
RF2182,INCREASES_RISK_OF,D2912
RF2183,INCREASES_RISK_OF,D2912
RF2184,INCREASES_RISK_OF,D2912
RF2185,INCREASES_RISK_OF,D2912
D2912,MANAGED_BY,TR4994
D2913,AFFECTS,O003
D2913,HAS_CAUSE,CA6455
D2914,AFFECTS,O003
D2914,HAS_CAUSE,CA6456
D2914,HAS_CAUSE,CA6457
D2914,HAS_CAUSE,CA6458
D2915,AFFECTS,O002
D2915,AFFECTS,O003
D2915,HAS_SYMPTOM,S7398
D2915,HAS_CAUSE,CA6459
D2915,HAS_CAUSE,CA6460
D2915,HAS_CAUSE,CA6461
D2915,HAS_CAUSE,CA189
D2915,HAS_CAUSE,CA3739
D2915,HAS_CAUSE,CA1257
D2915,HAS_CAUSE,CA4970
D2915,HAS_CAUSE,CA6462
D2915,HAS_CAUSE,CA6463
D2915,HAS_CAUSE,CA6464
D2915,HAS_CAUSE,CA2510
D2915,HAS_CAUSE,CA6465
D2915,MANAGED_BY,TR4995
D2915,MANAGED_BY,TR4996
D2915,MANAGED_BY,TR4997
D2915,MANAGED_BY,TR4998
D2915,MANAGED_BY,TR4999
D2915,MANAGED_BY,TR4336
D2915,MANAGED_BY,TR5000
D2915,MANAGED_BY,TR107
D2915,MANAGED_BY,TR5001
D2915,MANAGED_BY,TR5002
D2915,MANAGED_BY,TR5003
D2915,DIAGNOSED_BY,T836
D2915,DIAGNOSED_BY,T746
D2915,DIAGNOSED_BY,T3502
D2915,DIAGNOSED_BY,T013
D2915,DIAGNOSED_BY,T3503
D2915,DIAGNOSED_BY,T012
D2916,AFFECTS,O003
D2916,AFFECTS,O020
D2917,AFFECTS,O004
D2917,AFFECTS,O003
D2917,HAS_SYMPTOM,S7399
D2917,HAS_SYMPTOM,S7400
D2917,HAS_SYMPTOM,S7401
D2917,HAS_SYMPTOM,S7402
D2917,HAS_SYMPTOM,S7403
D2917,HAS_CAUSE,CA4077
RF2186,INCREASES_RISK_OF,D2917
D2917,MANAGED_BY,TR5004
D2917,MANAGED_BY,TR5005
D2917,MANAGED_BY,TR5006
D2917,MANAGED_BY,TR5007
D2917,MANAGED_BY,TR5008
D2917,MANAGED_BY,TR5009
D2917,MANAGED_BY,TR5010
D2917,MANAGED_BY,TR5011
D2918,HAS_SYMPTOM,S7404
D2918,HAS_SYMPTOM,S7405
D2918,HAS_SYMPTOM,S7406
D2918,HAS_SYMPTOM,S7407
D2918,HAS_SYMPTOM,S7408
D2918,HAS_SYMPTOM,S7224
D2918,HAS_SYMPTOM,S7409
D2918,HAS_SYMPTOM,S7410
D2918,HAS_SYMPTOM,S7411
D2918,HAS_CAUSE,CA6466
D2918,HAS_CAUSE,CA210
D2918,HAS_CAUSE,CA6467
D2918,HAS_CAUSE,CA131
D2918,HAS_CAUSE,CA6468
D2918,HAS_CAUSE,CA6469
D2918,HAS_CAUSE,CA6470
D2918,HAS_CAUSE,CA6471
D2918,HAS_CAUSE,CA6472
D2918,HAS_CAUSE,CA6473
D2918,HAS_CAUSE,CA6474
RF380,INCREASES_RISK_OF,D2918
D2918,DIAGNOSED_BY,T2958
D2918,DIAGNOSED_BY,T3504
D2918,DIAGNOSED_BY,T3505
D2918,DIAGNOSED_BY,T051
D2918,DIAGNOSED_BY,T330
D2918,DIAGNOSED_BY,T3506
D2918,DIAGNOSED_BY,T004
D2918,DIAGNOSED_BY,T3507
D2918,DIAGNOSED_BY,T3508
D2918,CAN_CAUSE,C2042
D2918,CAN_CAUSE,C2043
D2920,HAS_SYMPTOM,S7412
D2920,HAS_CAUSE,CA6475
D2920,HAS_CAUSE,CA6476
D2920,HAS_CAUSE,CA6477
D2920,HAS_CAUSE,CA6478
D2920,DIAGNOSED_BY,T3509
D2920,DIAGNOSED_BY,T3510
D2920,CAN_CAUSE,C997
D2920,CAN_CAUSE,C680
D2920,CAN_CAUSE,C287
D2920,CAN_CAUSE,C2044
D2921,AFFECTS,O001
D2922,AFFECTS,O001
D2923,AFFECTS,O001
D2923,HAS_SYMPTOM,S7413
D2923,HAS_SYMPTOM,S7414
D2923,HAS_SYMPTOM,S7415
D2923,HAS_SYMPTOM,S4908
D2923,HAS_CAUSE,CA2983
D2923,HAS_CAUSE,CA187
D2923,HAS_CAUSE,CA008
D2923,HAS_CAUSE,CA6479
D2923,HAS_CAUSE,CA6480
D2923,HAS_CAUSE,CA6481
RF2187,INCREASES_RISK_OF,D2923
RF2188,INCREASES_RISK_OF,D2923
RF2189,INCREASES_RISK_OF,D2923
RF2190,INCREASES_RISK_OF,D2923
RF2191,INCREASES_RISK_OF,D2923
D2923,MANAGED_BY,TR5012
D2923,MANAGED_BY,TR5013
D2923,MANAGED_BY,TR5014
D2923,MANAGED_BY,TR5015
D2923,DIAGNOSED_BY,T3511
D2923,MANAGED_BY,TR5016
D2923,MANAGED_BY,TR5017
D2924,HAS_SYMPTOM,S758
D2924,HAS_SYMPTOM,S514
D2924,HAS_SYMPTOM,S7416
D2924,HAS_SYMPTOM,S3623
D2924,HAS_SYMPTOM,S7417
D2924,HAS_SYMPTOM,S7418
D2924,HAS_SYMPTOM,S1728
D2924,HAS_SYMPTOM,S7419
D2924,HAS_SYMPTOM,S7420
D2924,HAS_SYMPTOM,S7421
D2924,HAS_SYMPTOM,S3401
D2924,HAS_SYMPTOM,S760
D2925,AFFECTS,O002
D2925,HAS_SYMPTOM,S7422
D2925,HAS_SYMPTOM,S7423
D2925,HAS_SYMPTOM,S7424
D2925,HAS_SYMPTOM,S7425
D2925,HAS_SYMPTOM,S7426
D2925,HAS_CAUSE,CA6482
D2925,HAS_CAUSE,CA512
D2925,HAS_CAUSE,CA6483
D2925,HAS_CAUSE,CA6484
RF2192,INCREASES_RISK_OF,D2925
RF2193,INCREASES_RISK_OF,D2925
D2926,AFFECTS,O006
D2926,AFFECTS,O002
D2926,HAS_SYMPTOM,S7427
D2926,HAS_SYMPTOM,S2464
D2926,HAS_SYMPTOM,S2465
D2926,HAS_SYMPTOM,S7428
D2926,HAS_SYMPTOM,S7429
D2926,HAS_SYMPTOM,S7430
D2926,HAS_SYMPTOM,S7431
D2926,HAS_SYMPTOM,S7432
D2926,HAS_SYMPTOM,S7433
D2926,HAS_SYMPTOM,S7434
D2926,HAS_SYMPTOM,S7435
D2926,HAS_CAUSE,CA189
D2926,HAS_CAUSE,CA6485
D2926,HAS_CAUSE,CA6486
D2926,HAS_CAUSE,CA6487
D2926,HAS_CAUSE,CA6488
D2926,HAS_CAUSE,CA6489
D2926,HAS_CAUSE,CA6490
D2926,MANAGED_BY,TR5018
D2926,MANAGED_BY,TR5019
D2926,MANAGED_BY,TR5020
D2926,MANAGED_BY,TR5021
D2926,DIAGNOSED_BY,T005
D2926,DIAGNOSED_BY,T191
D2926,DIAGNOSED_BY,T616
D2926,CAN_CAUSE,C2045
D2926,CAN_CAUSE,C294
D2926,CAN_CAUSE,C631
D2926,CAN_CAUSE,C632
D2926,CAN_CAUSE,C117
D2926,CAN_CAUSE,C638
D2926,CAN_CAUSE,C1658
D2926,CAN_CAUSE,C1169
D2926,MANAGED_BY,TR5022
D2926,MANAGED_BY,TR5023
D2926,MANAGED_BY,TR5024
D2926,MANAGED_BY,TR5025
D2927,HAS_SYMPTOM,S7436
D2927,HAS_SYMPTOM,S7437
D2927,HAS_SYMPTOM,S078
D2927,HAS_SYMPTOM,S079
D2927,HAS_SYMPTOM,S7438
D2927,HAS_SYMPTOM,S312
D2927,HAS_CAUSE,CA6491
D2927,HAS_CAUSE,CA6492
D2927,HAS_CAUSE,CA6493
D2927,HAS_CAUSE,CA6494
D2927,DIAGNOSED_BY,T051
D2927,DIAGNOSED_BY,T1171
D2927,DIAGNOSED_BY,T1172
D2927,DIAGNOSED_BY,T1173
D2927,CAN_CAUSE,C2046
D2927,CAN_CAUSE,C2047
D2927,MANAGED_BY,TR1598
D2928,HAS_SYMPTOM,S7439
D2928,HAS_CAUSE,CA6495
D2928,HAS_CAUSE,CA212
RF2194,INCREASES_RISK_OF,D2928
RF2195,INCREASES_RISK_OF,D2928
RF2196,INCREASES_RISK_OF,D2928
RF2197,INCREASES_RISK_OF,D2928
RF2198,INCREASES_RISK_OF,D2928
D2929,HAS_SYMPTOM,S7440
D2929,HAS_SYMPTOM,S7441
D2929,HAS_CAUSE,CA6496
RF2199,INCREASES_RISK_OF,D2929
RF2200,INCREASES_RISK_OF,D2929
D2929,MANAGED_BY,TR5026
D2930,AFFECTS,O001
D2930,HAS_SYMPTOM,S7442
D2930,HAS_SYMPTOM,S7443
D2930,HAS_SYMPTOM,S7444
D2930,HAS_SYMPTOM,S7445
D2930,HAS_SYMPTOM,S7446
D2930,HAS_SYMPTOM,S7447
D2930,HAS_SYMPTOM,S7448
D2930,HAS_CAUSE,CA6497
D2930,HAS_CAUSE,CA6498
D2930,HAS_CAUSE,CA6499
D2930,HAS_CAUSE,CA187
D2930,HAS_CAUSE,CA008
D2930,HAS_CAUSE,CA6500
D2930,HAS_CAUSE,CA6501
D2930,MANAGED_BY,TR5027
D2930,MANAGED_BY,TR5028
D2930,DIAGNOSED_BY,T3512
D2932,HAS_SYMPTOM,S7449
D2932,HAS_SYMPTOM,S046
D2932,HAS_SYMPTOM,S393
D2932,HAS_SYMPTOM,S7450
D2932,HAS_CAUSE,CA6502
D2932,HAS_CAUSE,CA6503
D2932,HAS_CAUSE,CA6504
RF2201,INCREASES_RISK_OF,D2932
RF2202,INCREASES_RISK_OF,D2932
RF2203,INCREASES_RISK_OF,D2932
RF2204,INCREASES_RISK_OF,D2932
D2932,MANAGED_BY,TR5029
D2932,MANAGED_BY,TR5030
D2932,MANAGED_BY,TR5031
D2932,MANAGED_BY,TR5032
D2932,MANAGED_BY,TR5033
D2932,MANAGED_BY,TR341
D2932,MANAGED_BY,TR713
D2932,MANAGED_BY,TR059
D2932,CAN_CAUSE,C2048
D2932,CAN_CAUSE,C2049
D2933,HAS_SYMPTOM,S7451
D2933,HAS_SYMPTOM,S7452
RF1318,INCREASES_RISK_OF,D2933
RF057,INCREASES_RISK_OF,D2933
RF2205,INCREASES_RISK_OF,D2933
RF2206,INCREASES_RISK_OF,D2933
RF2207,INCREASES_RISK_OF,D2933
RF2208,INCREASES_RISK_OF,D2933
D2934,AFFECTS,O006
D2935,HAS_SYMPTOM,S7453
D2935,HAS_CAUSE,CA6505
D2935,MANAGED_BY,TR5034
D2935,DIAGNOSED_BY,T3513
D2935,CAN_CAUSE,C2050
D2935,CAN_CAUSE,C2051
D2935,CAN_CAUSE,C2052
D2936,HAS_SYMPTOM,S7454
D2936,HAS_SYMPTOM,S7455
D2936,HAS_SYMPTOM,S970
D2936,HAS_SYMPTOM,S201
D2936,HAS_SYMPTOM,S7456
D2936,HAS_SYMPTOM,S7457
D2936,HAS_SYMPTOM,S7458
D2936,HAS_CAUSE,CA6506
D2936,MANAGED_BY,TR5035
D2936,MANAGED_BY,TR1865
D2936,MANAGED_BY,TR2715
D2936,MANAGED_BY,TR1262
D2936,DIAGNOSED_BY,T3514
D2936,DIAGNOSED_BY,T616
D2936,DIAGNOSED_BY,T3515
D2936,DIAGNOSED_BY,T052
D2936,DIAGNOSED_BY,T3516
D2936,DIAGNOSED_BY,T3517
D2936,DIAGNOSED_BY,T3518
D2936,CAN_CAUSE,C2053
D2936,CAN_CAUSE,C2039
D2936,CAN_CAUSE,C2054
D2938,AFFECTS,O016
D2939,AFFECTS,O006
D2939,HAS_SYMPTOM,S416
D2939,HAS_SYMPTOM,S573
D2939,HAS_SYMPTOM,S7459
D2939,HAS_SYMPTOM,S4648
D2939,HAS_SYMPTOM,S329
D2939,HAS_SYMPTOM,S7460
D2939,HAS_CAUSE,CA4613
D2939,HAS_CAUSE,CA6507
D2939,HAS_CAUSE,CA175
D2939,DIAGNOSED_BY,T132
D2939,DIAGNOSED_BY,T3519
D2939,DIAGNOSED_BY,T3520
D2939,DIAGNOSED_BY,T3521
D2939,DIAGNOSED_BY,T3522
D2939,DIAGNOSED_BY,T500
D2939,DIAGNOSED_BY,T177
D2939,DIAGNOSED_BY,T3523
D2939,CAN_CAUSE,C2055
D2939,CAN_CAUSE,C2056
D2939,CAN_CAUSE,C2057
D2939,CAN_CAUSE,C2058
D2939,CAN_CAUSE,C2059
D2940,AFFECTS,O004
D2940,HAS_CAUSE,CA6508
D2940,HAS_CAUSE,CA6509
D2940,HAS_CAUSE,CA6510
D2940,HAS_CAUSE,CA6511
D2940,HAS_CAUSE,CA6512
D2940,HAS_CAUSE,CA092
D2940,HAS_CAUSE,CA6513
D2940,HAS_CAUSE,CA6514
D2941,AFFECTS,O008
D2942,HAS_SYMPTOM,S7461
D2942,HAS_SYMPTOM,S7462
D2942,HAS_CAUSE,CA6515
D2942,HAS_CAUSE,CA6516
RF2209,INCREASES_RISK_OF,D2942
RF2210,INCREASES_RISK_OF,D2942
D2943,HAS_SYMPTOM,S3974
D2943,HAS_SYMPTOM,S7463
D2943,HAS_SYMPTOM,S7464
D2943,HAS_SYMPTOM,S7465
D2943,HAS_SYMPTOM,S474
D2943,HAS_CAUSE,CA6517
D2943,DIAGNOSED_BY,T3524
D2943,DIAGNOSED_BY,T066
D2943,DIAGNOSED_BY,T049
D2943,DIAGNOSED_BY,T111
D2943,DIAGNOSED_BY,T3525
D2943,DIAGNOSED_BY,T040
D2943,DIAGNOSED_BY,T3526
D2943,CAN_CAUSE,C2060
D2943,CAN_CAUSE,C725
D2944,AFFECTS,O005
D2944,HAS_SYMPTOM,S7466
D2944,HAS_CAUSE,CA6518
D2944,HAS_CAUSE,CA556
D2944,HAS_CAUSE,CA6519
D2944,HAS_CAUSE,CA6520
D2944,HAS_CAUSE,CA6521
D2944,HAS_CAUSE,CA6522
D2944,HAS_CAUSE,CA2308
D2944,HAS_CAUSE,CA6523
D2944,HAS_CAUSE,CA1155
D2944,HAS_CAUSE,CA6524
D2944,HAS_CAUSE,CA1221
D2944,HAS_CAUSE,CA6525
D2944,MANAGED_BY,TR5036
D2944,DIAGNOSED_BY,T3527
D2945,AFFECTS,O016
D2945,HAS_SYMPTOM,S7467
D2945,HAS_SYMPTOM,S7468
D2945,HAS_SYMPTOM,S7469
D2945,HAS_SYMPTOM,S7470
D2945,HAS_SYMPTOM,S7471
RF2211,INCREASES_RISK_OF,D2945
D2945,MANAGED_BY,TR5037
D2945,MANAGED_BY,TR5038
D2945,MANAGED_BY,TR1224
D2945,DIAGNOSED_BY,T3528
D2945,DIAGNOSED_BY,T3529
D2945,DIAGNOSED_BY,T3530
D2945,DIAGNOSED_BY,T3531
D2945,DIAGNOSED_BY,T3532
D2945,DIAGNOSED_BY,T3533
D2945,CAN_CAUSE,C2061
D2946,HAS_SYMPTOM,S7472
D2946,HAS_SYMPTOM,S7473
D2946,HAS_SYMPTOM,S7474
D2946,HAS_CAUSE,CA6526
D2946,HAS_CAUSE,CA6527
D2946,HAS_CAUSE,CA6528
D2946,MANAGED_BY,TR5039
D2946,MANAGED_BY,TR5040
D2946,MANAGED_BY,TR5041
D2946,MANAGED_BY,TR5042
D2946,MANAGED_BY,TR3890
D2946,MANAGED_BY,TR5043
D2946,MANAGED_BY,TR5044
D2947,AFFECTS,O007
D2947,HAS_SYMPTOM,S7475
D2947,HAS_SYMPTOM,S2104
D2947,HAS_SYMPTOM,S141
D2947,HAS_SYMPTOM,S866
D2947,HAS_SYMPTOM,S7476
D2947,HAS_SYMPTOM,S133
D2947,HAS_CAUSE,CA2886
D2947,HAS_CAUSE,CA6529
D2947,HAS_CAUSE,CA6530
D2947,HAS_CAUSE,CA6531
D2947,HAS_CAUSE,CA6532
D2947,HAS_CAUSE,CA6533
D2947,MANAGED_BY,TR1632
D2947,MANAGED_BY,TR5045
D2947,MANAGED_BY,TR392
D2947,MANAGED_BY,TR5046
D2947,MANAGED_BY,TR5047
D2947,MANAGED_BY,TR5048
D2947,MANAGED_BY,TR5049
D2947,MANAGED_BY,TR5050
D2947,MANAGED_BY,TR1151
D2947,DIAGNOSED_BY,T394
D2947,DIAGNOSED_BY,T225
D2947,DIAGNOSED_BY,T3534
D2947,CAN_CAUSE,C2062
D2947,CAN_CAUSE,C2063
D2947,CAN_CAUSE,C2064
D2947,CAN_CAUSE,C2065
D2947,MANAGED_BY,TR5051
D2949,HAS_SYMPTOM,S7477
D2949,HAS_SYMPTOM,S041
D2949,HAS_SYMPTOM,S096
D2949,HAS_SYMPTOM,S7478
D2949,DIAGNOSED_BY,T3535
D2949,DIAGNOSED_BY,T3536
D2949,CAN_CAUSE,C2066
D2949,CAN_CAUSE,C2067
D2949,CAN_CAUSE,C2068
D2949,MANAGED_BY,TR5052
D2949,MANAGED_BY,TR5053
D2950,HAS_CAUSE,CA293
D2950,HAS_CAUSE,CA6534
D2950,HAS_CAUSE,CA6535
D2951,HAS_CAUSE,CA6536
D2951,HAS_CAUSE,CA6537
D2951,HAS_CAUSE,CA6538
D2951,HAS_CAUSE,CA6539
D2951,HAS_CAUSE,CA6540
D2951,HAS_CAUSE,CA6541
D2951,HAS_CAUSE,CA6542
D2951,HAS_CAUSE,CA6543
D2952,AFFECTS,O002
D2952,HAS_SYMPTOM,S5751
D2952,HAS_SYMPTOM,S5752
D2952,HAS_SYMPTOM,S093
D2952,HAS_SYMPTOM,S018
D2952,HAS_SYMPTOM,S7479
D2952,HAS_SYMPTOM,S7480
D2952,HAS_SYMPTOM,S5754
D2952,HAS_SYMPTOM,S7481
D2952,HAS_SYMPTOM,S142
D2952,HAS_SYMPTOM,S3104
D2952,HAS_SYMPTOM,S7482
D2952,HAS_SYMPTOM,S7483
D2952,HAS_CAUSE,CA6544
D2952,HAS_CAUSE,CA6545
D2952,HAS_CAUSE,CA378
D2952,HAS_CAUSE,CA6546
D2952,HAS_CAUSE,CA390
D2952,HAS_CAUSE,CA6547
D2952,HAS_CAUSE,CA6548
D2952,HAS_CAUSE,CA293
D2952,HAS_CAUSE,CA6549
D2952,HAS_CAUSE,CA6550
D2952,HAS_CAUSE,CA2838
D2952,MANAGED_BY,TR5054
D2952,MANAGED_BY,TR5055
D2952,MANAGED_BY,TR5056
D2952,MANAGED_BY,TR5057
D2952,MANAGED_BY,TR5058
D2952,MANAGED_BY,TR5059
D2952,MANAGED_BY,TR5060
D2952,DIAGNOSED_BY,T292
D2952,DIAGNOSED_BY,T040
D2952,DIAGNOSED_BY,T3537
D2952,DIAGNOSED_BY,T1079
D2952,DIAGNOSED_BY,T2705
D2952,DIAGNOSED_BY,T3538
D2952,DIAGNOSED_BY,T3539
D2952,DIAGNOSED_BY,T3540
D2952,DIAGNOSED_BY,T3541
D2952,CAN_CAUSE,C2069
D2952,CAN_CAUSE,C1559
D2952,CAN_CAUSE,C1560
D2952,CAN_CAUSE,C1561
D2952,MANAGED_BY,TR5061
D2952,MANAGED_BY,TR5062
D2952,MANAGED_BY,TR5063
D2952,MANAGED_BY,TR5064
D2952,MANAGED_BY,TR5065
D2953,AFFECTS,O002
D2953,HAS_SYMPTOM,S7484
D2953,HAS_SYMPTOM,S7485
D2953,HAS_SYMPTOM,S7410
D2953,HAS_SYMPTOM,S7486
D2953,HAS_SYMPTOM,S7487
D2953,HAS_CAUSE,CA293
D2953,HAS_CAUSE,CA6551
D2953,HAS_CAUSE,CA6552
D2953,HAS_CAUSE,CA6553
D2953,HAS_CAUSE,CA6554
D2953,HAS_CAUSE,CA6555
D2953,HAS_CAUSE,CA6556
D2953,HAS_CAUSE,CA6557
D2953,HAS_CAUSE,CA6558
D2953,HAS_CAUSE,CA6559
D2953,HAS_CAUSE,CA378
D2953,HAS_CAUSE,CA1509
D2953,MANAGED_BY,TR194
D2953,DIAGNOSED_BY,T3542
D2953,DIAGNOSED_BY,T3543
D2953,CAN_CAUSE,C2070
D2953,CAN_CAUSE,C013
D2953,MANAGED_BY,TR5066
D2953,MANAGED_BY,TR3351
D2953,MANAGED_BY,TR059
D2953,MANAGED_BY,TR5067
D2953,MANAGED_BY,TR5068
D2953,MANAGED_BY,TR5069
D2953,MANAGED_BY,TR5070
D2954,HAS_SYMPTOM,S7488
D2954,HAS_SYMPTOM,S7489
D2954,HAS_SYMPTOM,S7490
D2954,HAS_SYMPTOM,S7491
D2954,HAS_SYMPTOM,S7492
D2954,HAS_SYMPTOM,S7493
D2954,HAS_SYMPTOM,S7494
D2954,HAS_SYMPTOM,S7495
D2954,HAS_SYMPTOM,S7496
D2954,HAS_SYMPTOM,S7497
D2954,HAS_SYMPTOM,S7498
D2954,HAS_SYMPTOM,S7499
D2954,HAS_CAUSE,CA6560
D2954,HAS_CAUSE,CA6561
D2954,HAS_CAUSE,CA6562
RF2212,INCREASES_RISK_OF,D2954
D2954,DIAGNOSED_BY,T3544
D2955,HAS_CAUSE,CA6563
D2955,HAS_CAUSE,CA6564
RF2213,INCREASES_RISK_OF,D2955
D2956,HAS_CAUSE,CA6565
D2956,HAS_CAUSE,CA6566
D2956,HAS_CAUSE,CA6567
D2956,HAS_CAUSE,CA6568
D2956,HAS_CAUSE,CA6569
D2956,HAS_CAUSE,CA6570
D2956,HAS_CAUSE,CA6571
D2956,HAS_CAUSE,CA6572
D2956,HAS_CAUSE,CA6573
D2956,HAS_CAUSE,CA6574
D2956,HAS_CAUSE,CA6575
D2956,HAS_CAUSE,CA6576
RF2214,INCREASES_RISK_OF,D2956
D2957,HAS_SYMPTOM,S7500
D2957,HAS_CAUSE,CA6577
D2957,HAS_CAUSE,CA6578
D2957,HAS_CAUSE,CA4970
D2957,HAS_CAUSE,CA092
D2957,HAS_CAUSE,CA6579
D2957,HAS_CAUSE,CA6580
D2957,HAS_CAUSE,CA6581
D2957,HAS_CAUSE,CA6582
D2957,MANAGED_BY,TR5071
D2957,MANAGED_BY,TR5072
D2957,MANAGED_BY,TR5073
D2957,MANAGED_BY,TR5074
D2957,MANAGED_BY,TR5075
D2957,MANAGED_BY,TR5076
D2957,DIAGNOSED_BY,T005
D2957,DIAGNOSED_BY,T3545
D2957,DIAGNOSED_BY,T3546
D2957,CAN_CAUSE,C2071
D2957,CAN_CAUSE,C2072
D2958,AFFECTS,O016
D2958,HAS_SYMPTOM,S7501
D2958,HAS_SYMPTOM,S7502
D2958,HAS_SYMPTOM,S7503
D2958,HAS_SYMPTOM,S7504
D2958,HAS_SYMPTOM,S243
D2958,HAS_SYMPTOM,S356
D2958,HAS_SYMPTOM,S7505
D2958,MANAGED_BY,TR3753
D2958,DIAGNOSED_BY,T3547
D2958,DIAGNOSED_BY,T005
D2958,DIAGNOSED_BY,T3548
D2958,DIAGNOSED_BY,T058
D2959,AFFECTS,O002
D2959,HAS_CAUSE,CA6583
D2959,HAS_CAUSE,CA404
D2959,HAS_CAUSE,CA6584
D2960,HAS_SYMPTOM,S7506
D2960,HAS_SYMPTOM,S7507
D2960,HAS_SYMPTOM,S3035
D2960,HAS_SYMPTOM,S133
D2960,HAS_SYMPTOM,S096
D2960,HAS_SYMPTOM,S7508
D2960,HAS_CAUSE,CA378
D2960,HAS_CAUSE,CA1014
D2960,DIAGNOSED_BY,T3549
D2960,DIAGNOSED_BY,T3550
D2960,DIAGNOSED_BY,T049
D2960,DIAGNOSED_BY,T3551
D2960,DIAGNOSED_BY,T236
D2960,DIAGNOSED_BY,T3552
D2960,CAN_CAUSE,C2073
D2960,CAN_CAUSE,C757
D2960,CAN_CAUSE,C011
D2960,CAN_CAUSE,C2074
D2960,CAN_CAUSE,C2075
D2960,CAN_CAUSE,C1463
D2960,CAN_CAUSE,C2076
D2960,MANAGED_BY,TR5077
D2961,HAS_SYMPTOM,S7509
D2961,HAS_CAUSE,CA6585
D2961,HAS_CAUSE,CA6586
D2961,HAS_CAUSE,CA6587
RF2215,INCREASES_RISK_OF,D2961
D2961,MANAGED_BY,TR5078
D2961,MANAGED_BY,TR5079
D2961,MANAGED_BY,TR5080
D2961,MANAGED_BY,TR5081
D2961,MANAGED_BY,TR5082
D2961,MANAGED_BY,TR5083
D2961,DIAGNOSED_BY,T899
D2961,DIAGNOSED_BY,T2051
D2961,DIAGNOSED_BY,T3553
D2961,DIAGNOSED_BY,T071
D2961,DIAGNOSED_BY,T3554
D2961,DIAGNOSED_BY,T3555
D2961,DIAGNOSED_BY,T3556
D2961,MANAGED_BY,TR5084
D2961,MANAGED_BY,TR5085
D2961,MANAGED_BY,TR5086
D2962,HAS_SYMPTOM,S7510
D2962,HAS_SYMPTOM,S7511
D2962,HAS_SYMPTOM,S7512
D2962,HAS_SYMPTOM,S1010
D2962,HAS_SYMPTOM,S7513
D2962,HAS_SYMPTOM,S7514
D2962,MANAGED_BY,TR5087
D2962,MANAGED_BY,TR5088
D2962,DIAGNOSED_BY,T3557
D2962,DIAGNOSED_BY,T3558
D2962,DIAGNOSED_BY,T005
D2962,DIAGNOSED_BY,T028
D2962,DIAGNOSED_BY,T3559
D2962,DIAGNOSED_BY,T3560
D2962,DIAGNOSED_BY,T3561
D2962,CAN_CAUSE,C2077
D2962,CAN_CAUSE,C2078
D2963,HAS_SYMPTOM,S4908
D2963,HAS_SYMPTOM,S7515
D2963,HAS_SYMPTOM,S7516
D2963,HAS_SYMPTOM,S7517
D2963,HAS_SYMPTOM,S7518
D2963,HAS_SYMPTOM,S7519
D2963,HAS_CAUSE,CA6588
D2963,HAS_CAUSE,CA6589
D2963,HAS_CAUSE,CA6590
D2963,HAS_CAUSE,CA6591
D2963,MANAGED_BY,TR5089
D2963,MANAGED_BY,TR1394
D2963,MANAGED_BY,TR5090
D2963,CAN_CAUSE,C2079
D2963,CAN_CAUSE,C2080
D2963,CAN_CAUSE,C2081
D2964,HAS_SYMPTOM,S7520
D2964,HAS_SYMPTOM,S7521
D2964,HAS_SYMPTOM,S1006
D2964,HAS_SYMPTOM,S7522
D2964,HAS_SYMPTOM,S7523
D2964,HAS_CAUSE,CA6592
D2964,HAS_CAUSE,CA6593
D2964,HAS_CAUSE,CA6594
D2964,HAS_CAUSE,CA6595
D2964,HAS_CAUSE,CA6596
D2964,MANAGED_BY,TR5091
D2964,MANAGED_BY,TR5092
D2964,MANAGED_BY,TR5093
D2964,MANAGED_BY,TR5094
D2964,DIAGNOSED_BY,T3562
D2964,DIAGNOSED_BY,T3563
D2964,DIAGNOSED_BY,T3564
D2965,HAS_SYMPTOM,S7524
D2965,HAS_SYMPTOM,S7525
D2965,HAS_SYMPTOM,S7526
D2965,HAS_SYMPTOM,S7527
D2965,HAS_SYMPTOM,S7528
D2965,HAS_CAUSE,CA001
D2965,HAS_CAUSE,CA6597
D2965,HAS_CAUSE,CA6598
D2965,HAS_CAUSE,CA6599
D2965,HAS_CAUSE,CA6600
D2965,HAS_CAUSE,CA6601
D2965,HAS_CAUSE,CA6602
D2965,DIAGNOSED_BY,T3565
D2965,DIAGNOSED_BY,T3566
D2965,DIAGNOSED_BY,T3567
D2965,DIAGNOSED_BY,T049
D2965,CAN_CAUSE,C2082
D2965,CAN_CAUSE,C293
D2965,CAN_CAUSE,C2083
D2965,CAN_CAUSE,C2084
D2966,HAS_CAUSE,CA6603
D2966,HAS_CAUSE,CA6604
D2966,HAS_CAUSE,CA6605
RF2216,INCREASES_RISK_OF,D2966
RF2217,INCREASES_RISK_OF,D2966
RF2218,INCREASES_RISK_OF,D2966
D2966,MANAGED_BY,TR2826
D2966,MANAGED_BY,TR5095
D2966,DIAGNOSED_BY,T3568
D2966,DIAGNOSED_BY,T3569
D2966,DIAGNOSED_BY,T3570
D2966,DIAGNOSED_BY,T905
D2966,CAN_CAUSE,C2085
D2966,CAN_CAUSE,C134
D2966,CAN_CAUSE,C2086
D2966,CAN_CAUSE,C992
D2966,CAN_CAUSE,C697
D2967,HAS_CAUSE,CA6606
D2967,HAS_CAUSE,CA6607
D2967,HAS_CAUSE,CA222
D2967,HAS_CAUSE,CA292
D2967,HAS_CAUSE,CA6608
D2967,HAS_CAUSE,CA6609
D2967,HAS_CAUSE,CA6610
D2967,HAS_CAUSE,CA6611
D2967,HAS_CAUSE,CA6612
D2967,HAS_CAUSE,CA6613
D2967,HAS_CAUSE,CA1774
D2967,HAS_CAUSE,CA6614
D2968,AFFECTS,O004
D2968,HAS_CAUSE,CA6615
D2968,MANAGED_BY,TR5096
D2968,MANAGED_BY,TR5097
D2968,MANAGED_BY,TR5098
D2968,MANAGED_BY,TR5099
D2968,DIAGNOSED_BY,T3571
D2968,MANAGED_BY,TR4988
D2969,HAS_SYMPTOM,S7529
D2969,HAS_SYMPTOM,S7530
D2969,HAS_SYMPTOM,S7531
D2969,HAS_SYMPTOM,S1067
D2969,HAS_SYMPTOM,S1068
D2969,HAS_SYMPTOM,S127
D2969,HAS_SYMPTOM,S052
D2969,HAS_SYMPTOM,S042
D2970,HAS_SYMPTOM,S7532
D2971,HAS_SYMPTOM,S473
D2971,HAS_SYMPTOM,S7533
D2971,HAS_SYMPTOM,S663
D2971,HAS_SYMPTOM,S130
D2971,HAS_SYMPTOM,S4869
D2971,HAS_SYMPTOM,S7534
D2971,HAS_SYMPTOM,S7535
D2971,HAS_SYMPTOM,S7536
D2971,HAS_CAUSE,CA6616
D2971,HAS_CAUSE,CA6617
D2971,HAS_CAUSE,CA2698
D2971,MANAGED_BY,TR5100
D2971,DIAGNOSED_BY,T327
D2971,DIAGNOSED_BY,T3572
D2971,DIAGNOSED_BY,T204
D2971,DIAGNOSED_BY,T3573
D2971,DIAGNOSED_BY,T793
D2971,DIAGNOSED_BY,T125
D2971,DIAGNOSED_BY,T3574
D2971,DIAGNOSED_BY,T885
D2971,DIAGNOSED_BY,T096
D2971,DIAGNOSED_BY,T2200
D2971,DIAGNOSED_BY,T3575
D2971,DIAGNOSED_BY,T3576
D2971,MANAGED_BY,TR2002
D2971,MANAGED_BY,TR5101
D2972,AFFECTS,O017
D2972,HAS_CAUSE,CA6618
D2972,HAS_CAUSE,CA6619
D2972,HAS_CAUSE,CA6620
D2972,HAS_CAUSE,CA6621
D2972,HAS_CAUSE,CA6622
D2972,HAS_CAUSE,CA6623
D2972,HAS_CAUSE,CA222
D2972,HAS_CAUSE,CA6624
D2972,HAS_CAUSE,CA6625
D2972,HAS_CAUSE,CA6626
D2972,HAS_CAUSE,CA5924
D2972,HAS_CAUSE,CA610
D2973,HAS_SYMPTOM,S1590
D2973,HAS_SYMPTOM,S7537
D2973,HAS_SYMPTOM,S7538
D2973,HAS_SYMPTOM,S7539
D2973,HAS_SYMPTOM,S7540
D2974,HAS_CAUSE,CA6627
D2974,HAS_CAUSE,CA6628
D2974,HAS_CAUSE,CA391
D2975,HAS_CAUSE,CA001
D2975,HAS_CAUSE,CA465
D2975,HAS_CAUSE,CA6629
D2975,HAS_CAUSE,CA6630
D2975,HAS_CAUSE,CA2690
D2975,HAS_CAUSE,CA5069
D2975,HAS_CAUSE,CA6631
D2975,HAS_CAUSE,CA6632
D2975,HAS_CAUSE,CA2735
D2975,HAS_CAUSE,CA3902
D2975,HAS_CAUSE,CA6633
D2976,HAS_CAUSE,CA128
D2976,HAS_CAUSE,CA6634
D2976,HAS_CAUSE,CA6635
D2976,HAS_CAUSE,CA6636
D2976,HAS_CAUSE,CA1938
D2976,HAS_CAUSE,CA6637
D2976,HAS_CAUSE,CA3379
D2976,HAS_CAUSE,CA008
D2978,HAS_SYMPTOM,S7541
D2978,HAS_SYMPTOM,S7542
D2978,HAS_SYMPTOM,S7543
D2978,HAS_CAUSE,CA6638
D2978,HAS_CAUSE,CA6639
D2978,HAS_CAUSE,CA6640
D2978,HAS_CAUSE,CA6641
D2978,HAS_CAUSE,CA6642
D2978,HAS_CAUSE,CA6643
D2978,HAS_CAUSE,CA6644
D2978,HAS_CAUSE,CA6645
D2978,MANAGED_BY,TR5102
D2978,MANAGED_BY,TR5103
D2978,MANAGED_BY,TR5104
D2978,MANAGED_BY,TR194
D2978,MANAGED_BY,TR5105
D2978,DIAGNOSED_BY,T3577
D2978,DIAGNOSED_BY,T3578
D2978,DIAGNOSED_BY,T3579
D2978,DIAGNOSED_BY,T3580
D2978,DIAGNOSED_BY,T3581
D2978,CAN_CAUSE,C2087
D2978,CAN_CAUSE,C2088
D2978,CAN_CAUSE,C406
D2978,CAN_CAUSE,C2089
D2978,CAN_CAUSE,C2090
D2978,CAN_CAUSE,C2091
D2978,MANAGED_BY,TR5106
D2979,HAS_SYMPTOM,S127
D2979,HAS_SYMPTOM,S7544
D2979,HAS_SYMPTOM,S093
D2979,HAS_SYMPTOM,S2091
D2979,HAS_SYMPTOM,S7545
D2979,HAS_SYMPTOM,S440
D2979,HAS_SYMPTOM,S893
D2979,HAS_SYMPTOM,S7546
D2979,HAS_SYMPTOM,S7547
D2979,HAS_SYMPTOM,S7548
D2979,HAS_SYMPTOM,S7549
D2979,HAS_SYMPTOM,S7550
D2979,HAS_CAUSE,CA6646
D2979,HAS_CAUSE,CA6647
D2979,HAS_CAUSE,CA6648
D2979,HAS_CAUSE,CA191
D2979,MANAGED_BY,TR5107
D2979,MANAGED_BY,TR5108
D2979,MANAGED_BY,TR5109
D2979,DIAGNOSED_BY,T3582
D2979,DIAGNOSED_BY,T005
D2979,DIAGNOSED_BY,T191
D2979,DIAGNOSED_BY,T500
D2979,DIAGNOSED_BY,T177
D2979,CAN_CAUSE,C181
D2979,CAN_CAUSE,C2092
D2979,MANAGED_BY,TR5110
D2979,MANAGED_BY,TR5111
D2979,MANAGED_BY,TR5112
D2980,HAS_SYMPTOM,S2775
D2980,HAS_CAUSE,CA6649
D2980,HAS_CAUSE,CA6650
RF2219,INCREASES_RISK_OF,D2980
D2980,MANAGED_BY,TR5113
D2980,MANAGED_BY,TR233
D2980,MANAGED_BY,TR278
D2980,MANAGED_BY,TR5114
D2981,HAS_SYMPTOM,S1393
D2981,HAS_SYMPTOM,S7551
D2981,HAS_SYMPTOM,S7552
D2981,HAS_SYMPTOM,S7553
RF2220,INCREASES_RISK_OF,D2981
RF2221,INCREASES_RISK_OF,D2981
D2982,HAS_CAUSE,CA1056
D2982,HAS_CAUSE,CA6651
D2982,HAS_CAUSE,CA6652
D2982,HAS_CAUSE,CA6653
D2982,HAS_CAUSE,CA6654
D2982,HAS_CAUSE,CA6655
D2983,HAS_SYMPTOM,S7554
D2983,HAS_SYMPTOM,S7555
D2984,HAS_CAUSE,CA1422
D2984,HAS_CAUSE,CA6656
D2984,HAS_CAUSE,CA6657
RF2222,INCREASES_RISK_OF,D2984
RF2223,INCREASES_RISK_OF,D2984
RF2224,INCREASES_RISK_OF,D2984
RF464,INCREASES_RISK_OF,D2984
RF380,INCREASES_RISK_OF,D2984
D2985,HAS_SYMPTOM,S7556
D2985,HAS_SYMPTOM,S7557
D2985,HAS_CAUSE,CA6658
D2985,DIAGNOSED_BY,T3583
D2986,AFFECTS,O018
D2987,AFFECTS,O019
D2987,HAS_CAUSE,CA6659
D2987,HAS_CAUSE,CA2288
D2987,HAS_CAUSE,CA4419
D2987,HAS_CAUSE,CA292
D2987,HAS_CAUSE,CA001
D2987,HAS_CAUSE,CA4836
D2987,HAS_CAUSE,CA6660
D2987,HAS_CAUSE,CA6661
D2987,HAS_CAUSE,CA6662
D2987,HAS_CAUSE,CA6663
D2987,HAS_CAUSE,CA6664
D2988,HAS_SYMPTOM,S7558
D2988,HAS_SYMPTOM,S7559
D2988,HAS_SYMPTOM,S7560
D2988,HAS_SYMPTOM,S7561
D2988,HAS_SYMPTOM,S7562
D2988,HAS_SYMPTOM,S7563
D2988,HAS_SYMPTOM,S7564
D2988,HAS_SYMPTOM,S7565
D2988,HAS_SYMPTOM,S7566
D2988,HAS_CAUSE,CA001
D2988,MANAGED_BY,TR5115
D2988,MANAGED_BY,TR5116
D2988,MANAGED_BY,TR5117
D2988,DIAGNOSED_BY,T3584
D2988,DIAGNOSED_BY,T3585
D2988,DIAGNOSED_BY,T3586
D2988,DIAGNOSED_BY,T2620
D2988,DIAGNOSED_BY,T282
D2988,DIAGNOSED_BY,T3587
D2988,DIAGNOSED_BY,T3588
D2988,DIAGNOSED_BY,T3589
D2988,DIAGNOSED_BY,T1585
D2988,DIAGNOSED_BY,T3590
D2988,DIAGNOSED_BY,T3591
D2988,CAN_CAUSE,C2093
D2988,CAN_CAUSE,C2094
D2988,CAN_CAUSE,C2095
D2988,MANAGED_BY,TR5118
D2988,MANAGED_BY,TR5119
D2988,MANAGED_BY,TR5120
D2989,HAS_SYMPTOM,S7567
D2989,HAS_SYMPTOM,S7568
RF2225,INCREASES_RISK_OF,D2989
RF464,INCREASES_RISK_OF,D2989
RF380,INCREASES_RISK_OF,D2989
RF2226,INCREASES_RISK_OF,D2989
RF2227,INCREASES_RISK_OF,D2989
RF506,INCREASES_RISK_OF,D2989
RF2228,INCREASES_RISK_OF,D2989
RF2229,INCREASES_RISK_OF,D2989
RF2230,INCREASES_RISK_OF,D2989
RF2231,INCREASES_RISK_OF,D2989
RF2232,INCREASES_RISK_OF,D2989
RF2233,INCREASES_RISK_OF,D2989
D2989,MANAGED_BY,TR5121
D2989,DIAGNOSED_BY,T210
D2989,DIAGNOSED_BY,T005
D2989,DIAGNOSED_BY,T024
D2989,DIAGNOSED_BY,T333
D2989,DIAGNOSED_BY,T159
D2989,DIAGNOSED_BY,T3592
D2989,DIAGNOSED_BY,T3593
D2989,DIAGNOSED_BY,T3594
D2989,DIAGNOSED_BY,T023
D2989,DIAGNOSED_BY,T3595
D2989,DIAGNOSED_BY,T3596
D2989,DIAGNOSED_BY,T3597
D2989,CAN_CAUSE,C134
D2989,CAN_CAUSE,C2096
D2989,CAN_CAUSE,C1463
D2989,MANAGED_BY,TR2220
D2989,MANAGED_BY,TR5122
D2989,MANAGED_BY,TR5123
D2990,HAS_SYMPTOM,S7569
D2990,HAS_SYMPTOM,S7570
D2990,HAS_SYMPTOM,S7571
D2990,HAS_SYMPTOM,S2240
D2990,HAS_SYMPTOM,S7572
D2990,HAS_SYMPTOM,S7573
D2990,HAS_SYMPTOM,S7574
D2990,HAS_SYMPTOM,S7575
D2990,HAS_SYMPTOM,S7576
D2990,HAS_SYMPTOM,S7577
D2990,HAS_SYMPTOM,S2580
D2990,HAS_SYMPTOM,S7578
D2990,HAS_CAUSE,CA378
D2990,HAS_CAUSE,CA6665
D2990,HAS_CAUSE,CA1790
D2990,HAS_CAUSE,CA6666
D2990,HAS_CAUSE,CA6667
D2990,HAS_CAUSE,CA131
D2990,HAS_CAUSE,CA6668
D2990,MANAGED_BY,TR5124
D2990,MANAGED_BY,TR5125
D2990,MANAGED_BY,TR5126
D2990,MANAGED_BY,TR5127
D2990,MANAGED_BY,TR5128
D2990,DIAGNOSED_BY,T3598
D2990,DIAGNOSED_BY,T3599
D2990,DIAGNOSED_BY,T3600
D2990,DIAGNOSED_BY,T3601
D2990,DIAGNOSED_BY,T3602
D2990,DIAGNOSED_BY,T3603
D2990,DIAGNOSED_BY,T3604
D2990,DIAGNOSED_BY,T3605
D2990,DIAGNOSED_BY,T3606
D2990,DIAGNOSED_BY,T3607
D2990,DIAGNOSED_BY,T024
D2990,DIAGNOSED_BY,T005
D2990,CAN_CAUSE,C2097
D2990,CAN_CAUSE,C993
D2990,CAN_CAUSE,C2098
D2990,CAN_CAUSE,C2099
D2990,CAN_CAUSE,C2100
D2990,CAN_CAUSE,C2101
D2990,CAN_CAUSE,C2102
D2990,CAN_CAUSE,C2103
D2990,CAN_CAUSE,C2104
D2990,CAN_CAUSE,C2105
D2990,CAN_CAUSE,C2106
D2990,CAN_CAUSE,C2107
D2990,MANAGED_BY,TR5129
D2990,MANAGED_BY,TR5130
D2991,HAS_SYMPTOM,S758
D2991,HAS_SYMPTOM,S514
D2991,HAS_SYMPTOM,S518
D2991,HAS_SYMPTOM,S3623
D2991,HAS_SYMPTOM,S7579
D2991,HAS_SYMPTOM,S7420
D2991,HAS_SYMPTOM,S7580
D2991,HAS_SYMPTOM,S760
D2991,HAS_SYMPTOM,S5827
D2991,HAS_SYMPTOM,S7581
D2991,HAS_SYMPTOM,S126
D2991,HAS_SYMPTOM,S219
D2992,HAS_SYMPTOM,S133
D2992,HAS_SYMPTOM,S3056
D2992,HAS_SYMPTOM,S056
D2993,AFFECTS,O001
D2994,AFFECTS,O006
D2994,HAS_SYMPTOM,S187
D2994,HAS_CAUSE,CA6669
D2994,HAS_CAUSE,CA6670
D2994,HAS_CAUSE,CA6671
D2994,HAS_CAUSE,CA6672
D2996,HAS_SYMPTOM,S758
D2996,HAS_SYMPTOM,S514
D2996,HAS_SYMPTOM,S1068
D2996,HAS_SYMPTOM,S219
D2996,HAS_SYMPTOM,S4887
D2996,HAS_SYMPTOM,S393
D2996,HAS_SYMPTOM,S441
D2996,HAS_SYMPTOM,S130
D2996,HAS_SYMPTOM,S1669
D2996,HAS_SYMPTOM,S518
D2996,HAS_SYMPTOM,S046
D2996,HAS_SYMPTOM,S898
D2997,HAS_SYMPTOM,S7582
D2997,HAS_SYMPTOM,S7583
D2997,HAS_SYMPTOM,S7584
D2997,HAS_CAUSE,CA6673
D2997,HAS_CAUSE,CA6674
D2997,HAS_CAUSE,CA6675
D2997,HAS_CAUSE,CA6676
D2997,HAS_CAUSE,CA6677
D2997,HAS_CAUSE,CA6678
D2998,AFFECTS,O005
D2999,HAS_SYMPTOM,S7585
D2999,HAS_SYMPTOM,S7586
D2999,HAS_SYMPTOM,S7587
D2999,HAS_CAUSE,CA6679
D2999,HAS_CAUSE,CA6680
RF2234,INCREASES_RISK_OF,D2999
RF2235,INCREASES_RISK_OF,D2999
RF2149,INCREASES_RISK_OF,D2999
RF345,INCREASES_RISK_OF,D2999
RF2236,INCREASES_RISK_OF,D2999
RF2237,INCREASES_RISK_OF,D2999
RF872,INCREASES_RISK_OF,D2999
RF882,INCREASES_RISK_OF,D2999
RF2238,INCREASES_RISK_OF,D2999
D2999,MANAGED_BY,TR5131
D2999,MANAGED_BY,TR5132
D2999,MANAGED_BY,TR5133
D2999,MANAGED_BY,TR5134
D2999,MANAGED_BY,TR5135
D3000,HAS_SYMPTOM,S2418
D3000,HAS_SYMPTOM,S7588
D3000,HAS_CAUSE,CA6681
D3001,HAS_SYMPTOM,S7589
D3001,HAS_SYMPTOM,S7590
D3001,HAS_CAUSE,CA2099
D3001,HAS_CAUSE,CA189
D3001,HAS_CAUSE,CA6682
D3001,HAS_CAUSE,CA6683
D3001,MANAGED_BY,TR5136
D3001,MANAGED_BY,TR5137
D3001,MANAGED_BY,TR5138
D3001,DIAGNOSED_BY,T3608
D3001,DIAGNOSED_BY,T3609
D3001,DIAGNOSED_BY,T3610
D3001,MANAGED_BY,TR5139
D3001,MANAGED_BY,TR5140
D3002,HAS_SYMPTOM,S3006
D3002,HAS_SYMPTOM,S7591
D3002,HAS_SYMPTOM,S7592
D3002,HAS_SYMPTOM,S7593
D3002,HAS_SYMPTOM,S7594
D3002,HAS_SYMPTOM,S2315
D3002,HAS_SYMPTOM,S7595
D3002,MANAGED_BY,TR5141
D3002,MANAGED_BY,TR585
D3002,DIAGNOSED_BY,T3611
D3002,DIAGNOSED_BY,T836
D3002,DIAGNOSED_BY,T3612
D3002,DIAGNOSED_BY,T3613
D3002,MANAGED_BY,TR5142
D3002,MANAGED_BY,TR5143
D3003,HAS_CAUSE,CA6684
D3003,HAS_CAUSE,CA6685
D3003,HAS_CAUSE,CA6686
D3004,HAS_SYMPTOM,S354
D3004,HAS_SYMPTOM,S7596
D3004,HAS_CAUSE,CA6687
D3004,HAS_CAUSE,CA6688
D3004,HAS_CAUSE,CA304
D3004,HAS_CAUSE,CA6689
D3004,HAS_CAUSE,CA184
D3004,HAS_CAUSE,CA1214
D3004,HAS_CAUSE,CA737
D3004,HAS_CAUSE,CA738
D3004,HAS_CAUSE,CA1790
D3004,HAS_CAUSE,CA131
D3004,HAS_CAUSE,CA6690
D3004,HAS_CAUSE,CA6691
D3004,CAN_CAUSE,C2108
D3004,CAN_CAUSE,C2109
D3005,AFFECTS,O004
D3005,HAS_SYMPTOM,S7597
D3005,HAS_SYMPTOM,S7598
D3005,HAS_SYMPTOM,S7599
D3005,HAS_SYMPTOM,S7600
D3005,HAS_SYMPTOM,S2650
D3005,HAS_SYMPTOM,S7601
D3005,HAS_SYMPTOM,S094
D3005,HAS_CAUSE,CA6692
D3005,HAS_CAUSE,CA6693
D3005,MANAGED_BY,TR5144
D3005,MANAGED_BY,TR5145
D3005,CAN_CAUSE,C263
D3005,CAN_CAUSE,C013
D3005,CAN_CAUSE,C2110
D3005,CAN_CAUSE,C289
D3005,CAN_CAUSE,C2111
D3005,CAN_CAUSE,C198
D3005,MANAGED_BY,TR5146
D3005,MANAGED_BY,TR5147
D3006,HAS_SYMPTOM,S7602
D3006,HAS_SYMPTOM,S7603
D3006,HAS_SYMPTOM,S095
D3006,HAS_SYMPTOM,S7604
D3006,HAS_CAUSE,CA6694
D3006,HAS_CAUSE,CA6695
D3006,HAS_CAUSE,CA6696
RF2239,INCREASES_RISK_OF,D3006
D3010,HAS_CAUSE,CA6697
RF2240,INCREASES_RISK_OF,D3010
D3011,HAS_SYMPTOM,S041
D3011,HAS_SYMPTOM,S440
D3011,HAS_SYMPTOM,S1202
D3011,HAS_SYMPTOM,S7605
D3011,HAS_SYMPTOM,S663
D3011,HAS_SYMPTOM,S7606
D3011,HAS_CAUSE,CA6698
D3011,HAS_CAUSE,CA6699
D3011,HAS_CAUSE,CA6700
D3011,HAS_CAUSE,CA131
D3011,HAS_CAUSE,CA3502
D3011,HAS_CAUSE,CA6701
D3011,HAS_CAUSE,CA1214
D3011,HAS_CAUSE,CA737
D3011,HAS_CAUSE,CA6702
D3011,HAS_CAUSE,CA365
D3011,HAS_CAUSE,CA6703
D3011,HAS_CAUSE,CA6704
D3011,MANAGED_BY,TR5148
D3011,MANAGED_BY,TR5149
D3011,MANAGED_BY,TR3152
D3011,MANAGED_BY,TR3153
D3011,DIAGNOSED_BY,T3614
D3011,CAN_CAUSE,C555
D3011,CAN_CAUSE,C2112
D3011,CAN_CAUSE,C2113
D3011,MANAGED_BY,TR5150
D3012,HAS_SYMPTOM,S7607
D3012,HAS_SYMPTOM,S052
D3012,HAS_SYMPTOM,S7608
D3012,HAS_SYMPTOM,S201
D3012,HAS_SYMPTOM,S127
D3012,HAS_SYMPTOM,S7609
D3013,HAS_SYMPTOM,S7610
D3013,HAS_SYMPTOM,S095
D3013,HAS_SYMPTOM,S473
D3013,HAS_SYMPTOM,S048
D3013,HAS_SYMPTOM,S2244
D3013,HAS_SYMPTOM,S2485
D3013,HAS_SYMPTOM,S440
D3013,HAS_SYMPTOM,S7611
D3013,HAS_SYMPTOM,S7612
D3013,HAS_SYMPTOM,S7613
D3013,HAS_SYMPTOM,S7614
D3014,HAS_SYMPTOM,S7615
D3014,HAS_CAUSE,CA6705
D3014,HAS_CAUSE,CA6706
RF2241,INCREASES_RISK_OF,D3014
RF2242,INCREASES_RISK_OF,D3014
RF2243,INCREASES_RISK_OF,D3014
D3014,MANAGED_BY,TR5151
D3014,DIAGNOSED_BY,T005
D3014,DIAGNOSED_BY,T066
D3014,DIAGNOSED_BY,T3615
D3014,DIAGNOSED_BY,T1529
D3014,DIAGNOSED_BY,T3616
D3014,DIAGNOSED_BY,T3617
D3014,DIAGNOSED_BY,T500
D3014,DIAGNOSED_BY,T3618
D3014,DIAGNOSED_BY,T094
D3014,DIAGNOSED_BY,T2208
D3014,CAN_CAUSE,C2114
D3014,CAN_CAUSE,C2115
D3014,CAN_CAUSE,C2116
D3014,CAN_CAUSE,C2117
